EXP-LOAD, 2023-07-17T19:39:05.380, ubuntu22-d, mtd-zk-2, 0.072421
EXP-LOAD, 2023-07-17T19:39:12.732, ubuntu22-d, mtd-zk-2, 0.072421
EXP-LEAD, 2023-07-17T19:39:14.772, ubuntu22-d, mtd-zk-2, START
EXP-LEAD, 2023-07-17T19:39:20.295, ubuntu22-d, mtd-zk-2, END
EXP-LOAD, 2023-07-17T19:39:21.386, ubuntu22-d, mtd-zk-2, 0.243027
EXP-LOAD, 2023-07-17T19:39:32.097, ubuntu22-d, mtd-zk-2, 0.243027
EXP-LOAD, 2023-07-17T19:39:41.302, ubuntu22-d, mtd-zk-2, 0.343418
EXP-LEAD, 2023-07-17T19:39:41.367, ubuntu22-d, mtd-zk-2, START
EXP-LEAD, 2023-07-17T19:39:47.210, ubuntu22-d, mtd-zk-2, END
EXP-LOAD, 2023-07-17T19:39:48.276, ubuntu22-d, mtd-zk-2, 0.343418
EXP-LEAD, 2023-07-17T19:39:49.334, ubuntu22-d, mtd-zk-2, START
EXP-LEAD, 2023-07-17T19:39:55.111, ubuntu22-d, mtd-zk-2, END
EXP-LOAD, 2023-07-17T19:39:56.197, ubuntu22-d, mtd-zk-2, 0.244039
EXP-LEAD, 2023-07-17T19:39:56.272, ubuntu22-d, mtd-zk-2, START
EXP-LEAD, 2023-07-17T19:40:01.988, ubuntu22-d, mtd-zk-2, END
EXP-LOAD, 2023-07-17T19:40:03.054, ubuntu22-d, mtd-zk-2, 0.244039
EXP-LEAD, 2023-07-17T19:40:04.382, ubuntu22-d, mtd-zk-2, START
EXP-LEAD, 2023-07-17T19:40:10.027, ubuntu22-d, mtd-zk-2, END
EXP-LOAD, 2023-07-17T19:40:11.118, ubuntu22-d, mtd-zk-2, 0.270853
EXP-LOAD, 2023-07-17T19:40:20.599, ubuntu22-d, mtd-zk-2, 0.228941
EXP-LOAD, 2023-07-17T19:40:26.744, ubuntu22-d, mtd-zk-2, 0.228941
EXP-LEAD, 2023-07-17T19:40:27.970, ubuntu22-d, mtd-zk-2, START
EXP-LEAD, 2023-07-17T19:40:32.559, ubuntu22-d, mtd-zk-2, END
EXP-LOAD, 2023-07-17T19:40:33.627, ubuntu22-d, mtd-zk-2, 0.228941
EXP-LOAD, 2023-07-17T19:40:43.785, ubuntu22-d, mtd-zk-2, 0.236636
EXP-LOAD, 2023-07-17T19:40:51.911, ubuntu22-d, mtd-zk-2, 0.172440
EXP-LOAD, 2023-07-17T19:41:00.016, ubuntu22-d, mtd-zk-2, 0.172440
EXP-LOAD, 2023-07-17T19:41:08.160, ubuntu22-d, mtd-zk-2, 0.261412
EXP-LEAD, 2023-07-17T19:41:11.178, ubuntu22-d, mtd-zk-2, START
EXP-LEAD, 2023-07-17T19:41:15.753, ubuntu22-d, mtd-zk-2, END
EXP-LOAD, 2023-07-17T19:41:16.827, ubuntu22-d, mtd-zk-2, 0.261412
EXP-LOAD, 2023-07-17T19:41:27.362, ubuntu22-d, mtd-zk-2, 0.196356
EXP-LOAD, 2023-07-17T19:41:34.467, ubuntu22-d, mtd-zk-2, 0.158441
EXP-LOAD, 2023-07-17T19:41:42.575, ubuntu22-d, mtd-zk-2, 0.158441
EXP-LEAD, 2023-07-17T19:41:43.616, ubuntu22-d, mtd-zk-2, START
EXP-LEAD, 2023-07-17T19:41:50.188, ubuntu22-d, mtd-zk-2, END
EXP-LOAD, 2023-07-17T19:41:51.242, ubuntu22-d, mtd-zk-2, 0.191861
EXP-LEAD, 2023-07-17T19:41:52.294, ubuntu22-d, mtd-zk-2, START
EXP-LEAD, 2023-07-17T19:41:57.765, ubuntu22-d, mtd-zk-2, END
EXP-LOAD, 2023-07-17T19:41:58.824, ubuntu22-d, mtd-zk-2, 0.191861
EXP-LEAD, 2023-07-17T19:42:00.862, ubuntu22-d, mtd-zk-2, START
EXP-LEAD, 2023-07-17T19:42:06.365, ubuntu22-d, mtd-zk-2, END
EXP-LOAD, 2023-07-17T19:42:07.409, ubuntu22-d, mtd-zk-2, 0.168228
EXP-LEAD, 2023-07-17T19:42:08.005, ubuntu22-d, mtd-zk-2, START
EXP-LEAD, 2023-07-17T19:42:16.644, ubuntu22-d, mtd-zk-2, END
EXP-LOAD, 2023-07-17T19:42:17.697, ubuntu22-d, mtd-zk-2, 0.168228
EXP-LOAD, 2023-07-17T19:42:27.164, ubuntu22-d, mtd-zk-2, 0.174030
EXP-LOAD, 2023-07-17T19:42:34.281, ubuntu22-d, mtd-zk-2, 0.237232
EXP-LOAD, 2023-07-17T19:42:42.354, ubuntu22-d, mtd-zk-2, 0.237232
EXP-LOAD, 2023-07-17T19:42:52.483, ubuntu22-d, mtd-zk-2, 0.238429
EXP-LOAD, 2023-07-17T19:43:01.283, ubuntu22-d, mtd-zk-2, 0.238429
EXP-LOAD, 2023-07-17T19:43:10.401, ubuntu22-d, mtd-zk-2, 0.160839
EXP-LOAD, 2023-07-17T19:43:17.521, ubuntu22-d, mtd-zk-2, 0.160839
EXP-LEAD, 2023-07-17T19:43:19.531, ubuntu22-d, mtd-zk-2, START
EXP-LEAD, 2023-07-17T19:43:26.018, ubuntu22-d, mtd-zk-2, END
EXP-LOAD, 2023-07-17T19:43:27.099, ubuntu22-d, mtd-zk-2, 0.128532
EXP-LEAD, 2023-07-17T19:43:28.672, ubuntu22-d, mtd-zk-2, START
EXP-LEAD, 2023-07-17T19:43:33.235, ubuntu22-d, mtd-zk-2, END
EXP-LOAD, 2023-07-17T19:43:34.279, ubuntu22-d, mtd-zk-2, 0.181216
EXP-LOAD, 2023-07-17T19:43:40.845, ubuntu22-d, mtd-zk-2, 0.181216
EXP-LOAD, 2023-07-17T19:43:49.677, ubuntu22-d, mtd-zk-2, 0.288761
EXP-LOAD, 2023-07-17T19:43:56.775, ubuntu22-d, mtd-zk-2, 0.288761
EXP-LEAD, 2023-07-17T19:43:59.820, ubuntu22-d, mtd-zk-2, START
EXP-LEAD, 2023-07-17T19:44:04.420, ubuntu22-d, mtd-zk-2, END
EXP-LOAD, 2023-07-17T19:44:05.473, ubuntu22-d, mtd-zk-2, 0.163411
EXP-LOAD, 2023-07-17T19:44:12.990, ubuntu22-d, mtd-zk-2, 0.163411
EXP-LEAD, 2023-07-17T19:44:15.031, ubuntu22-d, mtd-zk-2, START
EXP-LEAD, 2023-07-17T19:44:22.606, ubuntu22-d, mtd-zk-2, END
EXP-LOAD, 2023-07-17T19:44:23.657, ubuntu22-d, mtd-zk-2, 0.276332
EXP-LOAD, 2023-07-17T19:44:31.156, ubuntu22-d, mtd-zk-2, 0.276332
EXP-LOAD, 2023-07-17T19:44:40.004, ubuntu22-d, mtd-zk-2, 0.114234
EXP-LOAD, 2023-07-17T19:44:52.128, ubuntu22-d, mtd-zk-2, 0.199126
EXP-LEAD, 2023-07-17T19:44:54.146, ubuntu22-d, mtd-zk-2, START
EXP-LEAD, 2023-07-17T19:44:59.651, ubuntu22-d, mtd-zk-2, END
EXP-LOAD, 2023-07-17T19:45:00.690, ubuntu22-d, mtd-zk-2, 0.199126
EXP-LOAD, 2023-07-17T19:45:10.786, ubuntu22-d, mtd-zk-2, 0.210613
EXP-LEAD, 2023-07-17T19:45:10.828, ubuntu22-d, mtd-zk-2, START
EXP-LEAD, 2023-07-17T19:45:16.552, ubuntu22-d, mtd-zk-2, END
EXP-LOAD, 2023-07-17T19:45:17.601, ubuntu22-d, mtd-zk-2, 0.210613
EXP-LOAD, 2023-07-17T19:45:25.991, ubuntu22-d, mtd-zk-2, 0.135646
EXP-LOAD, 2023-07-17T19:45:37.042, ubuntu22-d, mtd-zk-2, 0.149454
EXP-LOAD, 2023-07-17T19:45:45.156, ubuntu22-d, mtd-zk-2, 0.149454
EXP-LOAD, 2023-07-17T19:45:52.234, ubuntu22-d, mtd-zk-2, 0.236316
EXP-LOAD, 2023-07-17T19:46:00.395, ubuntu22-d, mtd-zk-2, 0.236316
EXP-LOAD, 2023-07-17T19:46:10.435, ubuntu22-d, mtd-zk-2, 0.218238
EXP-LOAD, 2023-07-17T19:46:18.560, ubuntu22-d, mtd-zk-2, 0.218238
EXP-LOAD, 2023-07-17T19:46:25.687, ubuntu22-d, mtd-zk-2, 0.161831
EXP-LEAD, 2023-07-17T19:46:28.130, ubuntu22-d, mtd-zk-2, START
EXP-LEAD, 2023-07-17T19:46:32.659, ubuntu22-d, mtd-zk-2, END
EXP-LOAD, 2023-07-17T19:46:33.714, ubuntu22-d, mtd-zk-2, 0.161831
EXP-LEAD, 2023-07-17T19:46:35.225, ubuntu22-d, mtd-zk-2, START
EXP-LEAD, 2023-07-17T19:46:42.722, ubuntu22-d, mtd-zk-2, END
EXP-LOAD, 2023-07-17T19:46:43.761, ubuntu22-d, mtd-zk-2, 0.244627
EXP-LOAD, 2023-07-17T19:46:49.854, ubuntu22-d, mtd-zk-2, 0.201728
EXP-LOAD, 2023-07-17T19:47:00.206, ubuntu22-d, mtd-zk-2, 0.201728
EXP-LOAD, 2023-07-17T19:47:05.797, ubuntu22-d, mtd-zk-2, 0.177009
EXP-LOAD, 2023-07-17T19:47:13.902, ubuntu22-d, mtd-zk-2, 0.177009
EXP-LOAD, 2023-07-17T19:47:25.545, ubuntu22-d, mtd-zk-2, 0.229215
EXP-LOAD, 2023-07-17T19:47:32.656, ubuntu22-d, mtd-zk-2, 0.229215
EXP-LOAD, 2023-07-17T19:47:43.718, ubuntu22-d, mtd-zk-2, 0.088613
EXP-LEAD, 2023-07-17T19:47:44.760, ubuntu22-d, mtd-zk-2, START
EXP-LEAD, 2023-07-17T19:47:50.225, ubuntu22-d, mtd-zk-2, END
EXP-LOAD, 2023-07-17T19:47:51.259, ubuntu22-d, mtd-zk-2, 0.256132
EXP-LEAD, 2023-07-17T19:47:52.311, ubuntu22-d, mtd-zk-2, START
EXP-LEAD, 2023-07-17T19:47:58.894, ubuntu22-d, mtd-zk-2, END
EXP-LOAD, 2023-07-17T19:48:00.111, ubuntu22-d, mtd-zk-2, 0.256132
EXP-LOAD, 2023-07-17T19:48:06.512, ubuntu22-d, mtd-zk-2, 0.117227
EXP-LOAD, 2023-07-17T19:48:13.116, ubuntu22-d, mtd-zk-2, 0.117227
EXP-LEAD, 2023-07-17T19:48:15.133, ubuntu22-d, mtd-zk-2, START
EXP-LEAD, 2023-07-17T19:48:23.710, ubuntu22-d, mtd-zk-2, END
EXP-LOAD, 2023-07-17T19:48:24.761, ubuntu22-d, mtd-zk-2, 0.207816
EXP-LOAD, 2023-07-17T19:48:32.253, ubuntu22-d, mtd-zk-2, 0.207816
EXP-LEAD, 2023-07-17T19:48:34.289, ubuntu22-d, mtd-zk-2, START
EXP-LEAD, 2023-07-17T19:48:42.823, ubuntu22-d, mtd-zk-2, END
EXP-LOAD, 2023-07-17T19:48:43.883, ubuntu22-d, mtd-zk-2, 0.179831
EXP-LOAD, 2023-07-17T19:48:51.422, ubuntu22-d, mtd-zk-2, 0.191446
EXP-LOAD, 2023-07-17T19:49:01.517, ubuntu22-d, mtd-zk-2, 0.191446
EXP-LOAD, 2023-07-17T19:49:08.592, ubuntu22-d, mtd-zk-2, 0.094056
EXP-LOAD, 2023-07-17T19:49:16.691, ubuntu22-d, mtd-zk-2, 0.094056
EXP-LOAD, 2023-07-17T19:49:25.791, ubuntu22-d, mtd-zk-2, 0.150432
EXP-LEAD, 2023-07-17T19:49:26.492, ubuntu22-d, mtd-zk-2, START
EXP-LEAD, 2023-07-17T19:49:31.022, ubuntu22-d, mtd-zk-2, END
EXP-LOAD, 2023-07-17T19:49:32.070, ubuntu22-d, mtd-zk-2, 0.150432
EXP-LOAD, 2023-07-17T19:49:39.630, ubuntu22-d, mtd-zk-2, 0.212828
EXP-LEAD, 2023-07-17T19:49:40.676, ubuntu22-d, mtd-zk-2, START
EXP-LEAD, 2023-07-17T19:49:50.347, ubuntu22-d, mtd-zk-2, END
EXP-LOAD, 2023-07-17T19:49:51.398, ubuntu22-d, mtd-zk-2, 0.201462
EXP-LEAD, 2023-07-17T19:49:52.777, ubuntu22-d, mtd-zk-2, START
EXP-LEAD, 2023-07-17T19:49:57.295, ubuntu22-d, mtd-zk-2, END
EXP-LOAD, 2023-07-17T19:49:58.342, ubuntu22-d, mtd-zk-2, 0.201462
EXP-LOAD, 2023-07-17T19:50:05.001, ubuntu22-d, mtd-zk-2, 0.217050
EXP-LOAD, 2023-07-17T19:50:11.617, ubuntu22-d, mtd-zk-2, 0.217050
EXP-LOAD, 2023-07-17T19:50:19.705, ubuntu22-d, mtd-zk-2, 0.207379
EXP-LOAD, 2023-07-17T19:50:30.778, ubuntu22-d, mtd-zk-2, 0.207379
EXP-LEAD, 2023-07-17T19:50:31.805, ubuntu22-d, mtd-zk-2, START
EXP-LEAD, 2023-07-17T19:50:36.271, ubuntu22-d, mtd-zk-2, END
EXP-LOAD, 2023-07-17T19:50:37.340, ubuntu22-d, mtd-zk-2, 0.174034
EXP-LOAD, 2023-07-17T19:50:43.488, ubuntu22-d, mtd-zk-2, 0.174034
EXP-LEAD, 2023-07-17T19:50:44.481, ubuntu22-d, mtd-zk-2, START
EXP-LEAD, 2023-07-17T19:50:49.943, ubuntu22-d, mtd-zk-2, END
EXP-LOAD, 2023-07-17T19:50:50.998, ubuntu22-d, mtd-zk-2, 0.269742
EXP-LOAD, 2023-07-17T19:50:57.723, ubuntu22-d, mtd-zk-2, 0.269742
EXP-LOAD, 2023-07-17T19:51:06.797, ubuntu22-d, mtd-zk-2, 0.161419
EXP-LOAD, 2023-07-17T19:51:15.907, ubuntu22-d, mtd-zk-2, 0.161419
EXP-LEAD, 2023-07-17T19:51:17.942, ubuntu22-d, mtd-zk-2, START
EXP-LEAD, 2023-07-17T19:51:23.445, ubuntu22-d, mtd-zk-2, END
EXP-LOAD, 2023-07-17T19:51:24.486, ubuntu22-d, mtd-zk-2, 0.203853
EXP-LEAD, 2023-07-17T19:51:26.025, ubuntu22-d, mtd-zk-2, START
EXP-LEAD, 2023-07-17T19:51:30.489, ubuntu22-d, mtd-zk-2, END
EXP-LOAD, 2023-07-17T19:51:31.546, ubuntu22-d, mtd-zk-2, 0.203853
EXP-LOAD, 2023-07-17T19:51:38.634, ubuntu22-d, mtd-zk-2, 0.231430
EXP-LOAD, 2023-07-17T19:51:46.733, ubuntu22-d, mtd-zk-2, 0.231430
EXP-LOAD, 2023-07-17T19:51:54.826, ubuntu22-d, mtd-zk-2, 0.246228
EXP-LOAD, 2023-07-17T19:52:03.908, ubuntu22-d, mtd-zk-2, 0.246228
EXP-LEAD, 2023-07-17T19:52:04.955, ubuntu22-d, mtd-zk-2, START
EXP-LEAD, 2023-07-17T19:52:10.491, ubuntu22-d, mtd-zk-2, END
EXP-LOAD, 2023-07-17T19:52:11.539, ubuntu22-d, mtd-zk-2, 0.122202
EXP-LEAD, 2023-07-17T19:52:13.022, ubuntu22-d, mtd-zk-2, START
EXP-LEAD, 2023-07-17T19:52:17.499, ubuntu22-d, mtd-zk-2, END
EXP-LOAD, 2023-07-17T19:52:18.546, ubuntu22-d, mtd-zk-2, 0.122202
EXP-LOAD, 2023-07-17T19:52:24.662, ubuntu22-d, mtd-zk-2, 0.183825
EXP-LEAD, 2023-07-17T19:52:26.685, ubuntu22-d, mtd-zk-2, START
EXP-LEAD, 2023-07-17T19:52:31.161, ubuntu22-d, mtd-zk-2, END
EXP-LOAD, 2023-07-17T19:52:32.206, ubuntu22-d, mtd-zk-2, 0.183825
EXP-LOAD, 2023-07-17T19:52:43.292, ubuntu22-d, mtd-zk-2, 0.250218
EXP-LOAD, 2023-07-17T19:52:50.425, ubuntu22-d, mtd-zk-2, 0.157630
EXP-LOAD, 2023-07-17T19:53:01.493, ubuntu22-d, mtd-zk-2, 0.157630
EXP-LEAD, 2023-07-17T19:53:03.249, ubuntu22-d, mtd-zk-2, START
EXP-LEAD, 2023-07-17T19:53:08.661, ubuntu22-d, mtd-zk-2, END
EXP-LOAD, 2023-07-17T19:53:09.719, ubuntu22-d, mtd-zk-2, 0.144421
EXP-LEAD, 2023-07-17T19:53:11.342, ubuntu22-d, mtd-zk-2, START
EXP-LEAD, 2023-07-17T19:53:18.077, ubuntu22-d, mtd-zk-2, END
EXP-LOAD, 2023-07-17T19:53:19.138, ubuntu22-d, mtd-zk-2, 0.175452
EXP-LOAD, 2023-07-17T19:53:25.476, ubuntu22-d, mtd-zk-2, 0.175452
EXP-LEAD, 2023-07-17T19:53:28.494, ubuntu22-d, mtd-zk-2, START
EXP-LEAD, 2023-07-17T19:53:35.057, ubuntu22-d, mtd-zk-2, END
EXP-LOAD, 2023-07-17T19:53:36.110, ubuntu22-d, mtd-zk-2, 0.253237
EXP-LOAD, 2023-07-17T19:53:42.653, ubuntu22-d, mtd-zk-2, 0.253237
EXP-LOAD, 2023-07-17T19:53:53.716, ubuntu22-d, mtd-zk-2, 0.203119
EXP-LEAD, 2023-07-17T19:53:54.753, ubuntu22-d, mtd-zk-2, START
EXP-LEAD, 2023-07-17T19:53:59.272, ubuntu22-d, mtd-zk-2, END
EXP-LOAD, 2023-07-17T19:54:00.310, ubuntu22-d, mtd-zk-2, 0.203119
EXP-LOAD, 2023-07-17T19:54:08.880, ubuntu22-d, mtd-zk-2, 0.270042
EXP-LOAD, 2023-07-17T19:54:15.960, ubuntu22-d, mtd-zk-2, 0.270042
EXP-LEAD, 2023-07-17T19:54:17.000, ubuntu22-d, mtd-zk-2, START
EXP-LEAD, 2023-07-17T19:54:25.573, ubuntu22-d, mtd-zk-2, END
EXP-LOAD, 2023-07-17T19:54:26.626, ubuntu22-d, mtd-zk-2, 0.174423
EXP-LOAD, 2023-07-17T19:54:35.137, ubuntu22-d, mtd-zk-2, 0.169227
EXP-LOAD, 2023-07-17T19:54:45.253, ubuntu22-d, mtd-zk-2, 0.169227
EXP-LOAD, 2023-07-17T19:54:52.344, ubuntu22-d, mtd-zk-2, 0.125046
EXP-LOAD, 2023-07-17T19:55:00.004, ubuntu22-d, mtd-zk-2, 0.125046
EXP-LEAD, 2023-07-17T19:55:02.012, ubuntu22-d, mtd-zk-2, START
EXP-LEAD, 2023-07-17T19:55:07.550, ubuntu22-d, mtd-zk-2, END
EXP-LOAD, 2023-07-17T19:55:08.587, ubuntu22-d, mtd-zk-2, 0.192088
EXP-LOAD, 2023-07-17T19:55:17.197, ubuntu22-d, mtd-zk-2, 0.192088
EXP-LOAD, 2023-07-17T19:55:27.319, ubuntu22-d, mtd-zk-2, 0.219316
EXP-LOAD, 2023-07-17T19:55:35.405, ubuntu22-d, mtd-zk-2, 0.187633
EXP-LOAD, 2023-07-17T19:55:41.503, ubuntu22-d, mtd-zk-2, 0.187633
EXP-LOAD, 2023-07-17T19:55:51.620, ubuntu22-d, mtd-zk-2, 0.162018
EXP-LOAD, 2023-07-17T19:55:59.108, ubuntu22-d, mtd-zk-2, 0.162018
EXP-LEAD, 2023-07-17T19:55:59.605, ubuntu22-d, mtd-zk-2, START
EXP-LEAD, 2023-07-17T19:56:05.044, ubuntu22-d, mtd-zk-2, END
EXP-LOAD, 2023-07-17T19:56:06.086, ubuntu22-d, mtd-zk-2, 0.217528
EXP-LEAD, 2023-07-17T19:56:07.704, ubuntu22-d, mtd-zk-2, START
EXP-LEAD, 2023-07-17T19:56:17.239, ubuntu22-d, mtd-zk-2, END
EXP-LOAD, 2023-07-17T19:56:18.283, ubuntu22-d, mtd-zk-2, 0.217528
EXP-LOAD, 2023-07-17T19:56:25.631, ubuntu22-d, mtd-zk-2, 0.219612
EXP-LOAD, 2023-07-17T19:56:32.677, ubuntu22-d, mtd-zk-2, 0.219612
EXP-LOAD, 2023-07-17T19:56:41.088, ubuntu22-d, mtd-zk-2, 0.136022
EXP-LEAD, 2023-07-17T19:56:42.113, ubuntu22-d, mtd-zk-2, START
EXP-LEAD, 2023-07-17T19:56:47.547, ubuntu22-d, mtd-zk-2, END
EXP-LOAD, 2023-07-17T19:56:48.595, ubuntu22-d, mtd-zk-2, 0.136022
EXP-LOAD, 2023-07-17T19:56:57.279, ubuntu22-d, mtd-zk-2, 0.148016
EXP-LOAD, 2023-07-17T19:57:07.387, ubuntu22-d, mtd-zk-2, 0.247228
EXP-LEAD, 2023-07-17T19:57:09.401, ubuntu22-d, mtd-zk-2, START
EXP-LEAD, 2023-07-17T19:57:14.909, ubuntu22-d, mtd-zk-2, END
EXP-LOAD, 2023-07-17T19:57:15.956, ubuntu22-d, mtd-zk-2, 0.247228
EXP-LOAD, 2023-07-17T19:57:26.536, ubuntu22-d, mtd-zk-2, 0.139222
EXP-LOAD, 2023-07-17T19:57:33.624, ubuntu22-d, mtd-zk-2, 0.139222
EXP-LOAD, 2023-07-17T19:57:43.234, ubuntu22-d, mtd-zk-2, 0.167223
EXP-LOAD, 2023-07-17T19:57:51.223, ubuntu22-d, mtd-zk-2, 0.117641
EXP-LEAD, 2023-07-17T19:57:53.227, ubuntu22-d, mtd-zk-2, START
EXP-LEAD, 2023-07-17T19:57:57.726, ubuntu22-d, mtd-zk-2, END
EXP-LOAD, 2023-07-17T19:57:58.779, ubuntu22-d, mtd-zk-2, 0.117641
EXP-LOAD, 2023-07-17T19:58:09.404, ubuntu22-d, mtd-zk-2, 0.258125
EXP-LEAD, 2023-07-17T19:58:11.438, ubuntu22-d, mtd-zk-2, START
EXP-LEAD, 2023-07-17T19:58:16.941, ubuntu22-d, mtd-zk-2, END
EXP-LOAD, 2023-07-17T19:58:17.978, ubuntu22-d, mtd-zk-2, 0.258125
EXP-LEAD, 2023-07-17T19:58:19.520, ubuntu22-d, mtd-zk-2, START
EXP-LEAD, 2023-07-17T19:58:28.019, ubuntu22-d, mtd-zk-2, END
EXP-LOAD, 2023-07-17T19:58:29.069, ubuntu22-d, mtd-zk-2, 0.101015
EXP-LOAD, 2023-07-17T19:58:35.689, ubuntu22-d, mtd-zk-2, 0.204527
EXP-LEAD, 2023-07-17T19:58:37.705, ubuntu22-d, mtd-zk-2, START
EXP-LEAD, 2023-07-17T19:58:44.242, ubuntu22-d, mtd-zk-2, END
EXP-LOAD, 2023-07-17T19:58:45.297, ubuntu22-d, mtd-zk-2, 0.204527
EXP-LEAD, 2023-07-17T19:58:45.800, ubuntu22-d, mtd-zk-2, START
EXP-LEAD, 2023-07-17T19:58:55.467, ubuntu22-d, mtd-zk-2, END
EXP-LOAD, 2023-07-17T19:58:56.518, ubuntu22-d, mtd-zk-2, 0.160022
EXP-LOAD, 2023-07-17T19:59:05.966, ubuntu22-d, mtd-zk-2, 0.202625
EXP-LEAD, 2023-07-17T19:59:07.006, ubuntu22-d, mtd-zk-2, START
EXP-LEAD, 2023-07-17T19:59:13.709, ubuntu22-d, mtd-zk-2, END
EXP-LOAD, 2023-07-17T19:59:14.751, ubuntu22-d, mtd-zk-2, 0.202625
EXP-LOAD, 2023-07-17T19:59:21.157, ubuntu22-d, mtd-zk-2, 0.109247
EXP-LOAD, 2023-07-17T19:59:30.286, ubuntu22-d, mtd-zk-2, 0.109247
EXP-LOAD, 2023-07-17T19:59:37.290, ubuntu22-d, mtd-zk-2, 0.178017
EXP-LOAD, 2023-07-17T19:59:48.384, ubuntu22-d, mtd-zk-2, 0.178017
EXP-LOAD, 2023-07-17T19:59:54.476, ubuntu22-d, mtd-zk-2, 0.300040
EXP-LOAD, 2023-07-17T20:00:05.033, ubuntu22-d, mtd-zk-2, 0.162033
EXP-LOAD, 2023-07-17T20:00:10.139, ubuntu22-d, mtd-zk-2, 0.162033
EXP-LOAD, 2023-07-17T20:00:23.242, ubuntu22-d, mtd-zk-2, 0.113446
EXP-LOAD, 2023-07-17T20:00:31.321, ubuntu22-d, mtd-zk-2, 0.113446
EXP-LOAD, 2023-07-17T20:00:40.383, ubuntu22-d, mtd-zk-2, 0.170345
EXP-LOAD, 2023-07-17T20:00:49.454, ubuntu22-d, mtd-zk-2, 0.164826
EXP-LOAD, 2023-07-17T20:00:57.555, ubuntu22-d, mtd-zk-2, 0.164826
EXP-LOAD, 2023-07-17T20:01:05.614, ubuntu22-d, mtd-zk-2, 0.253337
EXP-LOAD, 2023-07-17T20:01:16.785, ubuntu22-d, mtd-zk-2, 0.253337
EXP-LEAD, 2023-07-17T20:01:19.324, ubuntu22-d, mtd-zk-2, START
EXP-LEAD, 2023-07-17T20:01:23.736, ubuntu22-d, mtd-zk-2, END
EXP-LOAD, 2023-07-17T20:01:24.798, ubuntu22-d, mtd-zk-2, 0.209820
EXP-LEAD, 2023-07-17T20:01:26.415, ubuntu22-d, mtd-zk-2, START
EXP-LEAD, 2023-07-17T20:01:32.015, ubuntu22-d, mtd-zk-2, END
EXP-LOAD, 2023-07-17T20:01:33.058, ubuntu22-d, mtd-zk-2, 0.209820
EXP-LEAD, 2023-07-17T20:01:35.092, ubuntu22-d, mtd-zk-2, START
EXP-LEAD, 2023-07-17T20:01:42.554, ubuntu22-d, mtd-zk-2, END
EXP-LOAD, 2023-07-17T20:01:43.594, ubuntu22-d, mtd-zk-2, 0.180222
EXP-LOAD, 2023-07-17T20:01:52.280, ubuntu22-d, mtd-zk-2, 0.102443
EXP-LOAD, 2023-07-17T20:01:58.380, ubuntu22-d, mtd-zk-2, 0.102443
EXP-LEAD, 2023-07-17T20:01:58.820, ubuntu22-d, mtd-zk-2, START
EXP-LEAD, 2023-07-17T20:02:06.325, ubuntu22-d, mtd-zk-2, END
EXP-LOAD, 2023-07-17T20:02:07.372, ubuntu22-d, mtd-zk-2, 0.226409
EXP-LOAD, 2023-07-17T20:02:13.952, ubuntu22-d, mtd-zk-2, 0.226409
EXP-LEAD, 2023-07-17T20:02:16.010, ubuntu22-d, mtd-zk-2, START
EXP-LEAD, 2023-07-17T20:02:20.523, ubuntu22-d, mtd-zk-2, END
EXP-LOAD, 2023-07-17T20:02:21.561, ubuntu22-d, mtd-zk-2, 0.167641
EXP-LOAD, 2023-07-17T20:02:31.155, ubuntu22-d, mtd-zk-2, 0.167641
EXP-LOAD, 2023-07-17T20:02:39.272, ubuntu22-d, mtd-zk-2, 0.208019
EXP-LOAD, 2023-07-17T20:02:47.394, ubuntu22-d, mtd-zk-2, 0.208019
EXP-LOAD, 2023-07-17T20:02:54.531, ubuntu22-d, mtd-zk-2, 0.209244
EXP-LOAD, 2023-07-17T20:03:05.854, ubuntu22-d, mtd-zk-2, 0.203122
EXP-LOAD, 2023-07-17T20:03:14.955, ubuntu22-d, mtd-zk-2, 0.203122
EXP-LEAD, 2023-07-17T20:03:16.240, ubuntu22-d, mtd-zk-2, START
EXP-LEAD, 2023-07-17T20:03:21.807, ubuntu22-d, mtd-zk-2, END
EXP-LOAD, 2023-07-17T20:03:22.854, ubuntu22-d, mtd-zk-2, 0.140761
EXP-LOAD, 2023-07-17T20:03:31.364, ubuntu22-d, mtd-zk-2, 0.140761
EXP-LOAD, 2023-07-17T20:03:42.460, ubuntu22-d, mtd-zk-2, 0.201335
EXP-LOAD, 2023-07-17T20:03:49.539, ubuntu22-d, mtd-zk-2, 0.150815
EXP-LEAD, 2023-07-17T20:03:50.571, ubuntu22-d, mtd-zk-2, START
EXP-LEAD, 2023-07-17T20:03:58.209, ubuntu22-d, mtd-zk-2, END
EXP-LOAD, 2023-07-17T20:03:59.257, ubuntu22-d, mtd-zk-2, 0.150815
EXP-LOAD, 2023-07-17T20:04:06.726, ubuntu22-d, mtd-zk-2, 0.172134
EXP-LOAD, 2023-07-17T20:04:16.564, ubuntu22-d, mtd-zk-2, 0.172134
EXP-LEAD, 2023-07-17T20:04:18.272, ubuntu22-d, mtd-zk-2, START
EXP-LEAD, 2023-07-17T20:04:23.754, ubuntu22-d, mtd-zk-2, END
EXP-LOAD, 2023-07-17T20:04:24.799, ubuntu22-d, mtd-zk-2, 0.206024
EXP-LOAD, 2023-07-17T20:04:34.887, ubuntu22-d, mtd-zk-2, 0.177825
EXP-LOAD, 2023-07-17T20:04:41.962, ubuntu22-d, mtd-zk-2, 0.177825
EXP-LOAD, 2023-07-17T20:04:50.055, ubuntu22-d, mtd-zk-2, 0.231435
EXP-LEAD, 2023-07-17T20:04:52.101, ubuntu22-d, mtd-zk-2, START
EXP-LEAD, 2023-07-17T20:04:56.596, ubuntu22-d, mtd-zk-2, END
EXP-LOAD, 2023-07-17T20:04:57.636, ubuntu22-d, mtd-zk-2, 0.231435
EXP-LEAD, 2023-07-17T20:04:58.176, ubuntu22-d, mtd-zk-2, START
EXP-LEAD, 2023-07-17T20:05:06.783, ubuntu22-d, mtd-zk-2, END
EXP-LOAD, 2023-07-17T20:05:07.851, ubuntu22-d, mtd-zk-2, 0.233419
EXP-LOAD, 2023-07-17T20:05:14.720, ubuntu22-d, mtd-zk-2, 0.233419
EXP-LOAD, 2023-07-17T20:05:28.951, ubuntu22-d, mtd-zk-2, 0.175627
EXP-LOAD, 2023-07-17T20:05:35.039, ubuntu22-d, mtd-zk-2, 0.091248
EXP-LOAD, 2023-07-17T20:05:47.121, ubuntu22-d, mtd-zk-2, 0.091248
EXP-LEAD, 2023-07-17T20:05:48.145, ubuntu22-d, mtd-zk-2, START
EXP-LEAD, 2023-07-17T20:05:53.601, ubuntu22-d, mtd-zk-2, END
EXP-LOAD, 2023-07-17T20:05:54.648, ubuntu22-d, mtd-zk-2, 0.144218
EXP-LEAD, 2023-07-17T20:05:56.264, ubuntu22-d, mtd-zk-2, START
EXP-LEAD, 2023-07-17T20:06:01.844, ubuntu22-d, mtd-zk-2, END
EXP-LOAD, 2023-07-17T20:06:02.879, ubuntu22-d, mtd-zk-2, 0.144218
EXP-LOAD, 2023-07-17T20:06:10.438, ubuntu22-d, mtd-zk-2, 0.170053
EXP-LOAD, 2023-07-17T20:06:17.503, ubuntu22-d, mtd-zk-2, 0.170053
EXP-LOAD, 2023-07-17T20:06:27.766, ubuntu22-d, mtd-zk-2, 0.209011
EXP-LOAD, 2023-07-17T20:06:34.856, ubuntu22-d, mtd-zk-2, 0.193371
EXP-LEAD, 2023-07-17T20:06:36.348, ubuntu22-d, mtd-zk-2, START
EXP-LEAD, 2023-07-17T20:06:42.156, ubuntu22-d, mtd-zk-2, END
EXP-LOAD, 2023-07-17T20:06:43.194, ubuntu22-d, mtd-zk-2, 0.193371
EXP-LOAD, 2023-07-17T20:06:49.577, ubuntu22-d, mtd-zk-2, 0.214823
EXP-LOAD, 2023-07-17T20:06:59.053, ubuntu22-d, mtd-zk-2, 0.214823
EXP-LOAD, 2023-07-17T20:07:07.694, ubuntu22-d, mtd-zk-2, 0.176110
EXP-LOAD, 2023-07-17T20:07:14.800, ubuntu22-d, mtd-zk-2, 0.176110
EXP-LOAD, 2023-07-17T20:07:24.890, ubuntu22-d, mtd-zk-2, 0.158429
EXP-LOAD, 2023-07-17T20:07:32.927, ubuntu22-d, mtd-zk-2, 0.158429
EXP-LEAD, 2023-07-17T20:07:33.955, ubuntu22-d, mtd-zk-2, START
EXP-LEAD, 2023-07-17T20:07:42.627, ubuntu22-d, mtd-zk-2, END
EXP-LOAD, 2023-07-17T20:07:43.667, ubuntu22-d, mtd-zk-2, 0.166026
EXP-LOAD, 2023-07-17T20:07:53.114, ubuntu22-d, mtd-zk-2, 0.088421
EXP-LOAD, 2023-07-17T20:07:58.215, ubuntu22-d, mtd-zk-2, 0.088421
EXP-LOAD, 2023-07-17T20:08:07.306, ubuntu22-d, mtd-zk-2, 0.203933
EXP-LOAD, 2023-07-17T20:08:17.419, ubuntu22-d, mtd-zk-2, 0.203933
EXP-LOAD, 2023-07-17T20:08:24.535, ubuntu22-d, mtd-zk-2, 0.213279
EXP-LEAD, 2023-07-17T20:08:25.566, ubuntu22-d, mtd-zk-2, START
EXP-LEAD, 2023-07-17T20:08:30.133, ubuntu22-d, mtd-zk-2, END
EXP-LOAD, 2023-07-17T20:08:31.189, ubuntu22-d, mtd-zk-2, 0.213279
EXP-LOAD, 2023-07-17T20:08:40.727, ubuntu22-d, mtd-zk-2, 0.201742
EXP-LEAD, 2023-07-17T20:08:42.755, ubuntu22-d, mtd-zk-2, START
EXP-LEAD, 2023-07-17T20:08:47.200, ubuntu22-d, mtd-zk-2, END
EXP-LOAD, 2023-07-17T20:08:48.244, ubuntu22-d, mtd-zk-2, 0.201742
EXP-LOAD, 2023-07-17T20:08:55.894, ubuntu22-d, mtd-zk-2, 0.169417
EXP-LOAD, 2023-07-17T20:09:06.057, ubuntu22-d, mtd-zk-2, 0.170543
EXP-LOAD, 2023-07-17T20:09:11.173, ubuntu22-d, mtd-zk-2, 0.170543
EXP-LOAD, 2023-07-17T20:09:19.297, ubuntu22-d, mtd-zk-2, 0.281226
EXP-LOAD, 2023-07-17T20:09:29.883, ubuntu22-d, mtd-zk-2, 0.281226
EXP-LOAD, 2023-07-17T20:09:36.964, ubuntu22-d, mtd-zk-2, 0.152825
EXP-LEAD, 2023-07-17T20:09:38.991, ubuntu22-d, mtd-zk-2, START
EXP-LEAD, 2023-07-17T20:09:46.876, ubuntu22-d, mtd-zk-2, END
EXP-LOAD, 2023-07-17T20:09:47.930, ubuntu22-d, mtd-zk-2, 0.152825
EXP-LOAD, 2023-07-17T20:09:55.138, ubuntu22-d, mtd-zk-2, 0.209026
EXP-LOAD, 2023-07-17T20:10:02.236, ubuntu22-d, mtd-zk-2, 0.209026
EXP-LOAD, 2023-07-17T20:10:10.310, ubuntu22-d, mtd-zk-2, 0.197539
EXP-LOAD, 2023-07-17T20:10:17.413, ubuntu22-d, mtd-zk-2, 0.197539
EXP-LOAD, 2023-07-17T20:10:26.115, ubuntu22-d, mtd-zk-2, 0.296433
EXP-LOAD, 2023-07-17T20:10:33.608, ubuntu22-d, mtd-zk-2, 0.296433
EXP-LOAD, 2023-07-17T20:10:41.096, ubuntu22-d, mtd-zk-2, 0.165940
EXP-LEAD, 2023-07-17T20:10:43.120, ubuntu22-d, mtd-zk-2, START
EXP-LEAD, 2023-07-17T20:10:47.552, ubuntu22-d, mtd-zk-2, END
EXP-LOAD, 2023-07-17T20:10:48.604, ubuntu22-d, mtd-zk-2, 0.165940
EXP-LOAD, 2023-07-17T20:10:57.268, ubuntu22-d, mtd-zk-2, 0.289023
EXP-LEAD, 2023-07-17T20:10:59.282, ubuntu22-d, mtd-zk-2, START
EXP-LEAD, 2023-07-17T20:11:03.766, ubuntu22-d, mtd-zk-2, END
EXP-LOAD, 2023-07-17T20:11:04.818, ubuntu22-d, mtd-zk-2, 0.203236
EXP-LOAD, 2023-07-17T20:11:10.899, ubuntu22-d, mtd-zk-2, 0.203236
EXP-LOAD, 2023-07-17T20:11:21.980, ubuntu22-d, mtd-zk-2, 0.348820
EXP-LOAD, 2023-07-17T20:11:29.126, ubuntu22-d, mtd-zk-2, 0.348820
EXP-LOAD, 2023-07-17T20:11:39.234, ubuntu22-d, mtd-zk-2, 0.187921
EXP-LEAD, 2023-07-17T20:11:40.689, ubuntu22-d, mtd-zk-2, START
EXP-LEAD, 2023-07-17T20:11:45.106, ubuntu22-d, mtd-zk-2, END
EXP-LOAD, 2023-07-17T20:11:46.153, ubuntu22-d, mtd-zk-2, 0.187921
EXP-LEAD, 2023-07-17T20:11:47.838, ubuntu22-d, mtd-zk-2, START
EXP-LEAD, 2023-07-17T20:11:54.309, ubuntu22-d, mtd-zk-2, END
EXP-LOAD, 2023-07-17T20:11:55.351, ubuntu22-d, mtd-zk-2, 0.169641
EXP-LOAD, 2023-07-17T20:12:03.917, ubuntu22-d, mtd-zk-2, 0.169641
EXP-LOAD, 2023-07-17T20:12:12.061, ubuntu22-d, mtd-zk-2, 0.132815
EXP-LOAD, 2023-07-17T20:12:21.193, ubuntu22-d, mtd-zk-2, 0.234028
EXP-LEAD, 2023-07-17T20:12:22.239, ubuntu22-d, mtd-zk-2, START
EXP-LEAD, 2023-07-17T20:12:26.748, ubuntu22-d, mtd-zk-2, END
EXP-LOAD, 2023-07-17T20:12:27.796, ubuntu22-d, mtd-zk-2, 0.234028
EXP-LOAD, 2023-07-17T20:12:32.891, ubuntu22-d, mtd-zk-2, 0.234028
EXP-LOAD, 2023-07-17T20:12:44.984, ubuntu22-d, mtd-zk-2, 0.208934
EXP-LOAD, 2023-07-17T20:12:54.120, ubuntu22-d, mtd-zk-2, 0.111819
EXP-LEAD, 2023-07-17T20:12:55.148, ubuntu22-d, mtd-zk-2, START
EXP-LEAD, 2023-07-17T20:13:02.863, ubuntu22-d, mtd-zk-2, END
EXP-LOAD, 2023-07-17T20:13:03.917, ubuntu22-d, mtd-zk-2, 0.111819
EXP-LOAD, 2023-07-17T20:13:11.309, ubuntu22-d, mtd-zk-2, 0.120609
EXP-LEAD, 2023-07-17T20:13:12.347, ubuntu22-d, mtd-zk-2, START
EXP-LEAD, 2023-07-17T20:13:16.877, ubuntu22-d, mtd-zk-2, END
EXP-LOAD, 2023-07-17T20:13:17.916, ubuntu22-d, mtd-zk-2, 0.120609
EXP-LOAD, 2023-07-17T20:13:28.006, ubuntu22-d, mtd-zk-2, 0.240237
EXP-LOAD, 2023-07-17T20:13:37.117, ubuntu22-d, mtd-zk-2, 0.201835
EXP-LOAD, 2023-07-17T20:13:44.284, ubuntu22-d, mtd-zk-2, 0.201835
EXP-LEAD, 2023-07-17T20:13:45.294, ubuntu22-d, mtd-zk-2, START
EXP-LEAD, 2023-07-17T20:13:53.026, ubuntu22-d, mtd-zk-2, END
EXP-LOAD, 2023-07-17T20:13:54.070, ubuntu22-d, mtd-zk-2, 0.118627
EXP-LOAD, 2023-07-17T20:13:59.155, ubuntu22-d, mtd-zk-2, 0.118627
EXP-LEAD, 2023-07-17T20:14:00.661, ubuntu22-d, mtd-zk-2, START
EXP-LEAD, 2023-07-17T20:14:07.366, ubuntu22-d, mtd-zk-2, END
EXP-LOAD, 2023-07-17T20:14:08.406, ubuntu22-d, mtd-zk-2, 0.163130
EXP-LOAD, 2023-07-17T20:14:16.804, ubuntu22-d, mtd-zk-2, 0.163130
EXP-LOAD, 2023-07-17T20:14:26.876, ubuntu22-d, mtd-zk-2, 0.147943
EXP-LOAD, 2023-07-17T20:14:34.953, ubuntu22-d, mtd-zk-2, 0.085217
EXP-LOAD, 2023-07-17T20:14:41.076, ubuntu22-d, mtd-zk-2, 0.085217
EXP-LOAD, 2023-07-17T20:14:51.037, ubuntu22-d, mtd-zk-2, 0.158337
EXP-LOAD, 2023-07-17T20:14:59.144, ubuntu22-d, mtd-zk-2, 0.158337
EXP-LOAD, 2023-07-17T20:15:05.732, ubuntu22-d, mtd-zk-2, 0.192651
EXP-LEAD, 2023-07-17T20:15:06.752, ubuntu22-d, mtd-zk-2, START
EXP-LEAD, 2023-07-17T20:15:15.728, ubuntu22-d, mtd-zk-2, END
EXP-LOAD, 2023-07-17T20:15:16.790, ubuntu22-d, mtd-zk-2, 0.192651
EXP-LOAD, 2023-07-17T20:15:22.912, ubuntu22-d, mtd-zk-2, 0.210337
EXP-LOAD, 2023-07-17T20:15:30.498, ubuntu22-d, mtd-zk-2, 0.210337
EXP-LOAD, 2023-07-17T20:15:40.580, ubuntu22-d, mtd-zk-2, 0.224691
EXP-LOAD, 2023-07-17T20:15:49.078, ubuntu22-d, mtd-zk-2, 0.149215
EXP-LOAD, 2023-07-17T20:15:59.189, ubuntu22-d, mtd-zk-2, 0.149215
EXP-LOAD, 2023-07-17T20:16:05.268, ubuntu22-d, mtd-zk-2, 0.095834
EXP-LOAD, 2023-07-17T20:16:14.397, ubuntu22-d, mtd-zk-2, 0.095834
EXP-LEAD, 2023-07-17T20:16:14.422, ubuntu22-d, mtd-zk-2, START
EXP-LEAD, 2023-07-17T20:16:18.821, ubuntu22-d, mtd-zk-2, END
EXP-LOAD, 2023-07-17T20:16:19.871, ubuntu22-d, mtd-zk-2, 0.219039
EXP-LEAD, 2023-07-17T20:16:21.520, ubuntu22-d, mtd-zk-2, START
EXP-LEAD, 2023-07-17T20:16:29.104, ubuntu22-d, mtd-zk-2, END
EXP-LOAD, 2023-07-17T20:16:30.145, ubuntu22-d, mtd-zk-2, 0.219039
EXP-LOAD, 2023-07-17T20:16:37.646, ubuntu22-d, mtd-zk-2, 0.212025
EXP-LEAD, 2023-07-17T20:16:38.689, ubuntu22-d, mtd-zk-2, START
EXP-LEAD, 2023-07-17T20:16:44.259, ubuntu22-d, mtd-zk-2, END
EXP-LOAD, 2023-07-17T20:16:45.302, ubuntu22-d, mtd-zk-2, 0.212025
EXP-LEAD, 2023-07-17T20:16:46.765, ubuntu22-d, mtd-zk-2, START
EXP-LEAD, 2023-07-17T20:16:52.268, ubuntu22-d, mtd-zk-2, END
EXP-LOAD, 2023-07-17T20:16:53.336, ubuntu22-d, mtd-zk-2, 0.196123
EXP-LOAD, 2023-07-17T20:17:04.508, ubuntu22-d, mtd-zk-2, 0.213415
EXP-LOAD, 2023-07-17T20:17:10.593, ubuntu22-d, mtd-zk-2, 0.213415
EXP-LOAD, 2023-07-17T20:17:19.077, ubuntu22-d, mtd-zk-2, 0.164233
EXP-LOAD, 2023-07-17T20:17:26.594, ubuntu22-d, mtd-zk-2, 0.164233
EXP-LOAD, 2023-07-17T20:17:36.698, ubuntu22-d, mtd-zk-2, 0.235620
EXP-LOAD, 2023-07-17T20:17:43.783, ubuntu22-d, mtd-zk-2, 0.235620
EXP-LOAD, 2023-07-17T20:17:50.915, ubuntu22-d, mtd-zk-2, 0.187753
EXP-LOAD, 2023-07-17T20:18:02.413, ubuntu22-d, mtd-zk-2, 0.187753
EXP-LOAD, 2023-07-17T20:18:08.499, ubuntu22-d, mtd-zk-2, 0.169608
EXP-LEAD, 2023-07-17T20:18:10.525, ubuntu22-d, mtd-zk-2, START
EXP-LEAD, 2023-07-17T20:18:18.102, ubuntu22-d, mtd-zk-2, END
EXP-LOAD, 2023-07-17T20:18:19.150, ubuntu22-d, mtd-zk-2, 0.185627
EXP-LOAD, 2023-07-17T20:18:25.676, ubuntu22-d, mtd-zk-2, 0.185627
EXP-LOAD, 2023-07-17T20:18:32.848, ubuntu22-d, mtd-zk-2, 0.185627
EXP-LEAD, 2023-07-17T20:18:35.242, ubuntu22-d, mtd-zk-2, START
EXP-LEAD, 2023-07-17T20:18:42.778, ubuntu22-d, mtd-zk-2, END
EXP-LOAD, 2023-07-17T20:18:43.850, ubuntu22-d, mtd-zk-2, 0.176823
EXP-LOAD, 2023-07-17T20:18:49.919, ubuntu22-d, mtd-zk-2, 0.193440
EXP-LEAD, 2023-07-17T20:18:50.948, ubuntu22-d, mtd-zk-2, START
EXP-LEAD, 2023-07-17T20:18:58.520, ubuntu22-d, mtd-zk-2, END
EXP-LOAD, 2023-07-17T20:18:59.562, ubuntu22-d, mtd-zk-2, 0.193440
EXP-LOAD, 2023-07-17T20:19:05.089, ubuntu22-d, mtd-zk-2, 0.108842
EXP-LOAD, 2023-07-17T20:19:13.238, ubuntu22-d, mtd-zk-2, 0.108842
EXP-LEAD, 2023-07-17T20:19:14.353, ubuntu22-d, mtd-zk-2, START
EXP-LEAD, 2023-07-17T20:19:22.044, ubuntu22-d, mtd-zk-2, END
EXP-LOAD, 2023-07-17T20:19:23.073, ubuntu22-d, mtd-zk-2, 0.253443
EXP-LOAD, 2023-07-17T20:19:31.483, ubuntu22-d, mtd-zk-2, 0.253443
EXP-LEAD, 2023-07-17T20:19:32.511, ubuntu22-d, mtd-zk-2, START
EXP-LEAD, 2023-07-17T20:19:40.125, ubuntu22-d, mtd-zk-2, END
EXP-LOAD, 2023-07-17T20:19:41.168, ubuntu22-d, mtd-zk-2, 0.141010
EXP-LEAD, 2023-07-17T20:19:41.604, ubuntu22-d, mtd-zk-2, START
EXP-LEAD, 2023-07-17T20:19:47.115, ubuntu22-d, mtd-zk-2, END
EXP-LOAD, 2023-07-17T20:19:48.174, ubuntu22-d, mtd-zk-2, 0.141010
EXP-LOAD, 2023-07-17T20:19:56.751, ubuntu22-d, mtd-zk-2, 0.143130
EXP-LOAD, 2023-07-17T20:20:04.861, ubuntu22-d, mtd-zk-2, 0.118632
EXP-LEAD, 2023-07-17T20:20:05.891, ubuntu22-d, mtd-zk-2, START
EXP-LEAD, 2023-07-17T20:20:11.491, ubuntu22-d, mtd-zk-2, END
EXP-LOAD, 2023-07-17T20:20:12.541, ubuntu22-d, mtd-zk-2, 0.118632
EXP-LOAD, 2023-07-17T20:20:19.056, ubuntu22-d, mtd-zk-2, 0.193133
EXP-LOAD, 2023-07-17T20:20:26.546, ubuntu22-d, mtd-zk-2, 0.193133
EXP-LOAD, 2023-07-17T20:20:35.690, ubuntu22-d, mtd-zk-2, 0.253428
EXP-LOAD, 2023-07-17T20:20:46.731, ubuntu22-d, mtd-zk-2, 0.253428
EXP-LOAD, 2023-07-17T20:20:53.824, ubuntu22-d, mtd-zk-2, 0.160631
EXP-LEAD, 2023-07-17T20:20:54.859, ubuntu22-d, mtd-zk-2, START
EXP-LEAD, 2023-07-17T20:21:01.358, ubuntu22-d, mtd-zk-2, END
EXP-LOAD, 2023-07-17T20:21:02.404, ubuntu22-d, mtd-zk-2, 0.160631
EXP-LOAD, 2023-07-17T20:21:08.990, ubuntu22-d, mtd-zk-2, 0.119616
EXP-LOAD, 2023-07-17T20:21:15.438, ubuntu22-d, mtd-zk-2, 0.119616
EXP-LOAD, 2023-07-17T20:21:23.543, ubuntu22-d, mtd-zk-2, 0.217037
EXP-LOAD, 2023-07-17T20:21:34.038, ubuntu22-d, mtd-zk-2, 0.255425
EXP-LOAD, 2023-07-17T20:21:44.116, ubuntu22-d, mtd-zk-2, 0.255425
EXP-LEAD, 2023-07-17T20:21:46.157, ubuntu22-d, mtd-zk-2, START
EXP-LEAD, 2023-07-17T20:21:52.698, ubuntu22-d, mtd-zk-2, END
EXP-LOAD, 2023-07-17T20:21:53.758, ubuntu22-d, mtd-zk-2, 0.112225
EXP-LOAD, 2023-07-17T20:21:59.293, ubuntu22-d, mtd-zk-2, 0.112225
EXP-LOAD, 2023-07-17T20:22:08.370, ubuntu22-d, mtd-zk-2, 0.179047
EXP-LOAD, 2023-07-17T20:22:14.429, ubuntu22-d, mtd-zk-2, 0.179047
EXP-LEAD, 2023-07-17T20:22:16.454, ubuntu22-d, mtd-zk-2, START
EXP-LEAD, 2023-07-17T20:22:21.971, ubuntu22-d, mtd-zk-2, END
EXP-LOAD, 2023-07-17T20:22:23.019, ubuntu22-d, mtd-zk-2, 0.232662
EXP-LOAD, 2023-07-17T20:22:32.601, ubuntu22-d, mtd-zk-2, 0.232662
EXP-LOAD, 2023-07-17T20:22:40.229, ubuntu22-d, mtd-zk-2, 0.222018
EXP-LOAD, 2023-07-17T20:22:48.329, ubuntu22-d, mtd-zk-2, 0.222018
EXP-LOAD, 2023-07-17T20:23:00.414, ubuntu22-d, mtd-zk-2, 0.163841
EXP-LOAD, 2023-07-17T20:23:07.494, ubuntu22-d, mtd-zk-2, 0.137836
EXP-LOAD, 2023-07-17T20:23:15.094, ubuntu22-d, mtd-zk-2, 0.137836
EXP-LEAD, 2023-07-17T20:23:16.091, ubuntu22-d, mtd-zk-2, START
EXP-LEAD, 2023-07-17T20:23:20.620, ubuntu22-d, mtd-zk-2, END
EXP-LOAD, 2023-07-17T20:23:21.666, ubuntu22-d, mtd-zk-2, 0.200458
EXP-LOAD, 2023-07-17T20:23:34.241, ubuntu22-d, mtd-zk-2, 0.206002
EXP-LOAD, 2023-07-17T20:23:40.328, ubuntu22-d, mtd-zk-2, 0.206002
EXP-LOAD, 2023-07-17T20:23:48.403, ubuntu22-d, mtd-zk-2, 0.206002
EXP-LEAD, 2023-07-17T20:23:50.428, ubuntu22-d, mtd-zk-2, START
EXP-LEAD, 2023-07-17T20:23:55.918, ubuntu22-d, mtd-zk-2, END
EXP-LOAD, 2023-07-17T20:23:56.964, ubuntu22-d, mtd-zk-2, 0.148438
EXP-LEAD, 2023-07-17T20:23:57.499, ubuntu22-d, mtd-zk-2, START
EXP-LEAD, 2023-07-17T20:24:07.155, ubuntu22-d, mtd-zk-2, END
EXP-LOAD, 2023-07-17T20:24:08.197, ubuntu22-d, mtd-zk-2, 0.192030
EXP-LEAD, 2023-07-17T20:24:09.628, ubuntu22-d, mtd-zk-2, START
EXP-LEAD, 2023-07-17T20:24:15.060, ubuntu22-d, mtd-zk-2, END
EXP-LOAD, 2023-07-17T20:24:16.105, ubuntu22-d, mtd-zk-2, 0.192030
EXP-LOAD, 2023-07-17T20:24:29.773, ubuntu22-d, mtd-zk-2, 0.169084
EXP-LOAD, 2023-07-17T20:24:36.859, ubuntu22-d, mtd-zk-2, 0.129209
EXP-LOAD, 2023-07-17T20:24:44.955, ubuntu22-d, mtd-zk-2, 0.129209
EXP-LOAD, 2023-07-17T20:24:53.040, ubuntu22-d, mtd-zk-2, 0.209127
EXP-LOAD, 2023-07-17T20:25:02.118, ubuntu22-d, mtd-zk-2, 0.209127
EXP-LOAD, 2023-07-17T20:25:10.188, ubuntu22-d, mtd-zk-2, 0.189036
EXP-LOAD, 2023-07-17T20:25:25.286, ubuntu22-d, mtd-zk-2, 0.132214
EXP-LEAD, 2023-07-17T20:25:25.314, ubuntu22-d, mtd-zk-2, START
EXP-LEAD, 2023-07-17T20:25:30.747, ubuntu22-d, mtd-zk-2, END
EXP-LOAD, 2023-07-17T20:25:31.779, ubuntu22-d, mtd-zk-2, 0.132214
EXP-LOAD, 2023-07-17T20:25:42.454, ubuntu22-d, mtd-zk-2, 0.161226
EXP-LEAD, 2023-07-17T20:25:43.483, ubuntu22-d, mtd-zk-2, START
EXP-LEAD, 2023-07-17T20:25:47.868, ubuntu22-d, mtd-zk-2, END
EXP-LOAD, 2023-07-17T20:25:48.910, ubuntu22-d, mtd-zk-2, 0.161226
EXP-LEAD, 2023-07-17T20:25:50.573, ubuntu22-d, mtd-zk-2, START
EXP-LEAD, 2023-07-17T20:25:57.012, ubuntu22-d, mtd-zk-2, END
EXP-LOAD, 2023-07-17T20:25:58.052, ubuntu22-d, mtd-zk-2, 0.141718
EXP-LEAD, 2023-07-17T20:25:59.100, ubuntu22-d, mtd-zk-2, START
EXP-LEAD, 2023-07-17T20:26:04.526, ubuntu22-d, mtd-zk-2, END
EXP-LOAD, 2023-07-17T20:26:05.574, ubuntu22-d, mtd-zk-2, 0.147040
EXP-LOAD, 2023-07-17T20:26:14.267, ubuntu22-d, mtd-zk-2, 0.147040
EXP-LOAD, 2023-07-17T20:26:22.363, ubuntu22-d, mtd-zk-2, 0.198333
EXP-LEAD, 2023-07-17T20:26:23.860, ubuntu22-d, mtd-zk-2, START
EXP-LEAD, 2023-07-17T20:26:29.360, ubuntu22-d, mtd-zk-2, END
EXP-LOAD, 2023-07-17T20:26:30.418, ubuntu22-d, mtd-zk-2, 0.198333
EXP-LOAD, 2023-07-17T20:26:37.006, ubuntu22-d, mtd-zk-2, 0.229059
EXP-LOAD, 2023-07-17T20:26:45.112, ubuntu22-d, mtd-zk-2, 0.229059
EXP-LOAD, 2023-07-17T20:26:52.609, ubuntu22-d, mtd-zk-2, 0.200443
EXP-LOAD, 2023-07-17T20:27:02.165, ubuntu22-d, mtd-zk-2, 0.200443
EXP-LOAD, 2023-07-17T20:27:10.251, ubuntu22-d, mtd-zk-2, 0.151029
EXP-LOAD, 2023-07-17T20:27:19.329, ubuntu22-d, mtd-zk-2, 0.176023
EXP-LEAD, 2023-07-17T20:27:21.348, ubuntu22-d, mtd-zk-2, START
EXP-LEAD, 2023-07-17T20:27:26.913, ubuntu22-d, mtd-zk-2, END
EXP-LOAD, 2023-07-17T20:27:27.946, ubuntu22-d, mtd-zk-2, 0.176023
EXP-LOAD, 2023-07-17T20:27:38.480, ubuntu22-d, mtd-zk-2, 0.317820
EXP-LOAD, 2023-07-17T20:27:46.554, ubuntu22-d, mtd-zk-2, 0.317820
EXP-LOAD, 2023-07-17T20:27:55.635, ubuntu22-d, mtd-zk-2, 0.211114
EXP-LOAD, 2023-07-17T20:28:02.743, ubuntu22-d, mtd-zk-2, 0.211114
EXP-LOAD, 2023-07-17T20:28:09.823, ubuntu22-d, mtd-zk-2, 0.158228
EXP-LOAD, 2023-07-17T20:28:19.885, ubuntu22-d, mtd-zk-2, 0.223354
EXP-LEAD, 2023-07-17T20:28:20.912, ubuntu22-d, mtd-zk-2, START
EXP-LEAD, 2023-07-17T20:28:26.362, ubuntu22-d, mtd-zk-2, END
EXP-LOAD, 2023-07-17T20:28:27.409, ubuntu22-d, mtd-zk-2, 0.223354
EXP-LEAD, 2023-07-17T20:28:27.989, ubuntu22-d, mtd-zk-2, START
EXP-LEAD, 2023-07-17T20:28:33.489, ubuntu22-d, mtd-zk-2, END
EXP-LOAD, 2023-07-17T20:28:34.528, ubuntu22-d, mtd-zk-2, 0.231019
EXP-LOAD, 2023-07-17T20:28:43.620, ubuntu22-d, mtd-zk-2, 0.231019
EXP-LOAD, 2023-07-17T20:28:50.689, ubuntu22-d, mtd-zk-2, 0.179172
EXP-LOAD, 2023-07-17T20:28:59.122, ubuntu22-d, mtd-zk-2, 0.179172
EXP-LOAD, 2023-07-17T20:29:07.206, ubuntu22-d, mtd-zk-2, 0.114618
EXP-LEAD, 2023-07-17T20:29:09.239, ubuntu22-d, mtd-zk-2, START
EXP-LEAD, 2023-07-17T20:29:16.218, ubuntu22-d, mtd-zk-2, END
EXP-LOAD, 2023-07-17T20:29:17.260, ubuntu22-d, mtd-zk-2, 0.114618
EXP-LEAD, 2023-07-17T20:29:18.312, ubuntu22-d, mtd-zk-2, START
EXP-LEAD, 2023-07-17T20:29:24.827, ubuntu22-d, mtd-zk-2, END
EXP-LOAD, 2023-07-17T20:29:25.879, ubuntu22-d, mtd-zk-2, 0.146731
EXP-LEAD, 2023-07-17T20:29:27.400, ubuntu22-d, mtd-zk-2, START
EXP-LEAD, 2023-07-17T20:29:32.899, ubuntu22-d, mtd-zk-2, END
EXP-LOAD, 2023-07-17T20:29:33.941, ubuntu22-d, mtd-zk-2, 0.146731
EXP-LOAD, 2023-07-17T20:29:44.585, ubuntu22-d, mtd-zk-2, 0.197658
EXP-LOAD, 2023-07-17T20:29:53.231, ubuntu22-d, mtd-zk-2, 0.172715
EXP-LEAD, 2023-07-17T20:29:55.256, ubuntu22-d, mtd-zk-2, START
EXP-LEAD, 2023-07-17T20:30:02.758, ubuntu22-d, mtd-zk-2, END
EXP-LOAD, 2023-07-17T20:30:03.808, ubuntu22-d, mtd-zk-2, 0.172715
EXP-LOAD, 2023-07-17T20:30:09.909, ubuntu22-d, mtd-zk-2, 0.199850
EXP-LOAD, 2023-07-17T20:30:23.967, ubuntu22-d, mtd-zk-2, 0.177645
EXP-LEAD, 2023-07-17T20:30:27.004, ubuntu22-d, mtd-zk-2, START
EXP-LEAD, 2023-07-17T20:30:32.450, ubuntu22-d, mtd-zk-2, END
EXP-LOAD, 2023-07-17T20:30:33.486, ubuntu22-d, mtd-zk-2, 0.177645
EXP-LOAD, 2023-07-17T20:30:40.177, ubuntu22-d, mtd-zk-2, 0.192471
EXP-LOAD, 2023-07-17T20:30:46.768, ubuntu22-d, mtd-zk-2, 0.192471
EXP-LEAD, 2023-07-17T20:30:48.744, ubuntu22-d, mtd-zk-2, START
EXP-LEAD, 2023-07-17T20:30:56.258, ubuntu22-d, mtd-zk-2, END
EXP-LOAD, 2023-07-17T20:30:57.309, ubuntu22-d, mtd-zk-2, 0.234661
EXP-LEAD, 2023-07-17T20:30:59.358, ubuntu22-d, mtd-zk-2, START
EXP-LEAD, 2023-07-17T20:31:03.788, ubuntu22-d, mtd-zk-2, END
EXP-LOAD, 2023-07-17T20:31:04.827, ubuntu22-d, mtd-zk-2, 0.106017
EXP-LOAD, 2023-07-17T20:31:14.487, ubuntu22-d, mtd-zk-2, 0.106017
EXP-LEAD, 2023-07-17T20:31:16.206, ubuntu22-d, mtd-zk-2, START
EXP-LEAD, 2023-07-17T20:31:20.642, ubuntu22-d, mtd-zk-2, END
EXP-LOAD, 2023-07-17T20:31:21.682, ubuntu22-d, mtd-zk-2, 0.218142
EXP-LEAD, 2023-07-17T20:31:23.279, ubuntu22-d, mtd-zk-2, START
EXP-LEAD, 2023-07-17T20:31:30.795, ubuntu22-d, mtd-zk-2, END
EXP-LOAD, 2023-07-17T20:31:31.850, ubuntu22-d, mtd-zk-2, 0.218142
EXP-LOAD, 2023-07-17T20:31:36.929, ubuntu22-d, mtd-zk-2, 0.135211
EXP-LEAD, 2023-07-17T20:31:38.423, ubuntu22-d, mtd-zk-2, START
EXP-LEAD, 2023-07-17T20:31:46.195, ubuntu22-d, mtd-zk-2, END
EXP-LOAD, 2023-07-17T20:31:47.255, ubuntu22-d, mtd-zk-2, 0.135211
EXP-LOAD, 2023-07-17T20:31:54.544, ubuntu22-d, mtd-zk-2, 0.218147
EXP-LEAD, 2023-07-17T20:31:56.601, ubuntu22-d, mtd-zk-2, START
EXP-LEAD, 2023-07-17T20:32:01.242, ubuntu22-d, mtd-zk-2, END
EXP-LOAD, 2023-07-17T20:32:02.279, ubuntu22-d, mtd-zk-2, 0.218147
EXP-LOAD, 2023-07-17T20:32:08.696, ubuntu22-d, mtd-zk-2, 0.222446
EXP-LEAD, 2023-07-17T20:32:10.090, ubuntu22-d, mtd-zk-2, START
EXP-LEAD, 2023-07-17T20:32:15.510, ubuntu22-d, mtd-zk-2, END
EXP-LOAD, 2023-07-17T20:32:16.571, ubuntu22-d, mtd-zk-2, 0.222446
EXP-LOAD, 2023-07-17T20:32:28.212, ubuntu22-d, mtd-zk-2, 0.234236
EXP-LOAD, 2023-07-17T20:32:34.271, ubuntu22-d, mtd-zk-2, 0.123361
EXP-LOAD, 2023-07-17T20:32:41.849, ubuntu22-d, mtd-zk-2, 0.123361
EXP-LEAD, 2023-07-17T20:32:43.871, ubuntu22-d, mtd-zk-2, START
EXP-LEAD, 2023-07-17T20:32:48.294, ubuntu22-d, mtd-zk-2, END
EXP-LOAD, 2023-07-17T20:32:49.343, ubuntu22-d, mtd-zk-2, 0.249812
EXP-LEAD, 2023-07-17T20:32:50.936, ubuntu22-d, mtd-zk-2, START
EXP-LEAD, 2023-07-17T20:32:56.415, ubuntu22-d, mtd-zk-2, END
EXP-LOAD, 2023-07-17T20:32:57.541, ubuntu22-d, mtd-zk-2, 0.249812
EXP-LEAD, 2023-07-17T20:32:59.068, ubuntu22-d, mtd-zk-2, START
EXP-LEAD, 2023-07-17T20:33:07.627, ubuntu22-d, mtd-zk-2, END
EXP-LOAD, 2023-07-17T20:33:08.665, ubuntu22-d, mtd-zk-2, 0.213614
EXP-LOAD, 2023-07-17T20:33:17.206, ubuntu22-d, mtd-zk-2, 0.213614
EXP-LOAD, 2023-07-17T20:33:23.293, ubuntu22-d, mtd-zk-2, 0.161419
EXP-LEAD, 2023-07-17T20:33:24.781, ubuntu22-d, mtd-zk-2, START
EXP-LEAD, 2023-07-17T20:33:32.342, ubuntu22-d, mtd-zk-2, END
EXP-LOAD, 2023-07-17T20:33:33.384, ubuntu22-d, mtd-zk-2, 0.161419
EXP-LOAD, 2023-07-17T20:33:40.466, ubuntu22-d, mtd-zk-2, 0.164726
EXP-LOAD, 2023-07-17T20:33:48.242, ubuntu22-d, mtd-zk-2, 0.164726
EXP-LOAD, 2023-07-17T20:33:56.872, ubuntu22-d, mtd-zk-2, 0.158659
EXP-LEAD, 2023-07-17T20:33:57.911, ubuntu22-d, mtd-zk-2, START
EXP-LEAD, 2023-07-17T20:34:02.406, ubuntu22-d, mtd-zk-2, END
EXP-LOAD, 2023-07-17T20:34:03.440, ubuntu22-d, mtd-zk-2, 0.158659
EXP-LOAD, 2023-07-17T20:34:08.863, ubuntu22-d, mtd-zk-2, 0.203919
EXP-LEAD, 2023-07-17T20:34:10.358, ubuntu22-d, mtd-zk-2, START
EXP-LEAD, 2023-07-17T20:34:15.969, ubuntu22-d, mtd-zk-2, END
EXP-LOAD, 2023-07-17T20:34:17.051, ubuntu22-d, mtd-zk-2, 0.203919
EXP-LOAD, 2023-07-17T20:34:27.496, ubuntu22-d, mtd-zk-2, 0.200832
EXP-LEAD, 2023-07-17T20:34:28.132, ubuntu22-d, mtd-zk-2, START
EXP-LEAD, 2023-07-17T20:34:33.754, ubuntu22-d, mtd-zk-2, END
EXP-LOAD, 2023-07-17T20:34:34.786, ubuntu22-d, mtd-zk-2, 0.153125
EXP-LOAD, 2023-07-17T20:34:42.288, ubuntu22-d, mtd-zk-2, 0.153125
EXP-LOAD, 2023-07-17T20:34:49.343, ubuntu22-d, mtd-zk-2, 0.213437
EXP-LOAD, 2023-07-17T20:34:59.925, ubuntu22-d, mtd-zk-2, 0.213437
EXP-LOAD, 2023-07-17T20:35:08.015, ubuntu22-d, mtd-zk-2, 0.156622
EXP-LEAD, 2023-07-17T20:35:09.056, ubuntu22-d, mtd-zk-2, START
EXP-LEAD, 2023-07-17T20:35:20.849, ubuntu22-d, mtd-zk-2, END
EXP-LOAD, 2023-07-17T20:35:21.946, ubuntu22-d, mtd-zk-2, 0.194228
EXP-LEAD, 2023-07-17T20:35:23.175, ubuntu22-d, mtd-zk-2, START
EXP-LEAD, 2023-07-17T20:35:27.603, ubuntu22-d, mtd-zk-2, END
EXP-LOAD, 2023-07-17T20:35:28.635, ubuntu22-d, mtd-zk-2, 0.194228
EXP-LEAD, 2023-07-17T20:35:30.351, ubuntu22-d, mtd-zk-2, START
EXP-LEAD, 2023-07-17T20:35:38.850, ubuntu22-d, mtd-zk-2, END
EXP-LOAD, 2023-07-17T20:35:39.894, ubuntu22-d, mtd-zk-2, 0.153856
EXP-LOAD, 2023-07-17T20:35:47.513, ubuntu22-d, mtd-zk-2, 0.153856
EXP-LOAD, 2023-07-17T20:35:52.648, ubuntu22-d, mtd-zk-2, 0.163228
EXP-LEAD, 2023-07-17T20:35:54.685, ubuntu22-d, mtd-zk-2, START
EXP-LEAD, 2023-07-17T20:36:02.206, ubuntu22-d, mtd-zk-2, END
EXP-LOAD, 2023-07-17T20:36:03.253, ubuntu22-d, mtd-zk-2, 0.163228
EXP-LOAD, 2023-07-17T20:36:09.800, ubuntu22-d, mtd-zk-2, 0.168308
EXP-LOAD, 2023-07-17T20:36:17.892, ubuntu22-d, mtd-zk-2, 0.168308
EXP-LEAD, 2023-07-17T20:36:19.896, ubuntu22-d, mtd-zk-2, START
EXP-LEAD, 2023-07-17T20:36:24.284, ubuntu22-d, mtd-zk-2, END
EXP-LOAD, 2023-07-17T20:36:25.317, ubuntu22-d, mtd-zk-2, 0.176622
EXP-LOAD, 2023-07-17T20:36:36.994, ubuntu22-d, mtd-zk-2, 0.207337
EXP-LOAD, 2023-07-17T20:36:44.056, ubuntu22-d, mtd-zk-2, 0.207337
EXP-LEAD, 2023-07-17T20:36:45.093, ubuntu22-d, mtd-zk-2, START
EXP-LEAD, 2023-07-17T20:36:50.555, ubuntu22-d, mtd-zk-2, END
EXP-LOAD, 2023-07-17T20:36:51.600, ubuntu22-d, mtd-zk-2, 0.150213
EXP-LOAD, 2023-07-17T20:36:59.218, ubuntu22-d, mtd-zk-2, 0.150213
EXP-LOAD, 2023-07-17T20:37:09.281, ubuntu22-d, mtd-zk-2, 0.185636
EXP-LOAD, 2023-07-17T20:37:20.638, ubuntu22-d, mtd-zk-2, 0.172616
EXP-LOAD, 2023-07-17T20:37:28.237, ubuntu22-d, mtd-zk-2, 0.172616
EXP-LEAD, 2023-07-17T20:37:30.534, ubuntu22-d, mtd-zk-2, START
EXP-LEAD, 2023-07-17T20:37:36.181, ubuntu22-d, mtd-zk-2, END
EXP-LOAD, 2023-07-17T20:37:37.282, ubuntu22-d, mtd-zk-2, 0.176610
EXP-LEAD, 2023-07-17T20:37:39.353, ubuntu22-d, mtd-zk-2, START
EXP-LEAD, 2023-07-17T20:37:45.831, ubuntu22-d, mtd-zk-2, END
EXP-LOAD, 2023-07-17T20:37:46.869, ubuntu22-d, mtd-zk-2, 0.176610
EXP-LOAD, 2023-07-17T20:37:55.504, ubuntu22-d, mtd-zk-2, 0.198232
EXP-LOAD, 2023-07-17T20:38:04.650, ubuntu22-d, mtd-zk-2, 0.229120
EXP-LOAD, 2023-07-17T20:38:14.769, ubuntu22-d, mtd-zk-2, 0.229120
EXP-LEAD, 2023-07-17T20:38:16.248, ubuntu22-d, mtd-zk-2, START
EXP-LEAD, 2023-07-17T20:38:20.785, ubuntu22-d, mtd-zk-2, END
EXP-LOAD, 2023-07-17T20:38:21.822, ubuntu22-d, mtd-zk-2, 0.093051
EXP-LOAD, 2023-07-17T20:38:30.399, ubuntu22-d, mtd-zk-2, 0.093051
EXP-LOAD, 2023-07-17T20:38:37.462, ubuntu22-d, mtd-zk-2, 0.195460
EXP-LOAD, 2023-07-17T20:38:44.541, ubuntu22-d, mtd-zk-2, 0.195460
EXP-LEAD, 2023-07-17T20:38:46.580, ubuntu22-d, mtd-zk-2, START
EXP-LEAD, 2023-07-17T20:38:51.042, ubuntu22-d, mtd-zk-2, END
EXP-LOAD, 2023-07-17T20:38:52.081, ubuntu22-d, mtd-zk-2, 0.270413
EXP-LEAD, 2023-07-17T20:38:53.636, ubuntu22-d, mtd-zk-2, START
EXP-LEAD, 2023-07-17T20:39:01.199, ubuntu22-d, mtd-zk-2, END
EXP-LOAD, 2023-07-17T20:39:02.236, ubuntu22-d, mtd-zk-2, 0.270413
EXP-LOAD, 2023-07-17T20:39:10.816, ubuntu22-d, mtd-zk-2, 0.204269
EXP-LEAD, 2023-07-17T20:39:12.210, ubuntu22-d, mtd-zk-2, START
EXP-LEAD, 2023-07-17T20:39:12.228, ubuntu22-d, mtd-zk-2, END
