EXP-LOAD, 2023-07-17T14:26:07.924, ubuntu22-b, mtd-zk-0, 0.068785
EXP-LOAD, 2023-07-17T14:26:17.240, ubuntu22-b, mtd-zk-0, 0.068785
EXP-LEAD, 2023-07-17T14:26:19.270, ubuntu22-b, mtd-zk-0, START
EXP-LEAD, 2023-07-17T14:26:25.840, ubuntu22-b, mtd-zk-0, END
EXP-LOAD, 2023-07-17T14:26:26.915, ubuntu22-b, mtd-zk-0, 0.243418
EXP-LEAD, 2023-07-17T14:26:29.422, ubuntu22-b, mtd-zk-0, START
EXP-LEAD, 2023-07-17T14:26:36.311, ubuntu22-b, mtd-zk-0, END
EXP-LOAD, 2023-07-17T14:26:37.418, ubuntu22-b, mtd-zk-0, 0.284218
EXP-LOAD, 2023-07-17T14:26:45.563, ubuntu22-b, mtd-zk-0, 0.284218
EXP-LOAD, 2023-07-17T14:26:54.412, ubuntu22-b, mtd-zk-0, 0.248027
EXP-LEAD, 2023-07-17T14:26:56.497, ubuntu22-b, mtd-zk-0, START
EXP-LEAD, 2023-07-17T14:27:01.237, ubuntu22-b, mtd-zk-0, END
EXP-LOAD, 2023-07-17T14:27:02.286, ubuntu22-b, mtd-zk-0, 0.248027
EXP-LOAD, 2023-07-17T14:27:10.663, ubuntu22-b, mtd-zk-0, 0.267451
EXP-LOAD, 2023-07-17T14:27:21.802, ubuntu22-b, mtd-zk-0, 0.164034
EXP-LEAD, 2023-07-17T14:27:23.670, ubuntu22-b, mtd-zk-0, START
EXP-LEAD, 2023-07-17T14:27:28.313, ubuntu22-b, mtd-zk-0, END
EXP-LOAD, 2023-07-17T14:27:29.405, ubuntu22-b, mtd-zk-0, 0.164034
EXP-LEAD, 2023-07-17T14:27:30.798, ubuntu22-b, mtd-zk-0, START
EXP-LEAD, 2023-07-17T14:27:38.476, ubuntu22-b, mtd-zk-0, END
EXP-LOAD, 2023-07-17T14:27:39.537, ubuntu22-b, mtd-zk-0, 0.251940
EXP-LOAD, 2023-07-17T14:27:45.680, ubuntu22-b, mtd-zk-0, 0.251940
EXP-LOAD, 2023-07-17T14:27:56.776, ubuntu22-b, mtd-zk-0, 0.300833
EXP-LOAD, 2023-07-17T14:28:02.886, ubuntu22-b, mtd-zk-0, 0.300833
EXP-LOAD, 2023-07-17T14:28:10.971, ubuntu22-b, mtd-zk-0, 0.216438
EXP-LEAD, 2023-07-17T14:28:12.030, ubuntu22-b, mtd-zk-0, START
EXP-LEAD, 2023-07-17T14:28:20.685, ubuntu22-b, mtd-zk-0, END
EXP-LOAD, 2023-07-17T14:28:21.855, ubuntu22-b, mtd-zk-0, 0.204631
EXP-LEAD, 2023-07-17T14:28:21.906, ubuntu22-b, mtd-zk-0, START
EXP-LEAD, 2023-07-17T14:28:27.488, ubuntu22-b, mtd-zk-0, END
EXP-LOAD, 2023-07-17T14:28:28.542, ubuntu22-b, mtd-zk-0, 0.204631
EXP-LOAD, 2023-07-17T14:28:38.081, ubuntu22-b, mtd-zk-0, 0.242549
EXP-LOAD, 2023-07-17T14:28:45.218, ubuntu22-b, mtd-zk-0, 0.242549
EXP-LOAD, 2023-07-17T14:28:54.294, ubuntu22-b, mtd-zk-0, 0.171490
EXP-LEAD, 2023-07-17T14:28:56.344, ubuntu22-b, mtd-zk-0, START
EXP-LEAD, 2023-07-17T14:29:02.998, ubuntu22-b, mtd-zk-0, END
EXP-LOAD, 2023-07-17T14:29:04.055, ubuntu22-b, mtd-zk-0, 0.204631
EXP-LOAD, 2023-07-17T14:29:14.527, ubuntu22-b, mtd-zk-0, 0.204631
EXP-LEAD, 2023-07-17T14:29:15.569, ubuntu22-b, mtd-zk-0, START
EXP-LEAD, 2023-07-17T14:29:20.268, ubuntu22-b, mtd-zk-0, END
EXP-LOAD, 2023-07-17T14:29:21.315, ubuntu22-b, mtd-zk-0, 0.235045
EXP-LOAD, 2023-07-17T14:29:30.759, ubuntu22-b, mtd-zk-0, 0.235045
EXP-LOAD, 2023-07-17T14:29:37.587, ubuntu22-b, mtd-zk-0, 0.214145
EXP-LOAD, 2023-07-17T14:29:46.782, ubuntu22-b, mtd-zk-0, 0.214145
EXP-LEAD, 2023-07-17T14:29:48.752, ubuntu22-b, mtd-zk-0, START
EXP-LEAD, 2023-07-17T14:29:53.275, ubuntu22-b, mtd-zk-0, END
EXP-LOAD, 2023-07-17T14:29:54.323, ubuntu22-b, mtd-zk-0, 0.189844
EXP-LOAD, 2023-07-17T14:30:03.943, ubuntu22-b, mtd-zk-0, 0.189844
EXP-LOAD, 2023-07-17T14:30:11.043, ubuntu22-b, mtd-zk-0, 0.229769
EXP-LEAD, 2023-07-17T14:30:12.709, ubuntu22-b, mtd-zk-0, START
EXP-LEAD, 2023-07-17T14:30:17.346, ubuntu22-b, mtd-zk-0, END
EXP-LOAD, 2023-07-17T14:30:18.402, ubuntu22-b, mtd-zk-0, 0.229769
EXP-LOAD, 2023-07-17T14:30:25.915, ubuntu22-b, mtd-zk-0, 0.178028
EXP-LEAD, 2023-07-17T14:30:28.477, ubuntu22-b, mtd-zk-0, START
EXP-LEAD, 2023-07-17T14:30:33.950, ubuntu22-b, mtd-zk-0, END
EXP-LOAD, 2023-07-17T14:30:34.990, ubuntu22-b, mtd-zk-0, 0.242638
EXP-LOAD, 2023-07-17T14:30:45.664, ubuntu22-b, mtd-zk-0, 0.242638
EXP-LOAD, 2023-07-17T14:30:52.739, ubuntu22-b, mtd-zk-0, 0.168680
EXP-LOAD, 2023-07-17T14:31:00.902, ubuntu22-b, mtd-zk-0, 0.168680
EXP-LOAD, 2023-07-17T14:31:08.997, ubuntu22-b, mtd-zk-0, 0.157368
EXP-LEAD, 2023-07-17T14:31:09.055, ubuntu22-b, mtd-zk-0, START
EXP-LEAD, 2023-07-17T14:31:17.751, ubuntu22-b, mtd-zk-0, END
EXP-LOAD, 2023-07-17T14:31:18.797, ubuntu22-b, mtd-zk-0, 0.157368
EXP-LEAD, 2023-07-17T14:31:20.168, ubuntu22-b, mtd-zk-0, START
EXP-LEAD, 2023-07-17T14:31:25.667, ubuntu22-b, mtd-zk-0, END
EXP-LOAD, 2023-07-17T14:31:26.710, ubuntu22-b, mtd-zk-0, 0.192250
EXP-LEAD, 2023-07-17T14:31:27.754, ubuntu22-b, mtd-zk-0, START
EXP-LEAD, 2023-07-17T14:31:33.166, ubuntu22-b, mtd-zk-0, END
EXP-LOAD, 2023-07-17T14:31:34.197, ubuntu22-b, mtd-zk-0, 0.177257
EXP-LEAD, 2023-07-17T14:31:34.852, ubuntu22-b, mtd-zk-0, START
EXP-LEAD, 2023-07-17T14:31:42.474, ubuntu22-b, mtd-zk-0, END
EXP-LOAD, 2023-07-17T14:31:43.515, ubuntu22-b, mtd-zk-0, 0.177257
EXP-LEAD, 2023-07-17T14:31:44.548, ubuntu22-b, mtd-zk-0, START
EXP-LEAD, 2023-07-17T14:31:48.989, ubuntu22-b, mtd-zk-0, END
EXP-LOAD, 2023-07-17T14:31:50.045, ubuntu22-b, mtd-zk-0, 0.220652
EXP-LOAD, 2023-07-17T14:31:59.715, ubuntu22-b, mtd-zk-0, 0.220652
EXP-LOAD, 2023-07-17T14:32:04.819, ubuntu22-b, mtd-zk-0, 0.162840
EXP-LOAD, 2023-07-17T14:32:11.806, ubuntu22-b, mtd-zk-0, 0.162840
EXP-LEAD, 2023-07-17T14:32:14.228, ubuntu22-b, mtd-zk-0, START
EXP-LEAD, 2023-07-17T14:32:20.725, ubuntu22-b, mtd-zk-0, END
EXP-LOAD, 2023-07-17T14:32:21.776, ubuntu22-b, mtd-zk-0, 0.145906
EXP-LOAD, 2023-07-17T14:32:28.861, ubuntu22-b, mtd-zk-0, 0.145906
EXP-LEAD, 2023-07-17T14:32:28.901, ubuntu22-b, mtd-zk-0, START
EXP-LEAD, 2023-07-17T14:32:36.470, ubuntu22-b, mtd-zk-0, END
EXP-LOAD, 2023-07-17T14:32:37.524, ubuntu22-b, mtd-zk-0, 0.223134
EXP-LOAD, 2023-07-17T14:32:46.052, ubuntu22-b, mtd-zk-0, 0.223134
EXP-LOAD, 2023-07-17T14:32:55.127, ubuntu22-b, mtd-zk-0, 0.172880
EXP-LOAD, 2023-07-17T14:33:00.340, ubuntu22-b, mtd-zk-0, 0.172880
EXP-LEAD, 2023-07-17T14:33:02.161, ubuntu22-b, mtd-zk-0, START
EXP-LEAD, 2023-07-17T14:33:09.698, ubuntu22-b, mtd-zk-0, END
EXP-LOAD, 2023-07-17T14:33:10.739, ubuntu22-b, mtd-zk-0, 0.164350
EXP-LEAD, 2023-07-17T14:33:11.270, ubuntu22-b, mtd-zk-0, START
EXP-LEAD, 2023-07-17T14:33:16.844, ubuntu22-b, mtd-zk-0, END
EXP-LOAD, 2023-07-17T14:33:17.894, ubuntu22-b, mtd-zk-0, 0.164350
EXP-LOAD, 2023-07-17T14:33:25.411, ubuntu22-b, mtd-zk-0, 0.288669
EXP-LOAD, 2023-07-17T14:33:32.034, ubuntu22-b, mtd-zk-0, 0.288669
EXP-LOAD, 2023-07-17T14:33:40.699, ubuntu22-b, mtd-zk-0, 0.151759
EXP-LEAD, 2023-07-17T14:33:41.730, ubuntu22-b, mtd-zk-0, START
EXP-LEAD, 2023-07-17T14:33:50.269, ubuntu22-b, mtd-zk-0, END
EXP-LOAD, 2023-07-17T14:33:51.315, ubuntu22-b, mtd-zk-0, 0.221238
EXP-LOAD, 2023-07-17T14:33:58.904, ubuntu22-b, mtd-zk-0, 0.221238
EXP-LOAD, 2023-07-17T14:34:09.005, ubuntu22-b, mtd-zk-0, 0.200767
EXP-LOAD, 2023-07-17T14:34:17.097, ubuntu22-b, mtd-zk-0, 0.200767
EXP-LOAD, 2023-07-17T14:34:24.536, ubuntu22-b, mtd-zk-0, 0.169070
EXP-LEAD, 2023-07-17T14:34:26.574, ubuntu22-b, mtd-zk-0, START
EXP-LEAD, 2023-07-17T14:34:34.156, ubuntu22-b, mtd-zk-0, END
EXP-LOAD, 2023-07-17T14:34:35.215, ubuntu22-b, mtd-zk-0, 0.184253
EXP-LEAD, 2023-07-17T14:34:36.238, ubuntu22-b, mtd-zk-0, START
EXP-LEAD, 2023-07-17T14:34:40.749, ubuntu22-b, mtd-zk-0, END
EXP-LOAD, 2023-07-17T14:34:41.792, ubuntu22-b, mtd-zk-0, 0.184253
EXP-LOAD, 2023-07-17T14:34:46.887, ubuntu22-b, mtd-zk-0, 0.184253
EXP-LEAD, 2023-07-17T14:34:48.415, ubuntu22-b, mtd-zk-0, START
EXP-LEAD, 2023-07-17T14:34:52.968, ubuntu22-b, mtd-zk-0, END
EXP-LOAD, 2023-07-17T14:34:54.013, ubuntu22-b, mtd-zk-0, 0.168616
EXP-LOAD, 2023-07-17T14:35:03.651, ubuntu22-b, mtd-zk-0, 0.168616
EXP-LEAD, 2023-07-17T14:35:05.253, ubuntu22-b, mtd-zk-0, START
EXP-LEAD, 2023-07-17T14:35:10.809, ubuntu22-b, mtd-zk-0, END
EXP-LOAD, 2023-07-17T14:35:11.864, ubuntu22-b, mtd-zk-0, 0.185836
EXP-LOAD, 2023-07-17T14:35:26.379, ubuntu22-b, mtd-zk-0, 0.179044
EXP-LOAD, 2023-07-17T14:35:34.461, ubuntu22-b, mtd-zk-0, 0.143223
EXP-LEAD, 2023-07-17T14:35:35.549, ubuntu22-b, mtd-zk-0, START
EXP-LEAD, 2023-07-17T14:35:44.049, ubuntu22-b, mtd-zk-0, END
EXP-LOAD, 2023-07-17T14:35:45.093, ubuntu22-b, mtd-zk-0, 0.143223
EXP-LOAD, 2023-07-17T14:35:54.649, ubuntu22-b, mtd-zk-0, 0.297630
EXP-LOAD, 2023-07-17T14:36:04.748, ubuntu22-b, mtd-zk-0, 0.179648
EXP-LEAD, 2023-07-17T14:36:07.800, ubuntu22-b, mtd-zk-0, START
EXP-LEAD, 2023-07-17T14:36:12.324, ubuntu22-b, mtd-zk-0, END
EXP-LOAD, 2023-07-17T14:36:13.397, ubuntu22-b, mtd-zk-0, 0.179648
EXP-LOAD, 2023-07-17T14:36:19.522, ubuntu22-b, mtd-zk-0, 0.193485
EXP-LOAD, 2023-07-17T14:36:28.166, ubuntu22-b, mtd-zk-0, 0.193485
EXP-LOAD, 2023-07-17T14:36:36.273, ubuntu22-b, mtd-zk-0, 0.203548
EXP-LOAD, 2023-07-17T14:36:44.349, ubuntu22-b, mtd-zk-0, 0.203548
EXP-LEAD, 2023-07-17T14:36:45.393, ubuntu22-b, mtd-zk-0, START
EXP-LEAD, 2023-07-17T14:36:50.820, ubuntu22-b, mtd-zk-0, END
EXP-LOAD, 2023-07-17T14:36:51.862, ubuntu22-b, mtd-zk-0, 0.196658
EXP-LEAD, 2023-07-17T14:36:53.511, ubuntu22-b, mtd-zk-0, START
EXP-LEAD, 2023-07-17T14:37:00.007, ubuntu22-b, mtd-zk-0, END
EXP-LOAD, 2023-07-17T14:37:01.056, ubuntu22-b, mtd-zk-0, 0.196658
EXP-LEAD, 2023-07-17T14:37:02.600, ubuntu22-b, mtd-zk-0, START
EXP-LEAD, 2023-07-17T14:37:07.005, ubuntu22-b, mtd-zk-0, END
EXP-LOAD, 2023-07-17T14:37:08.052, ubuntu22-b, mtd-zk-0, 0.185551
EXP-LOAD, 2023-07-17T14:37:17.730, ubuntu22-b, mtd-zk-0, 0.185551
EXP-LOAD, 2023-07-17T14:37:29.829, ubuntu22-b, mtd-zk-0, 0.169848
EXP-LOAD, 2023-07-17T14:37:36.918, ubuntu22-b, mtd-zk-0, 0.121753
EXP-LOAD, 2023-07-17T14:37:46.006, ubuntu22-b, mtd-zk-0, 0.121753
EXP-LEAD, 2023-07-17T14:37:48.038, ubuntu22-b, mtd-zk-0, START
EXP-LEAD, 2023-07-17T14:37:52.462, ubuntu22-b, mtd-zk-0, END
EXP-LOAD, 2023-07-17T14:37:53.516, ubuntu22-b, mtd-zk-0, 0.217288
EXP-LOAD, 2023-07-17T14:38:05.187, ubuntu22-b, mtd-zk-0, 0.214350
EXP-LOAD, 2023-07-17T14:38:12.301, ubuntu22-b, mtd-zk-0, 0.214350
EXP-LOAD, 2023-07-17T14:38:23.406, ubuntu22-b, mtd-zk-0, 0.120877
EXP-LEAD, 2023-07-17T14:38:23.445, ubuntu22-b, mtd-zk-0, START
EXP-LEAD, 2023-07-17T14:38:27.873, ubuntu22-b, mtd-zk-0, END
EXP-LOAD, 2023-07-17T14:38:28.919, ubuntu22-b, mtd-zk-0, 0.120877
EXP-LOAD, 2023-07-17T14:38:37.011, ubuntu22-b, mtd-zk-0, 0.175256
EXP-LEAD, 2023-07-17T14:38:38.039, ubuntu22-b, mtd-zk-0, START
EXP-LEAD, 2023-07-17T14:38:45.541, ubuntu22-b, mtd-zk-0, END
EXP-LOAD, 2023-07-17T14:38:46.582, ubuntu22-b, mtd-zk-0, 0.175256
EXP-LOAD, 2023-07-17T14:38:55.173, ubuntu22-b, mtd-zk-0, 0.164231
EXP-LOAD, 2023-07-17T14:39:02.265, ubuntu22-b, mtd-zk-0, 0.164231
EXP-LOAD, 2023-07-17T14:39:10.359, ubuntu22-b, mtd-zk-0, 0.176643
EXP-LOAD, 2023-07-17T14:39:17.075, ubuntu22-b, mtd-zk-0, 0.176643
EXP-LEAD, 2023-07-17T14:39:18.701, ubuntu22-b, mtd-zk-0, START
EXP-LEAD, 2023-07-17T14:39:23.189, ubuntu22-b, mtd-zk-0, END
EXP-LOAD, 2023-07-17T14:39:24.245, ubuntu22-b, mtd-zk-0, 0.191848
EXP-LOAD, 2023-07-17T14:39:34.800, ubuntu22-b, mtd-zk-0, 0.184470
EXP-LOAD, 2023-07-17T14:39:41.921, ubuntu22-b, mtd-zk-0, 0.184470
EXP-LEAD, 2023-07-17T14:39:42.954, ubuntu22-b, mtd-zk-0, START
EXP-LEAD, 2023-07-17T14:39:48.463, ubuntu22-b, mtd-zk-0, END
EXP-LOAD, 2023-07-17T14:39:49.499, ubuntu22-b, mtd-zk-0, 0.136074
EXP-LOAD, 2023-07-17T14:39:57.588, ubuntu22-b, mtd-zk-0, 0.136074
EXP-LOAD, 2023-07-17T14:40:04.787, ubuntu22-b, mtd-zk-0, 0.143839
EXP-LOAD, 2023-07-17T14:40:15.882, ubuntu22-b, mtd-zk-0, 0.143839
EXP-LOAD, 2023-07-17T14:40:23.946, ubuntu22-b, mtd-zk-0, 0.148237
EXP-LOAD, 2023-07-17T14:40:31.041, ubuntu22-b, mtd-zk-0, 0.148237
EXP-LOAD, 2023-07-17T14:40:40.130, ubuntu22-b, mtd-zk-0, 0.126043
EXP-LEAD, 2023-07-17T14:40:41.165, ubuntu22-b, mtd-zk-0, START
EXP-LEAD, 2023-07-17T14:40:45.590, ubuntu22-b, mtd-zk-0, END
EXP-LOAD, 2023-07-17T14:40:46.625, ubuntu22-b, mtd-zk-0, 0.126043
EXP-LOAD, 2023-07-17T14:40:56.327, ubuntu22-b, mtd-zk-0, 0.146344
EXP-LEAD, 2023-07-17T14:40:58.358, ubuntu22-b, mtd-zk-0, START
EXP-LEAD, 2023-07-17T14:41:02.729, ubuntu22-b, mtd-zk-0, END
EXP-LOAD, 2023-07-17T14:41:03.768, ubuntu22-b, mtd-zk-0, 0.146344
EXP-LOAD, 2023-07-17T14:41:12.556, ubuntu22-b, mtd-zk-0, 0.216688
EXP-LOAD, 2023-07-17T14:41:20.677, ubuntu22-b, mtd-zk-0, 0.190827
EXP-LOAD, 2023-07-17T14:41:27.749, ubuntu22-b, mtd-zk-0, 0.190827
EXP-LOAD, 2023-07-17T14:41:34.350, ubuntu22-b, mtd-zk-0, 0.189633
EXP-LOAD, 2023-07-17T14:41:44.944, ubuntu22-b, mtd-zk-0, 0.189633
EXP-LEAD, 2023-07-17T14:41:45.972, ubuntu22-b, mtd-zk-0, START
EXP-LEAD, 2023-07-17T14:41:51.444, ubuntu22-b, mtd-zk-0, END
EXP-LOAD, 2023-07-17T14:41:52.486, ubuntu22-b, mtd-zk-0, 0.182845
EXP-LOAD, 2023-07-17T14:41:59.575, ubuntu22-b, mtd-zk-0, 0.182845
EXP-LOAD, 2023-07-17T14:42:07.117, ubuntu22-b, mtd-zk-0, 0.158832
EXP-LOAD, 2023-07-17T14:42:15.213, ubuntu22-b, mtd-zk-0, 0.158832
EXP-LEAD, 2023-07-17T14:42:17.258, ubuntu22-b, mtd-zk-0, START
EXP-LEAD, 2023-07-17T14:42:22.663, ubuntu22-b, mtd-zk-0, END
EXP-LOAD, 2023-07-17T14:42:23.698, ubuntu22-b, mtd-zk-0, 0.134963
EXP-LEAD, 2023-07-17T14:42:25.407, ubuntu22-b, mtd-zk-0, START
EXP-LEAD, 2023-07-17T14:42:31.887, ubuntu22-b, mtd-zk-0, END
EXP-LOAD, 2023-07-17T14:42:32.926, ubuntu22-b, mtd-zk-0, 0.134963
EXP-LEAD, 2023-07-17T14:42:34.500, ubuntu22-b, mtd-zk-0, START
EXP-LEAD, 2023-07-17T14:42:40.959, ubuntu22-b, mtd-zk-0, END
EXP-LOAD, 2023-07-17T14:42:42.000, ubuntu22-b, mtd-zk-0, 0.137142
EXP-LEAD, 2023-07-17T14:42:43.028, ubuntu22-b, mtd-zk-0, START
EXP-LEAD, 2023-07-17T14:42:48.650, ubuntu22-b, mtd-zk-0, END
EXP-LOAD, 2023-07-17T14:42:49.701, ubuntu22-b, mtd-zk-0, 0.167072
EXP-LOAD, 2023-07-17T14:42:57.157, ubuntu22-b, mtd-zk-0, 0.167072
EXP-LOAD, 2023-07-17T14:43:04.250, ubuntu22-b, mtd-zk-0, 0.182439
EXP-LOAD, 2023-07-17T14:43:13.357, ubuntu22-b, mtd-zk-0, 0.182439
EXP-LEAD, 2023-07-17T14:43:15.406, ubuntu22-b, mtd-zk-0, START
EXP-LEAD, 2023-07-17T14:43:19.837, ubuntu22-b, mtd-zk-0, END
EXP-LOAD, 2023-07-17T14:43:20.888, ubuntu22-b, mtd-zk-0, 0.168576
EXP-LEAD, 2023-07-17T14:43:21.495, ubuntu22-b, mtd-zk-0, START
EXP-LEAD, 2023-07-17T14:43:25.997, ubuntu22-b, mtd-zk-0, END
EXP-LOAD, 2023-07-17T14:43:27.028, ubuntu22-b, mtd-zk-0, 0.168576
EXP-LOAD, 2023-07-17T14:43:37.128, ubuntu22-b, mtd-zk-0, 0.197230
EXP-LOAD, 2023-07-17T14:43:42.202, ubuntu22-b, mtd-zk-0, 0.197230
EXP-LOAD, 2023-07-17T14:43:51.739, ubuntu22-b, mtd-zk-0, 0.167580
EXP-LOAD, 2023-07-17T14:43:59.821, ubuntu22-b, mtd-zk-0, 0.167580
EXP-LOAD, 2023-07-17T14:44:07.900, ubuntu22-b, mtd-zk-0, 0.292487
EXP-LOAD, 2023-07-17T14:44:17.986, ubuntu22-b, mtd-zk-0, 0.292487
EXP-LOAD, 2023-07-17T14:44:25.063, ubuntu22-b, mtd-zk-0, 0.154944
EXP-LEAD, 2023-07-17T14:44:27.096, ubuntu22-b, mtd-zk-0, START
EXP-LEAD, 2023-07-17T14:44:34.626, ubuntu22-b, mtd-zk-0, END
EXP-LOAD, 2023-07-17T14:44:35.662, ubuntu22-b, mtd-zk-0, 0.146699
EXP-LEAD, 2023-07-17T14:44:36.685, ubuntu22-b, mtd-zk-0, START
EXP-LEAD, 2023-07-17T14:44:42.246, ubuntu22-b, mtd-zk-0, END
EXP-LOAD, 2023-07-17T14:44:43.277, ubuntu22-b, mtd-zk-0, 0.146699
EXP-LEAD, 2023-07-17T14:44:45.311, ubuntu22-b, mtd-zk-0, START
EXP-LEAD, 2023-07-17T14:44:49.755, ubuntu22-b, mtd-zk-0, END
EXP-LOAD, 2023-07-17T14:44:50.798, ubuntu22-b, mtd-zk-0, 0.159036
EXP-LOAD, 2023-07-17T14:44:59.448, ubuntu22-b, mtd-zk-0, 0.159036
EXP-LOAD, 2023-07-17T14:45:08.562, ubuntu22-b, mtd-zk-0, 0.156827
EXP-LEAD, 2023-07-17T14:45:10.586, ubuntu22-b, mtd-zk-0, START
EXP-LEAD, 2023-07-17T14:45:16.326, ubuntu22-b, mtd-zk-0, END
EXP-LOAD, 2023-07-17T14:45:17.367, ubuntu22-b, mtd-zk-0, 0.156827
EXP-LOAD, 2023-07-17T14:45:29.806, ubuntu22-b, mtd-zk-0, 0.186961
EXP-LOAD, 2023-07-17T14:45:36.877, ubuntu22-b, mtd-zk-0, 0.191871
EXP-LOAD, 2023-07-17T14:45:46.952, ubuntu22-b, mtd-zk-0, 0.191871
EXP-LOAD, 2023-07-17T14:45:54.031, ubuntu22-b, mtd-zk-0, 0.195964
EXP-LOAD, 2023-07-17T14:46:02.175, ubuntu22-b, mtd-zk-0, 0.195964
EXP-LOAD, 2023-07-17T14:46:10.294, ubuntu22-b, mtd-zk-0, 0.190077
EXP-LOAD, 2023-07-17T14:46:18.354, ubuntu22-b, mtd-zk-0, 0.190077
EXP-LEAD, 2023-07-17T14:46:19.382, ubuntu22-b, mtd-zk-0, START
EXP-LEAD, 2023-07-17T14:46:28.961, ubuntu22-b, mtd-zk-0, END
EXP-LOAD, 2023-07-17T14:46:30.006, ubuntu22-b, mtd-zk-0, 0.162837
EXP-LOAD, 2023-07-17T14:46:38.101, ubuntu22-b, mtd-zk-0, 0.185258
EXP-LOAD, 2023-07-17T14:46:44.209, ubuntu22-b, mtd-zk-0, 0.185258
EXP-LOAD, 2023-07-17T14:46:57.335, ubuntu22-b, mtd-zk-0, 0.180246
EXP-LOAD, 2023-07-17T14:47:04.435, ubuntu22-b, mtd-zk-0, 0.160461
EXP-LOAD, 2023-07-17T14:47:15.582, ubuntu22-b, mtd-zk-0, 0.160461
EXP-LOAD, 2023-07-17T14:47:23.662, ubuntu22-b, mtd-zk-0, 0.209990
EXP-LOAD, 2023-07-17T14:47:33.758, ubuntu22-b, mtd-zk-0, 0.209990
EXP-LOAD, 2023-07-17T14:47:42.837, ubuntu22-b, mtd-zk-0, 0.197239
EXP-LOAD, 2023-07-17T14:47:51.929, ubuntu22-b, mtd-zk-0, 0.170166
EXP-LEAD, 2023-07-17T14:47:54.968, ubuntu22-b, mtd-zk-0, START
EXP-LEAD, 2023-07-17T14:48:00.451, ubuntu22-b, mtd-zk-0, END
EXP-LOAD, 2023-07-17T14:48:01.491, ubuntu22-b, mtd-zk-0, 0.170166
EXP-LOAD, 2023-07-17T14:48:11.106, ubuntu22-b, mtd-zk-0, 0.195859
EXP-LOAD, 2023-07-17T14:48:18.171, ubuntu22-b, mtd-zk-0, 0.195859
EXP-LOAD, 2023-07-17T14:48:26.281, ubuntu22-b, mtd-zk-0, 0.223337
EXP-LOAD, 2023-07-17T14:48:34.346, ubuntu22-b, mtd-zk-0, 0.205222
EXP-LOAD, 2023-07-17T14:48:41.425, ubuntu22-b, mtd-zk-0, 0.205222
EXP-LOAD, 2023-07-17T14:48:50.506, ubuntu22-b, mtd-zk-0, 0.123140
EXP-LOAD, 2023-07-17T14:48:57.209, ubuntu22-b, mtd-zk-0, 0.123140
EXP-LEAD, 2023-07-17T14:48:59.221, ubuntu22-b, mtd-zk-0, START
EXP-LEAD, 2023-07-17T14:49:07.926, ubuntu22-b, mtd-zk-0, END
EXP-LOAD, 2023-07-17T14:49:08.962, ubuntu22-b, mtd-zk-0, 0.150634
EXP-LOAD, 2023-07-17T14:49:15.885, ubuntu22-b, mtd-zk-0, 0.150634
EXP-LEAD, 2023-07-17T14:49:17.832, ubuntu22-b, mtd-zk-0, START
EXP-LEAD, 2023-07-17T14:49:25.401, ubuntu22-b, mtd-zk-0, END
EXP-LOAD, 2023-07-17T14:49:26.449, ubuntu22-b, mtd-zk-0, 0.248429
EXP-LOAD, 2023-07-17T14:49:33.981, ubuntu22-b, mtd-zk-0, 0.248429
EXP-LOAD, 2023-07-17T14:49:44.480, ubuntu22-b, mtd-zk-0, 0.230856
EXP-LEAD, 2023-07-17T14:49:45.511, ubuntu22-b, mtd-zk-0, START
EXP-LEAD, 2023-07-17T14:49:50.037, ubuntu22-b, mtd-zk-0, END
EXP-LOAD, 2023-07-17T14:49:51.080, ubuntu22-b, mtd-zk-0, 0.164554
EXP-LEAD, 2023-07-17T14:49:51.103, ubuntu22-b, mtd-zk-0, START
EXP-LEAD, 2023-07-17T14:49:59.134, ubuntu22-b, mtd-zk-0, END
EXP-LOAD, 2023-07-17T14:50:00.189, ubuntu22-b, mtd-zk-0, 0.164554
EXP-LOAD, 2023-07-17T14:50:08.268, ubuntu22-b, mtd-zk-0, 0.197417
EXP-LOAD, 2023-07-17T14:50:16.354, ubuntu22-b, mtd-zk-0, 0.197417
EXP-LOAD, 2023-07-17T14:50:23.426, ubuntu22-b, mtd-zk-0, 0.191737
EXP-LEAD, 2023-07-17T14:50:25.046, ubuntu22-b, mtd-zk-0, START
EXP-LEAD, 2023-07-17T14:50:36.705, ubuntu22-b, mtd-zk-0, END
EXP-LOAD, 2023-07-17T14:50:37.776, ubuntu22-b, mtd-zk-0, 0.162839
EXP-LOAD, 2023-07-17T14:50:46.197, ubuntu22-b, mtd-zk-0, 0.162839
EXP-LOAD, 2023-07-17T14:50:56.279, ubuntu22-b, mtd-zk-0, 0.141173
EXP-LOAD, 2023-07-17T14:51:01.354, ubuntu22-b, mtd-zk-0, 0.141173
EXP-LEAD, 2023-07-17T14:51:03.451, ubuntu22-b, mtd-zk-0, START
EXP-LEAD, 2023-07-17T14:51:11.042, ubuntu22-b, mtd-zk-0, END
EXP-LOAD, 2023-07-17T14:51:12.086, ubuntu22-b, mtd-zk-0, 0.173455
EXP-LOAD, 2023-07-17T14:51:18.604, ubuntu22-b, mtd-zk-0, 0.173455
EXP-LEAD, 2023-07-17T14:51:19.634, ubuntu22-b, mtd-zk-0, START
EXP-LEAD, 2023-07-17T14:51:27.177, ubuntu22-b, mtd-zk-0, END
EXP-LOAD, 2023-07-17T14:51:28.249, ubuntu22-b, mtd-zk-0, 0.235649
EXP-LOAD, 2023-07-17T14:51:36.835, ubuntu22-b, mtd-zk-0, 0.222654
EXP-LOAD, 2023-07-17T14:51:44.204, ubuntu22-b, mtd-zk-0, 0.222654
EXP-LEAD, 2023-07-17T14:51:45.234, ubuntu22-b, mtd-zk-0, START
EXP-LEAD, 2023-07-17T14:51:51.728, ubuntu22-b, mtd-zk-0, END
EXP-LOAD, 2023-07-17T14:51:52.778, ubuntu22-b, mtd-zk-0, 0.166949
EXP-LEAD, 2023-07-17T14:51:53.808, ubuntu22-b, mtd-zk-0, START
EXP-LEAD, 2023-07-17T14:51:59.278, ubuntu22-b, mtd-zk-0, END
EXP-LOAD, 2023-07-17T14:52:00.321, ubuntu22-b, mtd-zk-0, 0.166949
EXP-LOAD, 2023-07-17T14:52:07.950, ubuntu22-b, mtd-zk-0, 0.153271
EXP-LOAD, 2023-07-17T14:52:18.562, ubuntu22-b, mtd-zk-0, 0.153271
EXP-LOAD, 2023-07-17T14:52:25.631, ubuntu22-b, mtd-zk-0, 0.194132
EXP-LOAD, 2023-07-17T14:52:35.734, ubuntu22-b, mtd-zk-0, 0.224035
EXP-LOAD, 2023-07-17T14:52:42.811, ubuntu22-b, mtd-zk-0, 0.224035
EXP-LEAD, 2023-07-17T14:52:44.243, ubuntu22-b, mtd-zk-0, START
EXP-LEAD, 2023-07-17T14:52:49.693, ubuntu22-b, mtd-zk-0, END
EXP-LOAD, 2023-07-17T14:52:50.728, ubuntu22-b, mtd-zk-0, 0.202030
EXP-LOAD, 2023-07-17T14:53:02.473, ubuntu22-b, mtd-zk-0, 0.202030
EXP-LOAD, 2023-07-17T14:53:09.542, ubuntu22-b, mtd-zk-0, 0.180229
EXP-LOAD, 2023-07-17T14:53:17.663, ubuntu22-b, mtd-zk-0, 0.180229
EXP-LOAD, 2023-07-17T14:53:25.754, ubuntu22-b, mtd-zk-0, 0.131660
EXP-LEAD, 2023-07-17T14:53:27.292, ubuntu22-b, mtd-zk-0, START
EXP-LEAD, 2023-07-17T14:53:32.810, ubuntu22-b, mtd-zk-0, END
EXP-LOAD, 2023-07-17T14:53:33.854, ubuntu22-b, mtd-zk-0, 0.131660
EXP-LEAD, 2023-07-17T14:53:34.889, ubuntu22-b, mtd-zk-0, START
EXP-LEAD, 2023-07-17T14:53:42.378, ubuntu22-b, mtd-zk-0, END
EXP-LOAD, 2023-07-17T14:53:43.418, ubuntu22-b, mtd-zk-0, 0.204042
EXP-LOAD, 2023-07-17T14:53:50.043, ubuntu22-b, mtd-zk-0, 0.151737
EXP-LEAD, 2023-07-17T14:53:52.877, ubuntu22-b, mtd-zk-0, START
EXP-LEAD, 2023-07-17T14:53:58.336, ubuntu22-b, mtd-zk-0, END
EXP-LOAD, 2023-07-17T14:53:59.373, ubuntu22-b, mtd-zk-0, 0.151737
EXP-LOAD, 2023-07-17T14:54:07.490, ubuntu22-b, mtd-zk-0, 0.245855
EXP-LOAD, 2023-07-17T14:54:14.566, ubuntu22-b, mtd-zk-0, 0.245855
EXP-LOAD, 2023-07-17T14:54:23.313, ubuntu22-b, mtd-zk-0, 0.137069
EXP-LOAD, 2023-07-17T14:54:31.402, ubuntu22-b, mtd-zk-0, 0.137069
EXP-LOAD, 2023-07-17T14:54:39.498, ubuntu22-b, mtd-zk-0, 0.204625
EXP-LEAD, 2023-07-17T14:54:41.138, ubuntu22-b, mtd-zk-0, START
EXP-LEAD, 2023-07-17T14:54:45.603, ubuntu22-b, mtd-zk-0, END
EXP-LOAD, 2023-07-17T14:54:46.638, ubuntu22-b, mtd-zk-0, 0.204625
EXP-LOAD, 2023-07-17T14:54:56.386, ubuntu22-b, mtd-zk-0, 0.189436
EXP-LOAD, 2023-07-17T14:55:04.492, ubuntu22-b, mtd-zk-0, 0.244630
EXP-LOAD, 2023-07-17T14:55:11.708, ubuntu22-b, mtd-zk-0, 0.244630
EXP-LEAD, 2023-07-17T14:55:13.250, ubuntu22-b, mtd-zk-0, START
EXP-LEAD, 2023-07-17T14:55:17.793, ubuntu22-b, mtd-zk-0, END
EXP-LOAD, 2023-07-17T14:55:18.828, ubuntu22-b, mtd-zk-0, 0.244630
EXP-LOAD, 2023-07-17T14:55:31.941, ubuntu22-b, mtd-zk-0, 0.147361
EXP-LOAD, 2023-07-17T14:55:40.011, ubuntu22-b, mtd-zk-0, 0.189613
EXP-LOAD, 2023-07-17T14:55:49.567, ubuntu22-b, mtd-zk-0, 0.203489
EXP-LOAD, 2023-07-17T14:55:58.637, ubuntu22-b, mtd-zk-0, 0.203489
EXP-LOAD, 2023-07-17T14:56:06.780, ubuntu22-b, mtd-zk-0, 0.110619
EXP-LOAD, 2023-07-17T14:56:13.265, ubuntu22-b, mtd-zk-0, 0.110619
EXP-LOAD, 2023-07-17T14:56:20.922, ubuntu22-b, mtd-zk-0, 0.134435
EXP-LEAD, 2023-07-17T14:56:21.960, ubuntu22-b, mtd-zk-0, START
EXP-LEAD, 2023-07-17T14:56:26.470, ubuntu22-b, mtd-zk-0, END
EXP-LOAD, 2023-07-17T14:56:27.515, ubuntu22-b, mtd-zk-0, 0.134435
EXP-LOAD, 2023-07-17T14:56:40.091, ubuntu22-b, mtd-zk-0, 0.189211
EXP-LOAD, 2023-07-17T14:56:47.170, ubuntu22-b, mtd-zk-0, 0.189211
EXP-LEAD, 2023-07-17T14:56:47.220, ubuntu22-b, mtd-zk-0, START
EXP-LEAD, 2023-07-17T14:56:52.661, ubuntu22-b, mtd-zk-0, END
EXP-LOAD, 2023-07-17T14:56:53.699, ubuntu22-b, mtd-zk-0, 0.196055
EXP-LOAD, 2023-07-17T14:57:01.788, ubuntu22-b, mtd-zk-0, 0.196055
EXP-LOAD, 2023-07-17T14:57:08.861, ubuntu22-b, mtd-zk-0, 0.163240
EXP-LEAD, 2023-07-17T14:57:09.905, ubuntu22-b, mtd-zk-0, START
EXP-LEAD, 2023-07-17T14:57:15.340, ubuntu22-b, mtd-zk-0, END
EXP-LOAD, 2023-07-17T14:57:16.375, ubuntu22-b, mtd-zk-0, 0.163240
EXP-LEAD, 2023-07-17T14:57:17.986, ubuntu22-b, mtd-zk-0, START
EXP-LEAD, 2023-07-17T14:57:26.446, ubuntu22-b, mtd-zk-0, END
EXP-LOAD, 2023-07-17T14:57:27.488, ubuntu22-b, mtd-zk-0, 0.208121
EXP-LOAD, 2023-07-17T14:57:35.119, ubuntu22-b, mtd-zk-0, 0.186617
EXP-LOAD, 2023-07-17T14:57:42.198, ubuntu22-b, mtd-zk-0, 0.186617
EXP-LOAD, 2023-07-17T14:57:48.303, ubuntu22-b, mtd-zk-0, 0.186617
EXP-LEAD, 2023-07-17T14:57:50.316, ubuntu22-b, mtd-zk-0, START
EXP-LEAD, 2023-07-17T14:57:57.888, ubuntu22-b, mtd-zk-0, END
EXP-LOAD, 2023-07-17T14:57:58.929, ubuntu22-b, mtd-zk-0, 0.181435
EXP-LEAD, 2023-07-17T14:57:59.953, ubuntu22-b, mtd-zk-0, START
EXP-LEAD, 2023-07-17T14:58:05.341, ubuntu22-b, mtd-zk-0, END
EXP-LOAD, 2023-07-17T14:58:06.382, ubuntu22-b, mtd-zk-0, 0.153084
EXP-LOAD, 2023-07-17T14:58:16.097, ubuntu22-b, mtd-zk-0, 0.153084
EXP-LOAD, 2023-07-17T14:58:23.201, ubuntu22-b, mtd-zk-0, 0.196222
EXP-LOAD, 2023-07-17T14:58:32.713, ubuntu22-b, mtd-zk-0, 0.196222
EXP-LOAD, 2023-07-17T14:58:39.780, ubuntu22-b, mtd-zk-0, 0.157732
EXP-LEAD, 2023-07-17T14:58:41.803, ubuntu22-b, mtd-zk-0, START
EXP-LEAD, 2023-07-17T14:58:50.405, ubuntu22-b, mtd-zk-0, END
EXP-LOAD, 2023-07-17T14:58:51.468, ubuntu22-b, mtd-zk-0, 0.153630
EXP-LOAD, 2023-07-17T14:58:59.973, ubuntu22-b, mtd-zk-0, 0.153630
EXP-LOAD, 2023-07-17T14:59:08.042, ubuntu22-b, mtd-zk-0, 0.152024
EXP-LEAD, 2023-07-17T14:59:10.073, ubuntu22-b, mtd-zk-0, START
EXP-LEAD, 2023-07-17T14:59:17.573, ubuntu22-b, mtd-zk-0, END
EXP-LOAD, 2023-07-17T14:59:18.615, ubuntu22-b, mtd-zk-0, 0.152024
EXP-LOAD, 2023-07-17T14:59:25.297, ubuntu22-b, mtd-zk-0, 0.155417
EXP-LEAD, 2023-07-17T14:59:26.840, ubuntu22-b, mtd-zk-0, START
EXP-LEAD, 2023-07-17T14:59:32.378, ubuntu22-b, mtd-zk-0, END
EXP-LOAD, 2023-07-17T14:59:33.417, ubuntu22-b, mtd-zk-0, 0.155417
EXP-LOAD, 2023-07-17T14:59:43.008, ubuntu22-b, mtd-zk-0, 0.186130
EXP-LOAD, 2023-07-17T14:59:48.093, ubuntu22-b, mtd-zk-0, 0.186130
EXP-LOAD, 2023-07-17T14:59:54.689, ubuntu22-b, mtd-zk-0, 0.154225
EXP-LEAD, 2023-07-17T14:59:55.725, ubuntu22-b, mtd-zk-0, START
EXP-LEAD, 2023-07-17T15:00:00.299, ubuntu22-b, mtd-zk-0, END
EXP-LOAD, 2023-07-17T15:00:01.335, ubuntu22-b, mtd-zk-0, 0.154225
EXP-LOAD, 2023-07-17T15:00:08.418, ubuntu22-b, mtd-zk-0, 0.125429
EXP-LEAD, 2023-07-17T15:00:09.446, ubuntu22-b, mtd-zk-0, START
EXP-LEAD, 2023-07-17T15:00:17.022, ubuntu22-b, mtd-zk-0, END
EXP-LOAD, 2023-07-17T15:00:18.096, ubuntu22-b, mtd-zk-0, 0.125429
EXP-LOAD, 2023-07-17T15:00:25.186, ubuntu22-b, mtd-zk-0, 0.120251
EXP-LOAD, 2023-07-17T15:00:32.315, ubuntu22-b, mtd-zk-0, 0.120251
EXP-LOAD, 2023-07-17T15:00:41.385, ubuntu22-b, mtd-zk-0, 0.211566
EXP-LOAD, 2023-07-17T15:00:46.945, ubuntu22-b, mtd-zk-0, 0.211566
EXP-LOAD, 2023-07-17T15:01:01.033, ubuntu22-b, mtd-zk-0, 0.240421
EXP-LOAD, 2023-07-17T15:01:08.114, ubuntu22-b, mtd-zk-0, 0.190652
EXP-LOAD, 2023-07-17T15:01:17.200, ubuntu22-b, mtd-zk-0, 0.190652
EXP-LOAD, 2023-07-17T15:01:24.295, ubuntu22-b, mtd-zk-0, 0.152428
EXP-LOAD, 2023-07-17T15:01:34.384, ubuntu22-b, mtd-zk-0, 0.182517
EXP-LOAD, 2023-07-17T15:01:43.000, ubuntu22-b, mtd-zk-0, 0.182517
EXP-LOAD, 2023-07-17T15:01:50.114, ubuntu22-b, mtd-zk-0, 0.154599
EXP-LEAD, 2023-07-17T15:01:52.139, ubuntu22-b, mtd-zk-0, START
EXP-LEAD, 2023-07-17T15:01:57.547, ubuntu22-b, mtd-zk-0, END
EXP-LOAD, 2023-07-17T15:01:58.581, ubuntu22-b, mtd-zk-0, 0.154599
EXP-LEAD, 2023-07-17T15:01:59.621, ubuntu22-b, mtd-zk-0, START
EXP-LEAD, 2023-07-17T15:02:04.088, ubuntu22-b, mtd-zk-0, END
EXP-LOAD, 2023-07-17T15:02:05.123, ubuntu22-b, mtd-zk-0, 0.167228
EXP-LOAD, 2023-07-17T15:02:12.768, ubuntu22-b, mtd-zk-0, 0.167228
EXP-LOAD, 2023-07-17T15:02:19.313, ubuntu22-b, mtd-zk-0, 0.138827
EXP-LOAD, 2023-07-17T15:02:30.405, ubuntu22-b, mtd-zk-0, 0.138827
EXP-LEAD, 2023-07-17T15:02:31.433, ubuntu22-b, mtd-zk-0, START
EXP-LEAD, 2023-07-17T15:02:35.907, ubuntu22-b, mtd-zk-0, END
EXP-LOAD, 2023-07-17T15:02:36.939, ubuntu22-b, mtd-zk-0, 0.142017
EXP-LOAD, 2023-07-17T15:02:47.600, ubuntu22-b, mtd-zk-0, 0.142017
EXP-LOAD, 2023-07-17T15:02:59.663, ubuntu22-b, mtd-zk-0, 0.185827
EXP-LOAD, 2023-07-17T15:03:05.747, ubuntu22-b, mtd-zk-0, 0.174250
EXP-LOAD, 2023-07-17T15:03:13.851, ubuntu22-b, mtd-zk-0, 0.174250
EXP-LEAD, 2023-07-17T15:03:15.366, ubuntu22-b, mtd-zk-0, START
EXP-LEAD, 2023-07-17T15:03:20.884, ubuntu22-b, mtd-zk-0, END
EXP-LOAD, 2023-07-17T15:03:21.917, ubuntu22-b, mtd-zk-0, 0.180638
EXP-LOAD, 2023-07-17T15:03:30.495, ubuntu22-b, mtd-zk-0, 0.180638
EXP-LEAD, 2023-07-17T15:03:31.522, ubuntu22-b, mtd-zk-0, START
EXP-LEAD, 2023-07-17T15:03:39.075, ubuntu22-b, mtd-zk-0, END
EXP-LOAD, 2023-07-17T15:03:40.127, ubuntu22-b, mtd-zk-0, 0.168914
EXP-LOAD, 2023-07-17T15:03:48.684, ubuntu22-b, mtd-zk-0, 0.168914
EXP-LEAD, 2023-07-17T15:03:49.724, ubuntu22-b, mtd-zk-0, START
EXP-LEAD, 2023-07-17T15:03:55.238, ubuntu22-b, mtd-zk-0, END
EXP-LOAD, 2023-07-17T15:03:56.284, ubuntu22-b, mtd-zk-0, 0.182414
EXP-LEAD, 2023-07-17T15:03:56.819, ubuntu22-b, mtd-zk-0, START
EXP-LEAD, 2023-07-17T15:04:05.409, ubuntu22-b, mtd-zk-0, END
EXP-LOAD, 2023-07-17T15:04:06.461, ubuntu22-b, mtd-zk-0, 0.195422
EXP-LOAD, 2023-07-17T15:04:13.937, ubuntu22-b, mtd-zk-0, 0.195422
EXP-LEAD, 2023-07-17T15:04:14.962, ubuntu22-b, mtd-zk-0, START
EXP-LEAD, 2023-07-17T15:04:21.504, ubuntu22-b, mtd-zk-0, END
EXP-LOAD, 2023-07-17T15:04:22.540, ubuntu22-b, mtd-zk-0, 0.159225
EXP-LOAD, 2023-07-17T15:04:30.075, ubuntu22-b, mtd-zk-0, 0.159225
EXP-LEAD, 2023-07-17T15:04:31.135, ubuntu22-b, mtd-zk-0, START
EXP-LEAD, 2023-07-17T15:04:35.544, ubuntu22-b, mtd-zk-0, END
EXP-LOAD, 2023-07-17T15:04:36.588, ubuntu22-b, mtd-zk-0, 0.184616
EXP-LEAD, 2023-07-17T15:04:38.349, ubuntu22-b, mtd-zk-0, START
EXP-LEAD, 2023-07-17T15:04:47.985, ubuntu22-b, mtd-zk-0, END
EXP-LOAD, 2023-07-17T15:04:49.024, ubuntu22-b, mtd-zk-0, 0.150212
EXP-LOAD, 2023-07-17T15:04:55.359, ubuntu22-b, mtd-zk-0, 0.150212
EXP-LEAD, 2023-07-17T15:04:57.401, ubuntu22-b, mtd-zk-0, START
EXP-LEAD, 2023-07-17T15:05:04.991, ubuntu22-b, mtd-zk-0, END
EXP-LOAD, 2023-07-17T15:05:06.040, ubuntu22-b, mtd-zk-0, 0.238120
EXP-LOAD, 2023-07-17T15:05:12.127, ubuntu22-b, mtd-zk-0, 0.238120
EXP-LEAD, 2023-07-17T15:05:12.841, ubuntu22-b, mtd-zk-0, START
EXP-LEAD, 2023-07-17T15:05:27.549, ubuntu22-b, mtd-zk-0, END
EXP-LOAD, 2023-07-17T15:05:28.600, ubuntu22-b, mtd-zk-0, 0.129420
EXP-LOAD, 2023-07-17T15:05:37.011, ubuntu22-b, mtd-zk-0, 0.188117
EXP-LOAD, 2023-07-17T15:05:47.105, ubuntu22-b, mtd-zk-0, 0.188117
EXP-LOAD, 2023-07-17T15:05:55.187, ubuntu22-b, mtd-zk-0, 0.179021
EXP-LEAD, 2023-07-17T15:05:56.220, ubuntu22-b, mtd-zk-0, START
EXP-LEAD, 2023-07-17T15:06:03.737, ubuntu22-b, mtd-zk-0, END
EXP-LOAD, 2023-07-17T15:06:04.774, ubuntu22-b, mtd-zk-0, 0.183619
EXP-LOAD, 2023-07-17T15:06:12.345, ubuntu22-b, mtd-zk-0, 0.183619
EXP-LOAD, 2023-07-17T15:06:19.413, ubuntu22-b, mtd-zk-0, 0.158232
EXP-LEAD, 2023-07-17T15:06:20.449, ubuntu22-b, mtd-zk-0, START
EXP-LEAD, 2023-07-17T15:06:29.940, ubuntu22-b, mtd-zk-0, END
EXP-LOAD, 2023-07-17T15:06:30.976, ubuntu22-b, mtd-zk-0, 0.158232
EXP-LEAD, 2023-07-17T15:06:32.008, ubuntu22-b, mtd-zk-0, START
EXP-LEAD, 2023-07-17T15:06:38.443, ubuntu22-b, mtd-zk-0, END
EXP-LOAD, 2023-07-17T15:06:39.478, ubuntu22-b, mtd-zk-0, 0.154521
EXP-LOAD, 2023-07-17T15:06:47.219, ubuntu22-b, mtd-zk-0, 0.154521
EXP-LEAD, 2023-07-17T15:06:47.249, ubuntu22-b, mtd-zk-0, START
EXP-LEAD, 2023-07-17T15:06:52.636, ubuntu22-b, mtd-zk-0, END
EXP-LOAD, 2023-07-17T15:06:53.675, ubuntu22-b, mtd-zk-0, 0.163007
EXP-LOAD, 2023-07-17T15:07:06.381, ubuntu22-b, mtd-zk-0, 0.179938
EXP-LEAD, 2023-07-17T15:07:07.410, ubuntu22-b, mtd-zk-0, START
EXP-LEAD, 2023-07-17T15:07:12.890, ubuntu22-b, mtd-zk-0, END
EXP-LOAD, 2023-07-17T15:07:13.928, ubuntu22-b, mtd-zk-0, 0.179938
EXP-LEAD, 2023-07-17T15:07:16.493, ubuntu22-b, mtd-zk-0, START
EXP-LEAD, 2023-07-17T15:07:21.958, ubuntu22-b, mtd-zk-0, END
EXP-LOAD, 2023-07-17T15:07:22.990, ubuntu22-b, mtd-zk-0, 0.127024
EXP-LEAD, 2023-07-17T15:07:24.019, ubuntu22-b, mtd-zk-0, START
EXP-LEAD, 2023-07-17T15:07:28.386, ubuntu22-b, mtd-zk-0, END
EXP-LOAD, 2023-07-17T15:07:29.423, ubuntu22-b, mtd-zk-0, 0.127024
EXP-LEAD, 2023-07-17T15:07:31.100, ubuntu22-b, mtd-zk-0, START
EXP-LEAD, 2023-07-17T15:07:36.757, ubuntu22-b, mtd-zk-0, END
EXP-LOAD, 2023-07-17T15:07:37.810, ubuntu22-b, mtd-zk-0, 0.164549
EXP-LOAD, 2023-07-17T15:07:48.222, ubuntu22-b, mtd-zk-0, 0.164549
EXP-LEAD, 2023-07-17T15:07:50.260, ubuntu22-b, mtd-zk-0, START
EXP-LEAD, 2023-07-17T15:07:58.797, ubuntu22-b, mtd-zk-0, END
EXP-LOAD, 2023-07-17T15:07:59.853, ubuntu22-b, mtd-zk-0, 0.106225
EXP-LEAD, 2023-07-17T15:08:01.352, ubuntu22-b, mtd-zk-0, START
EXP-LEAD, 2023-07-17T15:08:05.783, ubuntu22-b, mtd-zk-0, END
EXP-LOAD, 2023-07-17T15:08:06.819, ubuntu22-b, mtd-zk-0, 0.159418
EXP-LOAD, 2023-07-17T15:08:18.491, ubuntu22-b, mtd-zk-0, 0.159418
EXP-LOAD, 2023-07-17T15:08:25.591, ubuntu22-b, mtd-zk-0, 0.195209
EXP-LOAD, 2023-07-17T15:08:33.733, ubuntu22-b, mtd-zk-0, 0.195209
EXP-LEAD, 2023-07-17T15:08:35.708, ubuntu22-b, mtd-zk-0, START
EXP-LEAD, 2023-07-17T15:08:43.149, ubuntu22-b, mtd-zk-0, END
EXP-LOAD, 2023-07-17T15:08:44.182, ubuntu22-b, mtd-zk-0, 0.164229
EXP-LOAD, 2023-07-17T15:08:51.875, ubuntu22-b, mtd-zk-0, 0.205608
EXP-LOAD, 2023-07-17T15:08:59.953, ubuntu22-b, mtd-zk-0, 0.205608
EXP-LOAD, 2023-07-17T15:09:07.568, ubuntu22-b, mtd-zk-0, 0.192950
EXP-LOAD, 2023-07-17T15:09:17.217, ubuntu22-b, mtd-zk-0, 0.192950
EXP-LOAD, 2023-07-17T15:09:23.821, ubuntu22-b, mtd-zk-0, 0.205058
EXP-LOAD, 2023-07-17T15:09:32.936, ubuntu22-b, mtd-zk-0, 0.205058
EXP-LOAD, 2023-07-17T15:09:41.000, ubuntu22-b, mtd-zk-0, 0.168401
EXP-LOAD, 2023-07-17T15:09:50.084, ubuntu22-b, mtd-zk-0, 0.106215
EXP-LOAD, 2023-07-17T15:09:58.164, ubuntu22-b, mtd-zk-0, 0.106215
EXP-LEAD, 2023-07-17T15:10:00.211, ubuntu22-b, mtd-zk-0, START
EXP-LEAD, 2023-07-17T15:10:07.841, ubuntu22-b, mtd-zk-0, END
EXP-LOAD, 2023-07-17T15:10:08.887, ubuntu22-b, mtd-zk-0, 0.175230
EXP-LEAD, 2023-07-17T15:10:11.328, ubuntu22-b, mtd-zk-0, START
EXP-LEAD, 2023-07-17T15:10:16.964, ubuntu22-b, mtd-zk-0, END
EXP-LOAD, 2023-07-17T15:10:18.009, ubuntu22-b, mtd-zk-0, 0.175230
EXP-LOAD, 2023-07-17T15:10:31.193, ubuntu22-b, mtd-zk-0, 0.215416
EXP-LOAD, 2023-07-17T15:10:40.270, ubuntu22-b, mtd-zk-0, 0.181709
EXP-LOAD, 2023-07-17T15:10:46.350, ubuntu22-b, mtd-zk-0, 0.181709
EXP-LEAD, 2023-07-17T15:10:47.822, ubuntu22-b, mtd-zk-0, START
EXP-LEAD, 2023-07-17T15:10:52.273, ubuntu22-b, mtd-zk-0, END
EXP-LOAD, 2023-07-17T15:10:53.316, ubuntu22-b, mtd-zk-0, 0.136845
EXP-LOAD, 2023-07-17T15:11:00.931, ubuntu22-b, mtd-zk-0, 0.136845
EXP-LEAD, 2023-07-17T15:11:01.959, ubuntu22-b, mtd-zk-0, START
EXP-LEAD, 2023-07-17T15:11:06.311, ubuntu22-b, mtd-zk-0, END
EXP-LOAD, 2023-07-17T15:11:07.346, ubuntu22-b, mtd-zk-0, 0.136129
EXP-LEAD, 2023-07-17T15:11:08.368, ubuntu22-b, mtd-zk-0, START
EXP-LEAD, 2023-07-17T15:11:12.950, ubuntu22-b, mtd-zk-0, END
EXP-LOAD, 2023-07-17T15:11:13.987, ubuntu22-b, mtd-zk-0, 0.136129
EXP-LEAD, 2023-07-17T15:11:15.030, ubuntu22-b, mtd-zk-0, START
EXP-LEAD, 2023-07-17T15:11:21.680, ubuntu22-b, mtd-zk-0, END
EXP-LOAD, 2023-07-17T15:11:22.715, ubuntu22-b, mtd-zk-0, 0.156606
EXP-LEAD, 2023-07-17T15:11:25.132, ubuntu22-b, mtd-zk-0, START
EXP-LEAD, 2023-07-17T15:11:29.488, ubuntu22-b, mtd-zk-0, END
EXP-LOAD, 2023-07-17T15:11:30.536, ubuntu22-b, mtd-zk-0, 0.156606
EXP-LEAD, 2023-07-17T15:11:33.206, ubuntu22-b, mtd-zk-0, START
EXP-LEAD, 2023-07-17T15:11:41.690, ubuntu22-b, mtd-zk-0, END
EXP-LOAD, 2023-07-17T15:11:42.730, ubuntu22-b, mtd-zk-0, 0.186933
EXP-LOAD, 2023-07-17T15:11:49.324, ubuntu22-b, mtd-zk-0, 0.157609
EXP-LEAD, 2023-07-17T15:11:50.357, ubuntu22-b, mtd-zk-0, START
EXP-LEAD, 2023-07-17T15:11:54.781, ubuntu22-b, mtd-zk-0, END
EXP-LOAD, 2023-07-17T15:11:55.817, ubuntu22-b, mtd-zk-0, 0.157609
EXP-LOAD, 2023-07-17T15:12:05.509, ubuntu22-b, mtd-zk-0, 0.174614
EXP-LEAD, 2023-07-17T15:12:07.952, ubuntu22-b, mtd-zk-0, START
EXP-LEAD, 2023-07-17T15:12:13.321, ubuntu22-b, mtd-zk-0, END
EXP-LOAD, 2023-07-17T15:12:14.357, ubuntu22-b, mtd-zk-0, 0.174614
EXP-LEAD, 2023-07-17T15:12:14.388, ubuntu22-b, mtd-zk-0, START
EXP-LEAD, 2023-07-17T15:12:18.843, ubuntu22-b, mtd-zk-0, END
EXP-LOAD, 2023-07-17T15:12:19.887, ubuntu22-b, mtd-zk-0, 0.178409
EXP-LOAD, 2023-07-17T15:12:27.952, ubuntu22-b, mtd-zk-0, 0.178409
EXP-LOAD, 2023-07-17T15:12:36.052, ubuntu22-b, mtd-zk-0, 0.131996
EXP-LOAD, 2023-07-17T15:12:44.142, ubuntu22-b, mtd-zk-0, 0.131996
EXP-LOAD, 2023-07-17T15:12:53.210, ubuntu22-b, mtd-zk-0, 0.098828
EXP-LEAD, 2023-07-17T15:12:53.242, ubuntu22-b, mtd-zk-0, START
EXP-LEAD, 2023-07-17T15:12:58.713, ubuntu22-b, mtd-zk-0, END
EXP-LOAD, 2023-07-17T15:12:59.773, ubuntu22-b, mtd-zk-0, 0.098828
EXP-LEAD, 2023-07-17T15:13:03.321, ubuntu22-b, mtd-zk-0, START
EXP-LEAD, 2023-07-17T15:13:09.891, ubuntu22-b, mtd-zk-0, END
EXP-LOAD, 2023-07-17T15:13:10.935, ubuntu22-b, mtd-zk-0, 0.164926
EXP-LEAD, 2023-07-17T15:13:11.410, ubuntu22-b, mtd-zk-0, START
EXP-LEAD, 2023-07-17T15:13:16.918, ubuntu22-b, mtd-zk-0, END
EXP-LOAD, 2023-07-17T15:13:17.954, ubuntu22-b, mtd-zk-0, 0.164926
EXP-LOAD, 2023-07-17T15:13:25.544, ubuntu22-b, mtd-zk-0, 0.234810
EXP-LOAD, 2023-07-17T15:13:33.643, ubuntu22-b, mtd-zk-0, 0.234810
EXP-LOAD, 2023-07-17T15:13:41.542, ubuntu22-b, mtd-zk-0, 0.144742
EXP-LOAD, 2023-07-17T15:13:51.656, ubuntu22-b, mtd-zk-0, 0.131436
EXP-LEAD, 2023-07-17T15:13:52.688, ubuntu22-b, mtd-zk-0, START
EXP-LEAD, 2023-07-17T15:13:58.117, ubuntu22-b, mtd-zk-0, END
EXP-LOAD, 2023-07-17T15:13:59.155, ubuntu22-b, mtd-zk-0, 0.131436
EXP-LOAD, 2023-07-17T15:14:05.815, ubuntu22-b, mtd-zk-0, 0.172239
EXP-LOAD, 2023-07-17T15:14:15.938, ubuntu22-b, mtd-zk-0, 0.172239
EXP-LOAD, 2023-07-17T15:14:24.008, ubuntu22-b, mtd-zk-0, 0.230229
EXP-LOAD, 2023-07-17T15:14:32.085, ubuntu22-b, mtd-zk-0, 0.230229
EXP-LOAD, 2023-07-17T15:14:37.164, ubuntu22-b, mtd-zk-0, 0.176434
EXP-LEAD, 2023-07-17T15:14:37.714, ubuntu22-b, mtd-zk-0, START
EXP-LEAD, 2023-07-17T15:14:42.278, ubuntu22-b, mtd-zk-0, END
EXP-LOAD, 2023-07-17T15:14:43.319, ubuntu22-b, mtd-zk-0, 0.176434
EXP-LEAD, 2023-07-17T15:14:44.810, ubuntu22-b, mtd-zk-0, START
EXP-LEAD, 2023-07-17T15:14:50.453, ubuntu22-b, mtd-zk-0, END
EXP-LOAD, 2023-07-17T15:14:51.540, ubuntu22-b, mtd-zk-0, 0.142208
EXP-LOAD, 2023-07-17T15:15:02.643, ubuntu22-b, mtd-zk-0, 0.142208
EXP-LOAD, 2023-07-17T15:15:08.731, ubuntu22-b, mtd-zk-0, 0.148861
EXP-LOAD, 2023-07-17T15:15:17.849, ubuntu22-b, mtd-zk-0, 0.148861
EXP-LEAD, 2023-07-17T15:15:19.410, ubuntu22-b, mtd-zk-0, START
EXP-LEAD, 2023-07-17T15:15:25.167, ubuntu22-b, mtd-zk-0, END
EXP-LOAD, 2023-07-17T15:15:26.206, ubuntu22-b, mtd-zk-0, 0.186039
EXP-LOAD, 2023-07-17T15:15:39.538, ubuntu22-b, mtd-zk-0, 0.162817
EXP-LOAD, 2023-07-17T15:15:45.611, ubuntu22-b, mtd-zk-0, 0.162817
EXP-LEAD, 2023-07-17T15:15:47.012, ubuntu22-b, mtd-zk-0, START
EXP-LEAD, 2023-07-17T15:15:54.525, ubuntu22-b, mtd-zk-0, END
EXP-LOAD, 2023-07-17T15:15:55.587, ubuntu22-b, mtd-zk-0, 0.111416
EXP-LEAD, 2023-07-17T15:15:56.614, ubuntu22-b, mtd-zk-0, START
EXP-LEAD, 2023-07-17T15:16:02.462, ubuntu22-b, mtd-zk-0, END
EXP-LOAD, 2023-07-17T15:16:03.529, ubuntu22-b, mtd-zk-0, 0.111416
EXP-LEAD, 2023-07-17T15:16:03.684, ubuntu22-b, mtd-zk-0, START
EXP-LEAD, 2023-07-17T15:16:09.261, ubuntu22-b, mtd-zk-0, END
EXP-LOAD, 2023-07-17T15:16:10.385, ubuntu22-b, mtd-zk-0, 0.187023
EXP-LEAD, 2023-07-17T15:16:11.780, ubuntu22-b, mtd-zk-0, START
EXP-LEAD, 2023-07-17T15:16:20.309, ubuntu22-b, mtd-zk-0, END
EXP-LOAD, 2023-07-17T15:16:21.346, ubuntu22-b, mtd-zk-0, 0.215203
EXP-LOAD, 2023-07-17T15:16:29.037, ubuntu22-b, mtd-zk-0, 0.215203
EXP-LOAD, 2023-07-17T15:16:39.143, ubuntu22-b, mtd-zk-0, 0.208921
EXP-LOAD, 2023-07-17T15:16:46.612, ubuntu22-b, mtd-zk-0, 0.208921
EXP-LOAD, 2023-07-17T15:16:54.686, ubuntu22-b, mtd-zk-0, 0.185231
EXP-LOAD, 2023-07-17T15:17:01.806, ubuntu22-b, mtd-zk-0, 0.185231
EXP-LOAD, 2023-07-17T15:17:10.889, ubuntu22-b, mtd-zk-0, 0.211728
EXP-LOAD, 2023-07-17T15:17:18.973, ubuntu22-b, mtd-zk-0, 0.211728
EXP-LOAD, 2023-07-17T15:17:25.547, ubuntu22-b, mtd-zk-0, 0.253822
EXP-LOAD, 2023-07-17T15:17:36.120, ubuntu22-b, mtd-zk-0, 0.223470
EXP-LOAD, 2023-07-17T15:17:43.189, ubuntu22-b, mtd-zk-0, 0.223470
EXP-LOAD, 2023-07-17T15:17:49.265, ubuntu22-b, mtd-zk-0, 0.154323
EXP-LOAD, 2023-07-17T15:17:58.948, ubuntu22-b, mtd-zk-0, 0.154323
EXP-LEAD, 2023-07-17T15:18:01.963, ubuntu22-b, mtd-zk-0, START
EXP-LEAD, 2023-07-17T15:18:07.403, ubuntu22-b, mtd-zk-0, END
EXP-LOAD, 2023-07-17T15:18:08.452, ubuntu22-b, mtd-zk-0, 0.225848
EXP-LEAD, 2023-07-17T15:18:10.098, ubuntu22-b, mtd-zk-0, START
EXP-LEAD, 2023-07-17T15:18:15.706, ubuntu22-b, mtd-zk-0, END
EXP-LOAD, 2023-07-17T15:18:16.750, ubuntu22-b, mtd-zk-0, 0.225848
EXP-LOAD, 2023-07-17T15:18:24.244, ubuntu22-b, mtd-zk-0, 0.171218
EXP-LOAD, 2023-07-17T15:18:33.323, ubuntu22-b, mtd-zk-0, 0.171218
EXP-LOAD, 2023-07-17T15:18:42.409, ubuntu22-b, mtd-zk-0, 0.124622
EXP-LOAD, 2023-07-17T15:18:51.031, ubuntu22-b, mtd-zk-0, 0.209338
EXP-LOAD, 2023-07-17T15:19:00.106, ubuntu22-b, mtd-zk-0, 0.209338
EXP-LOAD, 2023-07-17T15:19:11.198, ubuntu22-b, mtd-zk-0, 0.237421
EXP-LOAD, 2023-07-17T15:19:18.269, ubuntu22-b, mtd-zk-0, 0.237421
EXP-LEAD, 2023-07-17T15:19:19.295, ubuntu22-b, mtd-zk-0, START
EXP-LEAD, 2023-07-17T15:19:24.765, ubuntu22-b, mtd-zk-0, END
EXP-LOAD, 2023-07-17T15:19:25.802, ubuntu22-b, mtd-zk-0, 0.155623
EXP-LOAD, 2023-07-17T15:19:37.894, ubuntu22-b, mtd-zk-0, 0.161025
EXP-LOAD, 2023-07-17T15:19:43.975, ubuntu22-b, mtd-zk-0, 0.161025
EXP-LOAD, 2023-07-17T15:19:51.634, ubuntu22-b, mtd-zk-0, 0.181223
EXP-LOAD, 2023-07-17T15:20:01.743, ubuntu22-b, mtd-zk-0, 0.181223
EXP-LEAD, 2023-07-17T15:20:02.435, ubuntu22-b, mtd-zk-0, START
EXP-LEAD, 2023-07-17T15:20:09.010, ubuntu22-b, mtd-zk-0, END
EXP-LOAD, 2023-07-17T15:20:10.057, ubuntu22-b, mtd-zk-0, 0.172818
EXP-LOAD, 2023-07-17T15:20:22.150, ubuntu22-b, mtd-zk-0, 0.184633
EXP-LEAD, 2023-07-17T15:20:22.184, ubuntu22-b, mtd-zk-0, START
EXP-LEAD, 2023-07-17T15:20:27.169, ubuntu22-b, mtd-zk-0, END
EXP-LOAD, 2023-07-17T15:20:28.200, ubuntu22-b, mtd-zk-0, 0.184633
EXP-LEAD, 2023-07-17T15:20:28.245, ubuntu22-b, mtd-zk-0, START
EXP-LEAD, 2023-07-17T15:20:36.720, ubuntu22-b, mtd-zk-0, END
EXP-LOAD, 2023-07-17T15:20:37.758, ubuntu22-b, mtd-zk-0, 0.125011
EXP-LOAD, 2023-07-17T15:20:46.500, ubuntu22-b, mtd-zk-0, 0.125011
EXP-LEAD, 2023-07-17T15:20:47.555, ubuntu22-b, mtd-zk-0, START
EXP-LEAD, 2023-07-17T15:20:54.073, ubuntu22-b, mtd-zk-0, END
EXP-LOAD, 2023-07-17T15:20:55.111, ubuntu22-b, mtd-zk-0, 0.191817
EXP-LOAD, 2023-07-17T15:21:02.645, ubuntu22-b, mtd-zk-0, 0.191817
EXP-LOAD, 2023-07-17T15:21:12.740, ubuntu22-b, mtd-zk-0, 0.217234
EXP-LOAD, 2023-07-17T15:21:21.745, ubuntu22-b, mtd-zk-0, 0.191712
EXP-LOAD, 2023-07-17T15:21:26.821, ubuntu22-b, mtd-zk-0, 0.191712
EXP-LEAD, 2023-07-17T15:21:28.275, ubuntu22-b, mtd-zk-0, START
EXP-LEAD, 2023-07-17T15:21:32.733, ubuntu22-b, mtd-zk-0, END
EXP-LOAD, 2023-07-17T15:21:33.761, ubuntu22-b, mtd-zk-0, 0.191712
EXP-LOAD, 2023-07-17T15:21:42.401, ubuntu22-b, mtd-zk-0, 0.142812
EXP-LOAD, 2023-07-17T15:21:52.469, ubuntu22-b, mtd-zk-0, 0.167941
EXP-LEAD, 2023-07-17T15:21:53.503, ubuntu22-b, mtd-zk-0, START
EXP-LEAD, 2023-07-17T15:21:59.949, ubuntu22-b, mtd-zk-0, END
EXP-LOAD, 2023-07-17T15:22:00.979, ubuntu22-b, mtd-zk-0, 0.167941
EXP-LOAD, 2023-07-17T15:22:07.656, ubuntu22-b, mtd-zk-0, 0.162025
EXP-LOAD, 2023-07-17T15:22:18.177, ubuntu22-b, mtd-zk-0, 0.162025
EXP-LEAD, 2023-07-17T15:22:20.218, ubuntu22-b, mtd-zk-0, START
EXP-LEAD, 2023-07-17T15:22:24.604, ubuntu22-b, mtd-zk-0, END
EXP-LOAD, 2023-07-17T15:22:25.639, ubuntu22-b, mtd-zk-0, 0.169762
EXP-LOAD, 2023-07-17T15:22:34.329, ubuntu22-b, mtd-zk-0, 0.176668
EXP-LEAD, 2023-07-17T15:22:35.355, ubuntu22-b, mtd-zk-0, START
EXP-LEAD, 2023-07-17T15:22:41.912, ubuntu22-b, mtd-zk-0, END
EXP-LOAD, 2023-07-17T15:22:42.953, ubuntu22-b, mtd-zk-0, 0.176668
EXP-LOAD, 2023-07-17T15:22:53.491, ubuntu22-b, mtd-zk-0, 0.167617
EXP-LEAD, 2023-07-17T15:22:53.508, ubuntu22-b, mtd-zk-0, START
EXP-LEAD, 2023-07-17T15:22:58.952, ubuntu22-b, mtd-zk-0, END
EXP-LOAD, 2023-07-17T15:22:59.987, ubuntu22-b, mtd-zk-0, 0.167617
EXP-LOAD, 2023-07-17T15:23:08.102, ubuntu22-b, mtd-zk-0, 0.156838
EXP-LOAD, 2023-07-17T15:23:17.168, ubuntu22-b, mtd-zk-0, 0.156838
EXP-LOAD, 2023-07-17T15:23:25.231, ubuntu22-b, mtd-zk-0, 0.156356
EXP-LOAD, 2023-07-17T15:23:32.315, ubuntu22-b, mtd-zk-0, 0.156356
EXP-LEAD, 2023-07-17T15:23:32.344, ubuntu22-b, mtd-zk-0, START
EXP-LEAD, 2023-07-17T15:23:37.817, ubuntu22-b, mtd-zk-0, END
EXP-LOAD, 2023-07-17T15:23:38.854, ubuntu22-b, mtd-zk-0, 0.134832
EXP-LOAD, 2023-07-17T15:23:49.474, ubuntu22-b, mtd-zk-0, 0.176027
EXP-LOAD, 2023-07-17T15:23:57.546, ubuntu22-b, mtd-zk-0, 0.176027
EXP-LOAD, 2023-07-17T15:24:06.702, ubuntu22-b, mtd-zk-0, 0.114019
EXP-LEAD, 2023-07-17T15:24:08.222, ubuntu22-b, mtd-zk-0, START
EXP-LEAD, 2023-07-17T15:24:12.721, ubuntu22-b, mtd-zk-0, END
EXP-LOAD, 2023-07-17T15:24:13.749, ubuntu22-b, mtd-zk-0, 0.114019
EXP-LEAD, 2023-07-17T15:24:15.407, ubuntu22-b, mtd-zk-0, START
EXP-LEAD, 2023-07-17T15:24:19.871, ubuntu22-b, mtd-zk-0, END
EXP-LOAD, 2023-07-17T15:24:20.918, ubuntu22-b, mtd-zk-0, 0.175327
EXP-LEAD, 2023-07-17T15:24:23.109, ubuntu22-b, mtd-zk-0, START
EXP-LEAD, 2023-07-17T15:24:30.632, ubuntu22-b, mtd-zk-0, END
EXP-LOAD, 2023-07-17T15:24:31.799, ubuntu22-b, mtd-zk-0, 0.175327
EXP-LOAD, 2023-07-17T15:24:40.272, ubuntu22-b, mtd-zk-0, 0.244623
EXP-LOAD, 2023-07-17T15:24:48.352, ubuntu22-b, mtd-zk-0, 0.244623
EXP-LOAD, 2023-07-17T15:24:57.429, ubuntu22-b, mtd-zk-0, 0.169431
EXP-LOAD, 2023-07-17T15:25:06.065, ubuntu22-b, mtd-zk-0, 0.154011
EXP-LOAD, 2023-07-17T15:25:20.140, ubuntu22-b, mtd-zk-0, 0.155244
EXP-LEAD, 2023-07-17T15:25:21.166, ubuntu22-b, mtd-zk-0, START
EXP-LEAD, 2023-07-17T15:25:25.511, ubuntu22-b, mtd-zk-0, END
EXP-LOAD, 2023-07-17T15:25:26.579, ubuntu22-b, mtd-zk-0, 0.155244
EXP-LOAD, 2023-07-17T15:25:35.296, ubuntu22-b, mtd-zk-0, 0.121039
EXP-LEAD, 2023-07-17T15:25:35.337, ubuntu22-b, mtd-zk-0, START
EXP-LEAD, 2023-07-17T15:25:40.899, ubuntu22-b, mtd-zk-0, END
EXP-LOAD, 2023-07-17T15:25:41.932, ubuntu22-b, mtd-zk-0, 0.121039
EXP-LEAD, 2023-07-17T15:25:42.407, ubuntu22-b, mtd-zk-0, START
EXP-LEAD, 2023-07-17T15:25:47.789, ubuntu22-b, mtd-zk-0, END
EXP-LOAD, 2023-07-17T15:25:48.827, ubuntu22-b, mtd-zk-0, 0.121039
EXP-LOAD, 2023-07-17T15:25:56.541, ubuntu22-b, mtd-zk-0, 0.180320
EXP-LOAD, 2023-07-17T15:26:06.636, ubuntu22-b, mtd-zk-0, 0.126816
EXP-LEAD, 2023-07-17T15:26:08.669, ubuntu22-b, mtd-zk-0, START
EXP-LEAD, 2023-07-17T15:26:14.205, ubuntu22-b, mtd-zk-0, END
EXP-LOAD, 2023-07-17T15:26:15.254, ubuntu22-b, mtd-zk-0, 0.126816
