EXP-LOAD, 2023-07-21T18:59:27.266, ubuntu22-d, mtd-zk-2, 0.733004
EXP-LOAD, 2023-07-21T18:59:37.914, ubuntu22-d, mtd-zk-2, 0.717810
EXP-LOAD, 2023-07-21T18:59:50.319, ubuntu22-d, mtd-zk-2, 0.673415
EXP-LEAD, 2023-07-21T18:59:52.225, ubuntu22-d, mtd-zk-2, START
EXP-LEAD, 2023-07-21T19:00:00.086, ubuntu22-d, mtd-zk-2, END
EXP-LOAD, 2023-07-21T19:00:01.191, ubuntu22-d, mtd-zk-2, 0.673415
EXP-LOAD, 2023-07-21T19:00:10.443, ubuntu22-d, mtd-zk-2, 0.758004
EXP-LOAD, 2023-07-21T19:00:20.621, ubuntu22-d, mtd-zk-2, 0.677008
EXP-LOAD, 2023-07-21T19:00:32.848, ubuntu22-d, mtd-zk-2, 0.677008
EXP-LEAD, 2023-07-21T19:00:33.910, ubuntu22-d, mtd-zk-2, START
EXP-LEAD, 2023-07-21T19:00:39.824, ubuntu22-d, mtd-zk-2, END
EXP-LOAD, 2023-07-21T19:00:40.928, ubuntu22-d, mtd-zk-2, 0.599817
EXP-LEAD, 2023-07-21T19:00:42.114, ubuntu22-d, mtd-zk-2, START
EXP-LEAD, 2023-07-21T19:00:48.002, ubuntu22-d, mtd-zk-2, END
EXP-LOAD, 2023-07-21T19:00:49.079, ubuntu22-d, mtd-zk-2, 0.599817
EXP-LEAD, 2023-07-21T19:00:50.336, ubuntu22-d, mtd-zk-2, START
EXP-LEAD, 2023-07-21T19:00:59.508, ubuntu22-d, mtd-zk-2, END
EXP-LOAD, 2023-07-21T19:01:00.609, ubuntu22-d, mtd-zk-2, 0.696332
EXP-LEAD, 2023-07-21T19:01:02.607, ubuntu22-d, mtd-zk-2, START
EXP-LEAD, 2023-07-21T19:01:08.320, ubuntu22-d, mtd-zk-2, END
EXP-LOAD, 2023-07-21T19:01:09.375, ubuntu22-d, mtd-zk-2, 0.599317
EXP-LEAD, 2023-07-21T19:01:10.492, ubuntu22-d, mtd-zk-2, START
EXP-LEAD, 2023-07-21T19:01:17.475, ubuntu22-d, mtd-zk-2, END
EXP-LOAD, 2023-07-21T19:01:18.573, ubuntu22-d, mtd-zk-2, 0.599317
EXP-LOAD, 2023-07-21T19:01:28.958, ubuntu22-d, mtd-zk-2, 0.709608
EXP-LEAD, 2023-07-21T19:01:30.870, ubuntu22-d, mtd-zk-2, START
EXP-LEAD, 2023-07-21T19:01:36.479, ubuntu22-d, mtd-zk-2, END
EXP-LOAD, 2023-07-21T19:01:37.557, ubuntu22-d, mtd-zk-2, 0.621006
EXP-LEAD, 2023-07-21T19:01:39.757, ubuntu22-d, mtd-zk-2, START
EXP-LEAD, 2023-07-21T19:01:45.613, ubuntu22-d, mtd-zk-2, END
EXP-LOAD, 2023-07-21T19:01:46.727, ubuntu22-d, mtd-zk-2, 0.621006
EXP-LEAD, 2023-07-21T19:01:47.999, ubuntu22-d, mtd-zk-2, START
EXP-LEAD, 2023-07-21T19:01:53.802, ubuntu22-d, mtd-zk-2, END
EXP-LOAD, 2023-07-21T19:01:54.883, ubuntu22-d, mtd-zk-2, 0.685907
EXP-LEAD, 2023-07-21T19:01:57.276, ubuntu22-d, mtd-zk-2, START
EXP-LEAD, 2023-07-21T19:02:02.944, ubuntu22-d, mtd-zk-2, END
EXP-LOAD, 2023-07-21T19:02:04.048, ubuntu22-d, mtd-zk-2, 0.685907
EXP-LOAD, 2023-07-21T19:02:12.199, ubuntu22-d, mtd-zk-2, 0.681408
EXP-LOAD, 2023-07-21T19:02:21.670, ubuntu22-d, mtd-zk-2, 0.716750
EXP-LOAD, 2023-07-21T19:02:31.797, ubuntu22-d, mtd-zk-2, 0.716750
EXP-LOAD, 2023-07-21T19:02:39.945, ubuntu22-d, mtd-zk-2, 0.757017
EXP-LOAD, 2023-07-21T19:02:53.094, ubuntu22-d, mtd-zk-2, 0.644511
EXP-LEAD, 2023-07-21T19:02:54.166, ubuntu22-d, mtd-zk-2, START
EXP-LEAD, 2023-07-21T19:02:59.891, ubuntu22-d, mtd-zk-2, END
EXP-LOAD, 2023-07-21T19:03:00.958, ubuntu22-d, mtd-zk-2, 0.644511
EXP-LOAD, 2023-07-21T19:03:09.452, ubuntu22-d, mtd-zk-2, 0.678233
EXP-LOAD, 2023-07-21T19:03:20.626, ubuntu22-d, mtd-zk-2, 0.650621
EXP-LOAD, 2023-07-21T19:03:27.753, ubuntu22-d, mtd-zk-2, 0.650621
EXP-LOAD, 2023-07-21T19:03:40.916, ubuntu22-d, mtd-zk-2, 0.597451
EXP-LEAD, 2023-07-21T19:03:41.972, ubuntu22-d, mtd-zk-2, START
EXP-LEAD, 2023-07-21T19:03:47.597, ubuntu22-d, mtd-zk-2, END
EXP-LOAD, 2023-07-21T19:03:48.705, ubuntu22-d, mtd-zk-2, 0.597451
EXP-LEAD, 2023-07-21T19:03:51.053, ubuntu22-d, mtd-zk-2, START
EXP-LEAD, 2023-07-21T19:03:58.784, ubuntu22-d, mtd-zk-2, END
EXP-LOAD, 2023-07-21T19:03:59.872, ubuntu22-d, mtd-zk-2, 0.576204
EXP-LOAD, 2023-07-21T19:04:07.360, ubuntu22-d, mtd-zk-2, 0.636921
EXP-LOAD, 2023-07-21T19:04:16.571, ubuntu22-d, mtd-zk-2, 0.636921
EXP-LOAD, 2023-07-21T19:04:25.726, ubuntu22-d, mtd-zk-2, 0.674007
EXP-LOAD, 2023-07-21T19:04:33.939, ubuntu22-d, mtd-zk-2, 0.674007
EXP-LEAD, 2023-07-21T19:04:35.008, ubuntu22-d, mtd-zk-2, START
EXP-LEAD, 2023-07-21T19:04:43.919, ubuntu22-d, mtd-zk-2, END
EXP-LOAD, 2023-07-21T19:04:44.994, ubuntu22-d, mtd-zk-2, 0.677121
EXP-LEAD, 2023-07-21T19:04:46.232, ubuntu22-d, mtd-zk-2, START
EXP-LEAD, 2023-07-21T19:04:52.059, ubuntu22-d, mtd-zk-2, END
EXP-LOAD, 2023-07-21T19:04:53.131, ubuntu22-d, mtd-zk-2, 0.665805
EXP-LOAD, 2023-07-21T19:05:03.445, ubuntu22-d, mtd-zk-2, 0.665805
EXP-LOAD, 2023-07-21T19:05:10.614, ubuntu22-d, mtd-zk-2, 0.635507
EXP-LOAD, 2023-07-21T19:05:18.759, ubuntu22-d, mtd-zk-2, 0.635507
EXP-LOAD, 2023-07-21T19:05:31.737, ubuntu22-d, mtd-zk-2, 0.610607
EXP-LOAD, 2023-07-21T19:05:38.948, ubuntu22-d, mtd-zk-2, 0.679010
EXP-LOAD, 2023-07-21T19:05:46.058, ubuntu22-d, mtd-zk-2, 0.679010
EXP-LOAD, 2023-07-21T19:05:58.241, ubuntu22-d, mtd-zk-2, 0.582374
EXP-LEAD, 2023-07-21T19:05:59.289, ubuntu22-d, mtd-zk-2, START
EXP-LEAD, 2023-07-21T19:06:05.057, ubuntu22-d, mtd-zk-2, END
EXP-LOAD, 2023-07-21T19:06:06.145, ubuntu22-d, mtd-zk-2, 0.677618
EXP-LOAD, 2023-07-21T19:06:18.613, ubuntu22-d, mtd-zk-2, 0.677618
EXP-LOAD, 2023-07-21T19:06:26.749, ubuntu22-d, mtd-zk-2, 0.645209
EXP-LOAD, 2023-07-21T19:06:33.856, ubuntu22-d, mtd-zk-2, 0.645209
EXP-LOAD, 2023-07-21T19:06:43.078, ubuntu22-d, mtd-zk-2, 0.635941
EXP-LEAD, 2023-07-21T19:06:46.153, ubuntu22-d, mtd-zk-2, START
EXP-LEAD, 2023-07-21T19:06:50.781, ubuntu22-d, mtd-zk-2, END
EXP-LOAD, 2023-07-21T19:06:51.844, ubuntu22-d, mtd-zk-2, 0.672016
EXP-LEAD, 2023-07-21T19:06:53.236, ubuntu22-d, mtd-zk-2, START
EXP-LEAD, 2023-07-21T19:07:01.978, ubuntu22-d, mtd-zk-2, END
EXP-LOAD, 2023-07-21T19:07:03.062, ubuntu22-d, mtd-zk-2, 0.672016
EXP-LOAD, 2023-07-21T19:07:10.689, ubuntu22-d, mtd-zk-2, 0.690213
EXP-LEAD, 2023-07-21T19:07:12.325, ubuntu22-d, mtd-zk-2, START
EXP-LEAD, 2023-07-21T19:07:17.864, ubuntu22-d, mtd-zk-2, END
EXP-LOAD, 2023-07-21T19:07:19.014, ubuntu22-d, mtd-zk-2, 0.690213
EXP-LOAD, 2023-07-21T19:07:25.562, ubuntu22-d, mtd-zk-2, 0.699829
EXP-LEAD, 2023-07-21T19:07:27.205, ubuntu22-d, mtd-zk-2, START
EXP-LEAD, 2023-07-21T19:07:32.826, ubuntu22-d, mtd-zk-2, END
EXP-LOAD, 2023-07-21T19:07:34.005, ubuntu22-d, mtd-zk-2, 0.699829
EXP-LOAD, 2023-07-21T19:07:43.376, ubuntu22-d, mtd-zk-2, 0.751419
EXP-LEAD, 2023-07-21T19:07:44.413, ubuntu22-d, mtd-zk-2, START
EXP-LEAD, 2023-07-21T19:07:52.075, ubuntu22-d, mtd-zk-2, END
EXP-LOAD, 2023-07-21T19:07:53.173, ubuntu22-d, mtd-zk-2, 0.721645
EXP-LOAD, 2023-07-21T19:08:01.254, ubuntu22-d, mtd-zk-2, 0.721645
EXP-LOAD, 2023-07-21T19:08:12.403, ubuntu22-d, mtd-zk-2, 0.605053
EXP-LEAD, 2023-07-21T19:08:13.471, ubuntu22-d, mtd-zk-2, START
EXP-LEAD, 2023-07-21T19:08:19.142, ubuntu22-d, mtd-zk-2, END
EXP-LOAD, 2023-07-21T19:08:20.188, ubuntu22-d, mtd-zk-2, 0.589616
EXP-LEAD, 2023-07-21T19:08:21.632, ubuntu22-d, mtd-zk-2, START
EXP-LEAD, 2023-07-21T19:08:27.254, ubuntu22-d, mtd-zk-2, END
EXP-LOAD, 2023-07-21T19:08:28.307, ubuntu22-d, mtd-zk-2, 0.589616
EXP-LEAD, 2023-07-21T19:08:29.714, ubuntu22-d, mtd-zk-2, START
EXP-LEAD, 2023-07-21T19:08:37.551, ubuntu22-d, mtd-zk-2, END
EXP-LOAD, 2023-07-21T19:08:38.629, ubuntu22-d, mtd-zk-2, 0.712510
EXP-LEAD, 2023-07-21T19:08:39.892, ubuntu22-d, mtd-zk-2, START
EXP-LEAD, 2023-07-21T19:08:45.507, ubuntu22-d, mtd-zk-2, END
EXP-LOAD, 2023-07-21T19:08:46.573, ubuntu22-d, mtd-zk-2, 0.712510
EXP-LOAD, 2023-07-21T19:08:54.129, ubuntu22-d, mtd-zk-2, 0.648219
EXP-LEAD, 2023-07-21T19:08:55.164, ubuntu22-d, mtd-zk-2, START
EXP-LEAD, 2023-07-21T19:08:59.767, ubuntu22-d, mtd-zk-2, END
EXP-LOAD, 2023-07-21T19:09:00.800, ubuntu22-d, mtd-zk-2, 0.648219
EXP-LOAD, 2023-07-21T19:09:11.393, ubuntu22-d, mtd-zk-2, 0.718709
EXP-LOAD, 2023-07-21T19:09:19.493, ubuntu22-d, mtd-zk-2, 0.633412
EXP-LEAD, 2023-07-21T19:09:20.614, ubuntu22-d, mtd-zk-2, START
EXP-LEAD, 2023-07-21T19:09:28.384, ubuntu22-d, mtd-zk-2, END
EXP-LOAD, 2023-07-21T19:09:29.455, ubuntu22-d, mtd-zk-2, 0.633412
EXP-LOAD, 2023-07-21T19:09:36.809, ubuntu22-d, mtd-zk-2, 0.695927
EXP-LEAD, 2023-07-21T19:09:38.839, ubuntu22-d, mtd-zk-2, START
EXP-LEAD, 2023-07-21T19:09:47.521, ubuntu22-d, mtd-zk-2, END
EXP-LOAD, 2023-07-21T19:09:48.630, ubuntu22-d, mtd-zk-2, 0.695927
EXP-LOAD, 2023-07-21T19:09:57.254, ubuntu22-d, mtd-zk-2, 0.696614
EXP-LOAD, 2023-07-21T19:10:07.484, ubuntu22-d, mtd-zk-2, 0.624868
EXP-LOAD, 2023-07-21T19:10:14.638, ubuntu22-d, mtd-zk-2, 0.624868
EXP-LOAD, 2023-07-21T19:10:27.821, ubuntu22-d, mtd-zk-2, 0.701806
EXP-LOAD, 2023-07-21T19:10:39.021, ubuntu22-d, mtd-zk-2, 0.647965
EXP-LEAD, 2023-07-21T19:10:40.078, ubuntu22-d, mtd-zk-2, START
EXP-LEAD, 2023-07-21T19:10:47.696, ubuntu22-d, mtd-zk-2, END
EXP-LOAD, 2023-07-21T19:10:48.785, ubuntu22-d, mtd-zk-2, 0.647965
EXP-LEAD, 2023-07-21T19:10:50.215, ubuntu22-d, mtd-zk-2, START
EXP-LEAD, 2023-07-21T19:10:55.819, ubuntu22-d, mtd-zk-2, END
EXP-LOAD, 2023-07-21T19:10:56.887, ubuntu22-d, mtd-zk-2, 0.653231
EXP-LOAD, 2023-07-21T19:11:06.484, ubuntu22-d, mtd-zk-2, 0.622108
EXP-LOAD, 2023-07-21T19:11:14.349, ubuntu22-d, mtd-zk-2, 0.622108
EXP-LEAD, 2023-07-21T19:11:16.693, ubuntu22-d, mtd-zk-2, START
EXP-LEAD, 2023-07-21T19:11:24.379, ubuntu22-d, mtd-zk-2, END
EXP-LOAD, 2023-07-21T19:11:25.453, ubuntu22-d, mtd-zk-2, 0.640805
EXP-LOAD, 2023-07-21T19:11:33.763, ubuntu22-d, mtd-zk-2, 0.640805
EXP-LOAD, 2023-07-21T19:11:45.932, ubuntu22-d, mtd-zk-2, 0.638530
EXP-LEAD, 2023-07-21T19:11:46.973, ubuntu22-d, mtd-zk-2, START
EXP-LEAD, 2023-07-21T19:11:52.532, ubuntu22-d, mtd-zk-2, END
EXP-LOAD, 2023-07-21T19:11:53.570, ubuntu22-d, mtd-zk-2, 0.585823
EXP-LOAD, 2023-07-21T19:12:04.330, ubuntu22-d, mtd-zk-2, 0.616015
EXP-LOAD, 2023-07-21T19:12:13.457, ubuntu22-d, mtd-zk-2, 0.616015
EXP-LEAD, 2023-07-21T19:12:16.538, ubuntu22-d, mtd-zk-2, START
EXP-LEAD, 2023-07-21T19:12:24.135, ubuntu22-d, mtd-zk-2, END
EXP-LOAD, 2023-07-21T19:12:25.229, ubuntu22-d, mtd-zk-2, 0.636609
EXP-LOAD, 2023-07-21T19:12:32.770, ubuntu22-d, mtd-zk-2, 0.636609
EXP-LOAD, 2023-07-21T19:12:44.000, ubuntu22-d, mtd-zk-2, 0.677110
EXP-LOAD, 2023-07-21T19:12:51.914, ubuntu22-d, mtd-zk-2, 0.571100
EXP-LEAD, 2023-07-21T19:12:53.678, ubuntu22-d, mtd-zk-2, START
EXP-LEAD, 2023-07-21T19:13:01.466, ubuntu22-d, mtd-zk-2, END
EXP-LOAD, 2023-07-21T19:13:02.547, ubuntu22-d, mtd-zk-2, 0.571100
EXP-LOAD, 2023-07-21T19:13:09.654, ubuntu22-d, mtd-zk-2, 0.642110
EXP-LEAD, 2023-07-21T19:13:10.722, ubuntu22-d, mtd-zk-2, START
EXP-LEAD, 2023-07-21T19:13:16.226, ubuntu22-d, mtd-zk-2, END
EXP-LOAD, 2023-07-21T19:13:17.322, ubuntu22-d, mtd-zk-2, 0.642110
EXP-LEAD, 2023-07-21T19:13:18.358, ubuntu22-d, mtd-zk-2, START
EXP-LEAD, 2023-07-21T19:13:23.996, ubuntu22-d, mtd-zk-2, END
EXP-LOAD, 2023-07-21T19:13:25.078, ubuntu22-d, mtd-zk-2, 0.664003
EXP-LEAD, 2023-07-21T19:13:27.473, ubuntu22-d, mtd-zk-2, START
EXP-LEAD, 2023-07-21T19:13:33.015, ubuntu22-d, mtd-zk-2, END
EXP-LOAD, 2023-07-21T19:13:34.096, ubuntu22-d, mtd-zk-2, 0.678614
EXP-LOAD, 2023-07-21T19:13:41.723, ubuntu22-d, mtd-zk-2, 0.678614
EXP-LOAD, 2023-07-21T19:13:48.808, ubuntu22-d, mtd-zk-2, 0.678614
EXP-LEAD, 2023-07-21T19:13:50.374, ubuntu22-d, mtd-zk-2, START
EXP-LEAD, 2023-07-21T19:14:00.094, ubuntu22-d, mtd-zk-2, END
EXP-LOAD, 2023-07-21T19:14:01.210, ubuntu22-d, mtd-zk-2, 0.729821
EXP-LOAD, 2023-07-21T19:14:08.527, ubuntu22-d, mtd-zk-2, 0.665221
EXP-LEAD, 2023-07-21T19:14:10.915, ubuntu22-d, mtd-zk-2, START
EXP-LEAD, 2023-07-21T19:14:18.620, ubuntu22-d, mtd-zk-2, END
EXP-LOAD, 2023-07-21T19:14:19.695, ubuntu22-d, mtd-zk-2, 0.660602
EXP-LOAD, 2023-07-21T19:14:27.820, ubuntu22-d, mtd-zk-2, 0.660602
EXP-LOAD, 2023-07-21T19:14:38.979, ubuntu22-d, mtd-zk-2, 0.600934
EXP-LEAD, 2023-07-21T19:14:40.040, ubuntu22-d, mtd-zk-2, START
EXP-LEAD, 2023-07-21T19:14:45.918, ubuntu22-d, mtd-zk-2, END
EXP-LOAD, 2023-07-21T19:14:47.000, ubuntu22-d, mtd-zk-2, 0.600934
EXP-LEAD, 2023-07-21T19:14:48.154, ubuntu22-d, mtd-zk-2, START
EXP-LEAD, 2023-07-21T19:14:53.820, ubuntu22-d, mtd-zk-2, END
EXP-LOAD, 2023-07-21T19:14:54.878, ubuntu22-d, mtd-zk-2, 0.629415
EXP-LOAD, 2023-07-21T19:15:06.502, ubuntu22-d, mtd-zk-2, 0.646824
EXP-LEAD, 2023-07-21T19:15:08.477, ubuntu22-d, mtd-zk-2, START
EXP-LEAD, 2023-07-21T19:15:14.609, ubuntu22-d, mtd-zk-2, END
EXP-LOAD, 2023-07-21T19:15:15.656, ubuntu22-d, mtd-zk-2, 0.646824
EXP-LOAD, 2023-07-21T19:15:29.864, ubuntu22-d, mtd-zk-2, 0.737805
EXP-LOAD, 2023-07-21T19:15:38.027, ubuntu22-d, mtd-zk-2, 0.637422
EXP-LOAD, 2023-07-21T19:15:48.143, ubuntu22-d, mtd-zk-2, 0.637422
EXP-LEAD, 2023-07-21T19:15:49.182, ubuntu22-d, mtd-zk-2, START
EXP-LEAD, 2023-07-21T19:15:54.907, ubuntu22-d, mtd-zk-2, END
EXP-LOAD, 2023-07-21T19:15:56.015, ubuntu22-d, mtd-zk-2, 0.635434
EXP-LOAD, 2023-07-21T19:16:03.501, ubuntu22-d, mtd-zk-2, 0.635434
EXP-LEAD, 2023-07-21T19:16:05.581, ubuntu22-d, mtd-zk-2, START
EXP-LEAD, 2023-07-21T19:16:12.188, ubuntu22-d, mtd-zk-2, END
EXP-LOAD, 2023-07-21T19:16:13.249, ubuntu22-d, mtd-zk-2, 0.655804
EXP-LEAD, 2023-07-21T19:16:14.308, ubuntu22-d, mtd-zk-2, START
EXP-LEAD, 2023-07-21T19:16:21.850, ubuntu22-d, mtd-zk-2, END
EXP-LOAD, 2023-07-21T19:16:22.896, ubuntu22-d, mtd-zk-2, 0.694723
EXP-LEAD, 2023-07-21T19:16:25.406, ubuntu22-d, mtd-zk-2, START
EXP-LEAD, 2023-07-21T19:16:30.942, ubuntu22-d, mtd-zk-2, END
EXP-LOAD, 2023-07-21T19:16:32.015, ubuntu22-d, mtd-zk-2, 0.694723
EXP-LOAD, 2023-07-21T19:16:40.149, ubuntu22-d, mtd-zk-2, 0.629626
EXP-LOAD, 2023-07-21T19:16:47.304, ubuntu22-d, mtd-zk-2, 0.629626
EXP-LOAD, 2023-07-21T19:16:54.378, ubuntu22-d, mtd-zk-2, 0.709337
EXP-LEAD, 2023-07-21T19:16:55.418, ubuntu22-d, mtd-zk-2, START
EXP-LEAD, 2023-07-21T19:17:02.193, ubuntu22-d, mtd-zk-2, END
EXP-LOAD, 2023-07-21T19:17:03.254, ubuntu22-d, mtd-zk-2, 0.709337
EXP-LOAD, 2023-07-21T19:17:15.634, ubuntu22-d, mtd-zk-2, 0.682808
EXP-LOAD, 2023-07-21T19:17:22.776, ubuntu22-d, mtd-zk-2, 0.664321
EXP-LOAD, 2023-07-21T19:17:34.524, ubuntu22-d, mtd-zk-2, 0.646620
EXP-LOAD, 2023-07-21T19:17:39.661, ubuntu22-d, mtd-zk-2, 0.646620
EXP-LEAD, 2023-07-21T19:17:41.490, ubuntu22-d, mtd-zk-2, START
EXP-LEAD, 2023-07-21T19:17:51.199, ubuntu22-d, mtd-zk-2, END
EXP-LOAD, 2023-07-21T19:17:52.263, ubuntu22-d, mtd-zk-2, 0.640820
EXP-LOAD, 2023-07-21T19:17:58.622, ubuntu22-d, mtd-zk-2, 0.640820
EXP-LOAD, 2023-07-21T19:18:10.356, ubuntu22-d, mtd-zk-2, 0.600188
EXP-LEAD, 2023-07-21T19:18:12.449, ubuntu22-d, mtd-zk-2, START
EXP-LEAD, 2023-07-21T19:18:17.998, ubuntu22-d, mtd-zk-2, END
EXP-LOAD, 2023-07-21T19:18:19.048, ubuntu22-d, mtd-zk-2, 0.600188
EXP-LEAD, 2023-07-21T19:18:20.129, ubuntu22-d, mtd-zk-2, START
EXP-LEAD, 2023-07-21T19:18:28.776, ubuntu22-d, mtd-zk-2, END
EXP-LOAD, 2023-07-21T19:18:29.927, ubuntu22-d, mtd-zk-2, 0.668722
EXP-LOAD, 2023-07-21T19:18:38.309, ubuntu22-d, mtd-zk-2, 0.640007
EXP-LOAD, 2023-07-21T19:18:49.436, ubuntu22-d, mtd-zk-2, 0.693027
EXP-LOAD, 2023-07-21T19:18:58.556, ubuntu22-d, mtd-zk-2, 0.693027
EXP-LOAD, 2023-07-21T19:19:08.790, ubuntu22-d, mtd-zk-2, 0.632813
EXP-LEAD, 2023-07-21T19:19:09.882, ubuntu22-d, mtd-zk-2, START
EXP-LEAD, 2023-07-21T19:19:15.410, ubuntu22-d, mtd-zk-2, END
EXP-LOAD, 2023-07-21T19:19:16.496, ubuntu22-d, mtd-zk-2, 0.632813
EXP-LOAD, 2023-07-21T19:19:25.192, ubuntu22-d, mtd-zk-2, 0.633209
EXP-LEAD, 2023-07-21T19:19:26.252, ubuntu22-d, mtd-zk-2, START
EXP-LEAD, 2023-07-21T19:19:32.044, ubuntu22-d, mtd-zk-2, END
EXP-LOAD, 2023-07-21T19:19:33.132, ubuntu22-d, mtd-zk-2, 0.633209
EXP-LOAD, 2023-07-21T19:19:42.531, ubuntu22-d, mtd-zk-2, 0.660811
EXP-LOAD, 2023-07-21T19:19:49.682, ubuntu22-d, mtd-zk-2, 0.726422
EXP-LOAD, 2023-07-21T19:20:03.846, ubuntu22-d, mtd-zk-2, 0.726422
EXP-LOAD, 2023-07-21T19:20:11.000, ubuntu22-d, mtd-zk-2, 0.633661
EXP-LOAD, 2023-07-21T19:20:23.151, ubuntu22-d, mtd-zk-2, 0.665420
EXP-LOAD, 2023-07-21T19:20:31.278, ubuntu22-d, mtd-zk-2, 0.665420
EXP-LOAD, 2023-07-21T19:20:41.375, ubuntu22-d, mtd-zk-2, 0.679031
EXP-LEAD, 2023-07-21T19:20:42.407, ubuntu22-d, mtd-zk-2, START
EXP-LEAD, 2023-07-21T19:20:47.929, ubuntu22-d, mtd-zk-2, END
EXP-LOAD, 2023-07-21T19:20:49.012, ubuntu22-d, mtd-zk-2, 0.679031
EXP-LOAD, 2023-07-21T19:20:56.376, ubuntu22-d, mtd-zk-2, 0.643650
EXP-LEAD, 2023-07-21T19:20:57.212, ubuntu22-d, mtd-zk-2, START
EXP-LEAD, 2023-07-21T19:21:02.742, ubuntu22-d, mtd-zk-2, END
EXP-LOAD, 2023-07-21T19:21:03.790, ubuntu22-d, mtd-zk-2, 0.643650
EXP-LOAD, 2023-07-21T19:21:12.403, ubuntu22-d, mtd-zk-2, 0.762407
EXP-LOAD, 2023-07-21T19:21:24.491, ubuntu22-d, mtd-zk-2, 0.710818
EXP-LOAD, 2023-07-21T19:21:32.328, ubuntu22-d, mtd-zk-2, 0.710818
EXP-LOAD, 2023-07-21T19:21:39.394, ubuntu22-d, mtd-zk-2, 0.643015
EXP-LEAD, 2023-07-21T19:21:40.470, ubuntu22-d, mtd-zk-2, START
EXP-LEAD, 2023-07-21T19:21:49.232, ubuntu22-d, mtd-zk-2, END
EXP-LOAD, 2023-07-21T19:21:50.342, ubuntu22-d, mtd-zk-2, 0.692017
EXP-LOAD, 2023-07-21T19:21:57.720, ubuntu22-d, mtd-zk-2, 0.692017
EXP-LOAD, 2023-07-21T19:22:06.612, ubuntu22-d, mtd-zk-2, 0.610014
EXP-LOAD, 2023-07-21T19:22:17.755, ubuntu22-d, mtd-zk-2, 0.610014
EXP-LOAD, 2023-07-21T19:22:26.898, ubuntu22-d, mtd-zk-2, 0.646524
EXP-LEAD, 2023-07-21T19:22:27.958, ubuntu22-d, mtd-zk-2, START
EXP-LEAD, 2023-07-21T19:22:35.562, ubuntu22-d, mtd-zk-2, END
EXP-LOAD, 2023-07-21T19:22:36.666, ubuntu22-d, mtd-zk-2, 0.763424
EXP-LEAD, 2023-07-21T19:22:38.184, ubuntu22-d, mtd-zk-2, START
EXP-LEAD, 2023-07-21T19:22:43.696, ubuntu22-d, mtd-zk-2, END
EXP-LOAD, 2023-07-21T19:22:45.765, ubuntu22-d, mtd-zk-2, 0.763424
EXP-LEAD, 2023-07-21T19:22:46.851, ubuntu22-d, mtd-zk-2, START
EXP-LEAD, 2023-07-21T19:22:52.674, ubuntu22-d, mtd-zk-2, END
EXP-LOAD, 2023-07-21T19:22:53.726, ubuntu22-d, mtd-zk-2, 0.638010
EXP-LEAD, 2023-07-21T19:22:55.785, ubuntu22-d, mtd-zk-2, START
EXP-LEAD, 2023-07-21T19:23:00.284, ubuntu22-d, mtd-zk-2, END
EXP-LOAD, 2023-07-21T19:23:01.348, ubuntu22-d, mtd-zk-2, 0.638010
EXP-LEAD, 2023-07-21T19:23:03.908, ubuntu22-d, mtd-zk-2, START
EXP-LEAD, 2023-07-21T19:23:09.558, ubuntu22-d, mtd-zk-2, END
EXP-LOAD, 2023-07-21T19:23:10.641, ubuntu22-d, mtd-zk-2, 0.726042
EXP-LOAD, 2023-07-21T19:23:19.164, ubuntu22-d, mtd-zk-2, 0.689738
EXP-LEAD, 2023-07-21T19:23:21.147, ubuntu22-d, mtd-zk-2, START
EXP-LEAD, 2023-07-21T19:23:30.764, ubuntu22-d, mtd-zk-2, END
EXP-LOAD, 2023-07-21T19:23:31.870, ubuntu22-d, mtd-zk-2, 0.689738
EXP-LOAD, 2023-07-21T19:23:39.367, ubuntu22-d, mtd-zk-2, 0.652629
EXP-LEAD, 2023-07-21T19:23:39.934, ubuntu22-d, mtd-zk-2, START
EXP-LEAD, 2023-07-21T19:23:44.457, ubuntu22-d, mtd-zk-2, END
EXP-LOAD, 2023-07-21T19:23:45.545, ubuntu22-d, mtd-zk-2, 0.652629
EXP-LEAD, 2023-07-21T19:23:46.083, ubuntu22-d, mtd-zk-2, START
EXP-LEAD, 2023-07-21T19:23:51.743, ubuntu22-d, mtd-zk-2, END
EXP-LOAD, 2023-07-21T19:23:52.811, ubuntu22-d, mtd-zk-2, 0.675361
EXP-LOAD, 2023-07-21T19:24:01.981, ubuntu22-d, mtd-zk-2, 0.675361
EXP-LOAD, 2023-07-21T19:24:09.091, ubuntu22-d, mtd-zk-2, 0.706017
EXP-LOAD, 2023-07-21T19:24:19.184, ubuntu22-d, mtd-zk-2, 0.646118
EXP-LOAD, 2023-07-21T19:24:29.071, ubuntu22-d, mtd-zk-2, 0.646118
EXP-LOAD, 2023-07-21T19:24:40.256, ubuntu22-d, mtd-zk-2, 0.723416
EXP-LEAD, 2023-07-21T19:24:41.289, ubuntu22-d, mtd-zk-2, START
EXP-LEAD, 2023-07-21T19:24:46.094, ubuntu22-d, mtd-zk-2, END
EXP-LOAD, 2023-07-21T19:24:47.153, ubuntu22-d, mtd-zk-2, 0.723416
EXP-LOAD, 2023-07-21T19:24:57.529, ubuntu22-d, mtd-zk-2, 0.659013
EXP-LOAD, 2023-07-21T19:25:05.647, ubuntu22-d, mtd-zk-2, 0.706043
EXP-LOAD, 2023-07-21T19:25:18.940, ubuntu22-d, mtd-zk-2, 0.706043
EXP-LOAD, 2023-07-21T19:25:26.029, ubuntu22-d, mtd-zk-2, 0.641513
EXP-LEAD, 2023-07-21T19:25:29.091, ubuntu22-d, mtd-zk-2, START
EXP-LEAD, 2023-07-21T19:25:34.635, ubuntu22-d, mtd-zk-2, END
EXP-LOAD, 2023-07-21T19:25:35.699, ubuntu22-d, mtd-zk-2, 0.753816
EXP-LEAD, 2023-07-21T19:25:37.195, ubuntu22-d, mtd-zk-2, START
EXP-LEAD, 2023-07-21T19:25:42.804, ubuntu22-d, mtd-zk-2, END
EXP-LOAD, 2023-07-21T19:25:43.876, ubuntu22-d, mtd-zk-2, 0.753816
EXP-LOAD, 2023-07-21T19:25:51.390, ubuntu22-d, mtd-zk-2, 0.713639
EXP-LEAD, 2023-07-21T19:25:52.486, ubuntu22-d, mtd-zk-2, START
EXP-LEAD, 2023-07-21T19:25:58.097, ubuntu22-d, mtd-zk-2, END
EXP-LOAD, 2023-07-21T19:25:59.147, ubuntu22-d, mtd-zk-2, 0.713639
EXP-LEAD, 2023-07-21T19:26:00.612, ubuntu22-d, mtd-zk-2, START
EXP-LEAD, 2023-07-21T19:26:06.183, ubuntu22-d, mtd-zk-2, END
EXP-LOAD, 2023-07-21T19:26:07.328, ubuntu22-d, mtd-zk-2, 0.688406
EXP-LOAD, 2023-07-21T19:26:18.101, ubuntu22-d, mtd-zk-2, 0.688406
EXP-LOAD, 2023-07-21T19:26:25.774, ubuntu22-d, mtd-zk-2, 0.752429
EXP-LOAD, 2023-07-21T19:26:33.491, ubuntu22-d, mtd-zk-2, 0.752429
EXP-LEAD, 2023-07-21T19:26:35.152, ubuntu22-d, mtd-zk-2, START
EXP-LEAD, 2023-07-21T19:26:39.692, ubuntu22-d, mtd-zk-2, END
EXP-LOAD, 2023-07-21T19:26:40.733, ubuntu22-d, mtd-zk-2, 0.648523
EXP-LOAD, 2023-07-21T19:26:48.344, ubuntu22-d, mtd-zk-2, 0.648523
EXP-LOAD, 2023-07-21T19:26:58.491, ubuntu22-d, mtd-zk-2, 0.736214
EXP-LOAD, 2023-07-21T19:27:05.600, ubuntu22-d, mtd-zk-2, 0.635515
EXP-LOAD, 2023-07-21T19:27:13.722, ubuntu22-d, mtd-zk-2, 0.635515
EXP-LOAD, 2023-07-21T19:27:22.828, ubuntu22-d, mtd-zk-2, 0.724609
EXP-LEAD, 2023-07-21T19:27:24.872, ubuntu22-d, mtd-zk-2, START
EXP-LEAD, 2023-07-21T19:27:33.618, ubuntu22-d, mtd-zk-2, END
EXP-LOAD, 2023-07-21T19:27:34.680, ubuntu22-d, mtd-zk-2, 0.646158
EXP-LOAD, 2023-07-21T19:27:42.054, ubuntu22-d, mtd-zk-2, 0.646158
EXP-LEAD, 2023-07-21T19:27:43.106, ubuntu22-d, mtd-zk-2, START
EXP-LEAD, 2023-07-21T19:27:48.762, ubuntu22-d, mtd-zk-2, END
EXP-LOAD, 2023-07-21T19:27:49.836, ubuntu22-d, mtd-zk-2, 0.687654
EXP-LEAD, 2023-07-21T19:27:51.013, ubuntu22-d, mtd-zk-2, START
EXP-LEAD, 2023-07-21T19:27:59.667, ubuntu22-d, mtd-zk-2, END
EXP-LOAD, 2023-07-21T19:28:00.743, ubuntu22-d, mtd-zk-2, 0.687654
EXP-LOAD, 2023-07-21T19:28:08.136, ubuntu22-d, mtd-zk-2, 0.632223
EXP-LOAD, 2023-07-21T19:28:17.298, ubuntu22-d, mtd-zk-2, 0.632223
EXP-LOAD, 2023-07-21T19:28:25.397, ubuntu22-d, mtd-zk-2, 0.651433
EXP-LOAD, 2023-07-21T19:28:33.533, ubuntu22-d, mtd-zk-2, 0.651433
EXP-LOAD, 2023-07-21T19:28:39.656, ubuntu22-d, mtd-zk-2, 0.691613
EXP-LOAD, 2023-07-21T19:28:48.354, ubuntu22-d, mtd-zk-2, 0.691613
EXP-LOAD, 2023-07-21T19:28:57.493, ubuntu22-d, mtd-zk-2, 0.649203
EXP-LEAD, 2023-07-21T19:28:58.537, ubuntu22-d, mtd-zk-2, START
EXP-LEAD, 2023-07-21T19:29:06.161, ubuntu22-d, mtd-zk-2, END
EXP-LOAD, 2023-07-21T19:29:07.220, ubuntu22-d, mtd-zk-2, 0.665511
EXP-LOAD, 2023-07-21T19:29:14.754, ubuntu22-d, mtd-zk-2, 0.665511
EXP-LEAD, 2023-07-21T19:29:15.889, ubuntu22-d, mtd-zk-2, START
EXP-LEAD, 2023-07-21T19:29:23.477, ubuntu22-d, mtd-zk-2, END
EXP-LOAD, 2023-07-21T19:29:24.522, ubuntu22-d, mtd-zk-2, 0.682411
EXP-LOAD, 2023-07-21T19:29:32.120, ubuntu22-d, mtd-zk-2, 0.682411
EXP-LOAD, 2023-07-21T19:29:49.288, ubuntu22-d, mtd-zk-2, 0.591096
EXP-LEAD, 2023-07-21T19:29:50.360, ubuntu22-d, mtd-zk-2, START
EXP-LEAD, 2023-07-21T19:29:54.875, ubuntu22-d, mtd-zk-2, END
EXP-LOAD, 2023-07-21T19:29:55.922, ubuntu22-d, mtd-zk-2, 0.591096
EXP-LOAD, 2023-07-21T19:30:04.152, ubuntu22-d, mtd-zk-2, 0.654304
EXP-LOAD, 2023-07-21T19:30:15.038, ubuntu22-d, mtd-zk-2, 0.654304
EXP-LEAD, 2023-07-21T19:30:16.070, ubuntu22-d, mtd-zk-2, START
EXP-LEAD, 2023-07-21T19:30:21.603, ubuntu22-d, mtd-zk-2, END
EXP-LOAD, 2023-07-21T19:30:22.634, ubuntu22-d, mtd-zk-2, 0.697635
EXP-LOAD, 2023-07-21T19:30:31.277, ubuntu22-d, mtd-zk-2, 0.697635
EXP-LOAD, 2023-07-21T19:30:40.442, ubuntu22-d, mtd-zk-2, 0.649614
EXP-LEAD, 2023-07-21T19:30:41.988, ubuntu22-d, mtd-zk-2, START
EXP-LEAD, 2023-07-21T19:30:50.526, ubuntu22-d, mtd-zk-2, END
EXP-LOAD, 2023-07-21T19:30:51.612, ubuntu22-d, mtd-zk-2, 0.681034
EXP-LOAD, 2023-07-21T19:30:59.166, ubuntu22-d, mtd-zk-2, 0.681034
EXP-LEAD, 2023-07-21T19:31:00.751, ubuntu22-d, mtd-zk-2, START
EXP-LEAD, 2023-07-21T19:31:06.356, ubuntu22-d, mtd-zk-2, END
EXP-LOAD, 2023-07-21T19:31:07.451, ubuntu22-d, mtd-zk-2, 0.651313
EXP-LEAD, 2023-07-21T19:31:08.855, ubuntu22-d, mtd-zk-2, START
EXP-LEAD, 2023-07-21T19:31:18.508, ubuntu22-d, mtd-zk-2, END
EXP-LOAD, 2023-07-21T19:31:19.597, ubuntu22-d, mtd-zk-2, 0.741224
EXP-LOAD, 2023-07-21T19:31:29.095, ubuntu22-d, mtd-zk-2, 0.741224
EXP-LOAD, 2023-07-21T19:31:37.218, ubuntu22-d, mtd-zk-2, 0.606614
EXP-LEAD, 2023-07-21T19:31:39.270, ubuntu22-d, mtd-zk-2, START
EXP-LEAD, 2023-07-21T19:31:47.871, ubuntu22-d, mtd-zk-2, END
EXP-LOAD, 2023-07-21T19:31:48.987, ubuntu22-d, mtd-zk-2, 0.606614
EXP-LOAD, 2023-07-21T19:31:56.473, ubuntu22-d, mtd-zk-2, 0.700422
EXP-LOAD, 2023-07-21T19:32:04.139, ubuntu22-d, mtd-zk-2, 0.631819
EXP-LEAD, 2023-07-21T19:32:06.179, ubuntu22-d, mtd-zk-2, START
EXP-LEAD, 2023-07-21T19:32:11.775, ubuntu22-d, mtd-zk-2, END
EXP-LOAD, 2023-07-21T19:32:12.856, ubuntu22-d, mtd-zk-2, 0.631819
EXP-LOAD, 2023-07-21T19:32:24.462, ubuntu22-d, mtd-zk-2, 0.749409
EXP-LOAD, 2023-07-21T19:32:32.626, ubuntu22-d, mtd-zk-2, 0.749409
EXP-LOAD, 2023-07-21T19:32:41.831, ubuntu22-d, mtd-zk-2, 0.627519
EXP-LOAD, 2023-07-21T19:32:53.003, ubuntu22-d, mtd-zk-2, 0.660640
EXP-LOAD, 2023-07-21T19:33:02.146, ubuntu22-d, mtd-zk-2, 0.660640
EXP-LOAD, 2023-07-21T19:33:10.319, ubuntu22-d, mtd-zk-2, 0.632911
EXP-LOAD, 2023-07-21T19:33:17.441, ubuntu22-d, mtd-zk-2, 0.632911
EXP-LEAD, 2023-07-21T19:33:19.488, ubuntu22-d, mtd-zk-2, START
EXP-LEAD, 2023-07-21T19:33:28.214, ubuntu22-d, mtd-zk-2, END
EXP-LOAD, 2023-07-21T19:33:29.288, ubuntu22-d, mtd-zk-2, 0.713810
EXP-LOAD, 2023-07-21T19:33:37.679, ubuntu22-d, mtd-zk-2, 0.665013
EXP-LOAD, 2023-07-21T19:33:47.801, ubuntu22-d, mtd-zk-2, 0.665013
EXP-LOAD, 2023-07-21T19:33:55.917, ubuntu22-d, mtd-zk-2, 0.594406
EXP-LOAD, 2023-07-21T19:34:05.170, ubuntu22-d, mtd-zk-2, 0.628513
EXP-LEAD, 2023-07-21T19:34:06.110, ubuntu22-d, mtd-zk-2, START
EXP-LEAD, 2023-07-21T19:34:11.837, ubuntu22-d, mtd-zk-2, END
EXP-LOAD, 2023-07-21T19:34:12.882, ubuntu22-d, mtd-zk-2, 0.628513
EXP-LOAD, 2023-07-21T19:34:28.316, ubuntu22-d, mtd-zk-2, 0.657818
EXP-LOAD, 2023-07-21T19:34:36.447, ubuntu22-d, mtd-zk-2, 0.611439
EXP-LEAD, 2023-07-21T19:34:37.651, ubuntu22-d, mtd-zk-2, START
EXP-LEAD, 2023-07-21T19:34:42.248, ubuntu22-d, mtd-zk-2, END
EXP-LOAD, 2023-07-21T19:34:43.359, ubuntu22-d, mtd-zk-2, 0.611439
EXP-LOAD, 2023-07-21T19:34:54.890, ubuntu22-d, mtd-zk-2, 0.668420
EXP-LEAD, 2023-07-21T19:34:55.925, ubuntu22-d, mtd-zk-2, START
EXP-LEAD, 2023-07-21T19:35:00.449, ubuntu22-d, mtd-zk-2, END
EXP-LOAD, 2023-07-21T19:35:01.535, ubuntu22-d, mtd-zk-2, 0.668420
EXP-LOAD, 2023-07-21T19:35:10.134, ubuntu22-d, mtd-zk-2, 0.635446
EXP-LEAD, 2023-07-21T19:35:11.198, ubuntu22-d, mtd-zk-2, START
EXP-LEAD, 2023-07-21T19:35:17.005, ubuntu22-d, mtd-zk-2, END
EXP-LOAD, 2023-07-21T19:35:18.079, ubuntu22-d, mtd-zk-2, 0.635446
EXP-LEAD, 2023-07-21T19:35:19.321, ubuntu22-d, mtd-zk-2, START
EXP-LEAD, 2023-07-21T19:35:29.998, ubuntu22-d, mtd-zk-2, END
EXP-LOAD, 2023-07-21T19:35:31.072, ubuntu22-d, mtd-zk-2, 0.684822
EXP-LOAD, 2023-07-21T19:35:38.178, ubuntu22-d, mtd-zk-2, 0.671718
EXP-LOAD, 2023-07-21T19:35:45.889, ubuntu22-d, mtd-zk-2, 0.671718
EXP-LOAD, 2023-07-21T19:35:58.434, ubuntu22-d, mtd-zk-2, 0.680612
EXP-LEAD, 2023-07-21T19:36:00.510, ubuntu22-d, mtd-zk-2, START
EXP-LEAD, 2023-07-21T19:36:06.021, ubuntu22-d, mtd-zk-2, END
EXP-LOAD, 2023-07-21T19:36:07.066, ubuntu22-d, mtd-zk-2, 0.660614
EXP-LOAD, 2023-07-21T19:36:15.015, ubuntu22-d, mtd-zk-2, 0.660614
EXP-LEAD, 2023-07-21T19:36:17.606, ubuntu22-d, mtd-zk-2, START
EXP-LEAD, 2023-07-21T19:36:28.292, ubuntu22-d, mtd-zk-2, END
EXP-LOAD, 2023-07-21T19:36:29.356, ubuntu22-d, mtd-zk-2, 0.660219
EXP-LEAD, 2023-07-21T19:36:30.826, ubuntu22-d, mtd-zk-2, START
EXP-LEAD, 2023-07-21T19:36:35.269, ubuntu22-d, mtd-zk-2, END
EXP-LOAD, 2023-07-21T19:36:36.330, ubuntu22-d, mtd-zk-2, 0.642920
EXP-LOAD, 2023-07-21T19:36:42.970, ubuntu22-d, mtd-zk-2, 0.642920
EXP-LEAD, 2023-07-21T19:36:44.998, ubuntu22-d, mtd-zk-2, START
EXP-LEAD, 2023-07-21T19:36:54.648, ubuntu22-d, mtd-zk-2, END
EXP-LOAD, 2023-07-21T19:36:55.722, ubuntu22-d, mtd-zk-2, 0.672421
EXP-LEAD, 2023-07-21T19:36:57.117, ubuntu22-d, mtd-zk-2, START
EXP-LEAD, 2023-07-21T19:37:02.610, ubuntu22-d, mtd-zk-2, END
EXP-LOAD, 2023-07-21T19:37:03.676, ubuntu22-d, mtd-zk-2, 0.672421
EXP-LEAD, 2023-07-21T19:37:05.248, ubuntu22-d, mtd-zk-2, START
EXP-LEAD, 2023-07-21T19:37:10.791, ubuntu22-d, mtd-zk-2, END
EXP-LOAD, 2023-07-21T19:37:11.858, ubuntu22-d, mtd-zk-2, 0.601208
EXP-LOAD, 2023-07-21T19:37:19.441, ubuntu22-d, mtd-zk-2, 0.716719
EXP-LEAD, 2023-07-21T19:37:21.024, ubuntu22-d, mtd-zk-2, START
EXP-LEAD, 2023-07-21T19:37:26.513, ubuntu22-d, mtd-zk-2, END
EXP-LOAD, 2023-07-21T19:37:27.626, ubuntu22-d, mtd-zk-2, 0.716719
EXP-LOAD, 2023-07-21T19:37:39.278, ubuntu22-d, mtd-zk-2, 0.719815
EXP-LOAD, 2023-07-21T19:37:46.436, ubuntu22-d, mtd-zk-2, 0.719815
EXP-LEAD, 2023-07-21T19:37:48.484, ubuntu22-d, mtd-zk-2, START
EXP-LEAD, 2023-07-21T19:37:54.148, ubuntu22-d, mtd-zk-2, END
EXP-LOAD, 2023-07-21T19:37:55.226, ubuntu22-d, mtd-zk-2, 0.618310
EXP-LOAD, 2023-07-21T19:38:07.457, ubuntu22-d, mtd-zk-2, 0.726211
EXP-LOAD, 2023-07-21T19:38:16.130, ubuntu22-d, mtd-zk-2, 0.726211
EXP-LOAD, 2023-07-21T19:38:27.339, ubuntu22-d, mtd-zk-2, 0.621810
EXP-LOAD, 2023-07-21T19:38:35.440, ubuntu22-d, mtd-zk-2, 0.747009
EXP-LOAD, 2023-07-21T19:38:46.358, ubuntu22-d, mtd-zk-2, 0.747009
EXP-LOAD, 2023-07-21T19:38:54.276, ubuntu22-d, mtd-zk-2, 0.677434
EXP-LOAD, 2023-07-21T19:39:02.434, ubuntu22-d, mtd-zk-2, 0.677434
EXP-LOAD, 2023-07-21T19:39:10.209, ubuntu22-d, mtd-zk-2, 0.671430
EXP-LEAD, 2023-07-21T19:39:11.310, ubuntu22-d, mtd-zk-2, START
EXP-LEAD, 2023-07-21T19:39:21.244, ubuntu22-d, mtd-zk-2, END
EXP-LOAD, 2023-07-21T19:39:22.308, ubuntu22-d, mtd-zk-2, 0.656960
EXP-LOAD, 2023-07-21T19:39:30.469, ubuntu22-d, mtd-zk-2, 0.656960
EXP-LOAD, 2023-07-21T19:39:39.596, ubuntu22-d, mtd-zk-2, 0.625002
EXP-LOAD, 2023-07-21T19:39:50.728, ubuntu22-d, mtd-zk-2, 0.644427
EXP-LOAD, 2023-07-21T19:39:57.527, ubuntu22-d, mtd-zk-2, 0.644427
EXP-LEAD, 2023-07-21T19:39:59.573, ubuntu22-d, mtd-zk-2, START
EXP-LEAD, 2023-07-21T19:40:06.266, ubuntu22-d, mtd-zk-2, END
EXP-LOAD, 2023-07-21T19:40:07.386, ubuntu22-d, mtd-zk-2, 0.709050
EXP-LOAD, 2023-07-21T19:40:15.812, ubuntu22-d, mtd-zk-2, 0.709050
EXP-LOAD, 2023-07-21T19:40:27.018, ubuntu22-d, mtd-zk-2, 0.688515
EXP-LEAD, 2023-07-21T19:40:28.080, ubuntu22-d, mtd-zk-2, START
EXP-LEAD, 2023-07-21T19:40:33.616, ubuntu22-d, mtd-zk-2, END
EXP-LOAD, 2023-07-21T19:40:34.655, ubuntu22-d, mtd-zk-2, 0.609612
EXP-LOAD, 2023-07-21T19:40:41.273, ubuntu22-d, mtd-zk-2, 0.609612
EXP-LEAD, 2023-07-21T19:40:43.334, ubuntu22-d, mtd-zk-2, START
EXP-LEAD, 2023-07-21T19:40:51.889, ubuntu22-d, mtd-zk-2, END
EXP-LOAD, 2023-07-21T19:40:52.944, ubuntu22-d, mtd-zk-2, 0.721212
EXP-LOAD, 2023-07-21T19:41:01.492, ubuntu22-d, mtd-zk-2, 0.721212
EXP-LOAD, 2023-07-21T19:41:09.596, ubuntu22-d, mtd-zk-2, 0.641209
EXP-LOAD, 2023-07-21T19:41:17.812, ubuntu22-d, mtd-zk-2, 0.641209
EXP-LOAD, 2023-07-21T19:41:28.942, ubuntu22-d, mtd-zk-2, 0.691314
EXP-LOAD, 2023-07-21T19:41:37.042, ubuntu22-d, mtd-zk-2, 0.581833
EXP-LEAD, 2023-07-21T19:41:38.103, ubuntu22-d, mtd-zk-2, START
EXP-LEAD, 2023-07-21T19:41:43.620, ubuntu22-d, mtd-zk-2, END
EXP-LOAD, 2023-07-21T19:41:44.686, ubuntu22-d, mtd-zk-2, 0.581833
EXP-LEAD, 2023-07-21T19:41:46.215, ubuntu22-d, mtd-zk-2, START
EXP-LEAD, 2023-07-21T19:41:51.770, ubuntu22-d, mtd-zk-2, END
EXP-LOAD, 2023-07-21T19:41:52.805, ubuntu22-d, mtd-zk-2, 0.712120
EXP-LEAD, 2023-07-21T19:41:53.316, ubuntu22-d, mtd-zk-2, START
EXP-LEAD, 2023-07-21T19:42:01.937, ubuntu22-d, mtd-zk-2, END
EXP-LOAD, 2023-07-21T19:42:02.994, ubuntu22-d, mtd-zk-2, 0.712120
EXP-LOAD, 2023-07-21T19:42:12.488, ubuntu22-d, mtd-zk-2, 0.701659
EXP-LOAD, 2023-07-21T19:42:24.646, ubuntu22-d, mtd-zk-2, 0.659812
EXP-LEAD, 2023-07-21T19:42:26.696, ubuntu22-d, mtd-zk-2, START
EXP-LEAD, 2023-07-21T19:42:32.168, ubuntu22-d, mtd-zk-2, END
EXP-LOAD, 2023-07-21T19:42:33.206, ubuntu22-d, mtd-zk-2, 0.659812
EXP-LEAD, 2023-07-21T19:42:33.810, ubuntu22-d, mtd-zk-2, START
EXP-LEAD, 2023-07-21T19:42:42.518, ubuntu22-d, mtd-zk-2, END
EXP-LOAD, 2023-07-21T19:42:43.593, ubuntu22-d, mtd-zk-2, 0.630408
EXP-LEAD, 2023-07-21T19:42:43.942, ubuntu22-d, mtd-zk-2, START
EXP-LEAD, 2023-07-21T19:42:49.442, ubuntu22-d, mtd-zk-2, END
EXP-LOAD, 2023-07-21T19:42:50.480, ubuntu22-d, mtd-zk-2, 0.720915
EXP-LOAD, 2023-07-21T19:43:01.148, ubuntu22-d, mtd-zk-2, 0.720915
EXP-LOAD, 2023-07-21T19:43:09.325, ubuntu22-d, mtd-zk-2, 0.611206
EXP-LOAD, 2023-07-21T19:43:18.489, ubuntu22-d, mtd-zk-2, 0.611206
EXP-LOAD, 2023-07-21T19:43:24.618, ubuntu22-d, mtd-zk-2, 0.593105
EXP-LOAD, 2023-07-21T19:43:34.758, ubuntu22-d, mtd-zk-2, 0.651807
EXP-LOAD, 2023-07-21T19:43:41.899, ubuntu22-d, mtd-zk-2, 0.651807
EXP-LOAD, 2023-07-21T19:43:53.025, ubuntu22-d, mtd-zk-2, 0.663811
EXP-LEAD, 2023-07-21T19:43:56.101, ubuntu22-d, mtd-zk-2, START
EXP-LEAD, 2023-07-21T19:44:01.640, ubuntu22-d, mtd-zk-2, END
EXP-LOAD, 2023-07-21T19:44:02.683, ubuntu22-d, mtd-zk-2, 0.663811
EXP-LOAD, 2023-07-21T19:44:16.328, ubuntu22-d, mtd-zk-2, 0.579282
EXP-LOAD, 2023-07-21T19:44:23.417, ubuntu22-d, mtd-zk-2, 0.597831
EXP-LEAD, 2023-07-21T19:44:24.453, ubuntu22-d, mtd-zk-2, START
EXP-LEAD, 2023-07-21T19:44:29.936, ubuntu22-d, mtd-zk-2, END
EXP-LOAD, 2023-07-21T19:44:30.984, ubuntu22-d, mtd-zk-2, 0.597831
EXP-LEAD, 2023-07-21T19:44:32.039, ubuntu22-d, mtd-zk-2, START
EXP-LEAD, 2023-07-21T19:44:39.792, ubuntu22-d, mtd-zk-2, END
EXP-LOAD, 2023-07-21T19:44:40.855, ubuntu22-d, mtd-zk-2, 0.658605
EXP-LOAD, 2023-07-21T19:44:48.428, ubuntu22-d, mtd-zk-2, 0.658605
EXP-LEAD, 2023-07-21T19:44:49.882, ubuntu22-d, mtd-zk-2, START
EXP-LEAD, 2023-07-21T19:44:55.464, ubuntu22-d, mtd-zk-2, END
EXP-LOAD, 2023-07-21T19:44:56.566, ubuntu22-d, mtd-zk-2, 0.670125
EXP-LOAD, 2023-07-21T19:45:05.110, ubuntu22-d, mtd-zk-2, 0.693014
EXP-LOAD, 2023-07-21T19:45:12.238, ubuntu22-d, mtd-zk-2, 0.693014
EXP-LOAD, 2023-07-21T19:45:29.376, ubuntu22-d, mtd-zk-2, 0.664615
EXP-LOAD, 2023-07-21T19:45:37.413, ubuntu22-d, mtd-zk-2, 0.567403
EXP-LEAD, 2023-07-21T19:45:38.447, ubuntu22-d, mtd-zk-2, START
EXP-LEAD, 2023-07-21T19:45:44.027, ubuntu22-d, mtd-zk-2, END
EXP-LOAD, 2023-07-21T19:45:45.105, ubuntu22-d, mtd-zk-2, 0.567403
EXP-LOAD, 2023-07-21T19:45:55.670, ubuntu22-d, mtd-zk-2, 0.736543
EXP-LOAD, 2023-07-21T19:46:03.793, ubuntu22-d, mtd-zk-2, 0.736543
EXP-LOAD, 2023-07-21T19:46:12.888, ubuntu22-d, mtd-zk-2, 0.587022
EXP-LOAD, 2023-07-21T19:46:20.016, ubuntu22-d, mtd-zk-2, 0.629356
EXP-LEAD, 2023-07-21T19:46:22.027, ubuntu22-d, mtd-zk-2, START
EXP-LEAD, 2023-07-21T19:46:27.508, ubuntu22-d, mtd-zk-2, END
EXP-LOAD, 2023-07-21T19:46:28.557, ubuntu22-d, mtd-zk-2, 0.629356
EXP-LOAD, 2023-07-21T19:46:36.218, ubuntu22-d, mtd-zk-2, 0.609287
EXP-LEAD, 2023-07-21T19:46:39.242, ubuntu22-d, mtd-zk-2, START
EXP-LEAD, 2023-07-21T19:46:47.812, ubuntu22-d, mtd-zk-2, END
EXP-LOAD, 2023-07-21T19:46:48.875, ubuntu22-d, mtd-zk-2, 0.609287
EXP-LEAD, 2023-07-21T19:46:50.352, ubuntu22-d, mtd-zk-2, START
EXP-LEAD, 2023-07-21T19:46:55.856, ubuntu22-d, mtd-zk-2, END
EXP-LOAD, 2023-07-21T19:46:56.906, ubuntu22-d, mtd-zk-2, 0.675023
EXP-LOAD, 2023-07-21T19:47:08.051, ubuntu22-d, mtd-zk-2, 0.643428
EXP-LOAD, 2023-07-21T19:47:16.199, ubuntu22-d, mtd-zk-2, 0.643428
EXP-LOAD, 2023-07-21T19:47:23.378, ubuntu22-d, mtd-zk-2, 0.607507
EXP-LOAD, 2023-07-21T19:47:31.468, ubuntu22-d, mtd-zk-2, 0.607507
EXP-LEAD, 2023-07-21T19:47:32.534, ubuntu22-d, mtd-zk-2, START
EXP-LEAD, 2023-07-21T19:47:41.269, ubuntu22-d, mtd-zk-2, END
EXP-LOAD, 2023-07-21T19:47:42.322, ubuntu22-d, mtd-zk-2, 0.707806
EXP-LEAD, 2023-07-21T19:47:42.655, ubuntu22-d, mtd-zk-2, START
EXP-LEAD, 2023-07-21T19:47:48.241, ubuntu22-d, mtd-zk-2, END
EXP-LOAD, 2023-07-21T19:47:49.310, ubuntu22-d, mtd-zk-2, 0.674317
EXP-LOAD, 2023-07-21T19:47:57.861, ubuntu22-d, mtd-zk-2, 0.674317
EXP-LOAD, 2023-07-21T19:48:06.948, ubuntu22-d, mtd-zk-2, 0.674816
EXP-LEAD, 2023-07-21T19:48:08.976, ubuntu22-d, mtd-zk-2, START
EXP-LEAD, 2023-07-21T19:48:14.570, ubuntu22-d, mtd-zk-2, END
EXP-LOAD, 2023-07-21T19:48:15.672, ubuntu22-d, mtd-zk-2, 0.674816
EXP-LOAD, 2023-07-21T19:48:26.252, ubuntu22-d, mtd-zk-2, 0.687933
EXP-LOAD, 2023-07-21T19:48:33.407, ubuntu22-d, mtd-zk-2, 0.687933
EXP-LOAD, 2023-07-21T19:48:44.582, ubuntu22-d, mtd-zk-2, 0.605016
EXP-LEAD, 2023-07-21T19:48:46.681, ubuntu22-d, mtd-zk-2, START
EXP-LEAD, 2023-07-21T19:48:52.415, ubuntu22-d, mtd-zk-2, END
EXP-LOAD, 2023-07-21T19:48:53.464, ubuntu22-d, mtd-zk-2, 0.690008
EXP-LOAD, 2023-07-21T19:49:02.906, ubuntu22-d, mtd-zk-2, 0.690008
EXP-LEAD, 2023-07-21T19:49:03.951, ubuntu22-d, mtd-zk-2, START
EXP-LEAD, 2023-07-21T19:49:12.533, ubuntu22-d, mtd-zk-2, END
EXP-LOAD, 2023-07-21T19:49:13.604, ubuntu22-d, mtd-zk-2, 0.650390
EXP-LOAD, 2023-07-21T19:49:21.715, ubuntu22-d, mtd-zk-2, 0.611830
EXP-LEAD, 2023-07-21T19:49:22.761, ubuntu22-d, mtd-zk-2, START
EXP-LEAD, 2023-07-21T19:49:30.314, ubuntu22-d, mtd-zk-2, END
EXP-LOAD, 2023-07-21T19:49:31.401, ubuntu22-d, mtd-zk-2, 0.611830
EXP-LEAD, 2023-07-21T19:49:32.883, ubuntu22-d, mtd-zk-2, START
EXP-LEAD, 2023-07-21T19:49:38.466, ubuntu22-d, mtd-zk-2, END
EXP-LOAD, 2023-07-21T19:49:39.509, ubuntu22-d, mtd-zk-2, 0.621820
EXP-LOAD, 2023-07-21T19:49:51.028, ubuntu22-d, mtd-zk-2, 0.620209
EXP-LOAD, 2023-07-21T19:49:59.114, ubuntu22-d, mtd-zk-2, 0.620209
EXP-LEAD, 2023-07-21T19:50:00.177, ubuntu22-d, mtd-zk-2, START
EXP-LEAD, 2023-07-21T19:50:05.890, ubuntu22-d, mtd-zk-2, END
EXP-LOAD, 2023-07-21T19:50:06.991, ubuntu22-d, mtd-zk-2, 0.616242
EXP-LOAD, 2023-07-21T19:50:14.479, ubuntu22-d, mtd-zk-2, 0.616242
EXP-LEAD, 2023-07-21T19:50:15.243, ubuntu22-d, mtd-zk-2, START
EXP-LEAD, 2023-07-21T19:50:20.875, ubuntu22-d, mtd-zk-2, END
EXP-LOAD, 2023-07-21T19:50:21.916, ubuntu22-d, mtd-zk-2, 0.721433
EXP-LOAD, 2023-07-21T19:50:28.399, ubuntu22-d, mtd-zk-2, 0.721433
EXP-LOAD, 2023-07-21T19:50:41.536, ubuntu22-d, mtd-zk-2, 0.701717
EXP-LOAD, 2023-07-21T19:50:49.616, ubuntu22-d, mtd-zk-2, 0.579204
EXP-LOAD, 2023-07-21T19:50:59.749, ubuntu22-d, mtd-zk-2, 0.579204
EXP-LEAD, 2023-07-21T19:51:01.784, ubuntu22-d, mtd-zk-2, START
EXP-LEAD, 2023-07-21T19:51:08.432, ubuntu22-d, mtd-zk-2, END
EXP-LOAD, 2023-07-21T19:51:09.473, ubuntu22-d, mtd-zk-2, 0.617817
EXP-LEAD, 2023-07-21T19:51:11.971, ubuntu22-d, mtd-zk-2, START
EXP-LEAD, 2023-07-21T19:51:17.451, ubuntu22-d, mtd-zk-2, END
EXP-LOAD, 2023-07-21T19:51:18.532, ubuntu22-d, mtd-zk-2, 0.617817
EXP-LOAD, 2023-07-21T19:51:30.176, ubuntu22-d, mtd-zk-2, 0.601671
EXP-LOAD, 2023-07-21T19:51:39.292, ubuntu22-d, mtd-zk-2, 0.623514
EXP-LEAD, 2023-07-21T19:51:40.346, ubuntu22-d, mtd-zk-2, START
EXP-LEAD, 2023-07-21T19:51:45.853, ubuntu22-d, mtd-zk-2, END
EXP-LOAD, 2023-07-21T19:51:46.910, ubuntu22-d, mtd-zk-2, 0.623514
EXP-LOAD, 2023-07-21T19:51:55.629, ubuntu22-d, mtd-zk-2, 0.600227
EXP-LEAD, 2023-07-21T19:51:56.691, ubuntu22-d, mtd-zk-2, START
EXP-LEAD, 2023-07-21T19:52:02.229, ubuntu22-d, mtd-zk-2, END
EXP-LOAD, 2023-07-21T19:52:03.293, ubuntu22-d, mtd-zk-2, 0.600227
EXP-LOAD, 2023-07-21T19:52:17.470, ubuntu22-d, mtd-zk-2, 0.726022
EXP-LOAD, 2023-07-21T19:52:24.561, ubuntu22-d, mtd-zk-2, 0.604606
EXP-LEAD, 2023-07-21T19:52:27.621, ubuntu22-d, mtd-zk-2, START
EXP-LEAD, 2023-07-21T19:52:33.133, ubuntu22-d, mtd-zk-2, END
EXP-LOAD, 2023-07-21T19:52:34.210, ubuntu22-d, mtd-zk-2, 0.678306
EXP-LOAD, 2023-07-21T19:52:42.336, ubuntu22-d, mtd-zk-2, 0.678306
EXP-LOAD, 2023-07-21T19:52:53.476, ubuntu22-d, mtd-zk-2, 0.700638
EXP-LEAD, 2023-07-21T19:52:54.514, ubuntu22-d, mtd-zk-2, START
EXP-LEAD, 2023-07-21T19:53:00.057, ubuntu22-d, mtd-zk-2, END
EXP-LOAD, 2023-07-21T19:53:01.095, ubuntu22-d, mtd-zk-2, 0.700638
EXP-LEAD, 2023-07-21T19:53:02.638, ubuntu22-d, mtd-zk-2, START
EXP-LEAD, 2023-07-21T19:53:10.096, ubuntu22-d, mtd-zk-2, END
EXP-LOAD, 2023-07-21T19:53:11.157, ubuntu22-d, mtd-zk-2, 0.655513
EXP-LEAD, 2023-07-21T19:53:13.797, ubuntu22-d, mtd-zk-2, START
EXP-LEAD, 2023-07-21T19:53:21.447, ubuntu22-d, mtd-zk-2, END
EXP-LOAD, 2023-07-21T19:53:22.509, ubuntu22-d, mtd-zk-2, 0.735408
EXP-LEAD, 2023-07-21T19:53:23.917, ubuntu22-d, mtd-zk-2, START
EXP-LEAD, 2023-07-21T19:53:29.446, ubuntu22-d, mtd-zk-2, END
EXP-LOAD, 2023-07-21T19:53:30.483, ubuntu22-d, mtd-zk-2, 0.735408
EXP-LOAD, 2023-07-21T19:53:40.205, ubuntu22-d, mtd-zk-2, 0.649351
EXP-LOAD, 2023-07-21T19:53:49.088, ubuntu22-d, mtd-zk-2, 0.641617
EXP-LOAD, 2023-07-21T19:54:02.080, ubuntu22-d, mtd-zk-2, 0.641617
EXP-LOAD, 2023-07-21T19:54:11.221, ubuntu22-d, mtd-zk-2, 0.651206
EXP-LOAD, 2023-07-21T19:54:18.349, ubuntu22-d, mtd-zk-2, 0.651206
EXP-LOAD, 2023-07-21T19:54:27.400, ubuntu22-d, mtd-zk-2, 0.646226
EXP-LOAD, 2023-07-21T19:54:36.250, ubuntu22-d, mtd-zk-2, 0.750116
EXP-LOAD, 2023-07-21T19:54:43.363, ubuntu22-d, mtd-zk-2, 0.750116
EXP-LOAD, 2023-07-21T19:54:50.544, ubuntu22-d, mtd-zk-2, 0.624803
EXP-LOAD, 2023-07-21T19:55:02.599, ubuntu22-d, mtd-zk-2, 0.624803
EXP-LOAD, 2023-07-21T19:55:11.758, ubuntu22-d, mtd-zk-2, 0.710509
EXP-LOAD, 2023-07-21T19:55:24.932, ubuntu22-d, mtd-zk-2, 0.661605
EXP-LOAD, 2023-07-21T19:55:32.036, ubuntu22-d, mtd-zk-2, 0.661605
EXP-LEAD, 2023-07-21T19:55:33.072, ubuntu22-d, mtd-zk-2, START
EXP-LEAD, 2023-07-21T19:55:40.617, ubuntu22-d, mtd-zk-2, END
EXP-LOAD, 2023-07-21T19:55:41.709, ubuntu22-d, mtd-zk-2, 0.601461
EXP-LOAD, 2023-07-21T19:55:49.318, ubuntu22-d, mtd-zk-2, 0.652823
EXP-LOAD, 2023-07-21T19:55:58.490, ubuntu22-d, mtd-zk-2, 0.652823
EXP-LOAD, 2023-07-21T19:56:08.584, ubuntu22-d, mtd-zk-2, 0.638310
EXP-LOAD, 2023-07-21T19:56:19.748, ubuntu22-d, mtd-zk-2, 0.650816
EXP-LEAD, 2023-07-21T19:56:20.802, ubuntu22-d, mtd-zk-2, START
EXP-LEAD, 2023-07-21T19:56:26.290, ubuntu22-d, mtd-zk-2, END
EXP-LOAD, 2023-07-21T19:56:27.357, ubuntu22-d, mtd-zk-2, 0.650816
EXP-LEAD, 2023-07-21T19:56:28.399, ubuntu22-d, mtd-zk-2, START
EXP-LEAD, 2023-07-21T19:56:34.012, ubuntu22-d, mtd-zk-2, END
EXP-LOAD, 2023-07-21T19:56:35.082, ubuntu22-d, mtd-zk-2, 0.661010
EXP-LOAD, 2023-07-21T19:56:46.207, ubuntu22-d, mtd-zk-2, 0.661010
EXP-LEAD, 2023-07-21T19:56:48.292, ubuntu22-d, mtd-zk-2, START
EXP-LEAD, 2023-07-21T19:56:52.749, ubuntu22-d, mtd-zk-2, END
EXP-LOAD, 2023-07-21T19:56:53.786, ubuntu22-d, mtd-zk-2, 0.609804
EXP-LEAD, 2023-07-21T19:56:56.396, ubuntu22-d, mtd-zk-2, START
EXP-LEAD, 2023-07-21T19:57:03.910, ubuntu22-d, mtd-zk-2, END
EXP-LOAD, 2023-07-21T19:57:04.991, ubuntu22-d, mtd-zk-2, 0.694804
EXP-LOAD, 2023-07-21T19:57:14.653, ubuntu22-d, mtd-zk-2, 0.694804
EXP-LOAD, 2023-07-21T19:57:24.758, ubuntu22-d, mtd-zk-2, 0.643410
EXP-LEAD, 2023-07-21T19:57:25.791, ubuntu22-d, mtd-zk-2, START
EXP-LEAD, 2023-07-21T19:57:31.325, ubuntu22-d, mtd-zk-2, END
EXP-LOAD, 2023-07-21T19:57:32.356, ubuntu22-d, mtd-zk-2, 0.643410
EXP-LOAD, 2023-07-21T19:57:40.958, ubuntu22-d, mtd-zk-2, 0.645016
EXP-LOAD, 2023-07-21T19:57:48.069, ubuntu22-d, mtd-zk-2, 0.645016
EXP-LOAD, 2023-07-21T19:57:57.886, ubuntu22-d, mtd-zk-2, 0.647209
EXP-LOAD, 2023-07-21T19:58:05.894, ubuntu22-d, mtd-zk-2, 0.678297
EXP-LOAD, 2023-07-21T19:58:17.136, ubuntu22-d, mtd-zk-2, 0.678297
EXP-LOAD, 2023-07-21T19:58:25.254, ubuntu22-d, mtd-zk-2, 0.591828
EXP-LEAD, 2023-07-21T19:58:26.335, ubuntu22-d, mtd-zk-2, START
EXP-LEAD, 2023-07-21T19:58:31.858, ubuntu22-d, mtd-zk-2, END
EXP-LOAD, 2023-07-21T19:58:32.942, ubuntu22-d, mtd-zk-2, 0.591828
EXP-LEAD, 2023-07-21T19:58:34.440, ubuntu22-d, mtd-zk-2, START
EXP-LEAD, 2023-07-21T19:58:41.948, ubuntu22-d, mtd-zk-2, END
EXP-LOAD, 2023-07-21T19:58:43.025, ubuntu22-d, mtd-zk-2, 0.655817
EXP-LOAD, 2023-07-21T19:58:51.170, ubuntu22-d, mtd-zk-2, 0.616627
EXP-LOAD, 2023-07-21T19:59:02.307, ubuntu22-d, mtd-zk-2, 0.616627
EXP-LEAD, 2023-07-21T19:59:03.344, ubuntu22-d, mtd-zk-2, START
EXP-LEAD, 2023-07-21T19:59:08.833, ubuntu22-d, mtd-zk-2, END
EXP-LOAD, 2023-07-21T19:59:09.899, ubuntu22-d, mtd-zk-2, 0.621430
EXP-LOAD, 2023-07-21T19:59:17.575, ubuntu22-d, mtd-zk-2, 0.621430
EXP-LOAD, 2023-07-21T19:59:25.677, ubuntu22-d, mtd-zk-2, 0.689606
EXP-LEAD, 2023-07-21T19:59:27.373, ubuntu22-d, mtd-zk-2, START
EXP-LEAD, 2023-07-21T19:59:36.064, ubuntu22-d, mtd-zk-2, END
EXP-LOAD, 2023-07-21T19:59:37.163, ubuntu22-d, mtd-zk-2, 0.685308
EXP-LEAD, 2023-07-21T19:59:38.624, ubuntu22-d, mtd-zk-2, START
EXP-LEAD, 2023-07-21T19:59:38.675, ubuntu22-d, mtd-zk-2, END
