EXP-LOAD, 2023-07-19T09:28:16.368, ubuntu22-b, mtd-zk-1, 0.519827
EXP-LOAD, 2023-07-19T09:28:28.005, ubuntu22-b, mtd-zk-1, 0.626208
EXP-LOAD, 2023-07-19T09:28:37.151, ubuntu22-b, mtd-zk-1, 0.719609
EXP-LOAD, 2023-07-19T09:28:45.513, ubuntu22-b, mtd-zk-1, 0.719609
EXP-LOAD, 2023-07-19T09:28:56.876, ubuntu22-b, mtd-zk-1, 0.646925
EXP-LOAD, 2023-07-19T09:29:05.167, ubuntu22-b, mtd-zk-1, 0.703815
EXP-LOAD, 2023-07-19T09:29:14.885, ubuntu22-b, mtd-zk-1, 0.703815
EXP-LOAD, 2023-07-19T09:29:23.262, ubuntu22-b, mtd-zk-1, 0.684707
EXP-LOAD, 2023-07-19T09:29:33.346, ubuntu22-b, mtd-zk-1, 0.684707
EXP-LOAD, 2023-07-19T09:29:42.510, ubuntu22-b, mtd-zk-1, 0.695009
EXP-LOAD, 2023-07-19T09:29:53.715, ubuntu22-b, mtd-zk-1, 0.694821
EXP-LOAD, 2023-07-19T09:30:02.897, ubuntu22-b, mtd-zk-1, 0.694821
EXP-LOAD, 2023-07-19T09:30:11.132, ubuntu22-b, mtd-zk-1, 0.649402
EXP-LOAD, 2023-07-19T09:30:21.325, ubuntu22-b, mtd-zk-1, 0.673612
EXP-LOAD, 2023-07-19T09:30:29.534, ubuntu22-b, mtd-zk-1, 0.673612
EXP-LOAD, 2023-07-19T09:30:39.796, ubuntu22-b, mtd-zk-1, 0.621808
EXP-LOAD, 2023-07-19T09:30:49.969, ubuntu22-b, mtd-zk-1, 0.676510
EXP-LOAD, 2023-07-19T09:30:57.181, ubuntu22-b, mtd-zk-1, 0.676510
EXP-LOAD, 2023-07-19T09:31:08.357, ubuntu22-b, mtd-zk-1, 0.557462
EXP-LOAD, 2023-07-19T09:31:16.544, ubuntu22-b, mtd-zk-1, 0.557462
EXP-LOAD, 2023-07-19T09:31:23.804, ubuntu22-b, mtd-zk-1, 0.703624
EXP-LOAD, 2023-07-19T09:31:33.263, ubuntu22-b, mtd-zk-1, 0.703624
EXP-LOAD, 2023-07-19T09:31:42.313, ubuntu22-b, mtd-zk-1, 0.744200
EXP-LOAD, 2023-07-19T09:31:51.455, ubuntu22-b, mtd-zk-1, 0.658807
EXP-LOAD, 2023-07-19T09:32:01.107, ubuntu22-b, mtd-zk-1, 0.658807
EXP-LOAD, 2023-07-19T09:32:08.284, ubuntu22-b, mtd-zk-1, 0.674831
EXP-LOAD, 2023-07-19T09:32:16.526, ubuntu22-b, mtd-zk-1, 0.674831
EXP-LOAD, 2023-07-19T09:32:27.172, ubuntu22-b, mtd-zk-1, 0.665715
EXP-LOAD, 2023-07-19T09:32:36.324, ubuntu22-b, mtd-zk-1, 0.675822
EXP-LOAD, 2023-07-19T09:32:47.493, ubuntu22-b, mtd-zk-1, 0.675822
EXP-LOAD, 2023-07-19T09:32:55.610, ubuntu22-b, mtd-zk-1, 0.680505
EXP-LOAD, 2023-07-19T09:33:05.310, ubuntu22-b, mtd-zk-1, 0.636608
EXP-LOAD, 2023-07-19T09:33:11.993, ubuntu22-b, mtd-zk-1, 0.636608
EXP-LOAD, 2023-07-19T09:33:23.275, ubuntu22-b, mtd-zk-1, 0.706312
EXP-LOAD, 2023-07-19T09:33:31.415, ubuntu22-b, mtd-zk-1, 0.706312
EXP-LOAD, 2023-07-19T09:33:38.608, ubuntu22-b, mtd-zk-1, 0.670811
EXP-LOAD, 2023-07-19T09:33:47.817, ubuntu22-b, mtd-zk-1, 0.670811
EXP-LOAD, 2023-07-19T09:33:55.322, ubuntu22-b, mtd-zk-1, 0.675418
EXP-LOAD, 2023-07-19T09:34:07.463, ubuntu22-b, mtd-zk-1, 0.687225
EXP-LOAD, 2023-07-19T09:34:14.593, ubuntu22-b, mtd-zk-1, 0.687225
EXP-LOAD, 2023-07-19T09:34:25.825, ubuntu22-b, mtd-zk-1, 0.694311
EXP-LOAD, 2023-07-19T09:34:34.539, ubuntu22-b, mtd-zk-1, 0.681819
EXP-LOAD, 2023-07-19T09:34:44.731, ubuntu22-b, mtd-zk-1, 0.681819
EXP-LOAD, 2023-07-19T09:34:52.019, ubuntu22-b, mtd-zk-1, 0.675216
EXP-LOAD, 2023-07-19T09:35:00.569, ubuntu22-b, mtd-zk-1, 0.675216
EXP-LOAD, 2023-07-19T09:35:07.734, ubuntu22-b, mtd-zk-1, 0.668805
EXP-LOAD, 2023-07-19T09:35:18.896, ubuntu22-b, mtd-zk-1, 0.668805
EXP-LOAD, 2023-07-19T09:35:27.051, ubuntu22-b, mtd-zk-1, 0.648221
EXP-LOAD, 2023-07-19T09:35:36.457, ubuntu22-b, mtd-zk-1, 0.644560
EXP-LOAD, 2023-07-19T09:35:48.505, ubuntu22-b, mtd-zk-1, 0.644560
EXP-LOAD, 2023-07-19T09:35:54.604, ubuntu22-b, mtd-zk-1, 0.660916
EXP-LOAD, 2023-07-19T09:36:04.142, ubuntu22-b, mtd-zk-1, 0.730416
EXP-LOAD, 2023-07-19T09:36:11.696, ubuntu22-b, mtd-zk-1, 0.730416
EXP-LOAD, 2023-07-19T09:36:20.854, ubuntu22-b, mtd-zk-1, 0.692535
EXP-LOAD, 2023-07-19T09:36:27.214, ubuntu22-b, mtd-zk-1, 0.692535
EXP-LOAD, 2023-07-19T09:36:33.806, ubuntu22-b, mtd-zk-1, 0.692535
EXP-LOAD, 2023-07-19T09:36:41.915, ubuntu22-b, mtd-zk-1, 0.687010
EXP-LOAD, 2023-07-19T09:36:49.042, ubuntu22-b, mtd-zk-1, 0.687010
EXP-LOAD, 2023-07-19T09:36:59.182, ubuntu22-b, mtd-zk-1, 0.649603
EXP-LOAD, 2023-07-19T09:37:06.321, ubuntu22-b, mtd-zk-1, 0.662216
EXP-LOAD, 2023-07-19T09:37:14.449, ubuntu22-b, mtd-zk-1, 0.662216
EXP-LOAD, 2023-07-19T09:37:26.075, ubuntu22-b, mtd-zk-1, 0.649409
EXP-LOAD, 2023-07-19T09:37:34.223, ubuntu22-b, mtd-zk-1, 0.707017
EXP-LOAD, 2023-07-19T09:37:45.441, ubuntu22-b, mtd-zk-1, 0.707017
EXP-LOAD, 2023-07-19T09:37:51.637, ubuntu22-b, mtd-zk-1, 0.719634
EXP-LOAD, 2023-07-19T09:38:02.738, ubuntu22-b, mtd-zk-1, 0.719634
EXP-LOAD, 2023-07-19T09:38:09.847, ubuntu22-b, mtd-zk-1, 0.662779
EXP-LOAD, 2023-07-19T09:38:18.442, ubuntu22-b, mtd-zk-1, 0.662779
EXP-LOAD, 2023-07-19T09:38:26.694, ubuntu22-b, mtd-zk-1, 0.609215
EXP-LOAD, 2023-07-19T09:38:37.995, ubuntu22-b, mtd-zk-1, 0.661110
EXP-LOAD, 2023-07-19T09:38:46.122, ubuntu22-b, mtd-zk-1, 0.661110
EXP-LOAD, 2023-07-19T09:38:57.396, ubuntu22-b, mtd-zk-1, 0.716807
EXP-LOAD, 2023-07-19T09:39:04.420, ubuntu22-b, mtd-zk-1, 0.680509
EXP-LOAD, 2023-07-19T09:39:16.673, ubuntu22-b, mtd-zk-1, 0.680509
EXP-LOAD, 2023-07-19T09:39:24.442, ubuntu22-b, mtd-zk-1, 0.698414
EXP-LOAD, 2023-07-19T09:39:34.608, ubuntu22-b, mtd-zk-1, 0.690515
EXP-LOAD, 2023-07-19T09:39:46.773, ubuntu22-b, mtd-zk-1, 0.690515
EXP-LOAD, 2023-07-19T09:39:56.540, ubuntu22-b, mtd-zk-1, 0.668630
EXP-LOAD, 2023-07-19T09:40:03.694, ubuntu22-b, mtd-zk-1, 0.668630
EXP-LOAD, 2023-07-19T09:40:17.827, ubuntu22-b, mtd-zk-1, 0.634414
EXP-LOAD, 2023-07-19T09:40:23.938, ubuntu22-b, mtd-zk-1, 0.691221
EXP-LOAD, 2023-07-19T09:40:33.057, ubuntu22-b, mtd-zk-1, 0.691221
EXP-LOAD, 2023-07-19T09:40:41.221, ubuntu22-b, mtd-zk-1, 0.618677
EXP-LOAD, 2023-07-19T09:40:51.362, ubuntu22-b, mtd-zk-1, 0.656602
EXP-LOAD, 2023-07-19T09:40:59.571, ubuntu22-b, mtd-zk-1, 0.656602
EXP-LOAD, 2023-07-19T09:41:06.755, ubuntu22-b, mtd-zk-1, 0.676310
EXP-LOAD, 2023-07-19T09:41:17.225, ubuntu22-b, mtd-zk-1, 0.676310
EXP-LOAD, 2023-07-19T09:41:25.350, ubuntu22-b, mtd-zk-1, 0.667003
EXP-LOAD, 2023-07-19T09:41:36.516, ubuntu22-b, mtd-zk-1, 0.622514
EXP-LOAD, 2023-07-19T09:41:42.754, ubuntu22-b, mtd-zk-1, 0.622514
EXP-LOAD, 2023-07-19T09:41:51.765, ubuntu22-b, mtd-zk-1, 0.646216
EXP-LOAD, 2023-07-19T09:41:59.864, ubuntu22-b, mtd-zk-1, 0.646216
EXP-LOAD, 2023-07-19T09:42:07.025, ubuntu22-b, mtd-zk-1, 0.631913
EXP-LOAD, 2023-07-19T09:42:16.681, ubuntu22-b, mtd-zk-1, 0.631913
EXP-LOAD, 2023-07-19T09:42:24.851, ubuntu22-b, mtd-zk-1, 0.652411
EXP-LOAD, 2023-07-19T09:42:35.004, ubuntu22-b, mtd-zk-1, 0.676932
EXP-LOAD, 2023-07-19T09:42:45.079, ubuntu22-b, mtd-zk-1, 0.676932
EXP-LOAD, 2023-07-19T09:42:52.246, ubuntu22-b, mtd-zk-1, 0.690206
EXP-LOAD, 2023-07-19T09:43:00.740, ubuntu22-b, mtd-zk-1, 0.690206
EXP-LOAD, 2023-07-19T09:43:09.880, ubuntu22-b, mtd-zk-1, 0.668911
EXP-LOAD, 2023-07-19T09:43:19.017, ubuntu22-b, mtd-zk-1, 0.668911
EXP-LOAD, 2023-07-19T09:43:27.129, ubuntu22-b, mtd-zk-1, 0.701807
EXP-LOAD, 2023-07-19T09:43:36.284, ubuntu22-b, mtd-zk-1, 0.646787
EXP-LOAD, 2023-07-19T09:43:44.415, ubuntu22-b, mtd-zk-1, 0.646787
EXP-LOAD, 2023-07-19T09:43:51.511, ubuntu22-b, mtd-zk-1, 0.680811
EXP-LOAD, 2023-07-19T09:44:00.165, ubuntu22-b, mtd-zk-1, 0.680811
EXP-LOAD, 2023-07-19T09:44:07.302, ubuntu22-b, mtd-zk-1, 0.619306
EXP-LOAD, 2023-07-19T09:44:19.500, ubuntu22-b, mtd-zk-1, 0.637803
EXP-LOAD, 2023-07-19T09:44:27.629, ubuntu22-b, mtd-zk-1, 0.637803
EXP-LOAD, 2023-07-19T09:44:36.743, ubuntu22-b, mtd-zk-1, 0.654138
EXP-LOAD, 2023-07-19T09:44:48.888, ubuntu22-b, mtd-zk-1, 0.654138
EXP-LOAD, 2023-07-19T09:44:56.049, ubuntu22-b, mtd-zk-1, 0.665404
EXP-LOAD, 2023-07-19T09:45:07.292, ubuntu22-b, mtd-zk-1, 0.670613
EXP-LOAD, 2023-07-19T09:45:13.410, ubuntu22-b, mtd-zk-1, 0.670613
EXP-LOAD, 2023-07-19T09:45:23.544, ubuntu22-b, mtd-zk-1, 0.627216
EXP-LOAD, 2023-07-19T09:45:31.297, ubuntu22-b, mtd-zk-1, 0.627216
EXP-LOAD, 2023-07-19T09:45:40.490, ubuntu22-b, mtd-zk-1, 0.677064
EXP-LOAD, 2023-07-19T09:45:51.696, ubuntu22-b, mtd-zk-1, 0.698026
EXP-LOAD, 2023-07-19T09:45:58.826, ubuntu22-b, mtd-zk-1, 0.698026
EXP-LOAD, 2023-07-19T09:46:09.922, ubuntu22-b, mtd-zk-1, 0.702624
EXP-LOAD, 2023-07-19T09:46:19.045, ubuntu22-b, mtd-zk-1, 0.659429
EXP-LOAD, 2023-07-19T09:46:27.184, ubuntu22-b, mtd-zk-1, 0.659429
EXP-LOAD, 2023-07-19T09:46:35.333, ubuntu22-b, mtd-zk-1, 0.621925
EXP-LOAD, 2023-07-19T09:46:48.440, ubuntu22-b, mtd-zk-1, 0.621925
EXP-LOAD, 2023-07-19T09:46:54.595, ubuntu22-b, mtd-zk-1, 0.648213
EXP-LOAD, 2023-07-19T09:47:02.725, ubuntu22-b, mtd-zk-1, 0.648213
EXP-LOAD, 2023-07-19T09:47:12.209, ubuntu22-b, mtd-zk-1, 0.672723
EXP-LOAD, 2023-07-19T09:47:20.852, ubuntu22-b, mtd-zk-1, 0.699019
EXP-LOAD, 2023-07-19T09:47:31.011, ubuntu22-b, mtd-zk-1, 0.699019
EXP-LOAD, 2023-07-19T09:47:40.135, ubuntu22-b, mtd-zk-1, 0.621725
EXP-LOAD, 2023-07-19T09:47:50.312, ubuntu22-b, mtd-zk-1, 0.645851
EXP-LOAD, 2023-07-19T09:47:58.443, ubuntu22-b, mtd-zk-1, 0.645851
EXP-LOAD, 2023-07-19T09:48:07.575, ubuntu22-b, mtd-zk-1, 0.737138
EXP-LOAD, 2023-07-19T09:48:16.736, ubuntu22-b, mtd-zk-1, 0.737138
EXP-LOAD, 2023-07-19T09:48:24.370, ubuntu22-b, mtd-zk-1, 0.657035
EXP-LOAD, 2023-07-19T09:48:37.561, ubuntu22-b, mtd-zk-1, 0.682322
EXP-LOAD, 2023-07-19T09:48:44.724, ubuntu22-b, mtd-zk-1, 0.682322
EXP-LOAD, 2023-07-19T09:48:53.859, ubuntu22-b, mtd-zk-1, 0.632226
EXP-LOAD, 2023-07-19T09:49:03.966, ubuntu22-b, mtd-zk-1, 0.632226
EXP-LOAD, 2023-07-19T09:49:12.089, ubuntu22-b, mtd-zk-1, 0.702537
EXP-LOAD, 2023-07-19T09:49:25.282, ubuntu22-b, mtd-zk-1, 0.722444
EXP-LOAD, 2023-07-19T09:49:32.408, ubuntu22-b, mtd-zk-1, 0.722444
EXP-LOAD, 2023-07-19T09:49:40.520, ubuntu22-b, mtd-zk-1, 0.654126
EXP-LOAD, 2023-07-19T09:49:47.671, ubuntu22-b, mtd-zk-1, 0.654126
EXP-LOAD, 2023-07-19T09:49:58.837, ubuntu22-b, mtd-zk-1, 0.629618
EXP-LOAD, 2023-07-19T09:50:08.968, ubuntu22-b, mtd-zk-1, 0.613276
EXP-LOAD, 2023-07-19T09:50:19.118, ubuntu22-b, mtd-zk-1, 0.673135
EXP-LOAD, 2023-07-19T09:50:27.268, ubuntu22-b, mtd-zk-1, 0.673135
EXP-LOAD, 2023-07-19T09:50:36.926, ubuntu22-b, mtd-zk-1, 0.664821
EXP-LOAD, 2023-07-19T09:50:46.485, ubuntu22-b, mtd-zk-1, 0.664821
EXP-LOAD, 2023-07-19T09:50:57.626, ubuntu22-b, mtd-zk-1, 0.667530
EXP-LOAD, 2023-07-19T09:51:04.736, ubuntu22-b, mtd-zk-1, 0.716861
EXP-LOAD, 2023-07-19T09:51:16.875, ubuntu22-b, mtd-zk-1, 0.716861
EXP-LOAD, 2023-07-19T09:51:25.135, ubuntu22-b, mtd-zk-1, 0.697625
EXP-LOAD, 2023-07-19T09:51:34.285, ubuntu22-b, mtd-zk-1, 0.661434
EXP-LOAD, 2023-07-19T09:51:43.497, ubuntu22-b, mtd-zk-1, 0.661434
EXP-LOAD, 2023-07-19T09:51:52.691, ubuntu22-b, mtd-zk-1, 0.687435
EXP-LOAD, 2023-07-19T09:51:59.824, ubuntu22-b, mtd-zk-1, 0.687435
EXP-LOAD, 2023-07-19T09:52:10.458, ubuntu22-b, mtd-zk-1, 0.709809
EXP-LOAD, 2023-07-19T09:52:18.557, ubuntu22-b, mtd-zk-1, 0.709809
EXP-LOAD, 2023-07-19T09:52:30.712, ubuntu22-b, mtd-zk-1, 0.681261
EXP-LOAD, 2023-07-19T09:52:37.867, ubuntu22-b, mtd-zk-1, 0.722451
EXP-LOAD, 2023-07-19T09:52:44.914, ubuntu22-b, mtd-zk-1, 0.722451
EXP-LOAD, 2023-07-19T09:52:52.050, ubuntu22-b, mtd-zk-1, 0.651734
EXP-LOAD, 2023-07-19T09:52:59.580, ubuntu22-b, mtd-zk-1, 0.651734
EXP-LOAD, 2023-07-19T09:53:12.748, ubuntu22-b, mtd-zk-1, 0.630827
EXP-LOAD, 2023-07-19T09:53:19.870, ubuntu22-b, mtd-zk-1, 0.683125
EXP-LOAD, 2023-07-19T09:53:26.992, ubuntu22-b, mtd-zk-1, 0.683125
EXP-LOAD, 2023-07-19T09:53:36.131, ubuntu22-b, mtd-zk-1, 0.654472
EXP-LOAD, 2023-07-19T09:53:43.241, ubuntu22-b, mtd-zk-1, 0.654472
EXP-LOAD, 2023-07-19T09:53:50.885, ubuntu22-b, mtd-zk-1, 0.626225
EXP-LOAD, 2023-07-19T09:54:01.010, ubuntu22-b, mtd-zk-1, 0.626225
EXP-LOAD, 2023-07-19T09:54:09.126, ubuntu22-b, mtd-zk-1, 0.642627
EXP-LOAD, 2023-07-19T09:54:19.301, ubuntu22-b, mtd-zk-1, 0.695026
EXP-LOAD, 2023-07-19T09:54:26.411, ubuntu22-b, mtd-zk-1, 0.695026
EXP-LOAD, 2023-07-19T09:54:34.559, ubuntu22-b, mtd-zk-1, 0.605624
EXP-LOAD, 2023-07-19T09:54:44.710, ubuntu22-b, mtd-zk-1, 0.605624
EXP-LOAD, 2023-07-19T09:54:54.322, ubuntu22-b, mtd-zk-1, 0.701923
EXP-LOAD, 2023-07-19T09:55:06.542, ubuntu22-b, mtd-zk-1, 0.642633
EXP-LOAD, 2023-07-19T09:55:12.761, ubuntu22-b, mtd-zk-1, 0.642633
EXP-LOAD, 2023-07-19T09:55:25.484, ubuntu22-b, mtd-zk-1, 0.650918
EXP-LOAD, 2023-07-19T09:55:33.265, ubuntu22-b, mtd-zk-1, 0.650918
EXP-LOAD, 2023-07-19T09:55:41.824, ubuntu22-b, mtd-zk-1, 0.752447
EXP-LOAD, 2023-07-19T09:55:53.351, ubuntu22-b, mtd-zk-1, 0.670016
EXP-LOAD, 2023-07-19T09:56:02.139, ubuntu22-b, mtd-zk-1, 0.670016
EXP-LOAD, 2023-07-19T09:56:12.247, ubuntu22-b, mtd-zk-1, 0.676620
EXP-LOAD, 2023-07-19T09:56:22.361, ubuntu22-b, mtd-zk-1, 0.673670
EXP-LOAD, 2023-07-19T09:56:32.966, ubuntu22-b, mtd-zk-1, 0.673670
EXP-LOAD, 2023-07-19T09:56:41.092, ubuntu22-b, mtd-zk-1, 0.706452
EXP-LOAD, 2023-07-19T09:56:51.283, ubuntu22-b, mtd-zk-1, 0.695330
EXP-LOAD, 2023-07-19T09:56:59.414, ubuntu22-b, mtd-zk-1, 0.695330
EXP-LOAD, 2023-07-19T09:57:11.588, ubuntu22-b, mtd-zk-1, 0.674086
EXP-LOAD, 2023-07-19T09:57:19.735, ubuntu22-b, mtd-zk-1, 0.707369
EXP-LOAD, 2023-07-19T09:57:26.870, ubuntu22-b, mtd-zk-1, 0.707369
EXP-LOAD, 2023-07-19T09:57:38.470, ubuntu22-b, mtd-zk-1, 0.666657
EXP-LOAD, 2023-07-19T09:57:44.585, ubuntu22-b, mtd-zk-1, 0.666657
EXP-LOAD, 2023-07-19T09:57:51.342, ubuntu22-b, mtd-zk-1, 0.665538
EXP-LOAD, 2023-07-19T09:58:00.471, ubuntu22-b, mtd-zk-1, 0.665538
EXP-LOAD, 2023-07-19T09:58:05.596, ubuntu22-b, mtd-zk-1, 0.670216
EXP-LOAD, 2023-07-19T09:58:13.815, ubuntu22-b, mtd-zk-1, 0.670216
EXP-LOAD, 2023-07-19T09:58:22.057, ubuntu22-b, mtd-zk-1, 0.642213
EXP-LOAD, 2023-07-19T09:58:32.353, ubuntu22-b, mtd-zk-1, 0.642213
EXP-LOAD, 2023-07-19T09:58:40.533, ubuntu22-b, mtd-zk-1, 0.662823
EXP-LOAD, 2023-07-19T09:58:51.664, ubuntu22-b, mtd-zk-1, 0.680748
EXP-LOAD, 2023-07-19T09:58:57.835, ubuntu22-b, mtd-zk-1, 0.680748
EXP-LOAD, 2023-07-19T09:59:09.945, ubuntu22-b, mtd-zk-1, 0.652856
EXP-LOAD, 2023-07-19T09:59:17.090, ubuntu22-b, mtd-zk-1, 0.652856
EXP-LOAD, 2023-07-19T09:59:27.245, ubuntu22-b, mtd-zk-1, 0.682042
EXP-LOAD, 2023-07-19T09:59:37.418, ubuntu22-b, mtd-zk-1, 0.677028
EXP-LOAD, 2023-07-19T09:59:45.557, ubuntu22-b, mtd-zk-1, 0.677028
EXP-LOAD, 2023-07-19T09:59:54.136, ubuntu22-b, mtd-zk-1, 0.681847
EXP-LOAD, 2023-07-19T10:00:03.374, ubuntu22-b, mtd-zk-1, 0.681847
EXP-LOAD, 2023-07-19T10:00:12.110, ubuntu22-b, mtd-zk-1, 0.660624
EXP-LOAD, 2023-07-19T10:00:20.211, ubuntu22-b, mtd-zk-1, 0.644241
EXP-LOAD, 2023-07-19T10:00:32.315, ubuntu22-b, mtd-zk-1, 0.644241
EXP-LOAD, 2023-07-19T10:00:40.410, ubuntu22-b, mtd-zk-1, 0.661648
EXP-LOAD, 2023-07-19T10:00:47.557, ubuntu22-b, mtd-zk-1, 0.661648
EXP-LOAD, 2023-07-19T10:00:59.375, ubuntu22-b, mtd-zk-1, 0.618030
EXP-LOAD, 2023-07-19T10:01:05.496, ubuntu22-b, mtd-zk-1, 0.661444
EXP-LOAD, 2023-07-19T10:01:16.024, ubuntu22-b, mtd-zk-1, 0.661444
EXP-LOAD, 2023-07-19T10:01:26.169, ubuntu22-b, mtd-zk-1, 0.699452
EXP-LOAD, 2023-07-19T10:01:37.325, ubuntu22-b, mtd-zk-1, 0.676457
EXP-LOAD, 2023-07-19T10:01:44.413, ubuntu22-b, mtd-zk-1, 0.676457
EXP-LOAD, 2023-07-19T10:01:54.557, ubuntu22-b, mtd-zk-1, 0.716232
EXP-LOAD, 2023-07-19T10:02:03.646, ubuntu22-b, mtd-zk-1, 0.716232
EXP-LOAD, 2023-07-19T10:02:10.774, ubuntu22-b, mtd-zk-1, 0.664909
EXP-LOAD, 2023-07-19T10:02:20.370, ubuntu22-b, mtd-zk-1, 0.670020
EXP-LOAD, 2023-07-19T10:02:31.479, ubuntu22-b, mtd-zk-1, 0.670020
EXP-LOAD, 2023-07-19T10:02:40.614, ubuntu22-b, mtd-zk-1, 0.676742
EXP-LOAD, 2023-07-19T10:02:49.738, ubuntu22-b, mtd-zk-1, 0.691216
EXP-LOAD, 2023-07-19T10:02:56.874, ubuntu22-b, mtd-zk-1, 0.691216
EXP-LOAD, 2023-07-19T10:03:05.980, ubuntu22-b, mtd-zk-1, 0.709027
EXP-LOAD, 2023-07-19T10:03:18.082, ubuntu22-b, mtd-zk-1, 0.709027
EXP-LOAD, 2023-07-19T10:03:26.207, ubuntu22-b, mtd-zk-1, 0.627443
EXP-LOAD, 2023-07-19T10:03:33.314, ubuntu22-b, mtd-zk-1, 0.627443
EXP-LOAD, 2023-07-19T10:03:41.963, ubuntu22-b, mtd-zk-1, 0.618308
EXP-LOAD, 2023-07-19T10:03:47.111, ubuntu22-b, mtd-zk-1, 0.618308
EXP-LOAD, 2023-07-19T10:03:59.219, ubuntu22-b, mtd-zk-1, 0.691815
EXP-LOAD, 2023-07-19T10:04:06.368, ubuntu22-b, mtd-zk-1, 0.665626
EXP-LOAD, 2023-07-19T10:04:16.053, ubuntu22-b, mtd-zk-1, 0.665626
EXP-LOAD, 2023-07-19T10:04:24.231, ubuntu22-b, mtd-zk-1, 0.685439
EXP-LOAD, 2023-07-19T10:04:31.313, ubuntu22-b, mtd-zk-1, 0.685439
EXP-LOAD, 2023-07-19T10:04:39.466, ubuntu22-b, mtd-zk-1, 0.676429
EXP-LOAD, 2023-07-19T10:04:49.601, ubuntu22-b, mtd-zk-1, 0.691846
EXP-LOAD, 2023-07-19T10:04:57.736, ubuntu22-b, mtd-zk-1, 0.691846
EXP-LOAD, 2023-07-19T10:05:14.919, ubuntu22-b, mtd-zk-1, 0.677649
EXP-LOAD, 2023-07-19T10:05:26.023, ubuntu22-b, mtd-zk-1, 0.569228
EXP-LEAD, 2023-07-19T10:05:28.102, ubuntu22-b, mtd-zk-1, START
EXP-LEAD, 2023-07-19T10:05:35.423, ubuntu22-b, mtd-zk-1, END
EXP-LOAD, 2023-07-19T10:05:36.566, ubuntu22-b, mtd-zk-1, 0.711748
EXP-LOAD, 2023-07-19T10:05:48.340, ubuntu22-b, mtd-zk-1, 0.711748
EXP-LOAD, 2023-07-19T10:05:55.540, ubuntu22-b, mtd-zk-1, 0.706621
EXP-LOAD, 2023-07-19T10:06:03.037, ubuntu22-b, mtd-zk-1, 0.706621
EXP-LOAD, 2023-07-19T10:06:12.184, ubuntu22-b, mtd-zk-1, 0.662989
EXP-LOAD, 2023-07-19T10:06:22.062, ubuntu22-b, mtd-zk-1, 0.682465
EXP-LOAD, 2023-07-19T10:06:31.206, ubuntu22-b, mtd-zk-1, 0.682465
EXP-LOAD, 2023-07-19T10:06:39.340, ubuntu22-b, mtd-zk-1, 0.692661
EXP-LOAD, 2023-07-19T10:06:51.922, ubuntu22-b, mtd-zk-1, 0.697629
EXP-LOAD, 2023-07-19T10:06:58.989, ubuntu22-b, mtd-zk-1, 0.697629
EXP-LOAD, 2023-07-19T10:07:07.581, ubuntu22-b, mtd-zk-1, 0.716926
EXP-LOAD, 2023-07-19T10:07:17.749, ubuntu22-b, mtd-zk-1, 0.716926
EXP-LOAD, 2023-07-19T10:07:24.862, ubuntu22-b, mtd-zk-1, 0.638846
EXP-LOAD, 2023-07-19T10:07:32.975, ubuntu22-b, mtd-zk-1, 0.638846
EXP-LOAD, 2023-07-19T10:07:47.301, ubuntu22-b, mtd-zk-1, 0.698350
EXP-LOAD, 2023-07-19T10:07:55.362, ubuntu22-b, mtd-zk-1, 0.711071
EXP-LOAD, 2023-07-19T10:08:09.734, ubuntu22-b, mtd-zk-1, 0.704693
EXP-LOAD, 2023-07-19T10:08:19.772, ubuntu22-b, mtd-zk-1, 0.683632
EXP-LOAD, 2023-07-19T10:08:26.893, ubuntu22-b, mtd-zk-1, 0.683632
EXP-LOAD, 2023-07-19T10:08:36.047, ubuntu22-b, mtd-zk-1, 0.656836
EXP-LOAD, 2023-07-19T10:08:45.114, ubuntu22-b, mtd-zk-1, 0.656836
EXP-LOAD, 2023-07-19T10:08:56.239, ubuntu22-b, mtd-zk-1, 0.652637
EXP-LOAD, 2023-07-19T10:09:02.488, ubuntu22-b, mtd-zk-1, 0.652637
EXP-LOAD, 2023-07-19T10:09:14.619, ubuntu22-b, mtd-zk-1, 0.681127
EXP-LOAD, 2023-07-19T10:09:22.720, ubuntu22-b, mtd-zk-1, 0.742085
EXP-LOAD, 2023-07-19T10:09:30.846, ubuntu22-b, mtd-zk-1, 0.742085
EXP-LOAD, 2023-07-19T10:09:41.538, ubuntu22-b, mtd-zk-1, 0.679620
EXP-LOAD, 2023-07-19T10:09:48.194, ubuntu22-b, mtd-zk-1, 0.679620
EXP-LOAD, 2023-07-19T10:09:56.422, ubuntu22-b, mtd-zk-1, 0.685214
EXP-LOAD, 2023-07-19T10:10:07.262, ubuntu22-b, mtd-zk-1, 0.702531
EXP-LOAD, 2023-07-19T10:10:16.093, ubuntu22-b, mtd-zk-1, 0.702531
EXP-LOAD, 2023-07-19T10:10:23.334, ubuntu22-b, mtd-zk-1, 0.647660
EXP-LOAD, 2023-07-19T10:10:30.435, ubuntu22-b, mtd-zk-1, 0.647660
EXP-LOAD, 2023-07-19T10:10:40.578, ubuntu22-b, mtd-zk-1, 0.632130
EXP-LOAD, 2023-07-19T10:10:47.722, ubuntu22-b, mtd-zk-1, 0.632130
EXP-LOAD, 2023-07-19T10:10:59.840, ubuntu22-b, mtd-zk-1, 0.714829
EXP-LOAD, 2023-07-19T10:11:07.533, ubuntu22-b, mtd-zk-1, 0.705849
EXP-LOAD, 2023-07-19T10:11:14.485, ubuntu22-b, mtd-zk-1, 0.705849
EXP-LOAD, 2023-07-19T10:11:20.983, ubuntu22-b, mtd-zk-1, 0.674607
EXP-LOAD, 2023-07-19T10:11:28.533, ubuntu22-b, mtd-zk-1, 0.674607
EXP-LOAD, 2023-07-19T10:11:37.827, ubuntu22-b, mtd-zk-1, 0.684317
EXP-LOAD, 2023-07-19T10:11:49.879, ubuntu22-b, mtd-zk-1, 0.673603
EXP-LOAD, 2023-07-19T10:11:57.080, ubuntu22-b, mtd-zk-1, 0.673603
EXP-LOAD, 2023-07-19T10:12:07.193, ubuntu22-b, mtd-zk-1, 0.669936
EXP-LOAD, 2023-07-19T10:12:18.389, ubuntu22-b, mtd-zk-1, 0.669936
EXP-LOAD, 2023-07-19T10:12:26.600, ubuntu22-b, mtd-zk-1, 0.699016
EXP-LOAD, 2023-07-19T10:12:37.095, ubuntu22-b, mtd-zk-1, 0.685939
EXP-LOAD, 2023-07-19T10:12:45.226, ubuntu22-b, mtd-zk-1, 0.685939
EXP-LOAD, 2023-07-19T10:12:56.411, ubuntu22-b, mtd-zk-1, 0.601847
EXP-LOAD, 2023-07-19T10:13:04.524, ubuntu22-b, mtd-zk-1, 0.738824
EXP-LOAD, 2023-07-19T10:13:13.804, ubuntu22-b, mtd-zk-1, 0.738824
EXP-LOAD, 2023-07-19T10:13:22.877, ubuntu22-b, mtd-zk-1, 0.669919
EXP-LOAD, 2023-07-19T10:13:30.035, ubuntu22-b, mtd-zk-1, 0.669919
EXP-LOAD, 2023-07-19T10:13:41.198, ubuntu22-b, mtd-zk-1, 0.635410
EXP-LOAD, 2023-07-19T10:13:50.300, ubuntu22-b, mtd-zk-1, 0.665313
EXP-LOAD, 2023-07-19T10:13:57.430, ubuntu22-b, mtd-zk-1, 0.665313
EXP-LOAD, 2023-07-19T10:14:04.524, ubuntu22-b, mtd-zk-1, 0.638229
EXP-LOAD, 2023-07-19T10:14:12.180, ubuntu22-b, mtd-zk-1, 0.638229
EXP-LOAD, 2023-07-19T10:14:25.018, ubuntu22-b, mtd-zk-1, 0.676615
EXP-LOAD, 2023-07-19T10:14:32.131, ubuntu22-b, mtd-zk-1, 0.676615
EXP-LOAD, 2023-07-19T10:14:40.172, ubuntu22-b, mtd-zk-1, 0.738211
EXP-LOAD, 2023-07-19T10:14:50.295, ubuntu22-b, mtd-zk-1, 0.653444
EXP-LOAD, 2023-07-19T10:14:57.433, ubuntu22-b, mtd-zk-1, 0.653444
EXP-LOAD, 2023-07-19T10:15:05.021, ubuntu22-b, mtd-zk-1, 0.630220
EXP-LOAD, 2023-07-19T10:15:13.159, ubuntu22-b, mtd-zk-1, 0.630220
EXP-LOAD, 2023-07-19T10:15:20.275, ubuntu22-b, mtd-zk-1, 0.667328
EXP-LOAD, 2023-07-19T10:15:31.426, ubuntu22-b, mtd-zk-1, 0.667328
EXP-LOAD, 2023-07-19T10:15:39.532, ubuntu22-b, mtd-zk-1, 0.675653
EXP-LOAD, 2023-07-19T10:15:50.658, ubuntu22-b, mtd-zk-1, 0.688456
EXP-LOAD, 2023-07-19T10:15:57.793, ubuntu22-b, mtd-zk-1, 0.688456
EXP-LOAD, 2023-07-19T10:16:05.900, ubuntu22-b, mtd-zk-1, 0.671622
EXP-LOAD, 2023-07-19T10:16:16.024, ubuntu22-b, mtd-zk-1, 0.671622
EXP-LOAD, 2023-07-19T10:16:24.128, ubuntu22-b, mtd-zk-1, 0.698316
EXP-LOAD, 2023-07-19T10:16:35.238, ubuntu22-b, mtd-zk-1, 0.668424
EXP-LOAD, 2023-07-19T10:16:44.958, ubuntu22-b, mtd-zk-1, 0.668424
EXP-LOAD, 2023-07-19T10:16:55.065, ubuntu22-b, mtd-zk-1, 0.666118
EXP-LOAD, 2023-07-19T10:17:01.212, ubuntu22-b, mtd-zk-1, 0.666118
EXP-LOAD, 2023-07-19T10:17:09.841, ubuntu22-b, mtd-zk-1, 0.680615
EXP-LOAD, 2023-07-19T10:17:25.195, ubuntu22-b, mtd-zk-1, 0.638702
EXP-LOAD, 2023-07-19T10:17:33.081, ubuntu22-b, mtd-zk-1, 0.638702
EXP-LOAD, 2023-07-19T10:17:42.863, ubuntu22-b, mtd-zk-1, 0.782203
EXP-LOAD, 2023-07-19T10:17:50.998, ubuntu22-b, mtd-zk-1, 0.695125
EXP-LOAD, 2023-07-19T10:17:58.126, ubuntu22-b, mtd-zk-1, 0.695125
EXP-LOAD, 2023-07-19T10:18:07.283, ubuntu22-b, mtd-zk-1, 0.647206
EXP-LOAD, 2023-07-19T10:18:17.409, ubuntu22-b, mtd-zk-1, 0.647206
EXP-LOAD, 2023-07-19T10:18:25.093, ubuntu22-b, mtd-zk-1, 0.650808
EXP-LOAD, 2023-07-19T10:18:32.216, ubuntu22-b, mtd-zk-1, 0.650808
EXP-LOAD, 2023-07-19T10:18:37.861, ubuntu22-b, mtd-zk-1, 0.719804
EXP-LOAD, 2023-07-19T10:18:47.988, ubuntu22-b, mtd-zk-1, 0.719804
EXP-LOAD, 2023-07-19T10:18:55.090, ubuntu22-b, mtd-zk-1, 0.687235
EXP-LOAD, 2023-07-19T10:19:05.386, ubuntu22-b, mtd-zk-1, 0.711637
EXP-LOAD, 2023-07-19T10:19:14.399, ubuntu22-b, mtd-zk-1, 0.711637
EXP-LOAD, 2023-07-19T10:19:22.546, ubuntu22-b, mtd-zk-1, 0.703313
EXP-LOAD, 2023-07-19T10:19:35.925, ubuntu22-b, mtd-zk-1, 0.656005
EXP-LOAD, 2023-07-19T10:19:45.021, ubuntu22-b, mtd-zk-1, 0.656005
EXP-LOAD, 2023-07-19T10:19:53.229, ubuntu22-b, mtd-zk-1, 0.688405
EXP-LOAD, 2023-07-19T10:20:03.305, ubuntu22-b, mtd-zk-1, 0.688405
EXP-LOAD, 2023-07-19T10:20:12.607, ubuntu22-b, mtd-zk-1, 0.717222
EXP-LOAD, 2023-07-19T10:20:19.571, ubuntu22-b, mtd-zk-1, 0.705548
EXP-LOAD, 2023-07-19T10:20:29.212, ubuntu22-b, mtd-zk-1, 0.705548
EXP-LOAD, 2023-07-19T10:20:37.358, ubuntu22-b, mtd-zk-1, 0.737267
EXP-LOAD, 2023-07-19T10:20:47.467, ubuntu22-b, mtd-zk-1, 0.737267
EXP-LOAD, 2023-07-19T10:20:53.613, ubuntu22-b, mtd-zk-1, 0.698523
EXP-LOAD, 2023-07-19T10:21:00.714, ubuntu22-b, mtd-zk-1, 0.698523
EXP-LOAD, 2023-07-19T10:21:08.229, ubuntu22-b, mtd-zk-1, 0.589474
EXP-LOAD, 2023-07-19T10:21:17.757, ubuntu22-b, mtd-zk-1, 0.589474
EXP-LOAD, 2023-07-19T10:21:23.795, ubuntu22-b, mtd-zk-1, 0.663410
EXP-LOAD, 2023-07-19T10:21:32.353, ubuntu22-b, mtd-zk-1, 0.663410
EXP-LOAD, 2023-07-19T10:21:40.462, ubuntu22-b, mtd-zk-1, 0.695815
EXP-LOAD, 2023-07-19T10:21:46.617, ubuntu22-b, mtd-zk-1, 0.695815
EXP-LOAD, 2023-07-19T10:21:57.841, ubuntu22-b, mtd-zk-1, 0.650018
EXP-LOAD, 2023-07-19T10:22:06.073, ubuntu22-b, mtd-zk-1, 0.667216
EXP-LOAD, 2023-07-19T10:22:14.192, ubuntu22-b, mtd-zk-1, 0.667216
EXP-LOAD, 2023-07-19T10:22:23.301, ubuntu22-b, mtd-zk-1, 0.633616
EXP-LOAD, 2023-07-19T10:22:31.397, ubuntu22-b, mtd-zk-1, 0.633616
EXP-LOAD, 2023-07-19T10:22:41.606, ubuntu22-b, mtd-zk-1, 0.681215
EXP-LOAD, 2023-07-19T10:22:48.680, ubuntu22-b, mtd-zk-1, 0.681215
EXP-LOAD, 2023-07-19T10:22:56.325, ubuntu22-b, mtd-zk-1, 0.709012
EXP-LOAD, 2023-07-19T10:23:04.442, ubuntu22-b, mtd-zk-1, 0.674239
EXP-LOAD, 2023-07-19T10:23:14.595, ubuntu22-b, mtd-zk-1, 0.674239
EXP-LOAD, 2023-07-19T10:23:22.702, ubuntu22-b, mtd-zk-1, 0.689528
EXP-LOAD, 2023-07-19T10:23:33.801, ubuntu22-b, mtd-zk-1, 0.689528
EXP-LOAD, 2023-07-19T10:23:42.054, ubuntu22-b, mtd-zk-1, 0.654825
EXP-LOAD, 2023-07-19T10:23:53.081, ubuntu22-b, mtd-zk-1, 0.656606
EXP-LOAD, 2023-07-19T10:24:01.180, ubuntu22-b, mtd-zk-1, 0.656606
EXP-LOAD, 2023-07-19T10:24:10.297, ubuntu22-b, mtd-zk-1, 0.682969
EXP-LOAD, 2023-07-19T10:24:17.408, ubuntu22-b, mtd-zk-1, 0.682969
EXP-LOAD, 2023-07-19T10:24:26.554, ubuntu22-b, mtd-zk-1, 0.693043
EXP-LOAD, 2023-07-19T10:24:33.841, ubuntu22-b, mtd-zk-1, 0.693043
EXP-LOAD, 2023-07-19T10:24:46.908, ubuntu22-b, mtd-zk-1, 0.657811
EXP-LOAD, 2023-07-19T10:24:55.039, ubuntu22-b, mtd-zk-1, 0.678228
EXP-LOAD, 2023-07-19T10:25:05.169, ubuntu22-b, mtd-zk-1, 0.806239
EXP-LOAD, 2023-07-19T10:25:14.297, ubuntu22-b, mtd-zk-1, 0.806239
EXP-LOAD, 2023-07-19T10:25:22.442, ubuntu22-b, mtd-zk-1, 0.698434
EXP-LOAD, 2023-07-19T10:25:29.528, ubuntu22-b, mtd-zk-1, 0.698434
EXP-LOAD, 2023-07-19T10:25:38.649, ubuntu22-b, mtd-zk-1, 0.622620
EXP-LOAD, 2023-07-19T10:25:46.936, ubuntu22-b, mtd-zk-1, 0.622620
EXP-LOAD, 2023-07-19T10:25:58.078, ubuntu22-b, mtd-zk-1, 0.706835
EXP-LOAD, 2023-07-19T10:26:05.222, ubuntu22-b, mtd-zk-1, 0.696421
EXP-LOAD, 2023-07-19T10:26:13.314, ubuntu22-b, mtd-zk-1, 0.696421
EXP-LOAD, 2023-07-19T10:26:21.398, ubuntu22-b, mtd-zk-1, 0.642013
EXP-LOAD, 2023-07-19T10:26:27.521, ubuntu22-b, mtd-zk-1, 0.642013
EXP-LOAD, 2023-07-19T10:26:38.665, ubuntu22-b, mtd-zk-1, 0.622709
EXP-LOAD, 2023-07-19T10:26:48.170, ubuntu22-b, mtd-zk-1, 0.622709
EXP-LOAD, 2023-07-19T10:26:56.336, ubuntu22-b, mtd-zk-1, 0.645853
EXP-LOAD, 2023-07-19T10:27:05.805, ubuntu22-b, mtd-zk-1, 0.706721
EXP-LOAD, 2023-07-19T10:27:13.913, ubuntu22-b, mtd-zk-1, 0.706721
EXP-LOAD, 2023-07-19T10:27:23.032, ubuntu22-b, mtd-zk-1, 0.771206
EXP-LOAD, 2023-07-19T10:27:32.145, ubuntu22-b, mtd-zk-1, 0.771206
EXP-LOAD, 2023-07-19T10:27:41.289, ubuntu22-b, mtd-zk-1, 0.698450
EXP-LOAD, 2023-07-19T10:27:48.405, ubuntu22-b, mtd-zk-1, 0.698450
EXP-LOAD, 2023-07-19T10:27:58.547, ubuntu22-b, mtd-zk-1, 0.683936
EXP-LOAD, 2023-07-19T10:28:05.645, ubuntu22-b, mtd-zk-1, 0.777635
EXP-LOAD, 2023-07-19T10:28:12.789, ubuntu22-b, mtd-zk-1, 0.777635
EXP-LOAD, 2023-07-19T10:28:19.882, ubuntu22-b, mtd-zk-1, 0.741423
EXP-LOAD, 2023-07-19T10:28:26.117, ubuntu22-b, mtd-zk-1, 0.741423
