EXP-LOAD, 2023-07-21T16:54:19.147, ubuntu22-b, mtd-zk-1, 0.569910
EXP-LEAD, 2023-07-21T16:54:21.377, ubuntu22-b, mtd-zk-1, START
EXP-LEAD, 2023-07-21T16:54:28.001, ubuntu22-b, mtd-zk-1, END
EXP-LOAD, 2023-07-21T16:54:29.107, ubuntu22-b, mtd-zk-1, 0.583007
EXP-LEAD, 2023-07-21T16:54:30.684, ubuntu22-b, mtd-zk-1, START
EXP-LEAD, 2023-07-21T16:54:38.960, ubuntu22-b, mtd-zk-1, END
EXP-LOAD, 2023-07-21T16:54:40.058, ubuntu22-b, mtd-zk-1, 0.817402
EXP-LOAD, 2023-07-21T16:54:51.156, ubuntu22-b, mtd-zk-1, 0.685245
EXP-LOAD, 2023-07-21T16:55:01.465, ubuntu22-b, mtd-zk-1, 0.685245
EXP-LOAD, 2023-07-21T16:55:09.683, ubuntu22-b, mtd-zk-1, 0.678410
EXP-LOAD, 2023-07-21T16:55:21.940, ubuntu22-b, mtd-zk-1, 0.616412
EXP-LEAD, 2023-07-21T16:55:25.148, ubuntu22-b, mtd-zk-1, START
EXP-LEAD, 2023-07-21T16:55:29.945, ubuntu22-b, mtd-zk-1, END
EXP-LOAD, 2023-07-21T16:55:31.058, ubuntu22-b, mtd-zk-1, 0.616412
EXP-LEAD, 2023-07-21T16:55:32.357, ubuntu22-b, mtd-zk-1, START
EXP-LEAD, 2023-07-21T16:55:40.204, ubuntu22-b, mtd-zk-1, END
EXP-LOAD, 2023-07-21T16:55:41.296, ubuntu22-b, mtd-zk-1, 0.722410
EXP-LOAD, 2023-07-21T16:55:51.871, ubuntu22-b, mtd-zk-1, 0.708907
EXP-LOAD, 2023-07-21T16:56:01.061, ubuntu22-b, mtd-zk-1, 0.708907
EXP-LOAD, 2023-07-21T16:56:08.337, ubuntu22-b, mtd-zk-1, 0.643040
EXP-LEAD, 2023-07-21T16:56:10.398, ubuntu22-b, mtd-zk-1, START
EXP-LEAD, 2023-07-21T16:56:15.300, ubuntu22-b, mtd-zk-1, END
EXP-LOAD, 2023-07-21T16:56:16.413, ubuntu22-b, mtd-zk-1, 0.643040
EXP-LOAD, 2023-07-21T16:56:27.841, ubuntu22-b, mtd-zk-1, 0.720318
EXP-LOAD, 2023-07-21T16:56:36.950, ubuntu22-b, mtd-zk-1, 0.662832
EXP-LOAD, 2023-07-21T16:56:46.134, ubuntu22-b, mtd-zk-1, 0.662832
EXP-LOAD, 2023-07-21T16:56:55.273, ubuntu22-b, mtd-zk-1, 0.674822
EXP-LOAD, 2023-07-21T16:57:05.262, ubuntu22-b, mtd-zk-1, 0.655819
EXP-LOAD, 2023-07-21T16:57:11.648, ubuntu22-b, mtd-zk-1, 0.655819
EXP-LEAD, 2023-07-21T16:57:13.713, ubuntu22-b, mtd-zk-1, START
EXP-LEAD, 2023-07-21T16:57:19.440, ubuntu22-b, mtd-zk-1, END
EXP-LOAD, 2023-07-21T16:57:20.565, ubuntu22-b, mtd-zk-1, 0.754821
EXP-LOAD, 2023-07-21T16:57:31.951, ubuntu22-b, mtd-zk-1, 0.754821
EXP-LOAD, 2023-07-21T16:57:41.206, ubuntu22-b, mtd-zk-1, 0.649837
EXP-LEAD, 2023-07-21T16:57:42.330, ubuntu22-b, mtd-zk-1, START
EXP-LEAD, 2023-07-21T16:57:50.136, ubuntu22-b, mtd-zk-1, END
EXP-LOAD, 2023-07-21T16:57:51.222, ubuntu22-b, mtd-zk-1, 0.666520
EXP-LOAD, 2023-07-21T16:57:57.585, ubuntu22-b, mtd-zk-1, 0.666520
EXP-LOAD, 2023-07-21T16:58:09.723, ubuntu22-b, mtd-zk-1, 0.640420
EXP-LOAD, 2023-07-21T16:58:17.932, ubuntu22-b, mtd-zk-1, 0.640420
EXP-LEAD, 2023-07-21T16:58:18.996, ubuntu22-b, mtd-zk-1, START
EXP-LEAD, 2023-07-21T16:58:24.770, ubuntu22-b, mtd-zk-1, END
EXP-LOAD, 2023-07-21T16:58:25.824, ubuntu22-b, mtd-zk-1, 0.676016
EXP-LOAD, 2023-07-21T16:58:34.247, ubuntu22-b, mtd-zk-1, 0.715805
EXP-LEAD, 2023-07-21T16:58:35.334, ubuntu22-b, mtd-zk-1, START
EXP-LEAD, 2023-07-21T16:58:44.176, ubuntu22-b, mtd-zk-1, END
EXP-LOAD, 2023-07-21T16:58:45.246, ubuntu22-b, mtd-zk-1, 0.715805
EXP-LEAD, 2023-07-21T16:58:46.335, ubuntu22-b, mtd-zk-1, START
EXP-LEAD, 2023-07-21T16:58:53.419, ubuntu22-b, mtd-zk-1, END
EXP-LOAD, 2023-07-21T16:58:54.478, ubuntu22-b, mtd-zk-1, 0.650815
EXP-LOAD, 2023-07-21T16:59:00.640, ubuntu22-b, mtd-zk-1, 0.650815
EXP-LOAD, 2023-07-21T16:59:08.837, ubuntu22-b, mtd-zk-1, 0.668204
EXP-LOAD, 2023-07-21T16:59:18.018, ubuntu22-b, mtd-zk-1, 0.668204
EXP-LEAD, 2023-07-21T16:59:19.087, ubuntu22-b, mtd-zk-1, START
EXP-LEAD, 2023-07-21T16:59:23.772, ubuntu22-b, mtd-zk-1, END
EXP-LOAD, 2023-07-21T16:59:24.821, ubuntu22-b, mtd-zk-1, 0.656114
EXP-LEAD, 2023-07-21T16:59:25.884, ubuntu22-b, mtd-zk-1, START
EXP-LEAD, 2023-07-21T16:59:34.825, ubuntu22-b, mtd-zk-1, END
EXP-LOAD, 2023-07-21T16:59:35.923, ubuntu22-b, mtd-zk-1, 0.701469
EXP-LOAD, 2023-07-21T16:59:45.095, ubuntu22-b, mtd-zk-1, 0.701469
EXP-LOAD, 2023-07-21T16:59:54.271, ubuntu22-b, mtd-zk-1, 0.653067
EXP-LOAD, 2023-07-21T17:00:01.391, ubuntu22-b, mtd-zk-1, 0.653067
EXP-LOAD, 2023-07-21T17:00:12.530, ubuntu22-b, mtd-zk-1, 0.673631
EXP-LEAD, 2023-07-21T17:00:13.583, ubuntu22-b, mtd-zk-1, START
EXP-LEAD, 2023-07-21T17:00:19.329, ubuntu22-b, mtd-zk-1, END
EXP-LOAD, 2023-07-21T17:00:20.371, ubuntu22-b, mtd-zk-1, 0.701837
EXP-LEAD, 2023-07-21T17:00:22.776, ubuntu22-b, mtd-zk-1, START
EXP-LEAD, 2023-07-21T17:00:28.766, ubuntu22-b, mtd-zk-1, END
EXP-LOAD, 2023-07-21T17:00:29.823, ubuntu22-b, mtd-zk-1, 0.701837
EXP-LEAD, 2023-07-21T17:00:30.948, ubuntu22-b, mtd-zk-1, START
EXP-LEAD, 2023-07-21T17:00:38.715, ubuntu22-b, mtd-zk-1, END
EXP-LOAD, 2023-07-21T17:00:39.773, ubuntu22-b, mtd-zk-1, 0.684024
EXP-LOAD, 2023-07-21T17:00:47.001, ubuntu22-b, mtd-zk-1, 0.684024
EXP-LOAD, 2023-07-21T17:00:56.058, ubuntu22-b, mtd-zk-1, 0.667020
EXP-LOAD, 2023-07-21T17:01:07.291, ubuntu22-b, mtd-zk-1, 0.592550
EXP-LEAD, 2023-07-21T17:01:08.354, ubuntu22-b, mtd-zk-1, START
EXP-LEAD, 2023-07-21T17:01:14.071, ubuntu22-b, mtd-zk-1, END
EXP-LOAD, 2023-07-21T17:01:15.147, ubuntu22-b, mtd-zk-1, 0.592550
EXP-LOAD, 2023-07-21T17:01:24.560, ubuntu22-b, mtd-zk-1, 0.663518
EXP-LOAD, 2023-07-21T17:01:33.723, ubuntu22-b, mtd-zk-1, 0.663518
EXP-LOAD, 2023-07-21T17:01:44.019, ubuntu22-b, mtd-zk-1, 0.738606
EXP-LOAD, 2023-07-21T17:01:51.953, ubuntu22-b, mtd-zk-1, 0.685920
EXP-LOAD, 2023-07-21T17:02:03.074, ubuntu22-b, mtd-zk-1, 0.685920
EXP-LOAD, 2023-07-21T17:02:13.261, ubuntu22-b, mtd-zk-1, 0.676607
EXP-LOAD, 2023-07-21T17:02:21.439, ubuntu22-b, mtd-zk-1, 0.665412
EXP-LOAD, 2023-07-21T17:02:28.649, ubuntu22-b, mtd-zk-1, 0.665412
EXP-LOAD, 2023-07-21T17:02:37.827, ubuntu22-b, mtd-zk-1, 0.658636
EXP-LOAD, 2023-07-21T17:02:48.967, ubuntu22-b, mtd-zk-1, 0.658636
EXP-LOAD, 2023-07-21T17:02:58.116, ubuntu22-b, mtd-zk-1, 0.693524
EXP-LOAD, 2023-07-21T17:03:06.271, ubuntu22-b, mtd-zk-1, 0.698604
EXP-LOAD, 2023-07-21T17:03:16.405, ubuntu22-b, mtd-zk-1, 0.698604
EXP-LOAD, 2023-07-21T17:03:23.519, ubuntu22-b, mtd-zk-1, 0.659268
EXP-LEAD, 2023-07-21T17:03:26.588, ubuntu22-b, mtd-zk-1, START
EXP-LEAD, 2023-07-21T17:03:33.377, ubuntu22-b, mtd-zk-1, END
EXP-LOAD, 2023-07-21T17:03:34.460, ubuntu22-b, mtd-zk-1, 0.705821
EXP-LOAD, 2023-07-21T17:03:42.779, ubuntu22-b, mtd-zk-1, 0.705821
EXP-LEAD, 2023-07-21T17:03:44.860, ubuntu22-b, mtd-zk-1, START
EXP-LEAD, 2023-07-21T17:03:52.931, ubuntu22-b, mtd-zk-1, END
EXP-LOAD, 2023-07-21T17:03:54.004, ubuntu22-b, mtd-zk-1, 0.745106
EXP-LOAD, 2023-07-21T17:04:02.141, ubuntu22-b, mtd-zk-1, 0.745106
EXP-LOAD, 2023-07-21T17:04:10.295, ubuntu22-b, mtd-zk-1, 0.671810
EXP-LOAD, 2023-07-21T17:04:19.410, ubuntu22-b, mtd-zk-1, 0.674109
EXP-LOAD, 2023-07-21T17:04:30.644, ubuntu22-b, mtd-zk-1, 0.674109
EXP-LOAD, 2023-07-21T17:04:38.763, ubuntu22-b, mtd-zk-1, 0.735224
EXP-LOAD, 2023-07-21T17:04:45.977, ubuntu22-b, mtd-zk-1, 0.735224
EXP-LOAD, 2023-07-21T17:04:57.219, ubuntu22-b, mtd-zk-1, 0.699604
EXP-LOAD, 2023-07-21T17:05:05.365, ubuntu22-b, mtd-zk-1, 0.684269
EXP-LOAD, 2023-07-21T17:05:13.477, ubuntu22-b, mtd-zk-1, 0.684269
EXP-LEAD, 2023-07-21T17:05:15.539, ubuntu22-b, mtd-zk-1, START
EXP-LEAD, 2023-07-21T17:05:21.274, ubuntu22-b, mtd-zk-1, END
EXP-LOAD, 2023-07-21T17:05:22.325, ubuntu22-b, mtd-zk-1, 0.672709
EXP-LEAD, 2023-07-21T17:05:24.396, ubuntu22-b, mtd-zk-1, START
EXP-LEAD, 2023-07-21T17:05:33.032, ubuntu22-b, mtd-zk-1, END
EXP-LOAD, 2023-07-21T17:05:34.124, ubuntu22-b, mtd-zk-1, 0.658611
EXP-LOAD, 2023-07-21T17:05:40.587, ubuntu22-b, mtd-zk-1, 0.658611
EXP-LOAD, 2023-07-21T17:05:47.847, ubuntu22-b, mtd-zk-1, 0.658611
EXP-LOAD, 2023-07-21T17:05:58.624, ubuntu22-b, mtd-zk-1, 0.663619
EXP-LOAD, 2023-07-21T17:06:06.700, ubuntu22-b, mtd-zk-1, 0.668498
EXP-LOAD, 2023-07-21T17:06:13.867, ubuntu22-b, mtd-zk-1, 0.668498
EXP-LOAD, 2023-07-21T17:06:25.979, ubuntu22-b, mtd-zk-1, 0.665442
EXP-LEAD, 2023-07-21T17:06:27.023, ubuntu22-b, mtd-zk-1, START
EXP-LEAD, 2023-07-21T17:06:32.592, ubuntu22-b, mtd-zk-1, END
EXP-LOAD, 2023-07-21T17:06:33.663, ubuntu22-b, mtd-zk-1, 0.665442
EXP-LEAD, 2023-07-21T17:06:35.186, ubuntu22-b, mtd-zk-1, START
EXP-LEAD, 2023-07-21T17:06:40.724, ubuntu22-b, mtd-zk-1, END
EXP-LOAD, 2023-07-21T17:06:41.781, ubuntu22-b, mtd-zk-1, 0.687721
EXP-LEAD, 2023-07-21T17:06:43.305, ubuntu22-b, mtd-zk-1, START
EXP-LEAD, 2023-07-21T17:06:52.995, ubuntu22-b, mtd-zk-1, END
EXP-LOAD, 2023-07-21T17:06:54.050, ubuntu22-b, mtd-zk-1, 0.684431
EXP-LEAD, 2023-07-21T17:06:55.542, ubuntu22-b, mtd-zk-1, START
EXP-LEAD, 2023-07-21T17:07:01.040, ubuntu22-b, mtd-zk-1, END
EXP-LOAD, 2023-07-21T17:07:02.121, ubuntu22-b, mtd-zk-1, 0.684431
EXP-LEAD, 2023-07-21T17:07:04.675, ubuntu22-b, mtd-zk-1, START
EXP-LEAD, 2023-07-21T17:07:11.270, ubuntu22-b, mtd-zk-1, END
EXP-LOAD, 2023-07-21T17:07:12.319, ubuntu22-b, mtd-zk-1, 0.698830
EXP-LOAD, 2023-07-21T17:07:21.014, ubuntu22-b, mtd-zk-1, 0.739215
EXP-LOAD, 2023-07-21T17:07:30.771, ubuntu22-b, mtd-zk-1, 0.739215
EXP-LOAD, 2023-07-21T17:07:40.891, ubuntu22-b, mtd-zk-1, 0.689107
EXP-LOAD, 2023-07-21T17:07:50.140, ubuntu22-b, mtd-zk-1, 0.554186
EXP-LEAD, 2023-07-21T17:07:52.200, ubuntu22-b, mtd-zk-1, START
EXP-LEAD, 2023-07-21T17:07:57.845, ubuntu22-b, mtd-zk-1, END
EXP-LOAD, 2023-07-21T17:07:58.921, ubuntu22-b, mtd-zk-1, 0.554186
EXP-LEAD, 2023-07-21T17:08:00.330, ubuntu22-b, mtd-zk-1, START
EXP-LEAD, 2023-07-21T17:08:08.234, ubuntu22-b, mtd-zk-1, END
EXP-LOAD, 2023-07-21T17:08:09.278, ubuntu22-b, mtd-zk-1, 0.724446
EXP-LOAD, 2023-07-21T17:08:16.546, ubuntu22-b, mtd-zk-1, 0.724446
EXP-LOAD, 2023-07-21T17:08:27.668, ubuntu22-b, mtd-zk-1, 0.732625
EXP-LOAD, 2023-07-21T17:08:34.841, ubuntu22-b, mtd-zk-1, 0.659517
EXP-LOAD, 2023-07-21T17:08:46.069, ubuntu22-b, mtd-zk-1, 0.659517
EXP-LOAD, 2023-07-21T17:08:56.159, ubuntu22-b, mtd-zk-1, 0.707021
EXP-LOAD, 2023-07-21T17:09:06.454, ubuntu22-b, mtd-zk-1, 0.687008
EXP-LOAD, 2023-07-21T17:09:14.556, ubuntu22-b, mtd-zk-1, 0.687008
EXP-LOAD, 2023-07-21T17:09:24.691, ubuntu22-b, mtd-zk-1, 0.700216
EXP-LOAD, 2023-07-21T17:09:32.827, ubuntu22-b, mtd-zk-1, 0.700216
EXP-LOAD, 2023-07-21T17:09:40.969, ubuntu22-b, mtd-zk-1, 0.707311
EXP-LOAD, 2023-07-21T17:09:47.823, ubuntu22-b, mtd-zk-1, 0.707311
EXP-LOAD, 2023-07-21T17:09:56.907, ubuntu22-b, mtd-zk-1, 0.674005
EXP-LOAD, 2023-07-21T17:10:05.006, ubuntu22-b, mtd-zk-1, 0.632204
EXP-LEAD, 2023-07-21T17:10:06.042, ubuntu22-b, mtd-zk-1, START
EXP-LEAD, 2023-07-21T17:10:17.099, ubuntu22-b, mtd-zk-1, END
EXP-LOAD, 2023-07-21T17:10:18.152, ubuntu22-b, mtd-zk-1, 0.632204
EXP-LOAD, 2023-07-21T17:10:27.267, ubuntu22-b, mtd-zk-1, 0.658630
EXP-LOAD, 2023-07-21T17:10:38.412, ubuntu22-b, mtd-zk-1, 0.662319
EXP-LOAD, 2023-07-21T17:10:47.528, ubuntu22-b, mtd-zk-1, 0.662319
EXP-LOAD, 2023-07-21T17:10:56.677, ubuntu22-b, mtd-zk-1, 0.733437
EXP-LOAD, 2023-07-21T17:11:02.918, ubuntu22-b, mtd-zk-1, 0.733437
EXP-LOAD, 2023-07-21T17:11:11.897, ubuntu22-b, mtd-zk-1, 0.626325
EXP-LEAD, 2023-07-21T17:11:13.608, ubuntu22-b, mtd-zk-1, START
EXP-LEAD, 2023-07-21T17:11:22.309, ubuntu22-b, mtd-zk-1, END
EXP-LOAD, 2023-07-21T17:11:23.360, ubuntu22-b, mtd-zk-1, 0.668220
EXP-LOAD, 2023-07-21T17:11:31.841, ubuntu22-b, mtd-zk-1, 0.668220
EXP-LOAD, 2023-07-21T17:11:41.918, ubuntu22-b, mtd-zk-1, 0.667311
EXP-LOAD, 2023-07-21T17:11:50.012, ubuntu22-b, mtd-zk-1, 0.748272
EXP-LOAD, 2023-07-21T17:11:59.136, ubuntu22-b, mtd-zk-1, 0.748272
EXP-LOAD, 2023-07-21T17:12:07.254, ubuntu22-b, mtd-zk-1, 0.711913
EXP-LEAD, 2023-07-21T17:12:09.346, ubuntu22-b, mtd-zk-1, START
EXP-LEAD, 2023-07-21T17:12:14.912, ubuntu22-b, mtd-zk-1, END
EXP-LOAD, 2023-07-21T17:12:15.983, ubuntu22-b, mtd-zk-1, 0.711913
EXP-LEAD, 2023-07-21T17:12:17.492, ubuntu22-b, mtd-zk-1, START
EXP-LEAD, 2023-07-21T17:12:23.183, ubuntu22-b, mtd-zk-1, END
EXP-LOAD, 2023-07-21T17:12:24.256, ubuntu22-b, mtd-zk-1, 0.658018
EXP-LEAD, 2023-07-21T17:12:25.690, ubuntu22-b, mtd-zk-1, START
EXP-LEAD, 2023-07-21T17:12:33.361, ubuntu22-b, mtd-zk-1, END
EXP-LOAD, 2023-07-21T17:12:34.461, ubuntu22-b, mtd-zk-1, 0.674026
EXP-LOAD, 2023-07-21T17:12:41.877, ubuntu22-b, mtd-zk-1, 0.674026
EXP-LOAD, 2023-07-21T17:12:53.025, ubuntu22-b, mtd-zk-1, 0.656647
EXP-LOAD, 2023-07-21T17:13:01.985, ubuntu22-b, mtd-zk-1, 0.656647
EXP-LOAD, 2023-07-21T17:13:10.134, ubuntu22-b, mtd-zk-1, 0.692315
EXP-LOAD, 2023-07-21T17:13:18.970, ubuntu22-b, mtd-zk-1, 0.692315
EXP-LOAD, 2023-07-21T17:13:28.104, ubuntu22-b, mtd-zk-1, 0.783207
EXP-LOAD, 2023-07-21T17:13:36.230, ubuntu22-b, mtd-zk-1, 0.649555
EXP-LEAD, 2023-07-21T17:13:37.282, ubuntu22-b, mtd-zk-1, START
EXP-LEAD, 2023-07-21T17:13:45.056, ubuntu22-b, mtd-zk-1, END
EXP-LOAD, 2023-07-21T17:13:46.121, ubuntu22-b, mtd-zk-1, 0.649555
EXP-LOAD, 2023-07-21T17:13:57.538, ubuntu22-b, mtd-zk-1, 0.640019
EXP-LOAD, 2023-07-21T17:14:06.680, ubuntu22-b, mtd-zk-1, 0.655760
EXP-LOAD, 2023-07-21T17:14:15.854, ubuntu22-b, mtd-zk-1, 0.655760
EXP-LOAD, 2023-07-21T17:14:25.022, ubuntu22-b, mtd-zk-1, 0.698054
EXP-LOAD, 2023-07-21T17:14:31.204, ubuntu22-b, mtd-zk-1, 0.698054
EXP-LOAD, 2023-07-21T17:14:40.291, ubuntu22-b, mtd-zk-1, 0.666594
EXP-LEAD, 2023-07-21T17:14:41.343, ubuntu22-b, mtd-zk-1, START
EXP-LEAD, 2023-07-21T17:14:52.099, ubuntu22-b, mtd-zk-1, END
EXP-LOAD, 2023-07-21T17:14:53.150, ubuntu22-b, mtd-zk-1, 0.609825
EXP-LOAD, 2023-07-21T17:15:01.546, ubuntu22-b, mtd-zk-1, 0.609825
EXP-LOAD, 2023-07-21T17:15:15.737, ubuntu22-b, mtd-zk-1, 0.659625
EXP-LOAD, 2023-07-21T17:15:22.853, ubuntu22-b, mtd-zk-1, 0.697220
EXP-LOAD, 2023-07-21T17:15:33.969, ubuntu22-b, mtd-zk-1, 0.697220
EXP-LOAD, 2023-07-21T17:15:42.052, ubuntu22-b, mtd-zk-1, 0.697813
EXP-LEAD, 2023-07-21T17:15:44.108, ubuntu22-b, mtd-zk-1, START
EXP-LEAD, 2023-07-21T17:15:50.707, ubuntu22-b, mtd-zk-1, END
EXP-LOAD, 2023-07-21T17:15:51.756, ubuntu22-b, mtd-zk-1, 0.632836
EXP-LEAD, 2023-07-21T17:15:53.265, ubuntu22-b, mtd-zk-1, START
EXP-LEAD, 2023-07-21T17:15:58.803, ubuntu22-b, mtd-zk-1, END
EXP-LOAD, 2023-07-21T17:15:59.860, ubuntu22-b, mtd-zk-1, 0.632836
EXP-LOAD, 2023-07-21T17:16:08.439, ubuntu22-b, mtd-zk-1, 0.707618
EXP-LOAD, 2023-07-21T17:16:15.541, ubuntu22-b, mtd-zk-1, 0.707618
EXP-LEAD, 2023-07-21T17:16:17.636, ubuntu22-b, mtd-zk-1, START
EXP-LEAD, 2023-07-21T17:16:23.452, ubuntu22-b, mtd-zk-1, END
EXP-LOAD, 2023-07-21T17:16:24.507, ubuntu22-b, mtd-zk-1, 0.682226
EXP-LOAD, 2023-07-21T17:16:34.868, ubuntu22-b, mtd-zk-1, 0.711331
EXP-LOAD, 2023-07-21T17:16:41.985, ubuntu22-b, mtd-zk-1, 0.711331
EXP-LOAD, 2023-07-21T17:16:51.382, ubuntu22-b, mtd-zk-1, 0.583827
EXP-LOAD, 2023-07-21T17:17:02.487, ubuntu22-b, mtd-zk-1, 0.583827
EXP-LEAD, 2023-07-21T17:17:03.536, ubuntu22-b, mtd-zk-1, START
EXP-LEAD, 2023-07-21T17:17:09.129, ubuntu22-b, mtd-zk-1, END
EXP-LOAD, 2023-07-21T17:17:10.202, ubuntu22-b, mtd-zk-1, 0.611814
EXP-LEAD, 2023-07-21T17:17:11.662, ubuntu22-b, mtd-zk-1, START
EXP-LEAD, 2023-07-21T17:17:17.170, ubuntu22-b, mtd-zk-1, END
EXP-LOAD, 2023-07-21T17:17:18.228, ubuntu22-b, mtd-zk-1, 0.611814
EXP-LEAD, 2023-07-21T17:17:19.819, ubuntu22-b, mtd-zk-1, START
EXP-LEAD, 2023-07-21T17:17:27.518, ubuntu22-b, mtd-zk-1, END
EXP-LOAD, 2023-07-21T17:17:28.568, ubuntu22-b, mtd-zk-1, 0.664610
EXP-LEAD, 2023-07-21T17:17:30.943, ubuntu22-b, mtd-zk-1, START
EXP-LEAD, 2023-07-21T17:17:35.551, ubuntu22-b, mtd-zk-1, END
EXP-LOAD, 2023-07-21T17:17:36.648, ubuntu22-b, mtd-zk-1, 0.756613
EXP-LOAD, 2023-07-21T17:17:44.184, ubuntu22-b, mtd-zk-1, 0.756613
EXP-LOAD, 2023-07-21T17:17:54.337, ubuntu22-b, mtd-zk-1, 0.662224
EXP-LEAD, 2023-07-21T17:17:56.424, ubuntu22-b, mtd-zk-1, START
EXP-LEAD, 2023-07-21T17:18:01.999, ubuntu22-b, mtd-zk-1, END
EXP-LOAD, 2023-07-21T17:18:03.085, ubuntu22-b, mtd-zk-1, 0.662224
EXP-LOAD, 2023-07-21T17:18:13.583, ubuntu22-b, mtd-zk-1, 0.710407
EXP-LOAD, 2023-07-21T17:18:22.687, ubuntu22-b, mtd-zk-1, 0.676006
EXP-LOAD, 2023-07-21T17:18:32.857, ubuntu22-b, mtd-zk-1, 0.676006
EXP-LOAD, 2023-07-21T17:18:40.970, ubuntu22-b, mtd-zk-1, 0.617214
EXP-LEAD, 2023-07-21T17:18:43.023, ubuntu22-b, mtd-zk-1, START
EXP-LEAD, 2023-07-21T17:18:50.855, ubuntu22-b, mtd-zk-1, END
EXP-LOAD, 2023-07-21T17:18:51.924, ubuntu22-b, mtd-zk-1, 0.730607
EXP-LOAD, 2023-07-21T17:18:59.240, ubuntu22-b, mtd-zk-1, 0.730607
EXP-LOAD, 2023-07-21T17:19:08.860, ubuntu22-b, mtd-zk-1, 0.672616
EXP-LOAD, 2023-07-21T17:19:16.193, ubuntu22-b, mtd-zk-1, 0.672616
EXP-LOAD, 2023-07-21T17:19:23.512, ubuntu22-b, mtd-zk-1, 0.675423
EXP-LOAD, 2023-07-21T17:19:34.709, ubuntu22-b, mtd-zk-1, 0.646192
EXP-LEAD, 2023-07-21T17:19:37.755, ubuntu22-b, mtd-zk-1, START
EXP-LEAD, 2023-07-21T17:19:43.331, ubuntu22-b, mtd-zk-1, END
EXP-LOAD, 2023-07-21T17:19:44.413, ubuntu22-b, mtd-zk-1, 0.646192
EXP-LOAD, 2023-07-21T17:19:54.937, ubuntu22-b, mtd-zk-1, 0.698533
EXP-LOAD, 2023-07-21T17:20:03.060, ubuntu22-b, mtd-zk-1, 0.698533
EXP-LOAD, 2023-07-21T17:20:11.191, ubuntu22-b, mtd-zk-1, 0.690408
EXP-LOAD, 2023-07-21T17:20:23.378, ubuntu22-b, mtd-zk-1, 0.642926
EXP-LEAD, 2023-07-21T17:20:24.422, ubuntu22-b, mtd-zk-1, START
EXP-LEAD, 2023-07-21T17:20:29.889, ubuntu22-b, mtd-zk-1, END
EXP-LOAD, 2023-07-21T17:20:30.933, ubuntu22-b, mtd-zk-1, 0.642926
EXP-LEAD, 2023-07-21T17:20:33.575, ubuntu22-b, mtd-zk-1, START
EXP-LEAD, 2023-07-21T17:20:41.224, ubuntu22-b, mtd-zk-1, END
EXP-LOAD, 2023-07-21T17:20:42.274, ubuntu22-b, mtd-zk-1, 0.654428
EXP-LOAD, 2023-07-21T17:20:50.816, ubuntu22-b, mtd-zk-1, 0.696819
EXP-LOAD, 2023-07-21T17:21:00.902, ubuntu22-b, mtd-zk-1, 0.696819
EXP-LEAD, 2023-07-21T17:21:01.939, ubuntu22-b, mtd-zk-1, START
EXP-LEAD, 2023-07-21T17:21:07.459, ubuntu22-b, mtd-zk-1, END
EXP-LOAD, 2023-07-21T17:21:08.508, ubuntu22-b, mtd-zk-1, 0.634405
EXP-LEAD, 2023-07-21T17:21:09.548, ubuntu22-b, mtd-zk-1, START
EXP-LEAD, 2023-07-21T17:21:18.090, ubuntu22-b, mtd-zk-1, END
EXP-LOAD, 2023-07-21T17:21:19.142, ubuntu22-b, mtd-zk-1, 0.642812
EXP-LEAD, 2023-07-21T17:21:20.710, ubuntu22-b, mtd-zk-1, START
EXP-LEAD, 2023-07-21T17:21:26.281, ubuntu22-b, mtd-zk-1, END
EXP-LOAD, 2023-07-21T17:21:27.415, ubuntu22-b, mtd-zk-1, 0.642812
EXP-LOAD, 2023-07-21T17:21:37.920, ubuntu22-b, mtd-zk-1, 0.654009
EXP-LOAD, 2023-07-21T17:21:47.017, ubuntu22-b, mtd-zk-1, 0.654009
EXP-LOAD, 2023-07-21T17:21:56.149, ubuntu22-b, mtd-zk-1, 0.703029
EXP-LEAD, 2023-07-21T17:21:57.183, ubuntu22-b, mtd-zk-1, START
EXP-LEAD, 2023-07-21T17:22:02.768, ubuntu22-b, mtd-zk-1, END
EXP-LOAD, 2023-07-21T17:22:03.893, ubuntu22-b, mtd-zk-1, 0.703029
EXP-LOAD, 2023-07-21T17:22:11.367, ubuntu22-b, mtd-zk-1, 0.640736
EXP-LEAD, 2023-07-21T17:22:13.880, ubuntu22-b, mtd-zk-1, START
EXP-LEAD, 2023-07-21T17:22:23.559, ubuntu22-b, mtd-zk-1, END
EXP-LOAD, 2023-07-21T17:22:24.614, ubuntu22-b, mtd-zk-1, 0.673614
EXP-LEAD, 2023-07-21T17:22:26.026, ubuntu22-b, mtd-zk-1, START
EXP-LEAD, 2023-07-21T17:22:31.533, ubuntu22-b, mtd-zk-1, END
EXP-LOAD, 2023-07-21T17:22:32.656, ubuntu22-b, mtd-zk-1, 0.673614
EXP-LEAD, 2023-07-21T17:22:34.073, ubuntu22-b, mtd-zk-1, START
EXP-LEAD, 2023-07-21T17:22:41.725, ubuntu22-b, mtd-zk-1, END
EXP-LOAD, 2023-07-21T17:22:42.797, ubuntu22-b, mtd-zk-1, 0.699430
EXP-LOAD, 2023-07-21T17:22:50.033, ubuntu22-b, mtd-zk-1, 0.689111
EXP-LOAD, 2023-07-21T17:22:57.965, ubuntu22-b, mtd-zk-1, 0.689111
EXP-LOAD, 2023-07-21T17:23:08.050, ubuntu22-b, mtd-zk-1, 0.689010
EXP-LEAD, 2023-07-21T17:23:09.096, ubuntu22-b, mtd-zk-1, START
EXP-LEAD, 2023-07-21T17:23:13.730, ubuntu22-b, mtd-zk-1, END
EXP-LOAD, 2023-07-21T17:23:14.787, ubuntu22-b, mtd-zk-1, 0.689010
EXP-LEAD, 2023-07-21T17:23:17.191, ubuntu22-b, mtd-zk-1, START
EXP-LEAD, 2023-07-21T17:23:22.758, ubuntu22-b, mtd-zk-1, END
EXP-LOAD, 2023-07-21T17:23:23.803, ubuntu22-b, mtd-zk-1, 0.664114
EXP-LEAD, 2023-07-21T17:23:25.321, ubuntu22-b, mtd-zk-1, START
EXP-LEAD, 2023-07-21T17:23:29.853, ubuntu22-b, mtd-zk-1, END
EXP-LOAD, 2023-07-21T17:23:30.924, ubuntu22-b, mtd-zk-1, 0.664114
EXP-LOAD, 2023-07-21T17:23:39.525, ubuntu22-b, mtd-zk-1, 0.643819
EXP-LOAD, 2023-07-21T17:23:48.778, ubuntu22-b, mtd-zk-1, 0.643819
EXP-LOAD, 2023-07-21T17:23:56.844, ubuntu22-b, mtd-zk-1, 0.679216
EXP-LOAD, 2023-07-21T17:24:05.934, ubuntu22-b, mtd-zk-1, 0.618038
EXP-LOAD, 2023-07-21T17:24:14.102, ubuntu22-b, mtd-zk-1, 0.618038
EXP-LEAD, 2023-07-21T17:24:16.157, ubuntu22-b, mtd-zk-1, START
EXP-LEAD, 2023-07-21T17:24:22.872, ubuntu22-b, mtd-zk-1, END
EXP-LOAD, 2023-07-21T17:24:23.919, ubuntu22-b, mtd-zk-1, 0.726512
EXP-LOAD, 2023-07-21T17:24:32.439, ubuntu22-b, mtd-zk-1, 0.726512
EXP-LOAD, 2023-07-21T17:24:39.574, ubuntu22-b, mtd-zk-1, 0.683378
EXP-LOAD, 2023-07-21T17:24:49.755, ubuntu22-b, mtd-zk-1, 0.667911
EXP-LEAD, 2023-07-21T17:24:51.873, ubuntu22-b, mtd-zk-1, START
EXP-LEAD, 2023-07-21T17:24:56.504, ubuntu22-b, mtd-zk-1, END
EXP-LOAD, 2023-07-21T17:24:57.582, ubuntu22-b, mtd-zk-1, 0.667911
EXP-LOAD, 2023-07-21T17:25:05.109, ubuntu22-b, mtd-zk-1, 0.686406
EXP-LOAD, 2023-07-21T17:25:14.215, ubuntu22-b, mtd-zk-1, 0.686406
EXP-LEAD, 2023-07-21T17:25:15.282, ubuntu22-b, mtd-zk-1, START
EXP-LEAD, 2023-07-21T17:25:20.872, ubuntu22-b, mtd-zk-1, END
EXP-LOAD, 2023-07-21T17:25:21.914, ubuntu22-b, mtd-zk-1, 0.644106
EXP-LEAD, 2023-07-21T17:25:22.973, ubuntu22-b, mtd-zk-1, START
EXP-LEAD, 2023-07-21T17:25:27.514, ubuntu22-b, mtd-zk-1, END
EXP-LOAD, 2023-07-21T17:25:28.569, ubuntu22-b, mtd-zk-1, 0.644106
EXP-LOAD, 2023-07-21T17:25:35.143, ubuntu22-b, mtd-zk-1, 0.625218
EXP-LOAD, 2023-07-21T17:25:47.450, ubuntu22-b, mtd-zk-1, 0.625218
EXP-LOAD, 2023-07-21T17:25:54.577, ubuntu22-b, mtd-zk-1, 0.680511
EXP-LOAD, 2023-07-21T17:26:02.726, ubuntu22-b, mtd-zk-1, 0.680511
EXP-LEAD, 2023-07-21T17:26:03.767, ubuntu22-b, mtd-zk-1, START
EXP-LEAD, 2023-07-21T17:26:11.355, ubuntu22-b, mtd-zk-1, END
EXP-LOAD, 2023-07-21T17:26:12.402, ubuntu22-b, mtd-zk-1, 0.717604
EXP-LOAD, 2023-07-21T17:26:20.937, ubuntu22-b, mtd-zk-1, 0.661812
EXP-LEAD, 2023-07-21T17:26:22.998, ubuntu22-b, mtd-zk-1, START
EXP-LEAD, 2023-07-21T17:26:30.497, ubuntu22-b, mtd-zk-1, END
EXP-LOAD, 2023-07-21T17:26:31.551, ubuntu22-b, mtd-zk-1, 0.661812
EXP-LOAD, 2023-07-21T17:26:40.183, ubuntu22-b, mtd-zk-1, 0.622006
EXP-LEAD, 2023-07-21T17:26:41.228, ubuntu22-b, mtd-zk-1, START
EXP-LEAD, 2023-07-21T17:26:46.913, ubuntu22-b, mtd-zk-1, END
EXP-LOAD, 2023-07-21T17:26:47.975, ubuntu22-b, mtd-zk-1, 0.622006
EXP-LEAD, 2023-07-21T17:26:49.361, ubuntu22-b, mtd-zk-1, START
EXP-LEAD, 2023-07-21T17:26:58.027, ubuntu22-b, mtd-zk-1, END
EXP-LOAD, 2023-07-21T17:26:59.069, ubuntu22-b, mtd-zk-1, 0.655214
EXP-LOAD, 2023-07-21T17:27:06.591, ubuntu22-b, mtd-zk-1, 0.732239
EXP-LOAD, 2023-07-21T17:27:15.694, ubuntu22-b, mtd-zk-1, 0.732239
EXP-LOAD, 2023-07-21T17:27:26.813, ubuntu22-b, mtd-zk-1, 0.660119
EXP-LEAD, 2023-07-21T17:27:26.847, ubuntu22-b, mtd-zk-1, START
EXP-LEAD, 2023-07-21T17:27:32.535, ubuntu22-b, mtd-zk-1, END
EXP-LOAD, 2023-07-21T17:27:33.579, ubuntu22-b, mtd-zk-1, 0.660119
EXP-LOAD, 2023-07-21T17:27:42.986, ubuntu22-b, mtd-zk-1, 0.654051
EXP-LOAD, 2023-07-21T17:27:54.112, ubuntu22-b, mtd-zk-1, 0.646908
EXP-LOAD, 2023-07-21T17:28:02.209, ubuntu22-b, mtd-zk-1, 0.646908
EXP-LEAD, 2023-07-21T17:28:04.252, ubuntu22-b, mtd-zk-1, START
EXP-LEAD, 2023-07-21T17:28:13.118, ubuntu22-b, mtd-zk-1, END
EXP-LOAD, 2023-07-21T17:28:14.160, ubuntu22-b, mtd-zk-1, 0.672604
EXP-LOAD, 2023-07-21T17:28:22.479, ubuntu22-b, mtd-zk-1, 0.655822
EXP-LOAD, 2023-07-21T17:28:30.605, ubuntu22-b, mtd-zk-1, 0.655822
EXP-LOAD, 2023-07-21T17:28:41.742, ubuntu22-b, mtd-zk-1, 0.639626
EXP-LOAD, 2023-07-21T17:28:48.814, ubuntu22-b, mtd-zk-1, 0.639626
EXP-LEAD, 2023-07-21T17:28:49.904, ubuntu22-b, mtd-zk-1, START
EXP-LEAD, 2023-07-21T17:28:55.513, ubuntu22-b, mtd-zk-1, END
EXP-LOAD, 2023-07-21T17:28:56.588, ubuntu22-b, mtd-zk-1, 0.642404
EXP-LOAD, 2023-07-21T17:29:05.061, ubuntu22-b, mtd-zk-1, 0.675532
EXP-LOAD, 2023-07-21T17:29:11.202, ubuntu22-b, mtd-zk-1, 0.675532
EXP-LOAD, 2023-07-21T17:29:22.032, ubuntu22-b, mtd-zk-1, 0.596014
EXP-LOAD, 2023-07-21T17:29:33.114, ubuntu22-b, mtd-zk-1, 0.596014
EXP-LOAD, 2023-07-21T17:29:41.210, ubuntu22-b, mtd-zk-1, 0.668731
EXP-LOAD, 2023-07-21T17:29:48.318, ubuntu22-b, mtd-zk-1, 0.668731
EXP-LOAD, 2023-07-21T17:29:59.458, ubuntu22-b, mtd-zk-1, 0.634423
EXP-LOAD, 2023-07-21T17:30:06.621, ubuntu22-b, mtd-zk-1, 0.667422
EXP-LOAD, 2023-07-21T17:30:13.775, ubuntu22-b, mtd-zk-1, 0.667422
EXP-LOAD, 2023-07-21T17:30:22.922, ubuntu22-b, mtd-zk-1, 0.640621
EXP-LEAD, 2023-07-21T17:30:24.955, ubuntu22-b, mtd-zk-1, START
EXP-LEAD, 2023-07-21T17:30:30.468, ubuntu22-b, mtd-zk-1, END
EXP-LOAD, 2023-07-21T17:30:31.537, ubuntu22-b, mtd-zk-1, 0.640621
EXP-LOAD, 2023-07-21T17:30:38.157, ubuntu22-b, mtd-zk-1, 0.652919
EXP-LEAD, 2023-07-21T17:30:40.145, ubuntu22-b, mtd-zk-1, START
EXP-LEAD, 2023-07-21T17:30:46.697, ubuntu22-b, mtd-zk-1, END
EXP-LOAD, 2023-07-21T17:30:47.793, ubuntu22-b, mtd-zk-1, 0.652919
EXP-LEAD, 2023-07-21T17:30:49.260, ubuntu22-b, mtd-zk-1, START
EXP-LEAD, 2023-07-21T17:30:54.774, ubuntu22-b, mtd-zk-1, END
EXP-LOAD, 2023-07-21T17:30:55.838, ubuntu22-b, mtd-zk-1, 0.672226
EXP-LOAD, 2023-07-21T17:31:04.454, ubuntu22-b, mtd-zk-1, 0.628405
EXP-LEAD, 2023-07-21T17:31:04.504, ubuntu22-b, mtd-zk-1, START
EXP-LEAD, 2023-07-21T17:31:09.070, ubuntu22-b, mtd-zk-1, END
EXP-LOAD, 2023-07-21T17:31:10.114, ubuntu22-b, mtd-zk-1, 0.628405
EXP-LEAD, 2023-07-21T17:31:11.162, ubuntu22-b, mtd-zk-1, START
EXP-LEAD, 2023-07-21T17:31:16.739, ubuntu22-b, mtd-zk-1, END
EXP-LOAD, 2023-07-21T17:31:17.796, ubuntu22-b, mtd-zk-1, 0.628405
EXP-LEAD, 2023-07-21T17:31:19.286, ubuntu22-b, mtd-zk-1, START
EXP-LEAD, 2023-07-21T17:31:24.723, ubuntu22-b, mtd-zk-1, END
EXP-LOAD, 2023-07-21T17:31:25.773, ubuntu22-b, mtd-zk-1, 0.629827
EXP-LEAD, 2023-07-21T17:31:26.812, ubuntu22-b, mtd-zk-1, START
EXP-LEAD, 2023-07-21T17:31:32.269, ubuntu22-b, mtd-zk-1, END
EXP-LOAD, 2023-07-21T17:31:33.312, ubuntu22-b, mtd-zk-1, 0.629827
EXP-LEAD, 2023-07-21T17:31:34.924, ubuntu22-b, mtd-zk-1, START
EXP-LEAD, 2023-07-21T17:31:39.426, ubuntu22-b, mtd-zk-1, END
EXP-LOAD, 2023-07-21T17:31:40.498, ubuntu22-b, mtd-zk-1, 0.613203
EXP-LOAD, 2023-07-21T17:31:51.635, ubuntu22-b, mtd-zk-1, 0.681605
EXP-LEAD, 2023-07-21T17:31:53.410, ubuntu22-b, mtd-zk-1, START
EXP-LEAD, 2023-07-21T17:31:58.945, ubuntu22-b, mtd-zk-1, END
EXP-LOAD, 2023-07-21T17:32:00.003, ubuntu22-b, mtd-zk-1, 0.681605
EXP-LOAD, 2023-07-21T17:32:10.627, ubuntu22-b, mtd-zk-1, 0.634593
EXP-LEAD, 2023-07-21T17:32:10.701, ubuntu22-b, mtd-zk-1, START
EXP-LEAD, 2023-07-21T17:32:16.192, ubuntu22-b, mtd-zk-1, END
EXP-LOAD, 2023-07-21T17:32:17.259, ubuntu22-b, mtd-zk-1, 0.634593
EXP-LOAD, 2023-07-21T17:32:27.367, ubuntu22-b, mtd-zk-1, 0.723217
EXP-LOAD, 2023-07-21T17:32:35.505, ubuntu22-b, mtd-zk-1, 0.660016
EXP-LEAD, 2023-07-21T17:32:38.169, ubuntu22-b, mtd-zk-1, START
EXP-LEAD, 2023-07-21T17:32:44.891, ubuntu22-b, mtd-zk-1, END
EXP-LOAD, 2023-07-21T17:32:45.947, ubuntu22-b, mtd-zk-1, 0.660016
EXP-LEAD, 2023-07-21T17:32:47.375, ubuntu22-b, mtd-zk-1, START
EXP-LEAD, 2023-07-21T17:32:52.898, ubuntu22-b, mtd-zk-1, END
EXP-LOAD, 2023-07-21T17:32:53.939, ubuntu22-b, mtd-zk-1, 0.728616
EXP-LOAD, 2023-07-21T17:33:02.569, ubuntu22-b, mtd-zk-1, 0.728616
EXP-LOAD, 2023-07-21T17:33:11.754, ubuntu22-b, mtd-zk-1, 0.698355
EXP-LOAD, 2023-07-21T17:33:20.292, ubuntu22-b, mtd-zk-1, 0.722241
EXP-LOAD, 2023-07-21T17:33:26.457, ubuntu22-b, mtd-zk-1, 0.722241
EXP-LOAD, 2023-07-21T17:33:38.090, ubuntu22-b, mtd-zk-1, 0.630879
EXP-LEAD, 2023-07-21T17:33:38.150, ubuntu22-b, mtd-zk-1, START
EXP-LEAD, 2023-07-21T17:33:43.695, ubuntu22-b, mtd-zk-1, END
EXP-LOAD, 2023-07-21T17:33:44.744, ubuntu22-b, mtd-zk-1, 0.630879
EXP-LEAD, 2023-07-21T17:33:46.240, ubuntu22-b, mtd-zk-1, START
EXP-LEAD, 2023-07-21T17:33:52.037, ubuntu22-b, mtd-zk-1, END
EXP-LOAD, 2023-07-21T17:33:53.113, ubuntu22-b, mtd-zk-1, 0.640203
EXP-LOAD, 2023-07-21T17:34:03.460, ubuntu22-b, mtd-zk-1, 0.640203
EXP-LOAD, 2023-07-21T17:34:12.590, ubuntu22-b, mtd-zk-1, 0.667212
EXP-LOAD, 2023-07-21T17:34:19.707, ubuntu22-b, mtd-zk-1, 0.646408
EXP-LOAD, 2023-07-21T17:34:26.901, ubuntu22-b, mtd-zk-1, 0.646408
EXP-LEAD, 2023-07-21T17:34:29.486, ubuntu22-b, mtd-zk-1, START
EXP-LEAD, 2023-07-21T17:34:35.034, ubuntu22-b, mtd-zk-1, END
EXP-LOAD, 2023-07-21T17:34:36.118, ubuntu22-b, mtd-zk-1, 0.666512
EXP-LOAD, 2023-07-21T17:34:47.304, ubuntu22-b, mtd-zk-1, 0.666512
EXP-LEAD, 2023-07-21T17:34:48.265, ubuntu22-b, mtd-zk-1, START
EXP-LEAD, 2023-07-21T17:34:55.156, ubuntu22-b, mtd-zk-1, END
EXP-LOAD, 2023-07-21T17:34:56.234, ubuntu22-b, mtd-zk-1, 0.669004
EXP-LEAD, 2023-07-21T17:34:57.435, ubuntu22-b, mtd-zk-1, START
EXP-LEAD, 2023-07-21T17:35:03.143, ubuntu22-b, mtd-zk-1, END
EXP-LOAD, 2023-07-21T17:35:04.207, ubuntu22-b, mtd-zk-1, 0.656428
EXP-LOAD, 2023-07-21T17:35:19.002, ubuntu22-b, mtd-zk-1, 0.656428
EXP-LEAD, 2023-07-21T17:35:21.998, ubuntu22-b, mtd-zk-1, START
EXP-LEAD, 2023-07-21T17:35:28.497, ubuntu22-b, mtd-zk-1, END
EXP-LOAD, 2023-07-21T17:35:29.540, ubuntu22-b, mtd-zk-1, 0.738003
EXP-LOAD, 2023-07-21T17:35:39.681, ubuntu22-b, mtd-zk-1, 0.639807
EXP-LEAD, 2023-07-21T17:35:40.746, ubuntu22-b, mtd-zk-1, START
EXP-LEAD, 2023-07-21T17:35:46.202, ubuntu22-b, mtd-zk-1, END
EXP-LOAD, 2023-07-21T17:35:47.256, ubuntu22-b, mtd-zk-1, 0.639807
EXP-LOAD, 2023-07-21T17:35:54.958, ubuntu22-b, mtd-zk-1, 0.748832
EXP-LOAD, 2023-07-21T17:36:05.054, ubuntu22-b, mtd-zk-1, 0.629258
EXP-LOAD, 2023-07-21T17:36:13.160, ubuntu22-b, mtd-zk-1, 0.629258
EXP-LOAD, 2023-07-21T17:36:23.289, ubuntu22-b, mtd-zk-1, 0.633407
EXP-LEAD, 2023-07-21T17:36:23.369, ubuntu22-b, mtd-zk-1, START
EXP-LEAD, 2023-07-21T17:36:28.903, ubuntu22-b, mtd-zk-1, END
EXP-LOAD, 2023-07-21T17:36:29.959, ubuntu22-b, mtd-zk-1, 0.633407
EXP-LEAD, 2023-07-21T17:36:31.001, ubuntu22-b, mtd-zk-1, START
EXP-LEAD, 2023-07-21T17:36:36.519, ubuntu22-b, mtd-zk-1, END
EXP-LOAD, 2023-07-21T17:36:37.649, ubuntu22-b, mtd-zk-1, 0.675823
EXP-LOAD, 2023-07-21T17:36:47.160, ubuntu22-b, mtd-zk-1, 0.675823
EXP-LEAD, 2023-07-21T17:36:47.198, ubuntu22-b, mtd-zk-1, START
EXP-LEAD, 2023-07-21T17:36:52.755, ubuntu22-b, mtd-zk-1, END
EXP-LOAD, 2023-07-21T17:36:53.815, ubuntu22-b, mtd-zk-1, 0.671837
EXP-LOAD, 2023-07-21T17:37:04.416, ubuntu22-b, mtd-zk-1, 0.678755
EXP-LOAD, 2023-07-21T17:37:11.585, ubuntu22-b, mtd-zk-1, 0.678755
EXP-LOAD, 2023-07-21T17:37:24.169, ubuntu22-b, mtd-zk-1, 0.637409
EXP-LEAD, 2023-07-21T17:37:27.246, ubuntu22-b, mtd-zk-1, START
EXP-LEAD, 2023-07-21T17:37:32.798, ubuntu22-b, mtd-zk-1, END
EXP-LOAD, 2023-07-21T17:37:33.863, ubuntu22-b, mtd-zk-1, 0.637409
EXP-LOAD, 2023-07-21T17:37:44.434, ubuntu22-b, mtd-zk-1, 0.692912
EXP-LOAD, 2023-07-21T17:37:52.516, ubuntu22-b, mtd-zk-1, 0.665320
EXP-LOAD, 2023-07-21T17:38:01.800, ubuntu22-b, mtd-zk-1, 0.665320
EXP-LOAD, 2023-07-21T17:38:09.756, ubuntu22-b, mtd-zk-1, 0.678815
EXP-LOAD, 2023-07-21T17:38:18.895, ubuntu22-b, mtd-zk-1, 0.678815
EXP-LOAD, 2023-07-21T17:38:28.000, ubuntu22-b, mtd-zk-1, 0.691815
EXP-LOAD, 2023-07-21T17:38:39.098, ubuntu22-b, mtd-zk-1, 0.719545
EXP-LOAD, 2023-07-21T17:38:47.238, ubuntu22-b, mtd-zk-1, 0.719545
EXP-LOAD, 2023-07-21T17:38:58.378, ubuntu22-b, mtd-zk-1, 0.641630
EXP-LOAD, 2023-07-21T17:39:06.495, ubuntu22-b, mtd-zk-1, 0.671307
EXP-LOAD, 2023-07-21T17:39:16.864, ubuntu22-b, mtd-zk-1, 0.671307
EXP-LOAD, 2023-07-21T17:39:25.582, ubuntu22-b, mtd-zk-1, 0.697017
EXP-LOAD, 2023-07-21T17:39:35.682, ubuntu22-b, mtd-zk-1, 0.667213
EXP-LOAD, 2023-07-21T17:39:41.868, ubuntu22-b, mtd-zk-1, 0.667213
EXP-LOAD, 2023-07-21T17:39:51.820, ubuntu22-b, mtd-zk-1, 0.674221
EXP-LOAD, 2023-07-21T17:40:02.945, ubuntu22-b, mtd-zk-1, 0.674221
EXP-LOAD, 2023-07-21T17:40:11.045, ubuntu22-b, mtd-zk-1, 0.633220
EXP-LEAD, 2023-07-21T17:40:11.117, ubuntu22-b, mtd-zk-1, START
EXP-LEAD, 2023-07-21T17:40:16.754, ubuntu22-b, mtd-zk-1, END
EXP-LOAD, 2023-07-21T17:40:17.799, ubuntu22-b, mtd-zk-1, 0.633220
EXP-LEAD, 2023-07-21T17:40:20.006, ubuntu22-b, mtd-zk-1, START
EXP-LEAD, 2023-07-21T17:40:28.792, ubuntu22-b, mtd-zk-1, END
EXP-LOAD, 2023-07-21T17:40:29.853, ubuntu22-b, mtd-zk-1, 0.652419
EXP-LEAD, 2023-07-21T17:40:31.171, ubuntu22-b, mtd-zk-1, START
EXP-LEAD, 2023-07-21T17:40:36.658, ubuntu22-b, mtd-zk-1, END
EXP-LOAD, 2023-07-21T17:40:37.707, ubuntu22-b, mtd-zk-1, 0.656242
EXP-LOAD, 2023-07-21T17:40:46.348, ubuntu22-b, mtd-zk-1, 0.656242
EXP-LOAD, 2023-07-21T17:40:54.457, ubuntu22-b, mtd-zk-1, 0.711742
EXP-LOAD, 2023-07-21T17:41:02.633, ubuntu22-b, mtd-zk-1, 0.711742
EXP-LOAD, 2023-07-21T17:41:13.789, ubuntu22-b, mtd-zk-1, 0.665606
EXP-LEAD, 2023-07-21T17:41:15.297, ubuntu22-b, mtd-zk-1, START
EXP-LEAD, 2023-07-21T17:41:20.834, ubuntu22-b, mtd-zk-1, END
EXP-LOAD, 2023-07-21T17:41:21.877, ubuntu22-b, mtd-zk-1, 0.694018
EXP-LOAD, 2023-07-21T17:41:31.446, ubuntu22-b, mtd-zk-1, 0.694018
EXP-LOAD, 2023-07-21T17:41:41.593, ubuntu22-b, mtd-zk-1, 0.657042
EXP-LEAD, 2023-07-21T17:41:42.667, ubuntu22-b, mtd-zk-1, START
EXP-LEAD, 2023-07-21T17:41:48.204, ubuntu22-b, mtd-zk-1, END
EXP-LOAD, 2023-07-21T17:41:49.244, ubuntu22-b, mtd-zk-1, 0.670925
EXP-LOAD, 2023-07-21T17:41:59.918, ubuntu22-b, mtd-zk-1, 0.670925
EXP-LEAD, 2023-07-21T17:42:00.549, ubuntu22-b, mtd-zk-1, START
EXP-LEAD, 2023-07-21T17:42:06.224, ubuntu22-b, mtd-zk-1, END
EXP-LOAD, 2023-07-21T17:42:07.280, ubuntu22-b, mtd-zk-1, 0.645301
EXP-LOAD, 2023-07-21T17:42:14.747, ubuntu22-b, mtd-zk-1, 0.645301
EXP-LEAD, 2023-07-21T17:42:16.811, ubuntu22-b, mtd-zk-1, START
EXP-LEAD, 2023-07-21T17:42:23.474, ubuntu22-b, mtd-zk-1, END
EXP-LOAD, 2023-07-21T17:42:24.539, ubuntu22-b, mtd-zk-1, 0.673518
EXP-LOAD, 2023-07-21T17:42:31.968, ubuntu22-b, mtd-zk-1, 0.673518
EXP-LOAD, 2023-07-21T17:42:41.068, ubuntu22-b, mtd-zk-1, 0.713612
EXP-LEAD, 2023-07-21T17:42:42.121, ubuntu22-b, mtd-zk-1, START
EXP-LEAD, 2023-07-21T17:42:47.576, ubuntu22-b, mtd-zk-1, END
EXP-LOAD, 2023-07-21T17:42:48.651, ubuntu22-b, mtd-zk-1, 0.713612
EXP-LOAD, 2023-07-21T17:42:57.353, ubuntu22-b, mtd-zk-1, 0.662106
EXP-LOAD, 2023-07-21T17:43:07.503, ubuntu22-b, mtd-zk-1, 0.625804
EXP-LEAD, 2023-07-21T17:43:09.556, ubuntu22-b, mtd-zk-1, START
EXP-LEAD, 2023-07-21T17:43:15.094, ubuntu22-b, mtd-zk-1, END
EXP-LOAD, 2023-07-21T17:43:16.143, ubuntu22-b, mtd-zk-1, 0.625804
EXP-LEAD, 2023-07-21T17:43:17.179, ubuntu22-b, mtd-zk-1, START
EXP-LEAD, 2023-07-21T17:43:24.821, ubuntu22-b, mtd-zk-1, END
EXP-LOAD, 2023-07-21T17:43:25.866, ubuntu22-b, mtd-zk-1, 0.659307
EXP-LOAD, 2023-07-21T17:43:34.398, ubuntu22-b, mtd-zk-1, 0.707420
EXP-LOAD, 2023-07-21T17:43:42.504, ubuntu22-b, mtd-zk-1, 0.707420
EXP-LOAD, 2023-07-21T17:43:51.644, ubuntu22-b, mtd-zk-1, 0.673814
EXP-LOAD, 2023-07-21T17:43:59.391, ubuntu22-b, mtd-zk-1, 0.673814
EXP-LOAD, 2023-07-21T17:44:08.501, ubuntu22-b, mtd-zk-1, 0.666034
EXP-LOAD, 2023-07-21T17:44:16.626, ubuntu22-b, mtd-zk-1, 0.666034
EXP-LOAD, 2023-07-21T17:44:25.689, ubuntu22-b, mtd-zk-1, 0.636589
EXP-LOAD, 2023-07-21T17:44:36.484, ubuntu22-b, mtd-zk-1, 0.655013
EXP-LEAD, 2023-07-21T17:44:37.603, ubuntu22-b, mtd-zk-1, START
EXP-LEAD, 2023-07-21T17:44:43.132, ubuntu22-b, mtd-zk-1, END
EXP-LOAD, 2023-07-21T17:44:44.175, ubuntu22-b, mtd-zk-1, 0.655013
EXP-LEAD, 2023-07-21T17:44:45.673, ubuntu22-b, mtd-zk-1, START
EXP-LEAD, 2023-07-21T17:44:53.323, ubuntu22-b, mtd-zk-1, END
EXP-LOAD, 2023-07-21T17:44:54.374, ubuntu22-b, mtd-zk-1, 0.698508
EXP-LOAD, 2023-07-21T17:45:03.863, ubuntu22-b, mtd-zk-1, 0.698508
EXP-LOAD, 2023-07-21T17:45:21.038, ubuntu22-b, mtd-zk-1, 0.646715
EXP-LEAD, 2023-07-21T17:45:22.085, ubuntu22-b, mtd-zk-1, START
EXP-LEAD, 2023-07-21T17:45:27.629, ubuntu22-b, mtd-zk-1, END
EXP-LOAD, 2023-07-21T17:45:28.706, ubuntu22-b, mtd-zk-1, 0.646715
EXP-LOAD, 2023-07-21T17:45:39.230, ubuntu22-b, mtd-zk-1, 0.629607
EXP-LEAD, 2023-07-21T17:45:41.262, ubuntu22-b, mtd-zk-1, START
EXP-LEAD, 2023-07-21T17:45:49.004, ubuntu22-b, mtd-zk-1, END
EXP-LOAD, 2023-07-21T17:45:50.063, ubuntu22-b, mtd-zk-1, 0.656957
EXP-LOAD, 2023-07-21T17:45:59.503, ubuntu22-b, mtd-zk-1, 0.656957
EXP-LOAD, 2023-07-21T17:46:08.346, ubuntu22-b, mtd-zk-1, 0.710022
EXP-LEAD, 2023-07-21T17:46:09.381, ubuntu22-b, mtd-zk-1, START
EXP-LEAD, 2023-07-21T17:46:17.091, ubuntu22-b, mtd-zk-1, END
EXP-LOAD, 2023-07-21T17:46:18.137, ubuntu22-b, mtd-zk-1, 0.710022
EXP-LEAD, 2023-07-21T17:46:19.495, ubuntu22-b, mtd-zk-1, START
EXP-LEAD, 2023-07-21T17:46:24.949, ubuntu22-b, mtd-zk-1, END
EXP-LOAD, 2023-07-21T17:46:25.999, ubuntu22-b, mtd-zk-1, 0.682125
EXP-LOAD, 2023-07-21T17:46:34.750, ubuntu22-b, mtd-zk-1, 0.665822
EXP-LOAD, 2023-07-21T17:46:43.798, ubuntu22-b, mtd-zk-1, 0.665822
EXP-LOAD, 2023-07-21T17:46:54.882, ubuntu22-b, mtd-zk-1, 0.681810
EXP-LOAD, 2023-07-21T17:47:02.008, ubuntu22-b, mtd-zk-1, 0.681810
EXP-LEAD, 2023-07-21T17:47:04.009, ubuntu22-b, mtd-zk-1, START
EXP-LEAD, 2023-07-21T17:47:09.527, ubuntu22-b, mtd-zk-1, END
EXP-LOAD, 2023-07-21T17:47:10.575, ubuntu22-b, mtd-zk-1, 0.647210
EXP-LOAD, 2023-07-21T17:47:19.669, ubuntu22-b, mtd-zk-1, 0.649107
EXP-LOAD, 2023-07-21T17:47:27.842, ubuntu22-b, mtd-zk-1, 0.649107
EXP-LOAD, 2023-07-21T17:47:35.925, ubuntu22-b, mtd-zk-1, 0.591606
EXP-LEAD, 2023-07-21T17:47:36.975, ubuntu22-b, mtd-zk-1, START
EXP-LEAD, 2023-07-21T17:47:45.654, ubuntu22-b, mtd-zk-1, END
EXP-LOAD, 2023-07-21T17:47:46.708, ubuntu22-b, mtd-zk-1, 0.591606
EXP-LEAD, 2023-07-21T17:47:47.766, ubuntu22-b, mtd-zk-1, START
EXP-LEAD, 2023-07-21T17:47:53.475, ubuntu22-b, mtd-zk-1, END
EXP-LOAD, 2023-07-21T17:47:54.549, ubuntu22-b, mtd-zk-1, 0.643107
EXP-LEAD, 2023-07-21T17:47:55.860, ubuntu22-b, mtd-zk-1, START
EXP-LEAD, 2023-07-21T17:48:03.414, ubuntu22-b, mtd-zk-1, END
EXP-LOAD, 2023-07-21T17:48:04.512, ubuntu22-b, mtd-zk-1, 0.628558
EXP-LEAD, 2023-07-21T17:48:05.979, ubuntu22-b, mtd-zk-1, START
EXP-LEAD, 2023-07-21T17:48:11.467, ubuntu22-b, mtd-zk-1, END
EXP-LOAD, 2023-07-21T17:48:12.511, ubuntu22-b, mtd-zk-1, 0.628558
EXP-LOAD, 2023-07-21T17:48:27.444, ubuntu22-b, mtd-zk-1, 0.672718
EXP-LOAD, 2023-07-21T17:48:36.521, ubuntu22-b, mtd-zk-1, 0.670813
EXP-LOAD, 2023-07-21T17:48:44.735, ubuntu22-b, mtd-zk-1, 0.670813
EXP-LOAD, 2023-07-21T17:48:58.866, ubuntu22-b, mtd-zk-1, 0.649508
EXP-LOAD, 2023-07-21T17:49:07.004, ubuntu22-b, mtd-zk-1, 0.700425
EXP-LOAD, 2023-07-21T17:49:15.262, ubuntu22-b, mtd-zk-1, 0.700425
EXP-LOAD, 2023-07-21T17:49:26.284, ubuntu22-b, mtd-zk-1, 0.688610
EXP-LEAD, 2023-07-21T17:49:27.323, ubuntu22-b, mtd-zk-1, START
EXP-LEAD, 2023-07-21T17:49:34.967, ubuntu22-b, mtd-zk-1, END
EXP-LOAD, 2023-07-21T17:49:36.013, ubuntu22-b, mtd-zk-1, 0.604809
EXP-LOAD, 2023-07-21T17:49:43.567, ubuntu22-b, mtd-zk-1, 0.604809
EXP-LEAD, 2023-07-21T17:49:46.587, ubuntu22-b, mtd-zk-1, START
EXP-LEAD, 2023-07-21T17:49:55.272, ubuntu22-b, mtd-zk-1, END
EXP-LOAD, 2023-07-21T17:49:56.325, ubuntu22-b, mtd-zk-1, 0.693618
EXP-LOAD, 2023-07-21T17:50:03.895, ubuntu22-b, mtd-zk-1, 0.693618
EXP-LOAD, 2023-07-21T17:50:15.953, ubuntu22-b, mtd-zk-1, 0.698243
EXP-LOAD, 2023-07-21T17:50:24.065, ubuntu22-b, mtd-zk-1, 0.678625
EXP-LEAD, 2023-07-21T17:50:24.137, ubuntu22-b, mtd-zk-1, START
EXP-LEAD, 2023-07-21T17:50:28.783, ubuntu22-b, mtd-zk-1, END
EXP-LOAD, 2023-07-21T17:50:29.829, ubuntu22-b, mtd-zk-1, 0.678625
EXP-LEAD, 2023-07-21T17:50:32.311, ubuntu22-b, mtd-zk-1, START
EXP-LEAD, 2023-07-21T17:50:39.823, ubuntu22-b, mtd-zk-1, END
EXP-LOAD, 2023-07-21T17:50:40.894, ubuntu22-b, mtd-zk-1, 0.676450
EXP-LEAD, 2023-07-21T17:50:43.439, ubuntu22-b, mtd-zk-1, START
EXP-LEAD, 2023-07-21T17:50:48.976, ubuntu22-b, mtd-zk-1, END
EXP-LOAD, 2023-07-21T17:50:50.026, ubuntu22-b, mtd-zk-1, 0.695805
EXP-LEAD, 2023-07-21T17:50:51.574, ubuntu22-b, mtd-zk-1, START
EXP-LEAD, 2023-07-21T17:50:59.084, ubuntu22-b, mtd-zk-1, END
EXP-LOAD, 2023-07-21T17:51:00.174, ubuntu22-b, mtd-zk-1, 0.695805
EXP-LOAD, 2023-07-21T17:51:06.799, ubuntu22-b, mtd-zk-1, 0.676676
EXP-LEAD, 2023-07-21T17:51:08.893, ubuntu22-b, mtd-zk-1, START
EXP-LEAD, 2023-07-21T17:51:14.314, ubuntu22-b, mtd-zk-1, END
EXP-LOAD, 2023-07-21T17:51:15.381, ubuntu22-b, mtd-zk-1, 0.676676
EXP-LOAD, 2023-07-21T17:51:27.064, ubuntu22-b, mtd-zk-1, 0.679619
EXP-LOAD, 2023-07-21T17:51:34.184, ubuntu22-b, mtd-zk-1, 0.663620
EXP-LOAD, 2023-07-21T17:51:41.733, ubuntu22-b, mtd-zk-1, 0.663620
EXP-LEAD, 2023-07-21T17:51:43.795, ubuntu22-b, mtd-zk-1, START
EXP-LEAD, 2023-07-21T17:51:52.410, ubuntu22-b, mtd-zk-1, END
EXP-LOAD, 2023-07-21T17:51:53.486, ubuntu22-b, mtd-zk-1, 0.656427
EXP-LOAD, 2023-07-21T17:52:00.983, ubuntu22-b, mtd-zk-1, 0.656427
EXP-LEAD, 2023-07-21T17:52:03.024, ubuntu22-b, mtd-zk-1, START
EXP-LEAD, 2023-07-21T17:52:08.593, ubuntu22-b, mtd-zk-1, END
EXP-LOAD, 2023-07-21T17:52:09.645, ubuntu22-b, mtd-zk-1, 0.688749
EXP-LOAD, 2023-07-21T17:52:17.267, ubuntu22-b, mtd-zk-1, 0.688749
EXP-LOAD, 2023-07-21T17:52:27.409, ubuntu22-b, mtd-zk-1, 0.703608
EXP-LOAD, 2023-07-21T17:52:35.609, ubuntu22-b, mtd-zk-1, 0.668119
EXP-LEAD, 2023-07-21T17:52:36.683, ubuntu22-b, mtd-zk-1, START
EXP-LEAD, 2023-07-21T17:52:42.299, ubuntu22-b, mtd-zk-1, END
EXP-LOAD, 2023-07-21T17:52:43.377, ubuntu22-b, mtd-zk-1, 0.668119
EXP-LOAD, 2023-07-21T17:52:54.845, ubuntu22-b, mtd-zk-1, 0.670205
EXP-LEAD, 2023-07-21T17:52:55.895, ubuntu22-b, mtd-zk-1, START
EXP-LEAD, 2023-07-21T17:53:01.696, ubuntu22-b, mtd-zk-1, END
EXP-LOAD, 2023-07-21T17:53:02.733, ubuntu22-b, mtd-zk-1, 0.670205
EXP-LEAD, 2023-07-21T17:53:03.988, ubuntu22-b, mtd-zk-1, START
EXP-LEAD, 2023-07-21T17:53:09.498, ubuntu22-b, mtd-zk-1, END
EXP-LOAD, 2023-07-21T17:53:10.567, ubuntu22-b, mtd-zk-1, 0.647506
EXP-LOAD, 2023-07-21T17:53:22.172, ubuntu22-b, mtd-zk-1, 0.702660
EXP-LOAD, 2023-07-21T17:53:30.280, ubuntu22-b, mtd-zk-1, 0.702660
EXP-LOAD, 2023-07-21T17:53:43.433, ubuntu22-b, mtd-zk-1, 0.612223
EXP-LOAD, 2023-07-21T17:53:51.556, ubuntu22-b, mtd-zk-1, 0.667463
EXP-LEAD, 2023-07-21T17:53:53.628, ubuntu22-b, mtd-zk-1, START
EXP-LEAD, 2023-07-21T17:54:01.200, ubuntu22-b, mtd-zk-1, END
EXP-LOAD, 2023-07-21T17:54:02.273, ubuntu22-b, mtd-zk-1, 0.667463
EXP-LEAD, 2023-07-21T17:54:03.729, ubuntu22-b, mtd-zk-1, START
EXP-LEAD, 2023-07-21T17:54:08.268, ubuntu22-b, mtd-zk-1, END
EXP-LOAD, 2023-07-21T17:54:09.310, ubuntu22-b, mtd-zk-1, 0.659034
EXP-LEAD, 2023-07-21T17:54:10.868, ubuntu22-b, mtd-zk-1, START
EXP-LEAD, 2023-07-21T17:54:16.574, ubuntu22-b, mtd-zk-1, END
EXP-LOAD, 2023-07-21T17:54:17.661, ubuntu22-b, mtd-zk-1, 0.659034
EXP-LOAD, 2023-07-21T17:54:28.177, ubuntu22-b, mtd-zk-1, 0.706250
