EXP-LOAD, 2023-07-19T11:33:42.081, ubuntu22-b, mtd-zk-1, 0.578107
EXP-LOAD, 2023-07-19T11:33:51.685, ubuntu22-b, mtd-zk-1, 0.748406
EXP-LOAD, 2023-07-19T11:34:00.001, ubuntu22-b, mtd-zk-1, 0.748406
EXP-LOAD, 2023-07-19T11:34:10.398, ubuntu22-b, mtd-zk-1, 0.611417
EXP-LOAD, 2023-07-19T11:34:18.547, ubuntu22-b, mtd-zk-1, 0.611417
EXP-LOAD, 2023-07-19T11:34:27.780, ubuntu22-b, mtd-zk-1, 0.728839
EXP-LOAD, 2023-07-19T11:34:37.027, ubuntu22-b, mtd-zk-1, 0.681123
EXP-LOAD, 2023-07-19T11:34:43.298, ubuntu22-b, mtd-zk-1, 0.681123
EXP-LOAD, 2023-07-19T11:34:50.983, ubuntu22-b, mtd-zk-1, 0.588948
EXP-LEAD, 2023-07-19T11:34:52.036, ubuntu22-b, mtd-zk-1, START
EXP-LEAD, 2023-07-19T11:34:59.532, ubuntu22-b, mtd-zk-1, END
EXP-LOAD, 2023-07-19T11:35:00.631, ubuntu22-b, mtd-zk-1, 0.588948
EXP-LOAD, 2023-07-19T11:35:10.303, ubuntu22-b, mtd-zk-1, 0.733823
EXP-LOAD, 2023-07-19T11:35:17.525, ubuntu22-b, mtd-zk-1, 0.733823
EXP-LOAD, 2023-07-19T11:35:27.023, ubuntu22-b, mtd-zk-1, 0.729250
EXP-LOAD, 2023-07-19T11:35:36.233, ubuntu22-b, mtd-zk-1, 0.705912
EXP-LOAD, 2023-07-19T11:35:42.392, ubuntu22-b, mtd-zk-1, 0.705912
EXP-LOAD, 2023-07-19T11:35:52.672, ubuntu22-b, mtd-zk-1, 0.650406
EXP-LOAD, 2023-07-19T11:36:01.862, ubuntu22-b, mtd-zk-1, 0.650406
EXP-LOAD, 2023-07-19T11:36:12.043, ubuntu22-b, mtd-zk-1, 0.695122
EXP-LOAD, 2023-07-19T11:36:20.226, ubuntu22-b, mtd-zk-1, 0.677634
EXP-LOAD, 2023-07-19T11:36:31.625, ubuntu22-b, mtd-zk-1, 0.677634
EXP-LOAD, 2023-07-19T11:36:39.549, ubuntu22-b, mtd-zk-1, 0.702015
EXP-LOAD, 2023-07-19T11:36:48.766, ubuntu22-b, mtd-zk-1, 0.702015
EXP-LOAD, 2023-07-19T11:36:56.947, ubuntu22-b, mtd-zk-1, 0.741621
EXP-LOAD, 2023-07-19T11:37:06.165, ubuntu22-b, mtd-zk-1, 0.671423
EXP-LOAD, 2023-07-19T11:37:14.311, ubuntu22-b, mtd-zk-1, 0.671423
EXP-LOAD, 2023-07-19T11:37:24.454, ubuntu22-b, mtd-zk-1, 0.645543
EXP-LOAD, 2023-07-19T11:37:31.655, ubuntu22-b, mtd-zk-1, 0.645543
EXP-LOAD, 2023-07-19T11:37:41.793, ubuntu22-b, mtd-zk-1, 0.659043
EXP-LOAD, 2023-07-19T11:37:48.951, ubuntu22-b, mtd-zk-1, 0.659043
EXP-LOAD, 2023-07-19T11:37:58.091, ubuntu22-b, mtd-zk-1, 0.684722
EXP-LOAD, 2023-07-19T11:38:09.245, ubuntu22-b, mtd-zk-1, 0.684202
EXP-LOAD, 2023-07-19T11:38:18.644, ubuntu22-b, mtd-zk-1, 0.684202
EXP-LOAD, 2023-07-19T11:38:25.782, ubuntu22-b, mtd-zk-1, 0.659514
EXP-LOAD, 2023-07-19T11:38:34.946, ubuntu22-b, mtd-zk-1, 0.639631
EXP-LOAD, 2023-07-19T11:38:43.069, ubuntu22-b, mtd-zk-1, 0.639631
EXP-LOAD, 2023-07-19T11:38:51.665, ubuntu22-b, mtd-zk-1, 0.653230
EXP-LOAD, 2023-07-19T11:38:58.894, ubuntu22-b, mtd-zk-1, 0.653230
EXP-LOAD, 2023-07-19T11:39:07.978, ubuntu22-b, mtd-zk-1, 0.605823
EXP-LOAD, 2023-07-19T11:39:16.098, ubuntu22-b, mtd-zk-1, 0.605823
EXP-LOAD, 2023-07-19T11:39:26.267, ubuntu22-b, mtd-zk-1, 0.629519
EXP-LOAD, 2023-07-19T11:39:34.925, ubuntu22-b, mtd-zk-1, 0.661025
EXP-LOAD, 2023-07-19T11:39:45.131, ubuntu22-b, mtd-zk-1, 0.661025
EXP-LOAD, 2023-07-19T11:39:54.301, ubuntu22-b, mtd-zk-1, 0.630592
EXP-LOAD, 2023-07-19T11:40:06.479, ubuntu22-b, mtd-zk-1, 0.674009
EXP-LOAD, 2023-07-19T11:40:12.625, ubuntu22-b, mtd-zk-1, 0.674009
EXP-LOAD, 2023-07-19T11:40:24.285, ubuntu22-b, mtd-zk-1, 0.712306
EXP-LOAD, 2023-07-19T11:40:33.176, ubuntu22-b, mtd-zk-1, 0.712306
EXP-LOAD, 2023-07-19T11:40:42.310, ubuntu22-b, mtd-zk-1, 0.697027
EXP-LOAD, 2023-07-19T11:40:53.485, ubuntu22-b, mtd-zk-1, 0.661414
EXP-LOAD, 2023-07-19T11:41:02.293, ubuntu22-b, mtd-zk-1, 0.661414
EXP-LOAD, 2023-07-19T11:41:10.502, ubuntu22-b, mtd-zk-1, 0.690417
EXP-LOAD, 2023-07-19T11:41:17.645, ubuntu22-b, mtd-zk-1, 0.690417
EXP-LOAD, 2023-07-19T11:41:25.847, ubuntu22-b, mtd-zk-1, 0.645528
EXP-LOAD, 2023-07-19T11:41:35.115, ubuntu22-b, mtd-zk-1, 0.600204
EXP-LOAD, 2023-07-19T11:41:41.588, ubuntu22-b, mtd-zk-1, 0.600204
EXP-LOAD, 2023-07-19T11:41:51.745, ubuntu22-b, mtd-zk-1, 0.653116
EXP-LOAD, 2023-07-19T11:42:00.873, ubuntu22-b, mtd-zk-1, 0.653116
EXP-LOAD, 2023-07-19T11:42:10.019, ubuntu22-b, mtd-zk-1, 0.685612
EXP-LOAD, 2023-07-19T11:42:15.112, ubuntu22-b, mtd-zk-1, 0.685612
EXP-LOAD, 2023-07-19T11:42:24.200, ubuntu22-b, mtd-zk-1, 0.691625
EXP-LOAD, 2023-07-19T11:42:30.305, ubuntu22-b, mtd-zk-1, 0.691625
EXP-LOAD, 2023-07-19T11:42:38.935, ubuntu22-b, mtd-zk-1, 0.606917
EXP-LOAD, 2023-07-19T11:42:48.061, ubuntu22-b, mtd-zk-1, 0.606917
EXP-LOAD, 2023-07-19T11:42:58.266, ubuntu22-b, mtd-zk-1, 0.646216
EXP-LOAD, 2023-07-19T11:43:05.408, ubuntu22-b, mtd-zk-1, 0.649806
EXP-LOAD, 2023-07-19T11:43:17.678, ubuntu22-b, mtd-zk-1, 0.649806
EXP-LOAD, 2023-07-19T11:43:24.945, ubuntu22-b, mtd-zk-1, 0.693032
EXP-LOAD, 2023-07-19T11:43:31.386, ubuntu22-b, mtd-zk-1, 0.693032
EXP-LOAD, 2023-07-19T11:43:37.933, ubuntu22-b, mtd-zk-1, 0.703640
EXP-LOAD, 2023-07-19T11:43:49.464, ubuntu22-b, mtd-zk-1, 0.661222
EXP-LOAD, 2023-07-19T11:43:58.639, ubuntu22-b, mtd-zk-1, 0.661222
EXP-LOAD, 2023-07-19T11:44:09.760, ubuntu22-b, mtd-zk-1, 0.647433
EXP-LOAD, 2023-07-19T11:44:16.918, ubuntu22-b, mtd-zk-1, 0.647433
EXP-LOAD, 2023-07-19T11:44:27.200, ubuntu22-b, mtd-zk-1, 0.680408
EXP-LOAD, 2023-07-19T11:44:35.299, ubuntu22-b, mtd-zk-1, 0.654378
EXP-LOAD, 2023-07-19T11:44:46.432, ubuntu22-b, mtd-zk-1, 0.654378
EXP-LOAD, 2023-07-19T11:44:52.562, ubuntu22-b, mtd-zk-1, 0.662319
EXP-LOAD, 2023-07-19T11:45:03.706, ubuntu22-b, mtd-zk-1, 0.662319
EXP-LOAD, 2023-07-19T11:45:13.355, ubuntu22-b, mtd-zk-1, 0.691035
EXP-LOAD, 2023-07-19T11:45:23.503, ubuntu22-b, mtd-zk-1, 0.675822
EXP-LOAD, 2023-07-19T11:45:33.635, ubuntu22-b, mtd-zk-1, 0.675822
EXP-LOAD, 2023-07-19T11:45:45.832, ubuntu22-b, mtd-zk-1, 0.697428
EXP-LOAD, 2023-07-19T11:45:54.950, ubuntu22-b, mtd-zk-1, 0.668246
EXP-LOAD, 2023-07-19T11:46:04.093, ubuntu22-b, mtd-zk-1, 0.637417
EXP-LOAD, 2023-07-19T11:46:14.259, ubuntu22-b, mtd-zk-1, 0.637417
EXP-LOAD, 2023-07-19T11:46:21.953, ubuntu22-b, mtd-zk-1, 0.644912
EXP-LOAD, 2023-07-19T11:46:32.007, ubuntu22-b, mtd-zk-1, 0.644912
EXP-LOAD, 2023-07-19T11:46:43.129, ubuntu22-b, mtd-zk-1, 0.670597
EXP-LOAD, 2023-07-19T11:46:51.287, ubuntu22-b, mtd-zk-1, 0.630337
EXP-LOAD, 2023-07-19T11:47:00.850, ubuntu22-b, mtd-zk-1, 0.630337
EXP-LOAD, 2023-07-19T11:47:10.996, ubuntu22-b, mtd-zk-1, 0.721242
EXP-LOAD, 2023-07-19T11:47:21.132, ubuntu22-b, mtd-zk-1, 0.683938
EXP-LOAD, 2023-07-19T11:47:28.249, ubuntu22-b, mtd-zk-1, 0.683938
EXP-LOAD, 2023-07-19T11:47:35.818, ubuntu22-b, mtd-zk-1, 0.635638
EXP-LOAD, 2023-07-19T11:47:43.962, ubuntu22-b, mtd-zk-1, 0.635638
EXP-LOAD, 2023-07-19T11:47:50.081, ubuntu22-b, mtd-zk-1, 0.645733
EXP-LOAD, 2023-07-19T11:48:00.294, ubuntu22-b, mtd-zk-1, 0.645733
EXP-LOAD, 2023-07-19T11:48:09.469, ubuntu22-b, mtd-zk-1, 0.643016
EXP-LOAD, 2023-07-19T11:48:19.068, ubuntu22-b, mtd-zk-1, 0.643016
EXP-LOAD, 2023-07-19T11:48:28.178, ubuntu22-b, mtd-zk-1, 0.650119
EXP-LOAD, 2023-07-19T11:48:36.386, ubuntu22-b, mtd-zk-1, 0.696021
EXP-LOAD, 2023-07-19T11:48:46.297, ubuntu22-b, mtd-zk-1, 0.696021
EXP-LOAD, 2023-07-19T11:48:55.074, ubuntu22-b, mtd-zk-1, 0.657422
EXP-LOAD, 2023-07-19T11:49:05.171, ubuntu22-b, mtd-zk-1, 0.693116
EXP-LOAD, 2023-07-19T11:49:13.278, ubuntu22-b, mtd-zk-1, 0.693116
EXP-LOAD, 2023-07-19T11:49:19.426, ubuntu22-b, mtd-zk-1, 0.583661
EXP-LOAD, 2023-07-19T11:49:30.579, ubuntu22-b, mtd-zk-1, 0.583661
EXP-LOAD, 2023-07-19T11:49:39.322, ubuntu22-b, mtd-zk-1, 0.658826
EXP-LOAD, 2023-07-19T11:49:49.464, ubuntu22-b, mtd-zk-1, 0.684234
EXP-LOAD, 2023-07-19T11:49:55.587, ubuntu22-b, mtd-zk-1, 0.684234
EXP-LOAD, 2023-07-19T11:50:03.719, ubuntu22-b, mtd-zk-1, 0.684234
EXP-LOAD, 2023-07-19T11:50:17.863, ubuntu22-b, mtd-zk-1, 0.682045
EXP-LOAD, 2023-07-19T11:50:24.992, ubuntu22-b, mtd-zk-1, 0.699053
EXP-LOAD, 2023-07-19T11:50:36.160, ubuntu22-b, mtd-zk-1, 0.665252
EXP-LOAD, 2023-07-19T11:50:44.284, ubuntu22-b, mtd-zk-1, 0.665252
EXP-LOAD, 2023-07-19T11:50:52.383, ubuntu22-b, mtd-zk-1, 0.709621
EXP-LOAD, 2023-07-19T11:51:02.505, ubuntu22-b, mtd-zk-1, 0.709621
EXP-LOAD, 2023-07-19T11:51:10.647, ubuntu22-b, mtd-zk-1, 0.659841
EXP-LOAD, 2023-07-19T11:51:20.776, ubuntu22-b, mtd-zk-1, 0.663863
EXP-LOAD, 2023-07-19T11:51:29.945, ubuntu22-b, mtd-zk-1, 0.663863
EXP-LOAD, 2023-07-19T11:51:40.141, ubuntu22-b, mtd-zk-1, 0.715733
EXP-LOAD, 2023-07-19T11:51:46.747, ubuntu22-b, mtd-zk-1, 0.715733
EXP-LOAD, 2023-07-19T11:51:58.900, ubuntu22-b, mtd-zk-1, 0.694776
EXP-LOAD, 2023-07-19T11:52:06.035, ubuntu22-b, mtd-zk-1, 0.657970
EXP-LOAD, 2023-07-19T11:52:16.269, ubuntu22-b, mtd-zk-1, 0.657970
EXP-LOAD, 2023-07-19T11:52:24.331, ubuntu22-b, mtd-zk-1, 0.678013
EXP-LOAD, 2023-07-19T11:52:32.439, ubuntu22-b, mtd-zk-1, 0.678013
EXP-LOAD, 2023-07-19T11:52:42.588, ubuntu22-b, mtd-zk-1, 0.647451
EXP-LOAD, 2023-07-19T11:52:52.778, ubuntu22-b, mtd-zk-1, 0.675456
EXP-LOAD, 2023-07-19T11:53:02.906, ubuntu22-b, mtd-zk-1, 0.675456
EXP-LOAD, 2023-07-19T11:53:11.038, ubuntu22-b, mtd-zk-1, 0.709307
EXP-LOAD, 2023-07-19T11:53:21.124, ubuntu22-b, mtd-zk-1, 0.610802
EXP-LOAD, 2023-07-19T11:53:29.300, ubuntu22-b, mtd-zk-1, 0.610802
EXP-LOAD, 2023-07-19T11:53:38.346, ubuntu22-b, mtd-zk-1, 0.725944
EXP-LOAD, 2023-07-19T11:53:49.454, ubuntu22-b, mtd-zk-1, 0.636619
EXP-LOAD, 2023-07-19T11:53:57.632, ubuntu22-b, mtd-zk-1, 0.636619
EXP-LOAD, 2023-07-19T11:54:07.167, ubuntu22-b, mtd-zk-1, 0.684893
EXP-LOAD, 2023-07-19T11:54:16.273, ubuntu22-b, mtd-zk-1, 0.684893
EXP-LOAD, 2023-07-19T11:54:24.406, ubuntu22-b, mtd-zk-1, 0.707851
EXP-LOAD, 2023-07-19T11:54:32.555, ubuntu22-b, mtd-zk-1, 0.707851
EXP-LOAD, 2023-07-19T11:54:40.662, ubuntu22-b, mtd-zk-1, 0.665935
EXP-LOAD, 2023-07-19T11:54:53.231, ubuntu22-b, mtd-zk-1, 0.689217
EXP-LOAD, 2023-07-19T11:55:00.350, ubuntu22-b, mtd-zk-1, 0.689217
EXP-LOAD, 2023-07-19T11:55:09.495, ubuntu22-b, mtd-zk-1, 0.706119
EXP-LOAD, 2023-07-19T11:55:16.646, ubuntu22-b, mtd-zk-1, 0.706119
EXP-LOAD, 2023-07-19T11:55:25.823, ubuntu22-b, mtd-zk-1, 0.726447
EXP-LOAD, 2023-07-19T11:55:32.941, ubuntu22-b, mtd-zk-1, 0.726447
EXP-LOAD, 2023-07-19T11:55:43.094, ubuntu22-b, mtd-zk-1, 0.657126
EXP-LOAD, 2023-07-19T11:55:52.209, ubuntu22-b, mtd-zk-1, 0.664857
EXP-LOAD, 2023-07-19T11:56:00.347, ubuntu22-b, mtd-zk-1, 0.664857
EXP-LOAD, 2023-07-19T11:56:07.536, ubuntu22-b, mtd-zk-1, 0.657940
EXP-LOAD, 2023-07-19T11:56:14.638, ubuntu22-b, mtd-zk-1, 0.657940
EXP-LOAD, 2023-07-19T11:56:26.785, ubuntu22-b, mtd-zk-1, 0.599524
EXP-LOAD, 2023-07-19T11:56:32.915, ubuntu22-b, mtd-zk-1, 0.599524
EXP-LEAD, 2023-07-19T11:56:34.275, ubuntu22-b, mtd-zk-1, START
EXP-LEAD, 2023-07-19T11:56:42.261, ubuntu22-b, mtd-zk-1, END
EXP-LOAD, 2023-07-19T11:56:43.334, ubuntu22-b, mtd-zk-1, 0.628037
EXP-LOAD, 2023-07-19T11:56:50.464, ubuntu22-b, mtd-zk-1, 0.750241
EXP-LOAD, 2023-07-19T11:56:59.585, ubuntu22-b, mtd-zk-1, 0.750241
EXP-LOAD, 2023-07-19T11:57:07.800, ubuntu22-b, mtd-zk-1, 0.728231
EXP-LOAD, 2023-07-19T11:57:15.939, ubuntu22-b, mtd-zk-1, 0.728231
EXP-LOAD, 2023-07-19T11:57:25.047, ubuntu22-b, mtd-zk-1, 0.633427
EXP-LOAD, 2023-07-19T11:57:32.689, ubuntu22-b, mtd-zk-1, 0.633427
EXP-LOAD, 2023-07-19T11:57:41.792, ubuntu22-b, mtd-zk-1, 0.653448
EXP-LOAD, 2023-07-19T11:57:49.950, ubuntu22-b, mtd-zk-1, 0.697636
EXP-LOAD, 2023-07-19T11:58:00.498, ubuntu22-b, mtd-zk-1, 0.697636
EXP-LOAD, 2023-07-19T11:58:09.625, ubuntu22-b, mtd-zk-1, 0.690733
EXP-LOAD, 2023-07-19T11:58:15.757, ubuntu22-b, mtd-zk-1, 0.690733
EXP-LOAD, 2023-07-19T11:58:25.367, ubuntu22-b, mtd-zk-1, 0.657833
EXP-LOAD, 2023-07-19T11:58:34.458, ubuntu22-b, mtd-zk-1, 0.674445
EXP-LOAD, 2023-07-19T11:58:41.551, ubuntu22-b, mtd-zk-1, 0.674445
EXP-LOAD, 2023-07-19T11:58:48.697, ubuntu22-b, mtd-zk-1, 0.674445
EXP-LOAD, 2023-07-19T11:58:56.785, ubuntu22-b, mtd-zk-1, 0.606989
EXP-LOAD, 2023-07-19T11:59:05.331, ubuntu22-b, mtd-zk-1, 0.658523
EXP-LOAD, 2023-07-19T11:59:15.457, ubuntu22-b, mtd-zk-1, 0.658523
EXP-LOAD, 2023-07-19T11:59:23.609, ubuntu22-b, mtd-zk-1, 0.666823
EXP-LOAD, 2023-07-19T11:59:38.738, ubuntu22-b, mtd-zk-1, 0.713950
EXP-LOAD, 2023-07-19T11:59:45.858, ubuntu22-b, mtd-zk-1, 0.713950
EXP-LOAD, 2023-07-19T11:59:53.960, ubuntu22-b, mtd-zk-1, 0.696830
EXP-LOAD, 2023-07-19T12:00:01.056, ubuntu22-b, mtd-zk-1, 0.696830
EXP-LOAD, 2023-07-19T12:00:08.153, ubuntu22-b, mtd-zk-1, 0.629244
EXP-LOAD, 2023-07-19T12:00:24.315, ubuntu22-b, mtd-zk-1, 0.694028
EXP-LOAD, 2023-07-19T12:00:31.468, ubuntu22-b, mtd-zk-1, 0.694028
EXP-LOAD, 2023-07-19T12:00:40.861, ubuntu22-b, mtd-zk-1, 0.572230
EXP-LOAD, 2023-07-19T12:00:50.993, ubuntu22-b, mtd-zk-1, 0.690034
EXP-LOAD, 2023-07-19T12:01:00.124, ubuntu22-b, mtd-zk-1, 0.690034
EXP-LOAD, 2023-07-19T12:01:08.303, ubuntu22-b, mtd-zk-1, 0.633662
EXP-LOAD, 2023-07-19T12:01:18.461, ubuntu22-b, mtd-zk-1, 0.633662
EXP-LOAD, 2023-07-19T12:01:26.726, ubuntu22-b, mtd-zk-1, 0.723825
EXP-LOAD, 2023-07-19T12:01:37.004, ubuntu22-b, mtd-zk-1, 0.634832
EXP-LOAD, 2023-07-19T12:01:45.017, ubuntu22-b, mtd-zk-1, 0.634832
EXP-LOAD, 2023-07-19T12:01:54.136, ubuntu22-b, mtd-zk-1, 0.680925
EXP-LOAD, 2023-07-19T12:02:01.239, ubuntu22-b, mtd-zk-1, 0.680925
EXP-LOAD, 2023-07-19T12:02:11.356, ubuntu22-b, mtd-zk-1, 0.684431
EXP-LOAD, 2023-07-19T12:02:19.496, ubuntu22-b, mtd-zk-1, 0.665461
EXP-LOAD, 2023-07-19T12:02:26.651, ubuntu22-b, mtd-zk-1, 0.665461
EXP-LOAD, 2023-07-19T12:02:36.837, ubuntu22-b, mtd-zk-1, 0.644662
EXP-LOAD, 2023-07-19T12:02:45.937, ubuntu22-b, mtd-zk-1, 0.644662
EXP-LOAD, 2023-07-19T12:02:55.026, ubuntu22-b, mtd-zk-1, 0.624412
EXP-LOAD, 2023-07-19T12:03:03.165, ubuntu22-b, mtd-zk-1, 0.624412
EXP-LOAD, 2023-07-19T12:03:15.256, ubuntu22-b, mtd-zk-1, 0.692455
EXP-LOAD, 2023-07-19T12:03:21.667, ubuntu22-b, mtd-zk-1, 0.680527
EXP-LOAD, 2023-07-19T12:03:29.543, ubuntu22-b, mtd-zk-1, 0.680527
EXP-LOAD, 2023-07-19T12:03:36.671, ubuntu22-b, mtd-zk-1, 0.684238
EXP-LOAD, 2023-07-19T12:03:44.886, ubuntu22-b, mtd-zk-1, 0.684238
EXP-LOAD, 2023-07-19T12:03:54.010, ubuntu22-b, mtd-zk-1, 0.638919
EXP-LOAD, 2023-07-19T12:04:01.161, ubuntu22-b, mtd-zk-1, 0.638919
EXP-LOAD, 2023-07-19T12:04:09.265, ubuntu22-b, mtd-zk-1, 0.662227
EXP-LOAD, 2023-07-19T12:04:16.848, ubuntu22-b, mtd-zk-1, 0.662227
EXP-LOAD, 2023-07-19T12:04:22.947, ubuntu22-b, mtd-zk-1, 0.671843
EXP-LOAD, 2023-07-19T12:04:32.603, ubuntu22-b, mtd-zk-1, 0.671843
EXP-LOAD, 2023-07-19T12:04:41.217, ubuntu22-b, mtd-zk-1, 0.716418
EXP-LOAD, 2023-07-19T12:04:50.392, ubuntu22-b, mtd-zk-1, 0.700435
EXP-LOAD, 2023-07-19T12:04:57.441, ubuntu22-b, mtd-zk-1, 0.700435
EXP-LOAD, 2023-07-19T12:05:08.644, ubuntu22-b, mtd-zk-1, 0.614958
EXP-LOAD, 2023-07-19T12:05:17.823, ubuntu22-b, mtd-zk-1, 0.614958
EXP-LOAD, 2023-07-19T12:05:26.944, ubuntu22-b, mtd-zk-1, 0.693944
EXP-LOAD, 2023-07-19T12:05:36.074, ubuntu22-b, mtd-zk-1, 0.764230
EXP-LOAD, 2023-07-19T12:05:43.753, ubuntu22-b, mtd-zk-1, 0.764230
EXP-LOAD, 2023-07-19T12:05:53.858, ubuntu22-b, mtd-zk-1, 0.691636
EXP-LOAD, 2023-07-19T12:06:00.821, ubuntu22-b, mtd-zk-1, 0.691636
EXP-LOAD, 2023-07-19T12:06:10.973, ubuntu22-b, mtd-zk-1, 0.712845
EXP-LOAD, 2023-07-19T12:06:18.048, ubuntu22-b, mtd-zk-1, 0.712845
EXP-LOAD, 2023-07-19T12:06:27.210, ubuntu22-b, mtd-zk-1, 0.627518
EXP-LOAD, 2023-07-19T12:06:35.324, ubuntu22-b, mtd-zk-1, 0.685249
EXP-LOAD, 2023-07-19T12:06:46.429, ubuntu22-b, mtd-zk-1, 0.685249
EXP-LOAD, 2023-07-19T12:06:53.562, ubuntu22-b, mtd-zk-1, 0.662224
EXP-LOAD, 2023-07-19T12:07:03.644, ubuntu22-b, mtd-zk-1, 0.662224
EXP-LOAD, 2023-07-19T12:07:11.377, ubuntu22-b, mtd-zk-1, 0.693019
EXP-LOAD, 2023-07-19T12:07:21.487, ubuntu22-b, mtd-zk-1, 0.679157
EXP-LOAD, 2023-07-19T12:07:28.598, ubuntu22-b, mtd-zk-1, 0.679157
EXP-LOAD, 2023-07-19T12:07:34.689, ubuntu22-b, mtd-zk-1, 0.638818
EXP-LOAD, 2023-07-19T12:07:45.828, ubuntu22-b, mtd-zk-1, 0.638818
EXP-LOAD, 2023-07-19T12:07:53.977, ubuntu22-b, mtd-zk-1, 0.737630
EXP-LOAD, 2023-07-19T12:08:02.479, ubuntu22-b, mtd-zk-1, 0.737630
EXP-LOAD, 2023-07-19T12:08:09.595, ubuntu22-b, mtd-zk-1, 0.654032
EXP-LOAD, 2023-07-19T12:08:20.716, ubuntu22-b, mtd-zk-1, 0.645722
EXP-LOAD, 2023-07-19T12:08:28.291, ubuntu22-b, mtd-zk-1, 0.645722
EXP-LOAD, 2023-07-19T12:08:35.463, ubuntu22-b, mtd-zk-1, 0.651631
EXP-LOAD, 2023-07-19T12:08:46.649, ubuntu22-b, mtd-zk-1, 0.651631
EXP-LOAD, 2023-07-19T12:08:54.708, ubuntu22-b, mtd-zk-1, 0.657746
EXP-LOAD, 2023-07-19T12:09:02.806, ubuntu22-b, mtd-zk-1, 0.657746
EXP-LOAD, 2023-07-19T12:09:11.528, ubuntu22-b, mtd-zk-1, 0.677874
EXP-LOAD, 2023-07-19T12:09:22.665, ubuntu22-b, mtd-zk-1, 0.669928
EXP-LOAD, 2023-07-19T12:09:30.812, ubuntu22-b, mtd-zk-1, 0.669928
EXP-LOAD, 2023-07-19T12:09:40.938, ubuntu22-b, mtd-zk-1, 0.618846
EXP-LOAD, 2023-07-19T12:09:48.584, ubuntu22-b, mtd-zk-1, 0.618846
EXP-LOAD, 2023-07-19T12:10:00.730, ubuntu22-b, mtd-zk-1, 0.697636
EXP-LOAD, 2023-07-19T12:10:09.838, ubuntu22-b, mtd-zk-1, 0.724843
EXP-LOAD, 2023-07-19T12:10:16.970, ubuntu22-b, mtd-zk-1, 0.724843
EXP-LOAD, 2023-07-19T12:10:25.082, ubuntu22-b, mtd-zk-1, 0.676338
EXP-LOAD, 2023-07-19T12:10:33.623, ubuntu22-b, mtd-zk-1, 0.676338
EXP-LOAD, 2023-07-19T12:10:42.361, ubuntu22-b, mtd-zk-1, 0.637216
EXP-LOAD, 2023-07-19T12:10:49.483, ubuntu22-b, mtd-zk-1, 0.672642
EXP-LOAD, 2023-07-19T12:10:59.600, ubuntu22-b, mtd-zk-1, 0.672642
EXP-LOAD, 2023-07-19T12:11:07.742, ubuntu22-b, mtd-zk-1, 0.648418
EXP-LOAD, 2023-07-19T12:11:14.359, ubuntu22-b, mtd-zk-1, 0.648418
EXP-LOAD, 2023-07-19T12:11:24.859, ubuntu22-b, mtd-zk-1, 0.574024
EXP-LOAD, 2023-07-19T12:11:34.035, ubuntu22-b, mtd-zk-1, 0.574024
EXP-LOAD, 2023-07-19T12:11:42.142, ubuntu22-b, mtd-zk-1, 0.640321
EXP-LOAD, 2023-07-19T12:11:53.380, ubuntu22-b, mtd-zk-1, 0.651649
EXP-LOAD, 2023-07-19T12:12:01.496, ubuntu22-b, mtd-zk-1, 0.651649
EXP-LOAD, 2023-07-19T12:12:10.634, ubuntu22-b, mtd-zk-1, 0.651148
EXP-LOAD, 2023-07-19T12:12:17.737, ubuntu22-b, mtd-zk-1, 0.651148
EXP-LOAD, 2023-07-19T12:12:27.904, ubuntu22-b, mtd-zk-1, 0.701255
EXP-LOAD, 2023-07-19T12:12:36.978, ubuntu22-b, mtd-zk-1, 0.659027
EXP-LOAD, 2023-07-19T12:12:44.249, ubuntu22-b, mtd-zk-1, 0.659027
EXP-LOAD, 2023-07-19T12:12:55.251, ubuntu22-b, mtd-zk-1, 0.675849
EXP-LOAD, 2023-07-19T12:13:01.349, ubuntu22-b, mtd-zk-1, 0.675849
EXP-LOAD, 2023-07-19T12:13:08.511, ubuntu22-b, mtd-zk-1, 0.682225
EXP-LOAD, 2023-07-19T12:13:19.048, ubuntu22-b, mtd-zk-1, 0.682225
EXP-LOAD, 2023-07-19T12:13:28.188, ubuntu22-b, mtd-zk-1, 0.681619
EXP-LOAD, 2023-07-19T12:13:39.302, ubuntu22-b, mtd-zk-1, 0.651277
EXP-LOAD, 2023-07-19T12:13:46.431, ubuntu22-b, mtd-zk-1, 0.651277
EXP-LOAD, 2023-07-19T12:13:57.721, ubuntu22-b, mtd-zk-1, 0.695819
EXP-LOAD, 2023-07-19T12:14:04.692, ubuntu22-b, mtd-zk-1, 0.698455
EXP-LOAD, 2023-07-19T12:14:15.895, ubuntu22-b, mtd-zk-1, 0.698455
EXP-LOAD, 2023-07-19T12:14:25.003, ubuntu22-b, mtd-zk-1, 0.720820
EXP-LOAD, 2023-07-19T12:14:34.127, ubuntu22-b, mtd-zk-1, 0.675675
EXP-LOAD, 2023-07-19T12:14:43.300, ubuntu22-b, mtd-zk-1, 0.675675
EXP-LOAD, 2023-07-19T12:14:53.491, ubuntu22-b, mtd-zk-1, 0.670821
EXP-LOAD, 2023-07-19T12:14:59.659, ubuntu22-b, mtd-zk-1, 0.670821
EXP-LOAD, 2023-07-19T12:15:07.869, ubuntu22-b, mtd-zk-1, 0.733326
EXP-LOAD, 2023-07-19T12:15:15.959, ubuntu22-b, mtd-zk-1, 0.733326
EXP-LOAD, 2023-07-19T12:15:24.063, ubuntu22-b, mtd-zk-1, 0.637414
EXP-LOAD, 2023-07-19T12:15:31.192, ubuntu22-b, mtd-zk-1, 0.637414
EXP-LOAD, 2023-07-19T12:15:40.306, ubuntu22-b, mtd-zk-1, 0.602847
EXP-LOAD, 2023-07-19T12:15:46.420, ubuntu22-b, mtd-zk-1, 0.602847
EXP-LOAD, 2023-07-19T12:15:56.597, ubuntu22-b, mtd-zk-1, 0.662619
EXP-LOAD, 2023-07-19T12:16:03.655, ubuntu22-b, mtd-zk-1, 0.662619
EXP-LOAD, 2023-07-19T12:16:12.169, ubuntu22-b, mtd-zk-1, 0.649939
EXP-LOAD, 2023-07-19T12:16:23.316, ubuntu22-b, mtd-zk-1, 0.670650
EXP-LOAD, 2023-07-19T12:16:31.545, ubuntu22-b, mtd-zk-1, 0.670650
EXP-LOAD, 2023-07-19T12:16:42.721, ubuntu22-b, mtd-zk-1, 0.645510
EXP-LOAD, 2023-07-19T12:16:49.788, ubuntu22-b, mtd-zk-1, 0.732629
EXP-LOAD, 2023-07-19T12:16:59.899, ubuntu22-b, mtd-zk-1, 0.732629
EXP-LOAD, 2023-07-19T12:17:07.189, ubuntu22-b, mtd-zk-1, 0.712837
EXP-LOAD, 2023-07-19T12:17:14.308, ubuntu22-b, mtd-zk-1, 0.712837
EXP-LOAD, 2023-07-19T12:17:21.421, ubuntu22-b, mtd-zk-1, 0.829660
EXP-LOAD, 2023-07-19T12:17:31.940, ubuntu22-b, mtd-zk-1, 0.829660
EXP-LOAD, 2023-07-19T12:17:41.102, ubuntu22-b, mtd-zk-1, 0.640115
EXP-LOAD, 2023-07-19T12:17:48.286, ubuntu22-b, mtd-zk-1, 0.640115
EXP-LOAD, 2023-07-19T12:17:56.792, ubuntu22-b, mtd-zk-1, 0.700248
EXP-LOAD, 2023-07-19T12:18:10.853, ubuntu22-b, mtd-zk-1, 0.638325
EXP-LOAD, 2023-07-19T12:18:17.979, ubuntu22-b, mtd-zk-1, 0.638325
EXP-LOAD, 2023-07-19T12:18:27.101, ubuntu22-b, mtd-zk-1, 0.622242
EXP-LOAD, 2023-07-19T12:18:33.222, ubuntu22-b, mtd-zk-1, 0.622242
EXP-LOAD, 2023-07-19T12:18:42.319, ubuntu22-b, mtd-zk-1, 0.675117
EXP-LOAD, 2023-07-19T12:18:51.463, ubuntu22-b, mtd-zk-1, 0.680828
EXP-LOAD, 2023-07-19T12:19:02.559, ubuntu22-b, mtd-zk-1, 0.680828
EXP-LOAD, 2023-07-19T12:19:08.666, ubuntu22-b, mtd-zk-1, 0.651912
EXP-LOAD, 2023-07-19T12:19:23.050, ubuntu22-b, mtd-zk-1, 0.704219
EXP-LOAD, 2023-07-19T12:19:31.878, ubuntu22-b, mtd-zk-1, 0.704219
EXP-LOAD, 2023-07-19T12:19:38.975, ubuntu22-b, mtd-zk-1, 0.736905
EXP-LOAD, 2023-07-19T12:19:48.104, ubuntu22-b, mtd-zk-1, 0.736905
EXP-LOAD, 2023-07-19T12:19:59.239, ubuntu22-b, mtd-zk-1, 0.641817
EXP-LOAD, 2023-07-19T12:20:06.324, ubuntu22-b, mtd-zk-1, 0.665732
EXP-LOAD, 2023-07-19T12:20:18.444, ubuntu22-b, mtd-zk-1, 0.665732
EXP-LOAD, 2023-07-19T12:20:30.601, ubuntu22-b, mtd-zk-1, 0.589807
EXP-LOAD, 2023-07-19T12:20:37.677, ubuntu22-b, mtd-zk-1, 0.628326
EXP-LOAD, 2023-07-19T12:20:51.687, ubuntu22-b, mtd-zk-1, 0.761419
EXP-LOAD, 2023-07-19T12:20:59.786, ubuntu22-b, mtd-zk-1, 0.761419
EXP-LOAD, 2023-07-19T12:21:07.883, ubuntu22-b, mtd-zk-1, 0.665413
EXP-LOAD, 2023-07-19T12:21:17.043, ubuntu22-b, mtd-zk-1, 0.665413
EXP-LOAD, 2023-07-19T12:21:25.197, ubuntu22-b, mtd-zk-1, 0.665230
EXP-LOAD, 2023-07-19T12:21:36.343, ubuntu22-b, mtd-zk-1, 0.698934
EXP-LOAD, 2023-07-19T12:21:44.438, ubuntu22-b, mtd-zk-1, 0.698934
EXP-LOAD, 2023-07-19T12:21:50.598, ubuntu22-b, mtd-zk-1, 0.607407
EXP-LOAD, 2023-07-19T12:21:59.895, ubuntu22-b, mtd-zk-1, 0.607407
EXP-LOAD, 2023-07-19T12:22:08.798, ubuntu22-b, mtd-zk-1, 0.707731
EXP-LOAD, 2023-07-19T12:22:18.310, ubuntu22-b, mtd-zk-1, 0.707731
EXP-LOAD, 2023-07-19T12:22:27.420, ubuntu22-b, mtd-zk-1, 0.647227
EXP-LOAD, 2023-07-19T12:22:34.294, ubuntu22-b, mtd-zk-1, 0.691021
EXP-LOAD, 2023-07-19T12:22:45.287, ubuntu22-b, mtd-zk-1, 0.691021
EXP-LOAD, 2023-07-19T12:22:53.382, ubuntu22-b, mtd-zk-1, 0.735044
EXP-LOAD, 2023-07-19T12:23:00.537, ubuntu22-b, mtd-zk-1, 0.735044
EXP-LOAD, 2023-07-19T12:23:11.745, ubuntu22-b, mtd-zk-1, 0.638426
EXP-LOAD, 2023-07-19T12:23:19.797, ubuntu22-b, mtd-zk-1, 0.668767
EXP-LOAD, 2023-07-19T12:23:27.948, ubuntu22-b, mtd-zk-1, 0.668767
EXP-LOAD, 2023-07-19T12:23:35.024, ubuntu22-b, mtd-zk-1, 0.678205
EXP-LOAD, 2023-07-19T12:23:44.136, ubuntu22-b, mtd-zk-1, 0.678205
EXP-LOAD, 2023-07-19T12:23:52.297, ubuntu22-b, mtd-zk-1, 0.627723
EXP-LOAD, 2023-07-19T12:24:02.407, ubuntu22-b, mtd-zk-1, 0.627723
EXP-LOAD, 2023-07-19T12:24:08.547, ubuntu22-b, mtd-zk-1, 0.632651
EXP-LOAD, 2023-07-19T12:24:15.650, ubuntu22-b, mtd-zk-1, 0.632651
EXP-LOAD, 2023-07-19T12:24:23.785, ubuntu22-b, mtd-zk-1, 0.662218
EXP-LOAD, 2023-07-19T12:24:31.896, ubuntu22-b, mtd-zk-1, 0.662218
EXP-LOAD, 2023-07-19T12:24:45.636, ubuntu22-b, mtd-zk-1, 0.670020
EXP-LOAD, 2023-07-19T12:24:55.797, ubuntu22-b, mtd-zk-1, 0.651223
EXP-LOAD, 2023-07-19T12:25:03.551, ubuntu22-b, mtd-zk-1, 0.651223
EXP-LOAD, 2023-07-19T12:25:13.704, ubuntu22-b, mtd-zk-1, 0.711230
EXP-LOAD, 2023-07-19T12:25:22.823, ubuntu22-b, mtd-zk-1, 0.712541
EXP-LOAD, 2023-07-19T12:25:34.097, ubuntu22-b, mtd-zk-1, 0.667045
EXP-LOAD, 2023-07-19T12:25:43.187, ubuntu22-b, mtd-zk-1, 0.667045
EXP-LOAD, 2023-07-19T12:25:54.302, ubuntu22-b, mtd-zk-1, 0.684687
EXP-LOAD, 2023-07-19T12:26:03.393, ubuntu22-b, mtd-zk-1, 0.684687
EXP-LOAD, 2023-07-19T12:26:12.508, ubuntu22-b, mtd-zk-1, 0.703414
EXP-LOAD, 2023-07-19T12:26:18.029, ubuntu22-b, mtd-zk-1, 0.703414
EXP-LOAD, 2023-07-19T12:26:31.589, ubuntu22-b, mtd-zk-1, 0.666516
EXP-LOAD, 2023-07-19T12:26:37.728, ubuntu22-b, mtd-zk-1, 0.705442
EXP-LOAD, 2023-07-19T12:26:46.827, ubuntu22-b, mtd-zk-1, 0.705442
EXP-LOAD, 2023-07-19T12:26:56.379, ubuntu22-b, mtd-zk-1, 0.688827
EXP-LOAD, 2023-07-19T12:27:02.993, ubuntu22-b, mtd-zk-1, 0.688827
EXP-LOAD, 2023-07-19T12:27:12.097, ubuntu22-b, mtd-zk-1, 0.682627
EXP-LOAD, 2023-07-19T12:27:21.258, ubuntu22-b, mtd-zk-1, 0.673903
EXP-LOAD, 2023-07-19T12:27:28.330, ubuntu22-b, mtd-zk-1, 0.673903
EXP-LOAD, 2023-07-19T12:27:36.532, ubuntu22-b, mtd-zk-1, 0.689419
EXP-LOAD, 2023-07-19T12:27:44.610, ubuntu22-b, mtd-zk-1, 0.689419
EXP-LOAD, 2023-07-19T12:27:55.724, ubuntu22-b, mtd-zk-1, 0.729542
EXP-LOAD, 2023-07-19T12:28:02.881, ubuntu22-b, mtd-zk-1, 0.729542
EXP-LOAD, 2023-07-19T12:28:10.975, ubuntu22-b, mtd-zk-1, 0.666225
EXP-LOAD, 2023-07-19T12:28:18.074, ubuntu22-b, mtd-zk-1, 0.666225
EXP-LOAD, 2023-07-19T12:28:30.206, ubuntu22-b, mtd-zk-1, 0.634226
EXP-LOAD, 2023-07-19T12:28:38.306, ubuntu22-b, mtd-zk-1, 0.689623
EXP-LOAD, 2023-07-19T12:28:45.393, ubuntu22-b, mtd-zk-1, 0.689623
EXP-LOAD, 2023-07-19T12:28:54.528, ubuntu22-b, mtd-zk-1, 0.635826
EXP-LOAD, 2023-07-19T12:29:04.645, ubuntu22-b, mtd-zk-1, 0.605228
EXP-LOAD, 2023-07-19T12:29:12.824, ubuntu22-b, mtd-zk-1, 0.605228
EXP-LOAD, 2023-07-19T12:29:23.891, ubuntu22-b, mtd-zk-1, 0.711121
EXP-LOAD, 2023-07-19T12:29:32.366, ubuntu22-b, mtd-zk-1, 0.711121
EXP-LOAD, 2023-07-19T12:29:45.178, ubuntu22-b, mtd-zk-1, 0.724625
EXP-LOAD, 2023-07-19T12:29:53.296, ubuntu22-b, mtd-zk-1, 0.702882
EXP-LOAD, 2023-07-19T12:30:01.400, ubuntu22-b, mtd-zk-1, 0.702882
EXP-LOAD, 2023-07-19T12:30:08.543, ubuntu22-b, mtd-zk-1, 0.633035
EXP-LOAD, 2023-07-19T12:30:17.700, ubuntu22-b, mtd-zk-1, 0.633035
EXP-LOAD, 2023-07-19T12:30:25.840, ubuntu22-b, mtd-zk-1, 0.629215
EXP-LOAD, 2023-07-19T12:30:33.995, ubuntu22-b, mtd-zk-1, 0.629215
EXP-LOAD, 2023-07-19T12:30:44.073, ubuntu22-b, mtd-zk-1, 0.699235
EXP-LOAD, 2023-07-19T12:30:52.209, ubuntu22-b, mtd-zk-1, 0.705525
EXP-LOAD, 2023-07-19T12:31:00.332, ubuntu22-b, mtd-zk-1, 0.705525
EXP-LOAD, 2023-07-19T12:31:09.441, ubuntu22-b, mtd-zk-1, 0.658218
EXP-LOAD, 2023-07-19T12:31:16.639, ubuntu22-b, mtd-zk-1, 0.658218
EXP-LOAD, 2023-07-19T12:31:26.763, ubuntu22-b, mtd-zk-1, 0.686125
EXP-LOAD, 2023-07-19T12:31:34.856, ubuntu22-b, mtd-zk-1, 0.705822
EXP-LOAD, 2023-07-19T12:31:43.958, ubuntu22-b, mtd-zk-1, 0.705822
EXP-LOAD, 2023-07-19T12:31:55.173, ubuntu22-b, mtd-zk-1, 0.633064
EXP-LOAD, 2023-07-19T12:32:04.194, ubuntu22-b, mtd-zk-1, 0.716608
EXP-LOAD, 2023-07-19T12:32:12.278, ubuntu22-b, mtd-zk-1, 0.716608
EXP-LOAD, 2023-07-19T12:32:22.397, ubuntu22-b, mtd-zk-1, 0.650583
EXP-LOAD, 2023-07-19T12:32:30.987, ubuntu22-b, mtd-zk-1, 0.650583
EXP-LOAD, 2023-07-19T12:32:38.141, ubuntu22-b, mtd-zk-1, 0.648204
EXP-LOAD, 2023-07-19T12:32:49.215, ubuntu22-b, mtd-zk-1, 0.669622
EXP-LOAD, 2023-07-19T12:32:56.348, ubuntu22-b, mtd-zk-1, 0.669622
EXP-LOAD, 2023-07-19T12:33:07.456, ubuntu22-b, mtd-zk-1, 0.659805
EXP-LOAD, 2023-07-19T12:33:16.382, ubuntu22-b, mtd-zk-1, 0.659805
EXP-LOAD, 2023-07-19T12:33:25.523, ubuntu22-b, mtd-zk-1, 0.680204
EXP-LOAD, 2023-07-19T12:33:33.598, ubuntu22-b, mtd-zk-1, 0.680204
EXP-LOAD, 2023-07-19T12:33:42.200, ubuntu22-b, mtd-zk-1, 0.703022
