EXP-LOAD, 2023-07-19T01:30:04.806, ubuntu22-b, mtd-zk-0, 0.571417
EXP-LOAD, 2023-07-19T01:30:12.323, ubuntu22-b, mtd-zk-0, 0.568006
EXP-LOAD, 2023-07-19T01:30:21.454, ubuntu22-b, mtd-zk-0, 0.649546
EXP-LOAD, 2023-07-19T01:30:28.707, ubuntu22-b, mtd-zk-0, 0.649546
EXP-LOAD, 2023-07-19T01:30:36.832, ubuntu22-b, mtd-zk-0, 0.631403
EXP-LOAD, 2023-07-19T01:30:43.985, ubuntu22-b, mtd-zk-0, 0.631403
EXP-LOAD, 2023-07-19T01:30:52.129, ubuntu22-b, mtd-zk-0, 0.681913
EXP-LOAD, 2023-07-19T01:31:02.310, ubuntu22-b, mtd-zk-0, 0.681913
EXP-LEAD, 2023-07-19T01:31:04.244, ubuntu22-b, mtd-zk-0, START
EXP-LEAD, 2023-07-19T01:31:10.754, ubuntu22-b, mtd-zk-0, END
EXP-LOAD, 2023-07-19T01:31:11.878, ubuntu22-b, mtd-zk-0, 0.663233
EXP-LOAD, 2023-07-19T01:31:22.232, ubuntu22-b, mtd-zk-0, 0.749218
EXP-LEAD, 2023-07-19T01:31:23.125, ubuntu22-b, mtd-zk-0, START
EXP-LEAD, 2023-07-19T01:31:29.303, ubuntu22-b, mtd-zk-0, END
EXP-LOAD, 2023-07-19T01:31:30.385, ubuntu22-b, mtd-zk-0, 0.749218
EXP-LOAD, 2023-07-19T01:31:37.609, ubuntu22-b, mtd-zk-0, 0.755454
EXP-LOAD, 2023-07-19T01:31:47.873, ubuntu22-b, mtd-zk-0, 0.755454
EXP-LOAD, 2023-07-19T01:31:57.920, ubuntu22-b, mtd-zk-0, 0.692722
EXP-LOAD, 2023-07-19T01:32:04.130, ubuntu22-b, mtd-zk-0, 0.692722
EXP-LOAD, 2023-07-19T01:32:15.599, ubuntu22-b, mtd-zk-0, 0.648013
EXP-LEAD, 2023-07-19T01:32:17.254, ubuntu22-b, mtd-zk-0, START
EXP-LEAD, 2023-07-19T01:32:22.095, ubuntu22-b, mtd-zk-0, END
EXP-LOAD, 2023-07-19T01:32:23.157, ubuntu22-b, mtd-zk-0, 0.717506
EXP-LEAD, 2023-07-19T01:32:24.425, ubuntu22-b, mtd-zk-0, START
EXP-LEAD, 2023-07-19T01:32:30.458, ubuntu22-b, mtd-zk-0, END
EXP-LOAD, 2023-07-19T01:32:31.567, ubuntu22-b, mtd-zk-0, 0.717506
EXP-LEAD, 2023-07-19T01:32:33.520, ubuntu22-b, mtd-zk-0, START
EXP-LEAD, 2023-07-19T01:32:42.382, ubuntu22-b, mtd-zk-0, END
EXP-LOAD, 2023-07-19T01:32:43.462, ubuntu22-b, mtd-zk-0, 0.742608
EXP-LEAD, 2023-07-19T01:32:44.676, ubuntu22-b, mtd-zk-0, START
EXP-LEAD, 2023-07-19T01:32:49.185, ubuntu22-b, mtd-zk-0, END
EXP-LOAD, 2023-07-19T01:32:50.250, ubuntu22-b, mtd-zk-0, 0.673360
EXP-LOAD, 2023-07-19T01:32:57.903, ubuntu22-b, mtd-zk-0, 0.673360
EXP-LEAD, 2023-07-19T01:32:58.892, ubuntu22-b, mtd-zk-0, START
EXP-LEAD, 2023-07-19T01:33:04.642, ubuntu22-b, mtd-zk-0, END
EXP-LOAD, 2023-07-19T01:33:05.702, ubuntu22-b, mtd-zk-0, 0.665621
EXP-LOAD, 2023-07-19T01:33:12.066, ubuntu22-b, mtd-zk-0, 0.665621
EXP-LEAD, 2023-07-19T01:33:13.139, ubuntu22-b, mtd-zk-0, START
EXP-LEAD, 2023-07-19T01:33:18.843, ubuntu22-b, mtd-zk-0, END
EXP-LOAD, 2023-07-19T01:33:19.935, ubuntu22-b, mtd-zk-0, 0.691417
EXP-LOAD, 2023-07-19T01:33:27.357, ubuntu22-b, mtd-zk-0, 0.691417
EXP-LOAD, 2023-07-19T01:33:38.463, ubuntu22-b, mtd-zk-0, 0.617626
EXP-LOAD, 2023-07-19T01:33:47.635, ubuntu22-b, mtd-zk-0, 0.617626
EXP-LEAD, 2023-07-19T01:33:49.659, ubuntu22-b, mtd-zk-0, START
EXP-LEAD, 2023-07-19T01:33:57.388, ubuntu22-b, mtd-zk-0, END
EXP-LOAD, 2023-07-19T01:33:58.441, ubuntu22-b, mtd-zk-0, 0.666338
EXP-LOAD, 2023-07-19T01:34:04.891, ubuntu22-b, mtd-zk-0, 0.757856
EXP-LOAD, 2023-07-19T01:34:12.003, ubuntu22-b, mtd-zk-0, 0.757856
EXP-LOAD, 2023-07-19T01:34:23.110, ubuntu22-b, mtd-zk-0, 0.689265
EXP-LEAD, 2023-07-19T01:34:25.134, ubuntu22-b, mtd-zk-0, START
EXP-LEAD, 2023-07-19T01:34:29.931, ubuntu22-b, mtd-zk-0, END
EXP-LOAD, 2023-07-19T01:34:30.992, ubuntu22-b, mtd-zk-0, 0.689265
EXP-LOAD, 2023-07-19T01:34:40.145, ubuntu22-b, mtd-zk-0, 0.747021
EXP-LOAD, 2023-07-19T01:34:47.324, ubuntu22-b, mtd-zk-0, 0.747021
EXP-LOAD, 2023-07-19T01:34:55.426, ubuntu22-b, mtd-zk-0, 0.655101
EXP-LEAD, 2023-07-19T01:34:57.561, ubuntu22-b, mtd-zk-0, START
EXP-LEAD, 2023-07-19T01:35:06.501, ubuntu22-b, mtd-zk-0, END
EXP-LOAD, 2023-07-19T01:35:07.689, ubuntu22-b, mtd-zk-0, 0.725234
EXP-LOAD, 2023-07-19T01:35:15.932, ubuntu22-b, mtd-zk-0, 0.725234
EXP-LOAD, 2023-07-19T01:35:24.066, ubuntu22-b, mtd-zk-0, 0.685528
EXP-LOAD, 2023-07-19T01:35:35.130, ubuntu22-b, mtd-zk-0, 0.733213
EXP-LOAD, 2023-07-19T01:35:41.224, ubuntu22-b, mtd-zk-0, 0.733213
EXP-LOAD, 2023-07-19T01:35:50.368, ubuntu22-b, mtd-zk-0, 0.713525
EXP-LOAD, 2023-07-19T01:35:57.102, ubuntu22-b, mtd-zk-0, 0.713525
EXP-LOAD, 2023-07-19T01:36:07.132, ubuntu22-b, mtd-zk-0, 0.668418
EXP-LEAD, 2023-07-19T01:36:09.216, ubuntu22-b, mtd-zk-0, START
EXP-LEAD, 2023-07-19T01:36:14.771, ubuntu22-b, mtd-zk-0, END
EXP-LOAD, 2023-07-19T01:36:15.830, ubuntu22-b, mtd-zk-0, 0.668418
EXP-LEAD, 2023-07-19T01:36:17.279, ubuntu22-b, mtd-zk-0, START
EXP-LEAD, 2023-07-19T01:36:24.966, ubuntu22-b, mtd-zk-0, END
EXP-LOAD, 2023-07-19T01:36:26.012, ubuntu22-b, mtd-zk-0, 0.709132
EXP-LOAD, 2023-07-19T01:36:33.493, ubuntu22-b, mtd-zk-0, 0.709132
EXP-LOAD, 2023-07-19T01:36:40.618, ubuntu22-b, mtd-zk-0, 0.805223
EXP-LEAD, 2023-07-19T01:36:42.653, ubuntu22-b, mtd-zk-0, START
EXP-LEAD, 2023-07-19T01:36:51.321, ubuntu22-b, mtd-zk-0, END
EXP-LOAD, 2023-07-19T01:36:52.370, ubuntu22-b, mtd-zk-0, 0.699004
EXP-LOAD, 2023-07-19T01:36:58.493, ubuntu22-b, mtd-zk-0, 0.699004
EXP-LOAD, 2023-07-19T01:37:08.648, ubuntu22-b, mtd-zk-0, 0.580743
EXP-LOAD, 2023-07-19T01:37:14.873, ubuntu22-b, mtd-zk-0, 0.580743
EXP-LEAD, 2023-07-19T01:37:16.941, ubuntu22-b, mtd-zk-0, START
EXP-LEAD, 2023-07-19T01:37:21.561, ubuntu22-b, mtd-zk-0, END
EXP-LOAD, 2023-07-19T01:37:22.635, ubuntu22-b, mtd-zk-0, 0.731324
EXP-LOAD, 2023-07-19T01:37:30.217, ubuntu22-b, mtd-zk-0, 0.731324
EXP-LEAD, 2023-07-19T01:37:31.907, ubuntu22-b, mtd-zk-0, START
EXP-LEAD, 2023-07-19T01:37:41.738, ubuntu22-b, mtd-zk-0, END
EXP-LOAD, 2023-07-19T01:37:42.811, ubuntu22-b, mtd-zk-0, 0.686224
EXP-LOAD, 2023-07-19T01:37:48.105, ubuntu22-b, mtd-zk-0, 0.686224
EXP-LOAD, 2023-07-19T01:37:56.307, ubuntu22-b, mtd-zk-0, 0.696726
EXP-LOAD, 2023-07-19T01:38:04.471, ubuntu22-b, mtd-zk-0, 0.704212
EXP-LEAD, 2023-07-19T01:38:06.531, ubuntu22-b, mtd-zk-0, START
EXP-LEAD, 2023-07-19T01:38:15.269, ubuntu22-b, mtd-zk-0, END
EXP-LOAD, 2023-07-19T01:38:16.358, ubuntu22-b, mtd-zk-0, 0.704212
EXP-LOAD, 2023-07-19T01:38:24.750, ubuntu22-b, mtd-zk-0, 0.709810
EXP-LOAD, 2023-07-19T01:38:35.892, ubuntu22-b, mtd-zk-0, 0.680805
EXP-LOAD, 2023-07-19T01:38:43.998, ubuntu22-b, mtd-zk-0, 0.680805
EXP-LOAD, 2023-07-19T01:38:57.079, ubuntu22-b, mtd-zk-0, 0.723911
EXP-LOAD, 2023-07-19T01:39:03.188, ubuntu22-b, mtd-zk-0, 0.723911
EXP-LOAD, 2023-07-19T01:39:11.288, ubuntu22-b, mtd-zk-0, 0.582185
EXP-LEAD, 2023-07-19T01:39:12.339, ubuntu22-b, mtd-zk-0, START
EXP-LEAD, 2023-07-19T01:39:20.119, ubuntu22-b, mtd-zk-0, END
EXP-LOAD, 2023-07-19T01:39:21.164, ubuntu22-b, mtd-zk-0, 0.698605
EXP-LOAD, 2023-07-19T01:39:29.317, ubuntu22-b, mtd-zk-0, 0.698605
EXP-LEAD, 2023-07-19T01:39:31.367, ubuntu22-b, mtd-zk-0, START
EXP-LEAD, 2023-07-19T01:39:40.378, ubuntu22-b, mtd-zk-0, END
EXP-LOAD, 2023-07-19T01:39:41.454, ubuntu22-b, mtd-zk-0, 0.665813
EXP-LOAD, 2023-07-19T01:39:47.613, ubuntu22-b, mtd-zk-0, 0.665813
EXP-LEAD, 2023-07-19T01:39:49.634, ubuntu22-b, mtd-zk-0, START
EXP-LEAD, 2023-07-19T01:39:54.186, ubuntu22-b, mtd-zk-0, END
EXP-LOAD, 2023-07-19T01:39:55.291, ubuntu22-b, mtd-zk-0, 0.804806
EXP-LEAD, 2023-07-19T01:39:55.330, ubuntu22-b, mtd-zk-0, START
EXP-LEAD, 2023-07-19T01:40:04.086, ubuntu22-b, mtd-zk-0, END
EXP-LOAD, 2023-07-19T01:40:05.149, ubuntu22-b, mtd-zk-0, 0.693908
EXP-LOAD, 2023-07-19T01:40:11.597, ubuntu22-b, mtd-zk-0, 0.693908
EXP-LOAD, 2023-07-19T01:40:18.617, ubuntu22-b, mtd-zk-0, 0.693908
EXP-LOAD, 2023-07-19T01:40:24.448, ubuntu22-b, mtd-zk-0, 0.671817
EXP-LOAD, 2023-07-19T01:40:36.109, ubuntu22-b, mtd-zk-0, 0.698409
EXP-LOAD, 2023-07-19T01:40:43.753, ubuntu22-b, mtd-zk-0, 0.698409
EXP-LOAD, 2023-07-19T01:40:51.318, ubuntu22-b, mtd-zk-0, 0.666009
EXP-LOAD, 2023-07-19T01:40:58.429, ubuntu22-b, mtd-zk-0, 0.666009
EXP-LOAD, 2023-07-19T01:41:08.893, ubuntu22-b, mtd-zk-0, 0.659304
EXP-LEAD, 2023-07-19T01:41:10.929, ubuntu22-b, mtd-zk-0, START
EXP-LEAD, 2023-07-19T01:41:15.457, ubuntu22-b, mtd-zk-0, END
EXP-LOAD, 2023-07-19T01:41:16.522, ubuntu22-b, mtd-zk-0, 0.659304
EXP-LOAD, 2023-07-19T01:41:23.113, ubuntu22-b, mtd-zk-0, 0.691016
EXP-LOAD, 2023-07-19T01:41:30.816, ubuntu22-b, mtd-zk-0, 0.691016
EXP-LOAD, 2023-07-19T01:41:41.937, ubuntu22-b, mtd-zk-0, 0.667210
EXP-LOAD, 2023-07-19T01:41:50.050, ubuntu22-b, mtd-zk-0, 0.607822
EXP-LEAD, 2023-07-19T01:41:51.143, ubuntu22-b, mtd-zk-0, START
EXP-LEAD, 2023-07-19T01:42:00.879, ubuntu22-b, mtd-zk-0, END
EXP-LOAD, 2023-07-19T01:42:01.938, ubuntu22-b, mtd-zk-0, 0.607822
EXP-LEAD, 2023-07-19T01:42:03.209, ubuntu22-b, mtd-zk-0, START
EXP-LEAD, 2023-07-19T01:42:07.694, ubuntu22-b, mtd-zk-0, END
EXP-LOAD, 2023-07-19T01:42:08.775, ubuntu22-b, mtd-zk-0, 0.699018
EXP-LEAD, 2023-07-19T01:42:10.817, ubuntu22-b, mtd-zk-0, START
EXP-LEAD, 2023-07-19T01:42:15.410, ubuntu22-b, mtd-zk-0, END
EXP-LOAD, 2023-07-19T01:42:16.483, ubuntu22-b, mtd-zk-0, 0.699018
EXP-LEAD, 2023-07-19T01:42:17.573, ubuntu22-b, mtd-zk-0, START
EXP-LEAD, 2023-07-19T01:42:25.304, ubuntu22-b, mtd-zk-0, END
EXP-LOAD, 2023-07-19T01:42:26.359, ubuntu22-b, mtd-zk-0, 0.656021
EXP-LEAD, 2023-07-19T01:42:27.677, ubuntu22-b, mtd-zk-0, START
EXP-LEAD, 2023-07-19T01:42:37.458, ubuntu22-b, mtd-zk-0, END
EXP-LOAD, 2023-07-19T01:42:38.525, ubuntu22-b, mtd-zk-0, 0.667534
EXP-LEAD, 2023-07-19T01:42:38.745, ubuntu22-b, mtd-zk-0, START
EXP-LEAD, 2023-07-19T01:42:44.354, ubuntu22-b, mtd-zk-0, END
EXP-LOAD, 2023-07-19T01:42:45.406, ubuntu22-b, mtd-zk-0, 0.667534
EXP-LOAD, 2023-07-19T01:42:55.936, ubuntu22-b, mtd-zk-0, 0.644854
EXP-LOAD, 2023-07-19T01:43:01.770, ubuntu22-b, mtd-zk-0, 0.644854
EXP-LEAD, 2023-07-19T01:43:03.859, ubuntu22-b, mtd-zk-0, START
EXP-LEAD, 2023-07-19T01:43:11.597, ubuntu22-b, mtd-zk-0, END
EXP-LOAD, 2023-07-19T01:43:12.650, ubuntu22-b, mtd-zk-0, 0.697403
EXP-LOAD, 2023-07-19T01:43:20.969, ubuntu22-b, mtd-zk-0, 0.746604
EXP-LEAD, 2023-07-19T01:43:23.016, ubuntu22-b, mtd-zk-0, START
EXP-LEAD, 2023-07-19T01:43:29.009, ubuntu22-b, mtd-zk-0, END
EXP-LOAD, 2023-07-19T01:43:29.103, ubuntu22-b, mtd-zk-0, 0.746604
EXP-LOAD, 2023-07-19T01:43:40.208, ubuntu22-b, mtd-zk-0, 0.684706
EXP-LEAD, 2023-07-19T01:43:42.777, ubuntu22-b, mtd-zk-0, START
EXP-LEAD, 2023-07-19T01:43:47.275, ubuntu22-b, mtd-zk-0, END
EXP-LOAD, 2023-07-19T01:43:48.312, ubuntu22-b, mtd-zk-0, 0.684706
EXP-LOAD, 2023-07-19T01:43:55.450, ubuntu22-b, mtd-zk-0, 0.691030
EXP-LOAD, 2023-07-19T01:44:02.633, ubuntu22-b, mtd-zk-0, 0.691030
EXP-LEAD, 2023-07-19T01:44:04.650, ubuntu22-b, mtd-zk-0, START
EXP-LEAD, 2023-07-19T01:44:13.254, ubuntu22-b, mtd-zk-0, END
EXP-LOAD, 2023-07-19T01:44:14.296, ubuntu22-b, mtd-zk-0, 0.679111
EXP-LOAD, 2023-07-19T01:44:21.848, ubuntu22-b, mtd-zk-0, 0.688015
EXP-LOAD, 2023-07-19T01:44:28.942, ubuntu22-b, mtd-zk-0, 0.688015
EXP-LEAD, 2023-07-19T01:44:30.015, ubuntu22-b, mtd-zk-0, START
EXP-LEAD, 2023-07-19T01:44:38.751, ubuntu22-b, mtd-zk-0, END
EXP-LOAD, 2023-07-19T01:44:39.792, ubuntu22-b, mtd-zk-0, 0.631728
EXP-LOAD, 2023-07-19T01:44:46.902, ubuntu22-b, mtd-zk-0, 0.631728
EXP-LOAD, 2023-07-19T01:44:58.018, ubuntu22-b, mtd-zk-0, 0.669632
EXP-LOAD, 2023-07-19T01:45:06.143, ubuntu22-b, mtd-zk-0, 0.693013
EXP-LOAD, 2023-07-19T01:45:12.341, ubuntu22-b, mtd-zk-0, 0.693013
EXP-LOAD, 2023-07-19T01:45:25.043, ubuntu22-b, mtd-zk-0, 0.648207
EXP-LOAD, 2023-07-19T01:45:32.154, ubuntu22-b, mtd-zk-0, 0.648207
EXP-LOAD, 2023-07-19T01:45:40.236, ubuntu22-b, mtd-zk-0, 0.660707
EXP-LEAD, 2023-07-19T01:45:40.271, ubuntu22-b, mtd-zk-0, START
EXP-LEAD, 2023-07-19T01:45:48.928, ubuntu22-b, mtd-zk-0, END
EXP-LOAD, 2023-07-19T01:45:49.970, ubuntu22-b, mtd-zk-0, 0.660606
EXP-LOAD, 2023-07-19T01:45:58.464, ubuntu22-b, mtd-zk-0, 0.660606
EXP-LOAD, 2023-07-19T01:46:07.555, ubuntu22-b, mtd-zk-0, 0.698907
EXP-LOAD, 2023-07-19T01:46:14.259, ubuntu22-b, mtd-zk-0, 0.698907
EXP-LEAD, 2023-07-19T01:46:16.295, ubuntu22-b, mtd-zk-0, START
EXP-LEAD, 2023-07-19T01:46:20.980, ubuntu22-b, mtd-zk-0, END
EXP-LOAD, 2023-07-19T01:46:22.015, ubuntu22-b, mtd-zk-0, 0.662212
EXP-LOAD, 2023-07-19T01:46:28.505, ubuntu22-b, mtd-zk-0, 0.662212
EXP-LOAD, 2023-07-19T01:46:40.589, ubuntu22-b, mtd-zk-0, 0.677310
EXP-LEAD, 2023-07-19T01:46:41.635, ubuntu22-b, mtd-zk-0, START
EXP-LEAD, 2023-07-19T01:46:47.275, ubuntu22-b, mtd-zk-0, END
EXP-LOAD, 2023-07-19T01:46:48.329, ubuntu22-b, mtd-zk-0, 0.677310
EXP-LEAD, 2023-07-19T01:46:49.758, ubuntu22-b, mtd-zk-0, START
EXP-LEAD, 2023-07-19T01:46:57.483, ubuntu22-b, mtd-zk-0, END
EXP-LOAD, 2023-07-19T01:46:58.544, ubuntu22-b, mtd-zk-0, 0.668208
EXP-LOAD, 2023-07-19T01:47:06.966, ubuntu22-b, mtd-zk-0, 0.710309
EXP-LOAD, 2023-07-19T01:47:18.070, ubuntu22-b, mtd-zk-0, 0.710309
EXP-LOAD, 2023-07-19T01:47:26.276, ubuntu22-b, mtd-zk-0, 0.643103
EXP-LOAD, 2023-07-19T01:47:36.320, ubuntu22-b, mtd-zk-0, 0.705807
EXP-LOAD, 2023-07-19T01:47:43.402, ubuntu22-b, mtd-zk-0, 0.705807
EXP-LEAD, 2023-07-19T01:47:45.504, ubuntu22-b, mtd-zk-0, START
EXP-LEAD, 2023-07-19T01:47:50.431, ubuntu22-b, mtd-zk-0, END
EXP-LOAD, 2023-07-19T01:47:51.517, ubuntu22-b, mtd-zk-0, 0.660241
EXP-LOAD, 2023-07-19T01:47:56.620, ubuntu22-b, mtd-zk-0, 0.660241
EXP-LOAD, 2023-07-19T01:48:08.378, ubuntu22-b, mtd-zk-0, 0.700014
EXP-LOAD, 2023-07-19T01:48:16.493, ubuntu22-b, mtd-zk-0, 0.700014
EXP-LOAD, 2023-07-19T01:48:23.111, ubuntu22-b, mtd-zk-0, 0.699013
EXP-LOAD, 2023-07-19T01:48:35.217, ubuntu22-b, mtd-zk-0, 0.681411
EXP-LEAD, 2023-07-19T01:48:36.251, ubuntu22-b, mtd-zk-0, START
EXP-LEAD, 2023-07-19T01:48:40.806, ubuntu22-b, mtd-zk-0, END
EXP-LOAD, 2023-07-19T01:48:41.857, ubuntu22-b, mtd-zk-0, 0.681411
EXP-LEAD, 2023-07-19T01:48:43.350, ubuntu22-b, mtd-zk-0, START
EXP-LEAD, 2023-07-19T01:48:51.961, ubuntu22-b, mtd-zk-0, END
EXP-LOAD, 2023-07-19T01:48:53.011, ubuntu22-b, mtd-zk-0, 0.645806
EXP-LOAD, 2023-07-19T01:49:00.541, ubuntu22-b, mtd-zk-0, 0.645806
EXP-LOAD, 2023-07-19T01:49:08.662, ubuntu22-b, mtd-zk-0, 0.678905
EXP-LOAD, 2023-07-19T01:49:16.740, ubuntu22-b, mtd-zk-0, 0.678905
EXP-LEAD, 2023-07-19T01:49:17.784, ubuntu22-b, mtd-zk-0, START
EXP-LEAD, 2023-07-19T01:49:26.406, ubuntu22-b, mtd-zk-0, END
EXP-LOAD, 2023-07-19T01:49:27.485, ubuntu22-b, mtd-zk-0, 0.729805
EXP-LOAD, 2023-07-19T01:49:33.920, ubuntu22-b, mtd-zk-0, 0.729805
EXP-LEAD, 2023-07-19T01:49:35.966, ubuntu22-b, mtd-zk-0, START
EXP-LEAD, 2023-07-19T01:49:44.655, ubuntu22-b, mtd-zk-0, END
EXP-LOAD, 2023-07-19T01:49:45.701, ubuntu22-b, mtd-zk-0, 0.643512
EXP-LOAD, 2023-07-19T01:49:52.114, ubuntu22-b, mtd-zk-0, 0.670924
EXP-LOAD, 2023-07-19T01:50:00.742, ubuntu22-b, mtd-zk-0, 0.670924
EXP-LOAD, 2023-07-19T01:50:09.864, ubuntu22-b, mtd-zk-0, 0.649415
EXP-LOAD, 2023-07-19T01:50:17.976, ubuntu22-b, mtd-zk-0, 0.649415
EXP-LOAD, 2023-07-19T01:50:29.076, ubuntu22-b, mtd-zk-0, 0.751019
EXP-LOAD, 2023-07-19T01:50:36.167, ubuntu22-b, mtd-zk-0, 0.649618
EXP-LEAD, 2023-07-19T01:50:38.185, ubuntu22-b, mtd-zk-0, START
EXP-LEAD, 2023-07-19T01:50:42.768, ubuntu22-b, mtd-zk-0, END
EXP-LOAD, 2023-07-19T01:50:43.812, ubuntu22-b, mtd-zk-0, 0.649618
EXP-LOAD, 2023-07-19T01:50:48.897, ubuntu22-b, mtd-zk-0, 0.649618
EXP-LEAD, 2023-07-19T01:50:49.512, ubuntu22-b, mtd-zk-0, START
EXP-LEAD, 2023-07-19T01:50:54.003, ubuntu22-b, mtd-zk-0, END
EXP-LOAD, 2023-07-19T01:50:55.072, ubuntu22-b, mtd-zk-0, 0.697022
EXP-LOAD, 2023-07-19T01:51:07.188, ubuntu22-b, mtd-zk-0, 0.651110
EXP-LEAD, 2023-07-19T01:51:09.247, ubuntu22-b, mtd-zk-0, START
EXP-LEAD, 2023-07-19T01:51:13.791, ubuntu22-b, mtd-zk-0, END
EXP-LOAD, 2023-07-19T01:51:14.839, ubuntu22-b, mtd-zk-0, 0.651110
EXP-LEAD, 2023-07-19T01:51:17.338, ubuntu22-b, mtd-zk-0, START
EXP-LEAD, 2023-07-19T01:51:22.900, ubuntu22-b, mtd-zk-0, END
EXP-LOAD, 2023-07-19T01:51:23.942, ubuntu22-b, mtd-zk-0, 0.707809
EXP-LOAD, 2023-07-19T01:51:36.060, ubuntu22-b, mtd-zk-0, 0.665512
EXP-LOAD, 2023-07-19T01:51:42.169, ubuntu22-b, mtd-zk-0, 0.665512
EXP-LOAD, 2023-07-19T01:51:53.719, ubuntu22-b, mtd-zk-0, 0.654811
EXP-LOAD, 2023-07-19T01:52:02.858, ubuntu22-b, mtd-zk-0, 0.654811
EXP-LEAD, 2023-07-19T01:52:04.910, ubuntu22-b, mtd-zk-0, START
EXP-LEAD, 2023-07-19T01:52:09.422, ubuntu22-b, mtd-zk-0, END
EXP-LOAD, 2023-07-19T01:52:10.475, ubuntu22-b, mtd-zk-0, 0.683823
EXP-LEAD, 2023-07-19T01:52:13.008, ubuntu22-b, mtd-zk-0, START
EXP-LEAD, 2023-07-19T01:52:21.724, ubuntu22-b, mtd-zk-0, END
EXP-LOAD, 2023-07-19T01:52:22.760, ubuntu22-b, mtd-zk-0, 0.695032
EXP-LOAD, 2023-07-19T01:52:30.240, ubuntu22-b, mtd-zk-0, 0.695032
EXP-LEAD, 2023-07-19T01:52:31.306, ubuntu22-b, mtd-zk-0, START
EXP-LEAD, 2023-07-19T01:52:35.856, ubuntu22-b, mtd-zk-0, END
EXP-LOAD, 2023-07-19T01:52:36.931, ubuntu22-b, mtd-zk-0, 0.675646
EXP-LOAD, 2023-07-19T01:52:44.036, ubuntu22-b, mtd-zk-0, 0.675646
EXP-LOAD, 2023-07-19T01:52:51.157, ubuntu22-b, mtd-zk-0, 0.632217
EXP-LEAD, 2023-07-19T01:52:53.230, ubuntu22-b, mtd-zk-0, START
EXP-LEAD, 2023-07-19T01:52:58.742, ubuntu22-b, mtd-zk-0, END
EXP-LOAD, 2023-07-19T01:52:59.795, ubuntu22-b, mtd-zk-0, 0.632217
EXP-LEAD, 2023-07-19T01:53:01.359, ubuntu22-b, mtd-zk-0, START
EXP-LEAD, 2023-07-19T01:53:05.886, ubuntu22-b, mtd-zk-0, END
EXP-LOAD, 2023-07-19T01:53:06.932, ubuntu22-b, mtd-zk-0, 0.639220
EXP-LOAD, 2023-07-19T01:53:16.603, ubuntu22-b, mtd-zk-0, 0.639220
EXP-LOAD, 2023-07-19T01:53:24.742, ubuntu22-b, mtd-zk-0, 0.671707
EXP-LOAD, 2023-07-19T01:53:32.800, ubuntu22-b, mtd-zk-0, 0.671707
EXP-LOAD, 2023-07-19T01:53:43.360, ubuntu22-b, mtd-zk-0, 0.700413
EXP-LOAD, 2023-07-19T01:53:51.526, ubuntu22-b, mtd-zk-0, 0.705204
EXP-LOAD, 2023-07-19T01:54:02.599, ubuntu22-b, mtd-zk-0, 0.705204
EXP-LOAD, 2023-07-19T01:54:10.748, ubuntu22-b, mtd-zk-0, 0.678605
EXP-LOAD, 2023-07-19T01:54:20.836, ubuntu22-b, mtd-zk-0, 0.699023
EXP-LOAD, 2023-07-19T01:54:27.990, ubuntu22-b, mtd-zk-0, 0.699023
EXP-LOAD, 2023-07-19T01:54:39.057, ubuntu22-b, mtd-zk-0, 0.744842
EXP-LEAD, 2023-07-19T01:54:40.896, ubuntu22-b, mtd-zk-0, START
EXP-LEAD, 2023-07-19T01:54:46.430, ubuntu22-b, mtd-zk-0, END
EXP-LOAD, 2023-07-19T01:54:47.486, ubuntu22-b, mtd-zk-0, 0.744842
EXP-LOAD, 2023-07-19T01:54:58.062, ubuntu22-b, mtd-zk-0, 0.690914
EXP-LEAD, 2023-07-19T01:54:59.729, ubuntu22-b, mtd-zk-0, START
EXP-LEAD, 2023-07-19T01:55:04.165, ubuntu22-b, mtd-zk-0, END
EXP-LOAD, 2023-07-19T01:55:05.217, ubuntu22-b, mtd-zk-0, 0.694023
EXP-LOAD, 2023-07-19T01:55:16.336, ubuntu22-b, mtd-zk-0, 0.694023
EXP-LOAD, 2023-07-19T01:55:24.454, ubuntu22-b, mtd-zk-0, 0.644971
EXP-LOAD, 2023-07-19T01:55:30.557, ubuntu22-b, mtd-zk-0, 0.644971
EXP-LEAD, 2023-07-19T01:55:32.016, ubuntu22-b, mtd-zk-0, START
EXP-LEAD, 2023-07-19T01:55:36.458, ubuntu22-b, mtd-zk-0, END
EXP-LOAD, 2023-07-19T01:55:37.514, ubuntu22-b, mtd-zk-0, 0.707608
EXP-LOAD, 2023-07-19T01:55:45.186, ubuntu22-b, mtd-zk-0, 0.707608
EXP-LEAD, 2023-07-19T01:55:47.293, ubuntu22-b, mtd-zk-0, START
EXP-LEAD, 2023-07-19T01:55:55.884, ubuntu22-b, mtd-zk-0, END
EXP-LOAD, 2023-07-19T01:55:56.921, ubuntu22-b, mtd-zk-0, 0.640823
EXP-LOAD, 2023-07-19T01:56:03.457, ubuntu22-b, mtd-zk-0, 0.640823
EXP-LOAD, 2023-07-19T01:56:11.517, ubuntu22-b, mtd-zk-0, 0.716812
EXP-LOAD, 2023-07-19T01:56:17.592, ubuntu22-b, mtd-zk-0, 0.716812
EXP-LOAD, 2023-07-19T01:56:28.680, ubuntu22-b, mtd-zk-0, 0.655809
EXP-LOAD, 2023-07-19T01:56:35.827, ubuntu22-b, mtd-zk-0, 0.680418
EXP-LOAD, 2023-07-19T01:56:42.932, ubuntu22-b, mtd-zk-0, 0.680418
EXP-LOAD, 2023-07-19T01:56:49.423, ubuntu22-b, mtd-zk-0, 0.698735
EXP-LEAD, 2023-07-19T01:56:51.474, ubuntu22-b, mtd-zk-0, START
EXP-LEAD, 2023-07-19T01:56:55.919, ubuntu22-b, mtd-zk-0, END
EXP-LOAD, 2023-07-19T01:56:56.973, ubuntu22-b, mtd-zk-0, 0.698735
EXP-LOAD, 2023-07-19T01:57:04.594, ubuntu22-b, mtd-zk-0, 0.652432
EXP-LEAD, 2023-07-19T01:57:07.189, ubuntu22-b, mtd-zk-0, START
EXP-LEAD, 2023-07-19T01:57:12.664, ubuntu22-b, mtd-zk-0, END
EXP-LOAD, 2023-07-19T01:57:13.706, ubuntu22-b, mtd-zk-0, 0.652432
EXP-LOAD, 2023-07-19T01:57:23.371, ubuntu22-b, mtd-zk-0, 0.643006
EXP-LOAD, 2023-07-19T01:57:30.663, ubuntu22-b, mtd-zk-0, 0.643006
EXP-LOAD, 2023-07-19T01:57:42.805, ubuntu22-b, mtd-zk-0, 0.687819
EXP-LOAD, 2023-07-19T01:57:49.927, ubuntu22-b, mtd-zk-0, 0.696611
EXP-LOAD, 2023-07-19T01:57:57.810, ubuntu22-b, mtd-zk-0, 0.696611
EXP-LEAD, 2023-07-19T01:57:59.851, ubuntu22-b, mtd-zk-0, START
EXP-LEAD, 2023-07-19T01:58:08.488, ubuntu22-b, mtd-zk-0, END
EXP-LOAD, 2023-07-19T01:58:09.527, ubuntu22-b, mtd-zk-0, 0.676872
EXP-LOAD, 2023-07-19T01:58:17.033, ubuntu22-b, mtd-zk-0, 0.676872
EXP-LOAD, 2023-07-19T01:58:27.254, ubuntu22-b, mtd-zk-0, 0.631339
EXP-LOAD, 2023-07-19T01:58:34.231, ubuntu22-b, mtd-zk-0, 0.750830
EXP-LOAD, 2023-07-19T01:58:45.340, ubuntu22-b, mtd-zk-0, 0.750830
EXP-LOAD, 2023-07-19T01:58:51.468, ubuntu22-b, mtd-zk-0, 0.733215
EXP-LEAD, 2023-07-19T01:58:53.513, ubuntu22-b, mtd-zk-0, START
EXP-LEAD, 2023-07-19T01:59:01.187, ubuntu22-b, mtd-zk-0, END
EXP-LOAD, 2023-07-19T01:59:02.247, ubuntu22-b, mtd-zk-0, 0.733215
EXP-LOAD, 2023-07-19T01:59:10.681, ubuntu22-b, mtd-zk-0, 0.742612
EXP-LOAD, 2023-07-19T01:59:16.833, ubuntu22-b, mtd-zk-0, 0.742612
EXP-LEAD, 2023-07-19T01:59:18.904, ubuntu22-b, mtd-zk-0, START
EXP-LEAD, 2023-07-19T01:59:28.543, ubuntu22-b, mtd-zk-0, END
EXP-LOAD, 2023-07-19T01:59:29.594, ubuntu22-b, mtd-zk-0, 0.648114
EXP-LOAD, 2023-07-19T01:59:37.006, ubuntu22-b, mtd-zk-0, 0.707607
EXP-LEAD, 2023-07-19T01:59:40.041, ubuntu22-b, mtd-zk-0, START
EXP-LEAD, 2023-07-19T01:59:45.578, ubuntu22-b, mtd-zk-0, END
EXP-LOAD, 2023-07-19T01:59:46.639, ubuntu22-b, mtd-zk-0, 0.707607
EXP-LOAD, 2023-07-19T01:59:57.321, ubuntu22-b, mtd-zk-0, 0.656785
EXP-LEAD, 2023-07-19T01:59:59.365, ubuntu22-b, mtd-zk-0, START
EXP-LEAD, 2023-07-19T02:00:04.996, ubuntu22-b, mtd-zk-0, END
EXP-LOAD, 2023-07-19T02:00:06.048, ubuntu22-b, mtd-zk-0, 0.669220
EXP-LOAD, 2023-07-19T02:00:16.763, ubuntu22-b, mtd-zk-0, 0.669220
EXP-LOAD, 2023-07-19T02:00:23.764, ubuntu22-b, mtd-zk-0, 0.698624
EXP-LOAD, 2023-07-19T02:00:30.922, ubuntu22-b, mtd-zk-0, 0.698624
EXP-LOAD, 2023-07-19T02:00:41.434, ubuntu22-b, mtd-zk-0, 0.694424
EXP-LOAD, 2023-07-19T02:00:50.535, ubuntu22-b, mtd-zk-0, 0.694611
EXP-LOAD, 2023-07-19T02:00:59.632, ubuntu22-b, mtd-zk-0, 0.694611
EXP-LOAD, 2023-07-19T02:01:10.730, ubuntu22-b, mtd-zk-0, 0.687607
EXP-LEAD, 2023-07-19T02:01:11.766, ubuntu22-b, mtd-zk-0, START
EXP-LEAD, 2023-07-19T02:01:16.188, ubuntu22-b, mtd-zk-0, END
EXP-LOAD, 2023-07-19T02:01:17.242, ubuntu22-b, mtd-zk-0, 0.687607
EXP-LOAD, 2023-07-19T02:01:27.990, ubuntu22-b, mtd-zk-0, 0.674211
EXP-LOAD, 2023-07-19T02:01:36.077, ubuntu22-b, mtd-zk-0, 0.717410
EXP-LOAD, 2023-07-19T02:01:47.185, ubuntu22-b, mtd-zk-0, 0.717410
EXP-LOAD, 2023-07-19T02:01:55.280, ubuntu22-b, mtd-zk-0, 0.699542
EXP-LOAD, 2023-07-19T02:02:02.937, ubuntu22-b, mtd-zk-0, 0.699542
EXP-LOAD, 2023-07-19T02:02:13.408, ubuntu22-b, mtd-zk-0, 0.641006
EXP-LEAD, 2023-07-19T02:02:15.412, ubuntu22-b, mtd-zk-0, START
EXP-LEAD, 2023-07-19T02:02:23.005, ubuntu22-b, mtd-zk-0, END
EXP-LOAD, 2023-07-19T02:02:24.057, ubuntu22-b, mtd-zk-0, 0.656916
EXP-LEAD, 2023-07-19T02:02:26.516, ubuntu22-b, mtd-zk-0, START
EXP-LEAD, 2023-07-19T02:02:32.096, ubuntu22-b, mtd-zk-0, END
EXP-LOAD, 2023-07-19T02:02:33.140, ubuntu22-b, mtd-zk-0, 0.656916
EXP-LOAD, 2023-07-19T02:02:39.678, ubuntu22-b, mtd-zk-0, 0.667226
EXP-LOAD, 2023-07-19T02:02:47.779, ubuntu22-b, mtd-zk-0, 0.667226
EXP-LOAD, 2023-07-19T02:02:58.914, ubuntu22-b, mtd-zk-0, 0.665108
EXP-LOAD, 2023-07-19T02:03:05.988, ubuntu22-b, mtd-zk-0, 0.685249
EXP-LOAD, 2023-07-19T02:03:17.088, ubuntu22-b, mtd-zk-0, 0.685249
EXP-LEAD, 2023-07-19T02:03:20.205, ubuntu22-b, mtd-zk-0, START
EXP-LEAD, 2023-07-19T02:03:26.758, ubuntu22-b, mtd-zk-0, END
EXP-LOAD, 2023-07-19T02:03:27.806, ubuntu22-b, mtd-zk-0, 0.716126
EXP-LOAD, 2023-07-19T02:03:35.379, ubuntu22-b, mtd-zk-0, 0.616614
EXP-LOAD, 2023-07-19T02:03:40.936, ubuntu22-b, mtd-zk-0, 0.616614
EXP-LOAD, 2023-07-19T02:03:50.067, ubuntu22-b, mtd-zk-0, 0.647517
EXP-LOAD, 2023-07-19T02:04:02.223, ubuntu22-b, mtd-zk-0, 0.647517
EXP-LOAD, 2023-07-19T02:04:10.248, ubuntu22-b, mtd-zk-0, 0.736608
EXP-LOAD, 2023-07-19T02:04:21.453, ubuntu22-b, mtd-zk-0, 0.673524
EXP-LEAD, 2023-07-19T02:04:23.432, ubuntu22-b, mtd-zk-0, START
EXP-LEAD, 2023-07-19T02:04:32.003, ubuntu22-b, mtd-zk-0, END
EXP-LOAD, 2023-07-19T02:04:33.049, ubuntu22-b, mtd-zk-0, 0.673524
EXP-LOAD, 2023-07-19T02:04:40.592, ubuntu22-b, mtd-zk-0, 0.682221
EXP-LOAD, 2023-07-19T02:04:49.699, ubuntu22-b, mtd-zk-0, 0.642832
EXP-LEAD, 2023-07-19T02:04:50.731, ubuntu22-b, mtd-zk-0, START
EXP-LEAD, 2023-07-19T02:04:56.243, ubuntu22-b, mtd-zk-0, END
EXP-LOAD, 2023-07-19T02:04:57.289, ubuntu22-b, mtd-zk-0, 0.642832
EXP-LEAD, 2023-07-19T02:04:59.974, ubuntu22-b, mtd-zk-0, START
EXP-LEAD, 2023-07-19T02:05:08.588, ubuntu22-b, mtd-zk-0, END
EXP-LOAD, 2023-07-19T02:05:09.678, ubuntu22-b, mtd-zk-0, 0.662017
EXP-LOAD, 2023-07-19T02:05:17.146, ubuntu22-b, mtd-zk-0, 0.662017
EXP-LEAD, 2023-07-19T02:05:19.174, ubuntu22-b, mtd-zk-0, START
EXP-LEAD, 2023-07-19T02:05:28.844, ubuntu22-b, mtd-zk-0, END
EXP-LOAD, 2023-07-19T02:05:29.921, ubuntu22-b, mtd-zk-0, 0.665229
EXP-LOAD, 2023-07-19T02:05:37.337, ubuntu22-b, mtd-zk-0, 0.682705
EXP-LOAD, 2023-07-19T02:05:44.426, ubuntu22-b, mtd-zk-0, 0.682705
EXP-LOAD, 2023-07-19T02:05:55.530, ubuntu22-b, mtd-zk-0, 0.665218
EXP-LEAD, 2023-07-19T02:05:57.651, ubuntu22-b, mtd-zk-0, START
EXP-LEAD, 2023-07-19T02:06:02.214, ubuntu22-b, mtd-zk-0, END
EXP-LOAD, 2023-07-19T02:06:03.266, ubuntu22-b, mtd-zk-0, 0.665218
EXP-LOAD, 2023-07-19T02:06:13.817, ubuntu22-b, mtd-zk-0, 0.670725
EXP-LOAD, 2023-07-19T02:06:21.898, ubuntu22-b, mtd-zk-0, 0.709607
EXP-LOAD, 2023-07-19T02:06:29.966, ubuntu22-b, mtd-zk-0, 0.709607
EXP-LOAD, 2023-07-19T02:06:36.064, ubuntu22-b, mtd-zk-0, 0.666018
EXP-LOAD, 2023-07-19T02:06:46.198, ubuntu22-b, mtd-zk-0, 0.666018
EXP-LOAD, 2023-07-19T02:06:54.288, ubuntu22-b, mtd-zk-0, 0.648006
EXP-LOAD, 2023-07-19T02:07:01.409, ubuntu22-b, mtd-zk-0, 0.648006
EXP-LOAD, 2023-07-19T02:07:12.542, ubuntu22-b, mtd-zk-0, 0.608015
EXP-LEAD, 2023-07-19T02:07:14.675, ubuntu22-b, mtd-zk-0, START
EXP-LEAD, 2023-07-19T02:07:19.236, ubuntu22-b, mtd-zk-0, END
EXP-LOAD, 2023-07-19T02:07:20.273, ubuntu22-b, mtd-zk-0, 0.720218
EXP-LEAD, 2023-07-19T02:07:20.703, ubuntu22-b, mtd-zk-0, START
EXP-LEAD, 2023-07-19T02:07:28.276, ubuntu22-b, mtd-zk-0, END
EXP-LOAD, 2023-07-19T02:07:29.323, ubuntu22-b, mtd-zk-0, 0.720218
EXP-LOAD, 2023-07-19T02:07:39.423, ubuntu22-b, mtd-zk-0, 0.700715
EXP-LOAD, 2023-07-19T02:07:48.539, ubuntu22-b, mtd-zk-0, 0.700715
EXP-LEAD, 2023-07-19T02:07:50.612, ubuntu22-b, mtd-zk-0, START
EXP-LEAD, 2023-07-19T02:07:56.041, ubuntu22-b, mtd-zk-0, END
EXP-LOAD, 2023-07-19T02:07:57.084, ubuntu22-b, mtd-zk-0, 0.571283
EXP-LOAD, 2023-07-19T02:08:08.821, ubuntu22-b, mtd-zk-0, 0.690106
EXP-LOAD, 2023-07-19T02:08:22.244, ubuntu22-b, mtd-zk-0, 0.770214
EXP-LEAD, 2023-07-19T02:08:24.289, ubuntu22-b, mtd-zk-0, START
EXP-LEAD, 2023-07-19T02:08:32.882, ubuntu22-b, mtd-zk-0, END
EXP-LOAD, 2023-07-19T02:08:33.921, ubuntu22-b, mtd-zk-0, 0.770214
EXP-LEAD, 2023-07-19T02:08:35.386, ubuntu22-b, mtd-zk-0, START
EXP-LEAD, 2023-07-19T02:08:39.816, ubuntu22-b, mtd-zk-0, END
EXP-LOAD, 2023-07-19T02:08:40.849, ubuntu22-b, mtd-zk-0, 0.653613
EXP-LOAD, 2023-07-19T02:08:50.547, ubuntu22-b, mtd-zk-0, 0.677433
EXP-LOAD, 2023-07-19T02:08:59.286, ubuntu22-b, mtd-zk-0, 0.677433
EXP-LEAD, 2023-07-19T02:08:59.748, ubuntu22-b, mtd-zk-0, START
EXP-LEAD, 2023-07-19T02:09:08.325, ubuntu22-b, mtd-zk-0, END
EXP-LOAD, 2023-07-19T02:09:09.365, ubuntu22-b, mtd-zk-0, 0.701217
EXP-LOAD, 2023-07-19T02:09:16.472, ubuntu22-b, mtd-zk-0, 0.701217
EXP-LOAD, 2023-07-19T02:09:26.618, ubuntu22-b, mtd-zk-0, 0.745213
EXP-LOAD, 2023-07-19T02:09:33.753, ubuntu22-b, mtd-zk-0, 0.745213
EXP-LOAD, 2023-07-19T02:09:44.845, ubuntu22-b, mtd-zk-0, 0.664914
EXP-LOAD, 2023-07-19T02:09:54.964, ubuntu22-b, mtd-zk-0, 0.657109
EXP-LOAD, 2023-07-19T02:10:04.122, ubuntu22-b, mtd-zk-0, 0.676629
EXP-LOAD, 2023-07-19T02:10:14.164, ubuntu22-b, mtd-zk-0, 0.676629
EXP-LOAD, 2023-07-19T02:10:28.409, ubuntu22-b, mtd-zk-0, 0.698806
EXP-LOAD, 2023-07-19T02:10:35.435, ubuntu22-b, mtd-zk-0, 0.714114
EXP-LOAD, 2023-07-19T02:10:42.572, ubuntu22-b, mtd-zk-0, 0.714114
EXP-LOAD, 2023-07-19T02:10:53.641, ubuntu22-b, mtd-zk-0, 0.693812
EXP-LEAD, 2023-07-19T02:10:55.677, ubuntu22-b, mtd-zk-0, START
EXP-LEAD, 2023-07-19T02:11:01.094, ubuntu22-b, mtd-zk-0, END
EXP-LOAD, 2023-07-19T02:11:02.134, ubuntu22-b, mtd-zk-0, 0.693812
EXP-LOAD, 2023-07-19T02:11:10.233, ubuntu22-b, mtd-zk-0, 0.692717
EXP-LOAD, 2023-07-19T02:11:18.326, ubuntu22-b, mtd-zk-0, 0.692717
EXP-LEAD, 2023-07-19T02:11:19.376, ubuntu22-b, mtd-zk-0, START
EXP-LEAD, 2023-07-19T02:11:35.149, ubuntu22-b, mtd-zk-0, END
EXP-LOAD, 2023-07-19T02:11:36.206, ubuntu22-b, mtd-zk-0, 0.602012
EXP-LEAD, 2023-07-19T02:11:37.501, ubuntu22-b, mtd-zk-0, START
EXP-LEAD, 2023-07-19T02:11:47.162, ubuntu22-b, mtd-zk-0, END
EXP-LOAD, 2023-07-19T02:11:48.210, ubuntu22-b, mtd-zk-0, 0.602012
EXP-LOAD, 2023-07-19T02:11:55.690, ubuntu22-b, mtd-zk-0, 0.658009
EXP-LEAD, 2023-07-19T02:11:56.728, ubuntu22-b, mtd-zk-0, START
EXP-LEAD, 2023-07-19T02:12:04.441, ubuntu22-b, mtd-zk-0, END
EXP-LOAD, 2023-07-19T02:12:05.498, ubuntu22-b, mtd-zk-0, 0.674422
EXP-LOAD, 2023-07-19T02:12:11.915, ubuntu22-b, mtd-zk-0, 0.674422
EXP-LOAD, 2023-07-19T02:12:25.448, ubuntu22-b, mtd-zk-0, 0.644005
EXP-LEAD, 2023-07-19T02:12:26.450, ubuntu22-b, mtd-zk-0, START
EXP-LEAD, 2023-07-19T02:12:32.271, ubuntu22-b, mtd-zk-0, END
EXP-LOAD, 2023-07-19T02:12:33.315, ubuntu22-b, mtd-zk-0, 0.644005
EXP-LOAD, 2023-07-19T02:12:42.591, ubuntu22-b, mtd-zk-0, 0.659819
EXP-LOAD, 2023-07-19T02:12:52.181, ubuntu22-b, mtd-zk-0, 0.728806
EXP-LOAD, 2023-07-19T02:12:59.275, ubuntu22-b, mtd-zk-0, 0.728806
EXP-LEAD, 2023-07-19T02:13:00.738, ubuntu22-b, mtd-zk-0, START
EXP-LEAD, 2023-07-19T02:13:05.163, ubuntu22-b, mtd-zk-0, END
EXP-LOAD, 2023-07-19T02:13:06.203, ubuntu22-b, mtd-zk-0, 0.664009
EXP-LEAD, 2023-07-19T02:13:07.904, ubuntu22-b, mtd-zk-0, START
EXP-LEAD, 2023-07-19T02:13:15.531, ubuntu22-b, mtd-zk-0, END
EXP-LOAD, 2023-07-19T02:13:16.598, ubuntu22-b, mtd-zk-0, 0.664009
EXP-LOAD, 2023-07-19T02:13:25.184, ubuntu22-b, mtd-zk-0, 0.682204
EXP-LOAD, 2023-07-19T02:13:34.805, ubuntu22-b, mtd-zk-0, 0.706720
EXP-LEAD, 2023-07-19T02:13:36.779, ubuntu22-b, mtd-zk-0, START
EXP-LEAD, 2023-07-19T02:13:41.321, ubuntu22-b, mtd-zk-0, END
EXP-LOAD, 2023-07-19T02:13:42.379, ubuntu22-b, mtd-zk-0, 0.706720
EXP-LOAD, 2023-07-19T02:13:47.940, ubuntu22-b, mtd-zk-0, 0.706720
EXP-LOAD, 2023-07-19T02:13:58.100, ubuntu22-b, mtd-zk-0, 0.713619
EXP-LOAD, 2023-07-19T02:14:04.998, ubuntu22-b, mtd-zk-0, 0.697911
EXP-LOAD, 2023-07-19T02:14:13.057, ubuntu22-b, mtd-zk-0, 0.697911
EXP-LEAD, 2023-07-19T02:14:15.573, ubuntu22-b, mtd-zk-0, START
EXP-LEAD, 2023-07-19T02:14:22.199, ubuntu22-b, mtd-zk-0, END
EXP-LOAD, 2023-07-19T02:14:23.255, ubuntu22-b, mtd-zk-0, 0.674404
EXP-LOAD, 2023-07-19T02:14:30.759, ubuntu22-b, mtd-zk-0, 0.674404
EXP-LOAD, 2023-07-19T02:14:39.842, ubuntu22-b, mtd-zk-0, 0.669104
EXP-LOAD, 2023-07-19T02:14:48.029, ubuntu22-b, mtd-zk-0, 0.669104
EXP-LOAD, 2023-07-19T02:14:56.111, ubuntu22-b, mtd-zk-0, 0.623420
EXP-LEAD, 2023-07-19T02:14:57.144, ubuntu22-b, mtd-zk-0, START
EXP-LEAD, 2023-07-19T02:15:01.594, ubuntu22-b, mtd-zk-0, END
EXP-LOAD, 2023-07-19T02:15:02.638, ubuntu22-b, mtd-zk-0, 0.623420
EXP-LEAD, 2023-07-19T02:15:03.682, ubuntu22-b, mtd-zk-0, START
EXP-LEAD, 2023-07-19T02:15:09.304, ubuntu22-b, mtd-zk-0, END
EXP-LOAD, 2023-07-19T02:15:10.346, ubuntu22-b, mtd-zk-0, 0.656199
EXP-LEAD, 2023-07-19T02:15:11.784, ubuntu22-b, mtd-zk-0, START
EXP-LEAD, 2023-07-19T02:15:17.364, ubuntu22-b, mtd-zk-0, END
EXP-LOAD, 2023-07-19T02:15:18.427, ubuntu22-b, mtd-zk-0, 0.656199
EXP-LOAD, 2023-07-19T02:15:24.522, ubuntu22-b, mtd-zk-0, 0.633806
EXP-LOAD, 2023-07-19T02:15:37.252, ubuntu22-b, mtd-zk-0, 0.640420
EXP-LOAD, 2023-07-19T02:15:45.330, ubuntu22-b, mtd-zk-0, 0.640420
EXP-LOAD, 2023-07-19T02:15:51.434, ubuntu22-b, mtd-zk-0, 0.663805
EXP-LOAD, 2023-07-19T02:15:59.919, ubuntu22-b, mtd-zk-0, 0.663805
EXP-LEAD, 2023-07-19T02:16:01.946, ubuntu22-b, mtd-zk-0, START
EXP-LEAD, 2023-07-19T02:16:10.586, ubuntu22-b, mtd-zk-0, END
EXP-LOAD, 2023-07-19T02:16:11.657, ubuntu22-b, mtd-zk-0, 0.656126
EXP-LOAD, 2023-07-19T02:16:19.103, ubuntu22-b, mtd-zk-0, 0.663634
EXP-LOAD, 2023-07-19T02:16:29.220, ubuntu22-b, mtd-zk-0, 0.663634
EXP-LOAD, 2023-07-19T02:16:37.305, ubuntu22-b, mtd-zk-0, 0.660407
EXP-LEAD, 2023-07-19T02:16:38.377, ubuntu22-b, mtd-zk-0, START
EXP-LEAD, 2023-07-19T02:16:43.864, ubuntu22-b, mtd-zk-0, END
EXP-LOAD, 2023-07-19T02:16:44.916, ubuntu22-b, mtd-zk-0, 0.660407
EXP-LEAD, 2023-07-19T02:16:47.444, ubuntu22-b, mtd-zk-0, START
EXP-LEAD, 2023-07-19T02:16:52.940, ubuntu22-b, mtd-zk-0, END
EXP-LOAD, 2023-07-19T02:16:53.996, ubuntu22-b, mtd-zk-0, 0.603818
EXP-LEAD, 2023-07-19T02:16:55.523, ubuntu22-b, mtd-zk-0, START
EXP-LEAD, 2023-07-19T02:17:05.157, ubuntu22-b, mtd-zk-0, END
EXP-LOAD, 2023-07-19T02:17:06.212, ubuntu22-b, mtd-zk-0, 0.643616
EXP-LOAD, 2023-07-19T02:17:15.354, ubuntu22-b, mtd-zk-0, 0.643616
EXP-LOAD, 2023-07-19T02:17:22.882, ubuntu22-b, mtd-zk-0, 0.600863
EXP-LOAD, 2023-07-19T02:17:29.963, ubuntu22-b, mtd-zk-0, 0.600863
EXP-LEAD, 2023-07-19T02:17:29.991, ubuntu22-b, mtd-zk-0, START
EXP-LEAD, 2023-07-19T02:17:39.826, ubuntu22-b, mtd-zk-0, END
EXP-LOAD, 2023-07-19T02:17:40.874, ubuntu22-b, mtd-zk-0, 0.715216
EXP-LOAD, 2023-07-19T02:17:47.137, ubuntu22-b, mtd-zk-0, 0.715216
EXP-LEAD, 2023-07-19T02:17:49.224, ubuntu22-b, mtd-zk-0, START
EXP-LEAD, 2023-07-19T02:17:56.775, ubuntu22-b, mtd-zk-0, END
EXP-LOAD, 2023-07-19T02:17:57.819, ubuntu22-b, mtd-zk-0, 0.657406
EXP-LEAD, 2023-07-19T02:17:59.278, ubuntu22-b, mtd-zk-0, START
EXP-LEAD, 2023-07-19T02:18:03.762, ubuntu22-b, mtd-zk-0, END
EXP-LOAD, 2023-07-19T02:18:04.827, ubuntu22-b, mtd-zk-0, 0.657644
EXP-LEAD, 2023-07-19T02:18:07.365, ubuntu22-b, mtd-zk-0, START
EXP-LEAD, 2023-07-19T02:18:13.061, ubuntu22-b, mtd-zk-0, END
EXP-LOAD, 2023-07-19T02:18:14.101, ubuntu22-b, mtd-zk-0, 0.657644
EXP-LEAD, 2023-07-19T02:18:15.141, ubuntu22-b, mtd-zk-0, START
EXP-LEAD, 2023-07-19T02:18:23.802, ubuntu22-b, mtd-zk-0, END
EXP-LOAD, 2023-07-19T02:18:24.834, ubuntu22-b, mtd-zk-0, 0.662426
EXP-LOAD, 2023-07-19T02:18:33.899, ubuntu22-b, mtd-zk-0, 0.662426
EXP-LOAD, 2023-07-19T02:18:41.021, ubuntu22-b, mtd-zk-0, 0.670422
EXP-LOAD, 2023-07-19T02:18:50.126, ubuntu22-b, mtd-zk-0, 0.657720
EXP-LEAD, 2023-07-19T02:18:51.160, ubuntu22-b, mtd-zk-0, START
EXP-LEAD, 2023-07-19T02:18:59.803, ubuntu22-b, mtd-zk-0, END
EXP-LOAD, 2023-07-19T02:19:00.855, ubuntu22-b, mtd-zk-0, 0.657720
EXP-LEAD, 2023-07-19T02:19:01.260, ubuntu22-b, mtd-zk-0, START
EXP-LEAD, 2023-07-19T02:19:08.067, ubuntu22-b, mtd-zk-0, END
EXP-LOAD, 2023-07-19T02:19:09.110, ubuntu22-b, mtd-zk-0, 0.645008
EXP-LOAD, 2023-07-19T02:19:18.489, ubuntu22-b, mtd-zk-0, 0.645008
EXP-LOAD, 2023-07-19T02:19:25.495, ubuntu22-b, mtd-zk-0, 0.675913
EXP-LOAD, 2023-07-19T02:19:33.083, ubuntu22-b, mtd-zk-0, 0.675913
EXP-LOAD, 2023-07-19T02:19:41.774, ubuntu22-b, mtd-zk-0, 0.662805
EXP-LOAD, 2023-07-19T02:19:48.853, ubuntu22-b, mtd-zk-0, 0.662805
EXP-LOAD, 2023-07-19T02:19:55.923, ubuntu22-b, mtd-zk-0, 0.662332
EXP-LEAD, 2023-07-19T02:19:57.002, ubuntu22-b, mtd-zk-0, START
EXP-LEAD, 2023-07-19T02:20:01.492, ubuntu22-b, mtd-zk-0, END
EXP-LOAD, 2023-07-19T02:20:02.546, ubuntu22-b, mtd-zk-0, 0.662332
EXP-LOAD, 2023-07-19T02:20:13.125, ubuntu22-b, mtd-zk-0, 0.609214
EXP-LOAD, 2023-07-19T02:20:21.248, ubuntu22-b, mtd-zk-0, 0.664910
EXP-LEAD, 2023-07-19T02:20:23.304, ubuntu22-b, mtd-zk-0, START
EXP-LEAD, 2023-07-19T02:20:28.826, ubuntu22-b, mtd-zk-0, END
EXP-LOAD, 2023-07-19T02:20:29.877, ubuntu22-b, mtd-zk-0, 0.664910
EXP-LOAD, 2023-07-19T02:20:38.479, ubuntu22-b, mtd-zk-0, 0.674405
EXP-LOAD, 2023-07-19T02:20:45.571, ubuntu22-b, mtd-zk-0, 0.674405
EXP-LOAD, 2023-07-19T02:20:57.734, ubuntu22-b, mtd-zk-0, 0.635104
EXP-LOAD, 2023-07-19T02:21:05.777, ubuntu22-b, mtd-zk-0, 0.641606
EXP-LOAD, 2023-07-19T02:21:16.296, ubuntu22-b, mtd-zk-0, 0.641606
EXP-LEAD, 2023-07-19T02:21:17.493, ubuntu22-b, mtd-zk-0, START
EXP-LEAD, 2023-07-19T02:21:22.935, ubuntu22-b, mtd-zk-0, END
EXP-LOAD, 2023-07-19T02:21:23.977, ubuntu22-b, mtd-zk-0, 0.646485
EXP-LOAD, 2023-07-19T02:21:33.633, ubuntu22-b, mtd-zk-0, 0.646485
EXP-LOAD, 2023-07-19T02:21:41.732, ubuntu22-b, mtd-zk-0, 0.660003
EXP-LOAD, 2023-07-19T02:21:54.367, ubuntu22-b, mtd-zk-0, 0.721214
EXP-LOAD, 2023-07-19T02:22:01.448, ubuntu22-b, mtd-zk-0, 0.721214
EXP-LOAD, 2023-07-19T02:22:10.550, ubuntu22-b, mtd-zk-0, 0.629803
EXP-LEAD, 2023-07-19T02:22:12.022, ubuntu22-b, mtd-zk-0, START
EXP-LEAD, 2023-07-19T02:22:17.442, ubuntu22-b, mtd-zk-0, END
EXP-LOAD, 2023-07-19T02:22:18.493, ubuntu22-b, mtd-zk-0, 0.629803
EXP-LEAD, 2023-07-19T02:22:20.148, ubuntu22-b, mtd-zk-0, START
EXP-LEAD, 2023-07-19T02:22:26.659, ubuntu22-b, mtd-zk-0, END
EXP-LOAD, 2023-07-19T02:22:27.744, ubuntu22-b, mtd-zk-0, 0.644605
EXP-LOAD, 2023-07-19T02:22:34.310, ubuntu22-b, mtd-zk-0, 0.693402
EXP-LOAD, 2023-07-19T02:22:41.416, ubuntu22-b, mtd-zk-0, 0.693402
EXP-LOAD, 2023-07-19T02:22:50.056, ubuntu22-b, mtd-zk-0, 0.660490
EXP-LOAD, 2023-07-19T02:23:00.165, ubuntu22-b, mtd-zk-0, 0.660490
EXP-LEAD, 2023-07-19T02:23:02.235, ubuntu22-b, mtd-zk-0, START
EXP-LEAD, 2023-07-19T02:23:07.722, ubuntu22-b, mtd-zk-0, END
EXP-LOAD, 2023-07-19T02:23:08.801, ubuntu22-b, mtd-zk-0, 0.641403
EXP-LOAD, 2023-07-19T02:23:16.882, ubuntu22-b, mtd-zk-0, 0.641403
EXP-LOAD, 2023-07-19T02:23:23.007, ubuntu22-b, mtd-zk-0, 0.651205
EXP-LOAD, 2023-07-19T02:23:30.610, ubuntu22-b, mtd-zk-0, 0.651205
EXP-LOAD, 2023-07-19T02:23:37.744, ubuntu22-b, mtd-zk-0, 0.635407
EXP-LOAD, 2023-07-19T02:23:45.285, ubuntu22-b, mtd-zk-0, 0.635407
EXP-LOAD, 2023-07-19T02:23:55.821, ubuntu22-b, mtd-zk-0, 0.673115
EXP-LOAD, 2023-07-19T02:24:04.917, ubuntu22-b, mtd-zk-0, 0.674206
EXP-LOAD, 2023-07-19T02:24:10.092, ubuntu22-b, mtd-zk-0, 0.674206
EXP-LOAD, 2023-07-19T02:24:20.638, ubuntu22-b, mtd-zk-0, 0.668106
EXP-LEAD, 2023-07-19T02:24:21.700, ubuntu22-b, mtd-zk-0, START
EXP-LEAD, 2023-07-19T02:24:27.205, ubuntu22-b, mtd-zk-0, END
EXP-LOAD, 2023-07-19T02:24:28.242, ubuntu22-b, mtd-zk-0, 0.668106
EXP-LOAD, 2023-07-19T02:24:35.839, ubuntu22-b, mtd-zk-0, 0.662435
EXP-LOAD, 2023-07-19T02:24:46.928, ubuntu22-b, mtd-zk-0, 0.662435
EXP-LOAD, 2023-07-19T02:24:56.039, ubuntu22-b, mtd-zk-0, 0.666903
EXP-LEAD, 2023-07-19T02:24:57.089, ubuntu22-b, mtd-zk-0, START
EXP-LEAD, 2023-07-19T02:25:02.750, ubuntu22-b, mtd-zk-0, END
EXP-LOAD, 2023-07-19T02:25:03.810, ubuntu22-b, mtd-zk-0, 0.666903
EXP-LOAD, 2023-07-19T02:25:17.249, ubuntu22-b, mtd-zk-0, 0.618009
EXP-LOAD, 2023-07-19T02:25:24.329, ubuntu22-b, mtd-zk-0, 0.646614
EXP-LEAD, 2023-07-19T02:25:26.371, ubuntu22-b, mtd-zk-0, START
EXP-LEAD, 2023-07-19T02:25:35.031, ubuntu22-b, mtd-zk-0, END
EXP-LOAD, 2023-07-19T02:25:36.067, ubuntu22-b, mtd-zk-0, 0.697222
EXP-LOAD, 2023-07-19T02:25:42.516, ubuntu22-b, mtd-zk-0, 0.697222
EXP-LEAD, 2023-07-19T02:25:44.595, ubuntu22-b, mtd-zk-0, START
EXP-LEAD, 2023-07-19T02:25:53.186, ubuntu22-b, mtd-zk-0, END
EXP-LOAD, 2023-07-19T02:25:54.220, ubuntu22-b, mtd-zk-0, 0.679627
EXP-LOAD, 2023-07-19T02:26:02.321, ubuntu22-b, mtd-zk-0, 0.679627
EXP-LEAD, 2023-07-19T02:26:03.367, ubuntu22-b, mtd-zk-0, START
EXP-LEAD, 2023-07-19T02:26:07.899, ubuntu22-b, mtd-zk-0, END
EXP-LOAD, 2023-07-19T02:26:08.946, ubuntu22-b, mtd-zk-0, 0.623212
EXP-LOAD, 2023-07-19T02:26:16.562, ubuntu22-b, mtd-zk-0, 0.623212
EXP-LOAD, 2023-07-19T02:26:26.740, ubuntu22-b, mtd-zk-0, 0.655915
EXP-LOAD, 2023-07-19T02:26:33.811, ubuntu22-b, mtd-zk-0, 0.655915
EXP-LEAD, 2023-07-19T02:26:35.845, ubuntu22-b, mtd-zk-0, START
EXP-LEAD, 2023-07-19T02:26:41.292, ubuntu22-b, mtd-zk-0, END
EXP-LOAD, 2023-07-19T02:26:42.338, ubuntu22-b, mtd-zk-0, 0.699408
EXP-LEAD, 2023-07-19T02:26:43.963, ubuntu22-b, mtd-zk-0, START
EXP-LEAD, 2023-07-19T02:26:48.370, ubuntu22-b, mtd-zk-0, END
EXP-LOAD, 2023-07-19T02:26:49.407, ubuntu22-b, mtd-zk-0, 0.672319
EXP-LOAD, 2023-07-19T02:27:00.502, ubuntu22-b, mtd-zk-0, 0.672319
EXP-LEAD, 2023-07-19T02:27:01.550, ubuntu22-b, mtd-zk-0, START
EXP-LEAD, 2023-07-19T02:27:05.985, ubuntu22-b, mtd-zk-0, END
EXP-LOAD, 2023-07-19T02:27:07.023, ubuntu22-b, mtd-zk-0, 0.717609
EXP-LOAD, 2023-07-19T02:27:18.698, ubuntu22-b, mtd-zk-0, 0.717609
EXP-LEAD, 2023-07-19T02:27:20.736, ubuntu22-b, mtd-zk-0, START
EXP-LEAD, 2023-07-19T02:27:25.155, ubuntu22-b, mtd-zk-0, END
EXP-LOAD, 2023-07-19T02:27:26.197, ubuntu22-b, mtd-zk-0, 0.630104
EXP-LOAD, 2023-07-19T02:27:33.893, ubuntu22-b, mtd-zk-0, 0.630104
EXP-LEAD, 2023-07-19T02:27:35.948, ubuntu22-b, mtd-zk-0, START
EXP-LEAD, 2023-07-19T02:27:43.482, ubuntu22-b, mtd-zk-0, END
EXP-LOAD, 2023-07-19T02:27:44.552, ubuntu22-b, mtd-zk-0, 0.708004
EXP-LOAD, 2023-07-19T02:27:51.086, ubuntu22-b, mtd-zk-0, 0.679722
EXP-LOAD, 2023-07-19T02:27:58.601, ubuntu22-b, mtd-zk-0, 0.679722
EXP-LEAD, 2023-07-19T02:27:59.618, ubuntu22-b, mtd-zk-0, START
EXP-LEAD, 2023-07-19T02:28:09.238, ubuntu22-b, mtd-zk-0, END
EXP-LOAD, 2023-07-19T02:28:10.271, ubuntu22-b, mtd-zk-0, 0.709404
EXP-LOAD, 2023-07-19T02:28:18.366, ubuntu22-b, mtd-zk-0, 0.709404
EXP-LOAD, 2023-07-19T02:28:27.459, ubuntu22-b, mtd-zk-0, 0.664320
EXP-LOAD, 2023-07-19T02:28:34.348, ubuntu22-b, mtd-zk-0, 0.725203
EXP-LOAD, 2023-07-19T02:28:45.426, ubuntu22-b, mtd-zk-0, 0.725203
EXP-LOAD, 2023-07-19T02:28:53.527, ubuntu22-b, mtd-zk-0, 0.689510
EXP-LOAD, 2023-07-19T02:29:05.637, ubuntu22-b, mtd-zk-0, 0.766406
EXP-LOAD, 2023-07-19T02:29:11.401, ubuntu22-b, mtd-zk-0, 0.766406
EXP-LOAD, 2023-07-19T02:29:21.534, ubuntu22-b, mtd-zk-0, 0.664026
EXP-LEAD, 2023-07-19T02:29:23.503, ubuntu22-b, mtd-zk-0, START
EXP-LEAD, 2023-07-19T02:29:29.104, ubuntu22-b, mtd-zk-0, END
EXP-LOAD, 2023-07-19T02:29:30.144, ubuntu22-b, mtd-zk-0, 0.664026
EXP-LEAD, 2023-07-19T02:29:31.179, ubuntu22-b, mtd-zk-0, START
EXP-LEAD, 2023-07-19T02:29:35.712, ubuntu22-b, mtd-zk-0, END
EXP-LOAD, 2023-07-19T02:29:36.769, ubuntu22-b, mtd-zk-0, 0.663721
EXP-LOAD, 2023-07-19T02:29:46.864, ubuntu22-b, mtd-zk-0, 0.663721
EXP-LOAD, 2023-07-19T02:29:55.064, ubuntu22-b, mtd-zk-0, 0.658227
EXP-LOAD, 2023-07-19T02:30:03.063, ubuntu22-b, mtd-zk-0, 0.658227
EXP-LEAD, 2023-07-19T02:30:05.096, ubuntu22-b, mtd-zk-0, START
EXP-LEAD, 2023-07-19T02:30:09.792, ubuntu22-b, mtd-zk-0, END
EXP-LOAD, 2023-07-19T02:30:10.846, ubuntu22-b, mtd-zk-0, 0.690308
