EXP-LOAD, 2023-07-21T23:08:56.007, ubuntu22-c, mtd-zk-0, 0.565410
EXP-LOAD, 2023-07-21T23:09:09.491, ubuntu22-c, mtd-zk-0, 0.665704
EXP-LEAD, 2023-07-21T23:09:10.621, ubuntu22-c, mtd-zk-0, START
EXP-LEAD, 2023-07-21T23:09:17.447, ubuntu22-c, mtd-zk-0, END
EXP-LOAD, 2023-07-21T23:09:18.578, ubuntu22-c, mtd-zk-0, 0.665704
EXP-LEAD, 2023-07-21T23:09:20.055, ubuntu22-c, mtd-zk-0, START
EXP-LEAD, 2023-07-21T23:09:25.119, ubuntu22-c, mtd-zk-0, END
EXP-LOAD, 2023-07-21T23:09:27.271, ubuntu22-c, mtd-zk-0, 0.637611
EXP-LOAD, 2023-07-21T23:09:37.473, ubuntu22-c, mtd-zk-0, 0.755506
EXP-LOAD, 2023-07-21T23:09:45.768, ubuntu22-c, mtd-zk-0, 0.755506
EXP-LOAD, 2023-07-21T23:09:58.144, ubuntu22-c, mtd-zk-0, 0.594003
EXP-LOAD, 2023-07-21T23:10:04.567, ubuntu22-c, mtd-zk-0, 0.656421
EXP-LEAD, 2023-07-21T23:10:06.609, ubuntu22-c, mtd-zk-0, START
EXP-LEAD, 2023-07-21T23:10:12.811, ubuntu22-c, mtd-zk-0, END
EXP-LOAD, 2023-07-21T23:10:13.929, ubuntu22-c, mtd-zk-0, 0.656421
EXP-LOAD, 2023-07-21T23:10:21.137, ubuntu22-c, mtd-zk-0, 0.752820
EXP-LOAD, 2023-07-21T23:10:32.203, ubuntu22-c, mtd-zk-0, 0.752820
EXP-LOAD, 2023-07-21T23:10:41.333, ubuntu22-c, mtd-zk-0, 0.671206
EXP-LOAD, 2023-07-21T23:10:49.522, ubuntu22-c, mtd-zk-0, 0.634610
EXP-LOAD, 2023-07-21T23:10:57.813, ubuntu22-c, mtd-zk-0, 0.634610
EXP-LOAD, 2023-07-21T23:11:07.008, ubuntu22-c, mtd-zk-0, 0.697222
EXP-LOAD, 2023-07-21T23:11:17.284, ubuntu22-c, mtd-zk-0, 0.697222
EXP-LOAD, 2023-07-21T23:11:24.503, ubuntu22-c, mtd-zk-0, 0.635207
EXP-LEAD, 2023-07-21T23:11:26.777, ubuntu22-c, mtd-zk-0, START
EXP-LEAD, 2023-07-21T23:11:32.702, ubuntu22-c, mtd-zk-0, END
EXP-LOAD, 2023-07-21T23:11:33.805, ubuntu22-c, mtd-zk-0, 0.635207
EXP-LEAD, 2023-07-21T23:11:35.675, ubuntu22-c, mtd-zk-0, START
EXP-LEAD, 2023-07-21T23:11:44.591, ubuntu22-c, mtd-zk-0, END
EXP-LOAD, 2023-07-21T23:11:45.669, ubuntu22-c, mtd-zk-0, 0.725104
EXP-LOAD, 2023-07-21T23:11:55.923, ubuntu22-c, mtd-zk-0, 0.719804
EXP-LEAD, 2023-07-21T23:11:57.087, ubuntu22-c, mtd-zk-0, START
EXP-LEAD, 2023-07-21T23:12:04.890, ubuntu22-c, mtd-zk-0, END
EXP-LOAD, 2023-07-21T23:12:05.949, ubuntu22-c, mtd-zk-0, 0.649827
EXP-LOAD, 2023-07-21T23:12:16.280, ubuntu22-c, mtd-zk-0, 0.649827
EXP-LEAD, 2023-07-21T23:12:18.333, ubuntu22-c, mtd-zk-0, START
EXP-LEAD, 2023-07-21T23:12:24.113, ubuntu22-c, mtd-zk-0, END
EXP-LOAD, 2023-07-21T23:12:25.216, ubuntu22-c, mtd-zk-0, 0.547645
EXP-LEAD, 2023-07-21T23:12:25.577, ubuntu22-c, mtd-zk-0, START
EXP-LEAD, 2023-07-21T23:12:35.474, ubuntu22-c, mtd-zk-0, END
EXP-LOAD, 2023-07-21T23:12:36.687, ubuntu22-c, mtd-zk-0, 0.658527
EXP-LOAD, 2023-07-21T23:12:44.861, ubuntu22-c, mtd-zk-0, 0.658527
EXP-LOAD, 2023-07-21T23:12:54.026, ubuntu22-c, mtd-zk-0, 0.643013
EXP-LEAD, 2023-07-21T23:12:54.113, ubuntu22-c, mtd-zk-0, START
EXP-LEAD, 2023-07-21T23:12:59.893, ubuntu22-c, mtd-zk-0, END
EXP-LOAD, 2023-07-21T23:13:00.954, ubuntu22-c, mtd-zk-0, 0.643013
EXP-LOAD, 2023-07-21T23:13:09.435, ubuntu22-c, mtd-zk-0, 0.689510
EXP-LOAD, 2023-07-21T23:13:20.178, ubuntu22-c, mtd-zk-0, 0.689510
EXP-LOAD, 2023-07-21T23:13:40.560, ubuntu22-c, mtd-zk-0, 0.844405
EXP-LEAD, 2023-07-21T23:13:41.622, ubuntu22-c, mtd-zk-0, START
EXP-LEAD, 2023-07-21T23:13:49.448, ubuntu22-c, mtd-zk-0, END
EXP-LOAD, 2023-07-21T23:13:50.558, ubuntu22-c, mtd-zk-0, 0.664004
EXP-LOAD, 2023-07-21T23:13:58.983, ubuntu22-c, mtd-zk-0, 0.664004
EXP-LEAD, 2023-07-21T23:14:01.081, ubuntu22-c, mtd-zk-0, START
EXP-LEAD, 2023-07-21T23:14:08.383, ubuntu22-c, mtd-zk-0, END
EXP-LOAD, 2023-07-21T23:14:09.473, ubuntu22-c, mtd-zk-0, 0.675613
EXP-LEAD, 2023-07-21T23:14:12.233, ubuntu22-c, mtd-zk-0, START
EXP-LEAD, 2023-07-21T23:14:16.942, ubuntu22-c, mtd-zk-0, END
EXP-LOAD, 2023-07-21T23:14:18.028, ubuntu22-c, mtd-zk-0, 0.675613
EXP-LEAD, 2023-07-21T23:14:19.652, ubuntu22-c, mtd-zk-0, START
EXP-LEAD, 2023-07-21T23:14:25.321, ubuntu22-c, mtd-zk-0, END
EXP-LOAD, 2023-07-21T23:14:26.417, ubuntu22-c, mtd-zk-0, 0.646805
EXP-LOAD, 2023-07-21T23:14:33.943, ubuntu22-c, mtd-zk-0, 0.646805
EXP-LEAD, 2023-07-21T23:14:35.959, ubuntu22-c, mtd-zk-0, START
EXP-LEAD, 2023-07-21T23:14:44.794, ubuntu22-c, mtd-zk-0, END
EXP-LOAD, 2023-07-21T23:14:45.906, ubuntu22-c, mtd-zk-0, 0.667611
EXP-LEAD, 2023-07-21T23:14:47.112, ubuntu22-c, mtd-zk-0, START
EXP-LEAD, 2023-07-21T23:14:52.998, ubuntu22-c, mtd-zk-0, END
EXP-LOAD, 2023-07-21T23:14:54.043, ubuntu22-c, mtd-zk-0, 0.630368
EXP-LOAD, 2023-07-21T23:15:02.389, ubuntu22-c, mtd-zk-0, 0.630368
EXP-LOAD, 2023-07-21T23:15:13.568, ubuntu22-c, mtd-zk-0, 0.726004
EXP-LOAD, 2023-07-21T23:15:19.716, ubuntu22-c, mtd-zk-0, 0.607911
EXP-LOAD, 2023-07-21T23:15:26.879, ubuntu22-c, mtd-zk-0, 0.607911
EXP-LEAD, 2023-07-21T23:15:28.637, ubuntu22-c, mtd-zk-0, START
EXP-LEAD, 2023-07-21T23:15:38.502, ubuntu22-c, mtd-zk-0, END
EXP-LOAD, 2023-07-21T23:15:39.641, ubuntu22-c, mtd-zk-0, 0.706216
EXP-LOAD, 2023-07-21T23:15:49.972, ubuntu22-c, mtd-zk-0, 0.656043
EXP-LOAD, 2023-07-21T23:15:58.144, ubuntu22-c, mtd-zk-0, 0.656043
EXP-LEAD, 2023-07-21T23:16:00.187, ubuntu22-c, mtd-zk-0, START
EXP-LEAD, 2023-07-21T23:16:05.814, ubuntu22-c, mtd-zk-0, END
EXP-LOAD, 2023-07-21T23:16:06.912, ubuntu22-c, mtd-zk-0, 0.682612
EXP-LOAD, 2023-07-21T23:16:17.531, ubuntu22-c, mtd-zk-0, 0.682612
EXP-LOAD, 2023-07-21T23:16:24.650, ubuntu22-c, mtd-zk-0, 0.694909
EXP-LOAD, 2023-07-21T23:16:32.898, ubuntu22-c, mtd-zk-0, 0.694909
EXP-LEAD, 2023-07-21T23:16:33.919, ubuntu22-c, mtd-zk-0, START
EXP-LEAD, 2023-07-21T23:16:39.464, ubuntu22-c, mtd-zk-0, END
EXP-LOAD, 2023-07-21T23:16:40.554, ubuntu22-c, mtd-zk-0, 0.641639
EXP-LEAD, 2023-07-21T23:16:41.657, ubuntu22-c, mtd-zk-0, START
EXP-LEAD, 2023-07-21T23:16:47.472, ubuntu22-c, mtd-zk-0, END
EXP-LOAD, 2023-07-21T23:16:48.534, ubuntu22-c, mtd-zk-0, 0.641639
EXP-LEAD, 2023-07-21T23:16:50.843, ubuntu22-c, mtd-zk-0, START
EXP-LEAD, 2023-07-21T23:16:58.454, ubuntu22-c, mtd-zk-0, END
EXP-LOAD, 2023-07-21T23:16:59.617, ubuntu22-c, mtd-zk-0, 0.760602
EXP-LOAD, 2023-07-21T23:17:08.071, ubuntu22-c, mtd-zk-0, 0.621279
EXP-LOAD, 2023-07-21T23:17:15.232, ubuntu22-c, mtd-zk-0, 0.621279
EXP-LOAD, 2023-07-21T23:17:23.343, ubuntu22-c, mtd-zk-0, 0.690645
EXP-LEAD, 2023-07-21T23:17:23.386, ubuntu22-c, mtd-zk-0, START
EXP-LEAD, 2023-07-21T23:17:28.979, ubuntu22-c, mtd-zk-0, END
EXP-LOAD, 2023-07-21T23:17:30.067, ubuntu22-c, mtd-zk-0, 0.690645
EXP-LEAD, 2023-07-21T23:17:31.542, ubuntu22-c, mtd-zk-0, START
EXP-LEAD, 2023-07-21T23:17:36.054, ubuntu22-c, mtd-zk-0, END
EXP-LOAD, 2023-07-21T23:17:37.119, ubuntu22-c, mtd-zk-0, 0.738403
EXP-LOAD, 2023-07-21T23:17:47.274, ubuntu22-c, mtd-zk-0, 0.738403
EXP-LOAD, 2023-07-21T23:17:55.343, ubuntu22-c, mtd-zk-0, 0.641506
EXP-LOAD, 2023-07-21T23:18:05.451, ubuntu22-c, mtd-zk-0, 0.708846
EXP-LOAD, 2023-07-21T23:18:14.606, ubuntu22-c, mtd-zk-0, 0.708846
EXP-LEAD, 2023-07-21T23:18:15.689, ubuntu22-c, mtd-zk-0, START
EXP-LEAD, 2023-07-21T23:18:24.383, ubuntu22-c, mtd-zk-0, END
EXP-LOAD, 2023-07-21T23:18:25.510, ubuntu22-c, mtd-zk-0, 0.704920
EXP-LOAD, 2023-07-21T23:18:33.852, ubuntu22-c, mtd-zk-0, 0.704920
EXP-LOAD, 2023-07-21T23:18:41.981, ubuntu22-c, mtd-zk-0, 0.648806
EXP-LOAD, 2023-07-21T23:18:49.135, ubuntu22-c, mtd-zk-0, 0.652101
EXP-LEAD, 2023-07-21T23:18:51.164, ubuntu22-c, mtd-zk-0, START
EXP-LEAD, 2023-07-21T23:18:56.746, ubuntu22-c, mtd-zk-0, END
EXP-LOAD, 2023-07-21T23:18:57.853, ubuntu22-c, mtd-zk-0, 0.652101
EXP-LOAD, 2023-07-21T23:19:05.337, ubuntu22-c, mtd-zk-0, 0.670242
EXP-LOAD, 2023-07-21T23:19:13.684, ubuntu22-c, mtd-zk-0, 0.670242
EXP-LOAD, 2023-07-21T23:19:22.774, ubuntu22-c, mtd-zk-0, 0.742621
EXP-LOAD, 2023-07-21T23:19:28.925, ubuntu22-c, mtd-zk-0, 0.742621
EXP-LOAD, 2023-07-21T23:19:39.114, ubuntu22-c, mtd-zk-0, 0.662205
EXP-LOAD, 2023-07-21T23:19:47.072, ubuntu22-c, mtd-zk-0, 0.662205
EXP-LOAD, 2023-07-21T23:19:57.210, ubuntu22-c, mtd-zk-0, 0.654819
EXP-LOAD, 2023-07-21T23:20:05.346, ubuntu22-c, mtd-zk-0, 0.640404
EXP-LOAD, 2023-07-21T23:20:14.438, ubuntu22-c, mtd-zk-0, 0.640404
EXP-LEAD, 2023-07-21T23:20:15.478, ubuntu22-c, mtd-zk-0, START
EXP-LEAD, 2023-07-21T23:20:21.219, ubuntu22-c, mtd-zk-0, END
EXP-LOAD, 2023-07-21T23:20:22.261, ubuntu22-c, mtd-zk-0, 0.731608
EXP-LOAD, 2023-07-21T23:20:28.674, ubuntu22-c, mtd-zk-0, 0.731608
EXP-LOAD, 2023-07-21T23:20:39.828, ubuntu22-c, mtd-zk-0, 0.662216
EXP-LOAD, 2023-07-21T23:20:45.953, ubuntu22-c, mtd-zk-0, 0.662216
EXP-LEAD, 2023-07-21T23:20:47.990, ubuntu22-c, mtd-zk-0, START
EXP-LEAD, 2023-07-21T23:20:53.630, ubuntu22-c, mtd-zk-0, END
EXP-LOAD, 2023-07-21T23:20:54.737, ubuntu22-c, mtd-zk-0, 0.651632
EXP-LEAD, 2023-07-21T23:20:56.140, ubuntu22-c, mtd-zk-0, START
EXP-LEAD, 2023-07-21T23:21:00.650, ubuntu22-c, mtd-zk-0, END
EXP-LOAD, 2023-07-21T23:21:01.716, ubuntu22-c, mtd-zk-0, 0.651632
EXP-LOAD, 2023-07-21T23:21:10.917, ubuntu22-c, mtd-zk-0, 0.686804
EXP-LOAD, 2023-07-21T23:21:18.079, ubuntu22-c, mtd-zk-0, 0.686804
EXP-LEAD, 2023-07-21T23:21:19.777, ubuntu22-c, mtd-zk-0, START
EXP-LEAD, 2023-07-21T23:21:25.325, ubuntu22-c, mtd-zk-0, END
EXP-LOAD, 2023-07-21T23:21:26.424, ubuntu22-c, mtd-zk-0, 0.720507
EXP-LOAD, 2023-07-21T23:21:35.027, ubuntu22-c, mtd-zk-0, 0.692612
EXP-LOAD, 2023-07-21T23:21:42.234, ubuntu22-c, mtd-zk-0, 0.692612
EXP-LOAD, 2023-07-21T23:21:50.289, ubuntu22-c, mtd-zk-0, 0.677610
EXP-LOAD, 2023-07-21T23:21:58.356, ubuntu22-c, mtd-zk-0, 0.677610
EXP-LOAD, 2023-07-21T23:22:09.587, ubuntu22-c, mtd-zk-0, 0.606914
EXP-LOAD, 2023-07-21T23:22:16.727, ubuntu22-c, mtd-zk-0, 0.606914
EXP-LOAD, 2023-07-21T23:22:28.276, ubuntu22-c, mtd-zk-0, 0.700128
EXP-LOAD, 2023-07-21T23:22:35.359, ubuntu22-c, mtd-zk-0, 0.584809
EXP-LOAD, 2023-07-21T23:22:45.527, ubuntu22-c, mtd-zk-0, 0.584809
EXP-LOAD, 2023-07-21T23:22:52.648, ubuntu22-c, mtd-zk-0, 0.670807
EXP-LOAD, 2023-07-21T23:22:59.493, ubuntu22-c, mtd-zk-0, 0.670807
EXP-LOAD, 2023-07-21T23:23:09.608, ubuntu22-c, mtd-zk-0, 0.714216
EXP-LOAD, 2023-07-21T23:23:16.754, ubuntu22-c, mtd-zk-0, 0.714216
EXP-LOAD, 2023-07-21T23:23:25.649, ubuntu22-c, mtd-zk-0, 0.687712
EXP-LOAD, 2023-07-21T23:23:35.823, ubuntu22-c, mtd-zk-0, 0.714820
EXP-LOAD, 2023-07-21T23:23:44.908, ubuntu22-c, mtd-zk-0, 0.714820
EXP-LEAD, 2023-07-21T23:23:46.937, ubuntu22-c, mtd-zk-0, START
EXP-LEAD, 2023-07-21T23:23:52.599, ubuntu22-c, mtd-zk-0, END
EXP-LOAD, 2023-07-21T23:23:53.655, ubuntu22-c, mtd-zk-0, 0.627318
EXP-LOAD, 2023-07-21T23:24:01.115, ubuntu22-c, mtd-zk-0, 0.627318
EXP-LOAD, 2023-07-21T23:24:13.277, ubuntu22-c, mtd-zk-0, 0.670204
EXP-LOAD, 2023-07-21T23:24:19.368, ubuntu22-c, mtd-zk-0, 0.658116
EXP-LOAD, 2023-07-21T23:24:29.526, ubuntu22-c, mtd-zk-0, 0.658116
EXP-LOAD, 2023-07-21T23:24:38.675, ubuntu22-c, mtd-zk-0, 0.641813
EXP-LEAD, 2023-07-21T23:24:39.717, ubuntu22-c, mtd-zk-0, START
EXP-LEAD, 2023-07-21T23:24:45.302, ubuntu22-c, mtd-zk-0, END
EXP-LOAD, 2023-07-21T23:24:46.378, ubuntu22-c, mtd-zk-0, 0.641813
EXP-LOAD, 2023-07-21T23:24:57.988, ubuntu22-c, mtd-zk-0, 0.681029
EXP-LOAD, 2023-07-21T23:25:06.113, ubuntu22-c, mtd-zk-0, 0.576380
EXP-LOAD, 2023-07-21T23:25:17.288, ubuntu22-c, mtd-zk-0, 0.576380
EXP-LEAD, 2023-07-21T23:25:19.269, ubuntu22-c, mtd-zk-0, START
EXP-LEAD, 2023-07-21T23:25:24.825, ubuntu22-c, mtd-zk-0, END
EXP-LOAD, 2023-07-21T23:25:25.876, ubuntu22-c, mtd-zk-0, 0.655317
EXP-LOAD, 2023-07-21T23:25:33.466, ubuntu22-c, mtd-zk-0, 0.655317
EXP-LOAD, 2023-07-21T23:25:41.603, ubuntu22-c, mtd-zk-0, 0.658627
EXP-LOAD, 2023-07-21T23:25:52.742, ubuntu22-c, mtd-zk-0, 0.664316
EXP-LOAD, 2023-07-21T23:25:58.869, ubuntu22-c, mtd-zk-0, 0.664316
EXP-LOAD, 2023-07-21T23:26:09.971, ubuntu22-c, mtd-zk-0, 0.616004
EXP-LEAD, 2023-07-21T23:26:12.050, ubuntu22-c, mtd-zk-0, START
EXP-LEAD, 2023-07-21T23:26:17.856, ubuntu22-c, mtd-zk-0, END
EXP-LOAD, 2023-07-21T23:26:18.946, ubuntu22-c, mtd-zk-0, 0.616004
EXP-LOAD, 2023-07-21T23:26:26.301, ubuntu22-c, mtd-zk-0, 0.628409
EXP-LOAD, 2023-07-21T23:26:34.035, ubuntu22-c, mtd-zk-0, 0.628409
EXP-LOAD, 2023-07-21T23:26:44.207, ubuntu22-c, mtd-zk-0, 0.698423
EXP-LEAD, 2023-07-21T23:26:46.251, ubuntu22-c, mtd-zk-0, START
EXP-LEAD, 2023-07-21T23:26:51.926, ubuntu22-c, mtd-zk-0, END
EXP-LOAD, 2023-07-21T23:26:52.986, ubuntu22-c, mtd-zk-0, 0.636307
EXP-LOAD, 2023-07-21T23:27:00.434, ubuntu22-c, mtd-zk-0, 0.636307
EXP-LOAD, 2023-07-21T23:27:11.528, ubuntu22-c, mtd-zk-0, 0.685463
EXP-LOAD, 2023-07-21T23:27:20.635, ubuntu22-c, mtd-zk-0, 0.670717
EXP-LEAD, 2023-07-21T23:27:21.667, ubuntu22-c, mtd-zk-0, START
EXP-LEAD, 2023-07-21T23:27:29.420, ubuntu22-c, mtd-zk-0, END
EXP-LOAD, 2023-07-21T23:27:30.511, ubuntu22-c, mtd-zk-0, 0.670717
EXP-LOAD, 2023-07-21T23:27:37.943, ubuntu22-c, mtd-zk-0, 0.613618
EXP-LOAD, 2023-07-21T23:27:49.646, ubuntu22-c, mtd-zk-0, 0.578574
EXP-LEAD, 2023-07-21T23:27:50.698, ubuntu22-c, mtd-zk-0, START
EXP-LEAD, 2023-07-21T23:27:56.300, ubuntu22-c, mtd-zk-0, END
EXP-LOAD, 2023-07-21T23:27:57.381, ubuntu22-c, mtd-zk-0, 0.578574
EXP-LOAD, 2023-07-21T23:28:07.035, ubuntu22-c, mtd-zk-0, 0.615526
EXP-LOAD, 2023-07-21T23:28:15.207, ubuntu22-c, mtd-zk-0, 0.615526
EXP-LOAD, 2023-07-21T23:28:23.321, ubuntu22-c, mtd-zk-0, 0.601449
EXP-LEAD, 2023-07-21T23:28:24.383, ubuntu22-c, mtd-zk-0, START
EXP-LEAD, 2023-07-21T23:28:31.978, ubuntu22-c, mtd-zk-0, END
EXP-LOAD, 2023-07-21T23:28:33.038, ubuntu22-c, mtd-zk-0, 0.601449
EXP-LOAD, 2023-07-21T23:28:42.582, ubuntu22-c, mtd-zk-0, 0.656625
EXP-LEAD, 2023-07-21T23:28:45.600, ubuntu22-c, mtd-zk-0, START
EXP-LEAD, 2023-07-21T23:28:53.380, ubuntu22-c, mtd-zk-0, END
EXP-LOAD, 2023-07-21T23:28:54.446, ubuntu22-c, mtd-zk-0, 0.636025
EXP-LEAD, 2023-07-21T23:28:55.808, ubuntu22-c, mtd-zk-0, START
EXP-LEAD, 2023-07-21T23:29:00.401, ubuntu22-c, mtd-zk-0, END
EXP-LOAD, 2023-07-21T23:29:01.482, ubuntu22-c, mtd-zk-0, 0.636025
EXP-LOAD, 2023-07-21T23:29:13.012, ubuntu22-c, mtd-zk-0, 0.644004
EXP-LOAD, 2023-07-21T23:29:21.203, ubuntu22-c, mtd-zk-0, 0.604402
EXP-LOAD, 2023-07-21T23:29:28.400, ubuntu22-c, mtd-zk-0, 0.604402
EXP-LOAD, 2023-07-21T23:29:36.494, ubuntu22-c, mtd-zk-0, 0.665525
EXP-LEAD, 2023-07-21T23:29:38.530, ubuntu22-c, mtd-zk-0, START
EXP-LEAD, 2023-07-21T23:29:46.250, ubuntu22-c, mtd-zk-0, END
EXP-LOAD, 2023-07-21T23:29:47.333, ubuntu22-c, mtd-zk-0, 0.665525
EXP-LEAD, 2023-07-21T23:29:48.377, ubuntu22-c, mtd-zk-0, START
EXP-LEAD, 2023-07-21T23:29:54.066, ubuntu22-c, mtd-zk-0, END
EXP-LOAD, 2023-07-21T23:29:55.146, ubuntu22-c, mtd-zk-0, 0.667806
EXP-LOAD, 2023-07-21T23:30:02.284, ubuntu22-c, mtd-zk-0, 0.667806
EXP-LEAD, 2023-07-21T23:30:03.324, ubuntu22-c, mtd-zk-0, START
EXP-LEAD, 2023-07-21T23:30:11.067, ubuntu22-c, mtd-zk-0, END
EXP-LOAD, 2023-07-21T23:30:12.140, ubuntu22-c, mtd-zk-0, 0.643907
EXP-LOAD, 2023-07-21T23:30:19.261, ubuntu22-c, mtd-zk-0, 0.668012
EXP-LOAD, 2023-07-21T23:30:26.573, ubuntu22-c, mtd-zk-0, 0.668012
EXP-LEAD, 2023-07-21T23:30:29.049, ubuntu22-c, mtd-zk-0, START
EXP-LEAD, 2023-07-21T23:30:34.598, ubuntu22-c, mtd-zk-0, END
EXP-LOAD, 2023-07-21T23:30:35.671, ubuntu22-c, mtd-zk-0, 0.711115
EXP-LOAD, 2023-07-21T23:30:43.178, ubuntu22-c, mtd-zk-0, 0.711115
EXP-LEAD, 2023-07-21T23:30:46.199, ubuntu22-c, mtd-zk-0, START
EXP-LEAD, 2023-07-21T23:30:51.753, ubuntu22-c, mtd-zk-0, END
EXP-LOAD, 2023-07-21T23:30:52.807, ubuntu22-c, mtd-zk-0, 0.699406
EXP-LOAD, 2023-07-21T23:31:01.029, ubuntu22-c, mtd-zk-0, 0.699406
EXP-LOAD, 2023-07-21T23:31:11.143, ubuntu22-c, mtd-zk-0, 0.647358
EXP-LEAD, 2023-07-21T23:31:13.186, ubuntu22-c, mtd-zk-0, START
EXP-LEAD, 2023-07-21T23:31:18.716, ubuntu22-c, mtd-zk-0, END
EXP-LOAD, 2023-07-21T23:31:19.757, ubuntu22-c, mtd-zk-0, 0.600007
EXP-LOAD, 2023-07-21T23:31:30.366, ubuntu22-c, mtd-zk-0, 0.600007
EXP-LEAD, 2023-07-21T23:31:32.043, ubuntu22-c, mtd-zk-0, START
EXP-LEAD, 2023-07-21T23:31:37.609, ubuntu22-c, mtd-zk-0, END
EXP-LOAD, 2023-07-21T23:31:38.667, ubuntu22-c, mtd-zk-0, 0.700825
EXP-LOAD, 2023-07-21T23:31:49.221, ubuntu22-c, mtd-zk-0, 0.715439
EXP-LEAD, 2023-07-21T23:31:50.349, ubuntu22-c, mtd-zk-0, START
EXP-LEAD, 2023-07-21T23:31:55.985, ubuntu22-c, mtd-zk-0, END
EXP-LOAD, 2023-07-21T23:31:57.072, ubuntu22-c, mtd-zk-0, 0.715439
EXP-LEAD, 2023-07-21T23:31:58.465, ubuntu22-c, mtd-zk-0, START
EXP-LEAD, 2023-07-21T23:32:06.089, ubuntu22-c, mtd-zk-0, END
EXP-LOAD, 2023-07-21T23:32:07.300, ubuntu22-c, mtd-zk-0, 0.672417
EXP-LOAD, 2023-07-21T23:32:14.672, ubuntu22-c, mtd-zk-0, 0.672417
EXP-LOAD, 2023-07-21T23:32:25.887, ubuntu22-c, mtd-zk-0, 0.656210
EXP-LOAD, 2023-07-21T23:32:33.859, ubuntu22-c, mtd-zk-0, 0.656210
EXP-LOAD, 2023-07-21T23:32:43.963, ubuntu22-c, mtd-zk-0, 0.684616
EXP-LEAD, 2023-07-21T23:32:47.006, ubuntu22-c, mtd-zk-0, START
EXP-LEAD, 2023-07-21T23:32:53.588, ubuntu22-c, mtd-zk-0, END
EXP-LOAD, 2023-07-21T23:32:54.665, ubuntu22-c, mtd-zk-0, 0.651606
EXP-LEAD, 2023-07-21T23:32:56.233, ubuntu22-c, mtd-zk-0, START
EXP-LEAD, 2023-07-21T23:33:01.914, ubuntu22-c, mtd-zk-0, END
EXP-LOAD, 2023-07-21T23:33:02.998, ubuntu22-c, mtd-zk-0, 0.651606
EXP-LOAD, 2023-07-21T23:33:12.327, ubuntu22-c, mtd-zk-0, 0.692518
EXP-LEAD, 2023-07-21T23:33:14.126, ubuntu22-c, mtd-zk-0, START
EXP-LEAD, 2023-07-21T23:33:19.636, ubuntu22-c, mtd-zk-0, END
EXP-LOAD, 2023-07-21T23:33:20.684, ubuntu22-c, mtd-zk-0, 0.610009
EXP-LOAD, 2023-07-21T23:33:30.808, ubuntu22-c, mtd-zk-0, 0.610009
EXP-LOAD, 2023-07-21T23:33:38.692, ubuntu22-c, mtd-zk-0, 0.628212
EXP-LEAD, 2023-07-21T23:33:39.727, ubuntu22-c, mtd-zk-0, START
EXP-LEAD, 2023-07-21T23:33:45.314, ubuntu22-c, mtd-zk-0, END
EXP-LOAD, 2023-07-21T23:33:46.399, ubuntu22-c, mtd-zk-0, 0.628212
EXP-LOAD, 2023-07-21T23:33:53.920, ubuntu22-c, mtd-zk-0, 0.640013
EXP-LOAD, 2023-07-21T23:34:05.038, ubuntu22-c, mtd-zk-0, 0.673607
EXP-LOAD, 2023-07-21T23:34:13.784, ubuntu22-c, mtd-zk-0, 0.673607
EXP-LEAD, 2023-07-21T23:34:14.816, ubuntu22-c, mtd-zk-0, START
EXP-LEAD, 2023-07-21T23:34:20.467, ubuntu22-c, mtd-zk-0, END
EXP-LOAD, 2023-07-21T23:34:21.551, ubuntu22-c, mtd-zk-0, 0.621251
EXP-LEAD, 2023-07-21T23:34:22.928, ubuntu22-c, mtd-zk-0, START
EXP-LEAD, 2023-07-21T23:34:32.700, ubuntu22-c, mtd-zk-0, END
EXP-LOAD, 2023-07-21T23:34:33.773, ubuntu22-c, mtd-zk-0, 0.621251
EXP-LOAD, 2023-07-21T23:34:40.146, ubuntu22-c, mtd-zk-0, 0.647720
EXP-LEAD, 2023-07-21T23:34:43.157, ubuntu22-c, mtd-zk-0, START
EXP-LEAD, 2023-07-21T23:34:50.721, ubuntu22-c, mtd-zk-0, END
EXP-LOAD, 2023-07-21T23:34:51.811, ubuntu22-c, mtd-zk-0, 0.751222
EXP-LEAD, 2023-07-21T23:34:52.858, ubuntu22-c, mtd-zk-0, START
EXP-LEAD, 2023-07-21T23:34:57.446, ubuntu22-c, mtd-zk-0, END
EXP-LOAD, 2023-07-21T23:34:58.527, ubuntu22-c, mtd-zk-0, 0.751222
EXP-LOAD, 2023-07-21T23:35:09.039, ubuntu22-c, mtd-zk-0, 0.667610
EXP-LEAD, 2023-07-21T23:35:10.122, ubuntu22-c, mtd-zk-0, START
EXP-LEAD, 2023-07-21T23:35:16.773, ubuntu22-c, mtd-zk-0, END
EXP-LOAD, 2023-07-21T23:35:17.865, ubuntu22-c, mtd-zk-0, 0.667610
EXP-LEAD, 2023-07-21T23:35:19.212, ubuntu22-c, mtd-zk-0, START
EXP-LEAD, 2023-07-21T23:35:24.755, ubuntu22-c, mtd-zk-0, END
EXP-LOAD, 2023-07-21T23:35:25.842, ubuntu22-c, mtd-zk-0, 0.623806
EXP-LEAD, 2023-07-21T23:35:27.364, ubuntu22-c, mtd-zk-0, START
EXP-LEAD, 2023-07-21T23:35:32.936, ubuntu22-c, mtd-zk-0, END
EXP-LOAD, 2023-07-21T23:35:33.995, ubuntu22-c, mtd-zk-0, 0.623806
EXP-LOAD, 2023-07-21T23:35:44.541, ubuntu22-c, mtd-zk-0, 0.690118
EXP-LOAD, 2023-07-21T23:35:53.690, ubuntu22-c, mtd-zk-0, 0.641808
EXP-LEAD, 2023-07-21T23:35:54.182, ubuntu22-c, mtd-zk-0, START
EXP-LEAD, 2023-07-21T23:35:59.847, ubuntu22-c, mtd-zk-0, END
EXP-LOAD, 2023-07-21T23:36:00.931, ubuntu22-c, mtd-zk-0, 0.641808
EXP-LOAD, 2023-07-21T23:36:11.080, ubuntu22-c, mtd-zk-0, 0.664110
EXP-LEAD, 2023-07-21T23:36:13.101, ubuntu22-c, mtd-zk-0, START
EXP-LEAD, 2023-07-21T23:36:18.602, ubuntu22-c, mtd-zk-0, END
EXP-LOAD, 2023-07-21T23:36:19.653, ubuntu22-c, mtd-zk-0, 0.664110
EXP-LOAD, 2023-07-21T23:36:26.796, ubuntu22-c, mtd-zk-0, 0.656845
EXP-LEAD, 2023-07-21T23:36:29.795, ubuntu22-c, mtd-zk-0, START
EXP-LEAD, 2023-07-21T23:36:35.251, ubuntu22-c, mtd-zk-0, END
EXP-LOAD, 2023-07-21T23:36:36.318, ubuntu22-c, mtd-zk-0, 0.675310
EXP-LOAD, 2023-07-21T23:36:46.108, ubuntu22-c, mtd-zk-0, 0.675310
EXP-LOAD, 2023-07-21T23:36:54.213, ubuntu22-c, mtd-zk-0, 0.652606
EXP-LEAD, 2023-07-21T23:36:56.240, ubuntu22-c, mtd-zk-0, START
EXP-LEAD, 2023-07-21T23:37:02.796, ubuntu22-c, mtd-zk-0, END
EXP-LOAD, 2023-07-21T23:37:03.859, ubuntu22-c, mtd-zk-0, 0.652606
EXP-LOAD, 2023-07-21T23:37:11.389, ubuntu22-c, mtd-zk-0, 0.676115
EXP-LEAD, 2023-07-21T23:37:13.444, ubuntu22-c, mtd-zk-0, START
EXP-LEAD, 2023-07-21T23:37:18.939, ubuntu22-c, mtd-zk-0, END
EXP-LOAD, 2023-07-21T23:37:20.007, ubuntu22-c, mtd-zk-0, 0.744243
EXP-LOAD, 2023-07-21T23:37:29.679, ubuntu22-c, mtd-zk-0, 0.744243
EXP-LOAD, 2023-07-21T23:37:37.825, ubuntu22-c, mtd-zk-0, 0.688028
EXP-LOAD, 2023-07-21T23:37:48.943, ubuntu22-c, mtd-zk-0, 0.688028
EXP-LEAD, 2023-07-21T23:37:51.046, ubuntu22-c, mtd-zk-0, START
EXP-LEAD, 2023-07-21T23:37:56.624, ubuntu22-c, mtd-zk-0, END
EXP-LOAD, 2023-07-21T23:37:57.675, ubuntu22-c, mtd-zk-0, 0.661024
EXP-LOAD, 2023-07-21T23:38:06.248, ubuntu22-c, mtd-zk-0, 0.662910
EXP-LOAD, 2023-07-21T23:38:16.338, ubuntu22-c, mtd-zk-0, 0.662910
EXP-LEAD, 2023-07-21T23:38:18.009, ubuntu22-c, mtd-zk-0, START
EXP-LEAD, 2023-07-21T23:38:23.687, ubuntu22-c, mtd-zk-0, END
EXP-LOAD, 2023-07-21T23:38:24.754, ubuntu22-c, mtd-zk-0, 0.658813
EXP-LOAD, 2023-07-21T23:38:32.239, ubuntu22-c, mtd-zk-0, 0.658813
EXP-LOAD, 2023-07-21T23:38:41.288, ubuntu22-c, mtd-zk-0, 0.705729
EXP-LOAD, 2023-07-21T23:38:51.503, ubuntu22-c, mtd-zk-0, 0.675836
EXP-LOAD, 2023-07-21T23:38:59.621, ubuntu22-c, mtd-zk-0, 0.675836
EXP-LOAD, 2023-07-21T23:39:09.780, ubuntu22-c, mtd-zk-0, 0.628019
EXP-LEAD, 2023-07-21T23:39:11.816, ubuntu22-c, mtd-zk-0, START
EXP-LEAD, 2023-07-21T23:39:17.386, ubuntu22-c, mtd-zk-0, END
EXP-LOAD, 2023-07-21T23:39:18.433, ubuntu22-c, mtd-zk-0, 0.628019
EXP-LEAD, 2023-07-21T23:39:20.929, ubuntu22-c, mtd-zk-0, START
EXP-LEAD, 2023-07-21T23:39:26.475, ubuntu22-c, mtd-zk-0, END
EXP-LOAD, 2023-07-21T23:39:27.736, ubuntu22-c, mtd-zk-0, 0.650437
EXP-LOAD, 2023-07-21T23:39:37.224, ubuntu22-c, mtd-zk-0, 0.674225
EXP-LOAD, 2023-07-21T23:39:45.311, ubuntu22-c, mtd-zk-0, 0.674225
EXP-LOAD, 2023-07-21T23:39:55.585, ubuntu22-c, mtd-zk-0, 0.662615
EXP-LOAD, 2023-07-21T23:40:02.680, ubuntu22-c, mtd-zk-0, 0.662615
EXP-LEAD, 2023-07-21T23:40:04.295, ubuntu22-c, mtd-zk-0, START
EXP-LEAD, 2023-07-21T23:40:13.094, ubuntu22-c, mtd-zk-0, END
EXP-LOAD, 2023-07-21T23:40:14.145, ubuntu22-c, mtd-zk-0, 0.630506
EXP-LOAD, 2023-07-21T23:40:22.503, ubuntu22-c, mtd-zk-0, 0.602407
EXP-LOAD, 2023-07-21T23:40:32.657, ubuntu22-c, mtd-zk-0, 0.602407
EXP-LOAD, 2023-07-21T23:40:38.784, ubuntu22-c, mtd-zk-0, 0.614006
EXP-LEAD, 2023-07-21T23:40:40.816, ubuntu22-c, mtd-zk-0, START
EXP-LEAD, 2023-07-21T23:40:50.525, ubuntu22-c, mtd-zk-0, END
EXP-LOAD, 2023-07-21T23:40:51.604, ubuntu22-c, mtd-zk-0, 0.627202
EXP-LOAD, 2023-07-21T23:41:00.980, ubuntu22-c, mtd-zk-0, 0.627202
EXP-LEAD, 2023-07-21T23:41:02.018, ubuntu22-c, mtd-zk-0, START
EXP-LEAD, 2023-07-21T23:41:07.507, ubuntu22-c, mtd-zk-0, END
EXP-LOAD, 2023-07-21T23:41:08.554, ubuntu22-c, mtd-zk-0, 0.608008
EXP-LOAD, 2023-07-21T23:41:19.277, ubuntu22-c, mtd-zk-0, 0.685004
EXP-LEAD, 2023-07-21T23:41:21.394, ubuntu22-c, mtd-zk-0, START
EXP-LEAD, 2023-07-21T23:41:26.999, ubuntu22-c, mtd-zk-0, END
EXP-LOAD, 2023-07-21T23:41:28.060, ubuntu22-c, mtd-zk-0, 0.685004
EXP-LOAD, 2023-07-21T23:41:36.541, ubuntu22-c, mtd-zk-0, 0.645031
EXP-LOAD, 2023-07-21T23:41:47.677, ubuntu22-c, mtd-zk-0, 0.645031
EXP-LEAD, 2023-07-21T23:41:48.702, ubuntu22-c, mtd-zk-0, START
EXP-LEAD, 2023-07-21T23:41:54.345, ubuntu22-c, mtd-zk-0, END
EXP-LOAD, 2023-07-21T23:41:55.399, ubuntu22-c, mtd-zk-0, 0.608959
EXP-LOAD, 2023-07-21T23:42:02.871, ubuntu22-c, mtd-zk-0, 0.608959
EXP-LOAD, 2023-07-21T23:42:11.967, ubuntu22-c, mtd-zk-0, 0.707478
EXP-LOAD, 2023-07-21T23:42:22.079, ubuntu22-c, mtd-zk-0, 0.668019
EXP-LOAD, 2023-07-21T23:42:30.210, ubuntu22-c, mtd-zk-0, 0.668019
EXP-LOAD, 2023-07-21T23:42:39.430, ubuntu22-c, mtd-zk-0, 0.657607
EXP-LOAD, 2023-07-21T23:42:48.556, ubuntu22-c, mtd-zk-0, 0.657607
EXP-LOAD, 2023-07-21T23:42:57.293, ubuntu22-c, mtd-zk-0, 0.690221
EXP-LEAD, 2023-07-21T23:42:58.312, ubuntu22-c, mtd-zk-0, START
EXP-LEAD, 2023-07-21T23:43:03.779, ubuntu22-c, mtd-zk-0, END
EXP-LOAD, 2023-07-21T23:43:04.823, ubuntu22-c, mtd-zk-0, 0.622815
EXP-LOAD, 2023-07-21T23:43:14.576, ubuntu22-c, mtd-zk-0, 0.622815
EXP-LOAD, 2023-07-21T23:43:21.680, ubuntu22-c, mtd-zk-0, 0.629609
EXP-LEAD, 2023-07-21T23:43:24.686, ubuntu22-c, mtd-zk-0, START
EXP-LEAD, 2023-07-21T23:43:30.202, ubuntu22-c, mtd-zk-0, END
EXP-LOAD, 2023-07-21T23:43:31.316, ubuntu22-c, mtd-zk-0, 0.629609
EXP-LEAD, 2023-07-21T23:43:33.355, ubuntu22-c, mtd-zk-0, START
EXP-LEAD, 2023-07-21T23:43:38.882, ubuntu22-c, mtd-zk-0, END
EXP-LOAD, 2023-07-21T23:43:39.965, ubuntu22-c, mtd-zk-0, 0.703411
EXP-LOAD, 2023-07-21T23:43:51.544, ubuntu22-c, mtd-zk-0, 0.683023
EXP-LEAD, 2023-07-21T23:43:53.259, ubuntu22-c, mtd-zk-0, START
EXP-LEAD, 2023-07-21T23:43:58.818, ubuntu22-c, mtd-zk-0, END
EXP-LOAD, 2023-07-21T23:43:59.906, ubuntu22-c, mtd-zk-0, 0.683023
EXP-LOAD, 2023-07-21T23:44:07.460, ubuntu22-c, mtd-zk-0, 0.631612
EXP-LEAD, 2023-07-21T23:44:08.481, ubuntu22-c, mtd-zk-0, START
EXP-LEAD, 2023-07-21T23:44:17.235, ubuntu22-c, mtd-zk-0, END
EXP-LOAD, 2023-07-21T23:44:18.342, ubuntu22-c, mtd-zk-0, 0.631612
EXP-LOAD, 2023-07-21T23:44:27.673, ubuntu22-c, mtd-zk-0, 0.664729
EXP-LOAD, 2023-07-21T23:44:35.802, ubuntu22-c, mtd-zk-0, 0.647277
EXP-LOAD, 2023-07-21T23:44:44.918, ubuntu22-c, mtd-zk-0, 0.647277
EXP-LOAD, 2023-07-21T23:44:54.122, ubuntu22-c, mtd-zk-0, 0.704926
EXP-LOAD, 2023-07-21T23:45:02.211, ubuntu22-c, mtd-zk-0, 0.704926
EXP-LOAD, 2023-07-21T23:45:12.298, ubuntu22-c, mtd-zk-0, 0.660406
EXP-LEAD, 2023-07-21T23:45:14.388, ubuntu22-c, mtd-zk-0, START
EXP-LEAD, 2023-07-21T23:45:20.110, ubuntu22-c, mtd-zk-0, END
EXP-LOAD, 2023-07-21T23:45:21.170, ubuntu22-c, mtd-zk-0, 0.690930
EXP-LEAD, 2023-07-21T23:45:22.558, ubuntu22-c, mtd-zk-0, START
EXP-LEAD, 2023-07-21T23:45:28.019, ubuntu22-c, mtd-zk-0, END
EXP-LOAD, 2023-07-21T23:45:29.135, ubuntu22-c, mtd-zk-0, 0.690930
EXP-LOAD, 2023-07-21T23:45:36.619, ubuntu22-c, mtd-zk-0, 0.661642
EXP-LOAD, 2023-07-21T23:45:47.749, ubuntu22-c, mtd-zk-0, 0.661642
EXP-LOAD, 2023-07-21T23:45:55.861, ubuntu22-c, mtd-zk-0, 0.665239
EXP-LOAD, 2023-07-21T23:46:06.389, ubuntu22-c, mtd-zk-0, 0.605415
EXP-LEAD, 2023-07-21T23:46:08.389, ubuntu22-c, mtd-zk-0, START
EXP-LEAD, 2023-07-21T23:46:13.920, ubuntu22-c, mtd-zk-0, END
EXP-LOAD, 2023-07-21T23:46:14.961, ubuntu22-c, mtd-zk-0, 0.605415
EXP-LOAD, 2023-07-21T23:46:26.599, ubuntu22-c, mtd-zk-0, 0.643618
EXP-LOAD, 2023-07-21T23:46:34.739, ubuntu22-c, mtd-zk-0, 0.586615
EXP-LOAD, 2023-07-21T23:46:47.932, ubuntu22-c, mtd-zk-0, 0.586615
EXP-LOAD, 2023-07-21T23:46:54.014, ubuntu22-c, mtd-zk-0, 0.625611
EXP-LEAD, 2023-07-21T23:46:56.084, ubuntu22-c, mtd-zk-0, START
EXP-LEAD, 2023-07-21T23:47:04.793, ubuntu22-c, mtd-zk-0, END
EXP-LOAD, 2023-07-21T23:47:05.859, ubuntu22-c, mtd-zk-0, 0.736817
EXP-LEAD, 2023-07-21T23:47:06.894, ubuntu22-c, mtd-zk-0, START
EXP-LEAD, 2023-07-21T23:47:12.468, ubuntu22-c, mtd-zk-0, END
EXP-LOAD, 2023-07-21T23:47:13.511, ubuntu22-c, mtd-zk-0, 0.736817
EXP-LEAD, 2023-07-21T23:47:15.010, ubuntu22-c, mtd-zk-0, START
EXP-LEAD, 2023-07-21T23:47:21.563, ubuntu22-c, mtd-zk-0, END
EXP-LOAD, 2023-07-21T23:47:22.631, ubuntu22-c, mtd-zk-0, 0.645829
EXP-LOAD, 2023-07-21T23:47:32.186, ubuntu22-c, mtd-zk-0, 0.645829
EXP-LEAD, 2023-07-21T23:47:33.218, ubuntu22-c, mtd-zk-0, START
EXP-LEAD, 2023-07-21T23:47:38.694, ubuntu22-c, mtd-zk-0, END
EXP-LOAD, 2023-07-21T23:47:39.778, ubuntu22-c, mtd-zk-0, 0.663223
EXP-LEAD, 2023-07-21T23:47:41.349, ubuntu22-c, mtd-zk-0, START
EXP-LEAD, 2023-07-21T23:47:47.221, ubuntu22-c, mtd-zk-0, END
EXP-LOAD, 2023-07-21T23:47:48.279, ubuntu22-c, mtd-zk-0, 0.663223
EXP-LEAD, 2023-07-21T23:47:49.483, ubuntu22-c, mtd-zk-0, START
EXP-LEAD, 2023-07-21T23:47:58.141, ubuntu22-c, mtd-zk-0, END
EXP-LOAD, 2023-07-21T23:47:59.210, ubuntu22-c, mtd-zk-0, 0.694619
EXP-LOAD, 2023-07-21T23:48:07.760, ubuntu22-c, mtd-zk-0, 0.595618
EXP-LOAD, 2023-07-21T23:48:15.879, ubuntu22-c, mtd-zk-0, 0.595618
EXP-LEAD, 2023-07-21T23:48:15.919, ubuntu22-c, mtd-zk-0, START
EXP-LEAD, 2023-07-21T23:48:24.523, ubuntu22-c, mtd-zk-0, END
EXP-LOAD, 2023-07-21T23:48:25.581, ubuntu22-c, mtd-zk-0, 0.679147
EXP-LEAD, 2023-07-21T23:48:27.074, ubuntu22-c, mtd-zk-0, START
EXP-LEAD, 2023-07-21T23:48:32.665, ubuntu22-c, mtd-zk-0, END
EXP-LOAD, 2023-07-21T23:48:33.741, ubuntu22-c, mtd-zk-0, 0.679147
EXP-LOAD, 2023-07-21T23:48:43.880, ubuntu22-c, mtd-zk-0, 0.623259
EXP-LOAD, 2023-07-21T23:48:51.971, ubuntu22-c, mtd-zk-0, 0.689407
EXP-LOAD, 2023-07-21T23:49:02.093, ubuntu22-c, mtd-zk-0, 0.689407
EXP-LOAD, 2023-07-21T23:49:09.258, ubuntu22-c, mtd-zk-0, 0.583415
EXP-LOAD, 2023-07-21T23:49:16.385, ubuntu22-c, mtd-zk-0, 0.583415
EXP-LEAD, 2023-07-21T23:49:18.443, ubuntu22-c, mtd-zk-0, START
EXP-LEAD, 2023-07-21T23:49:23.985, ubuntu22-c, mtd-zk-0, END
EXP-LOAD, 2023-07-21T23:49:25.030, ubuntu22-c, mtd-zk-0, 0.649225
EXP-LOAD, 2023-07-21T23:49:34.648, ubuntu22-c, mtd-zk-0, 0.626584
EXP-LOAD, 2023-07-21T23:49:43.411, ubuntu22-c, mtd-zk-0, 0.626584
EXP-LEAD, 2023-07-21T23:49:44.453, ubuntu22-c, mtd-zk-0, START
EXP-LEAD, 2023-07-21T23:49:52.055, ubuntu22-c, mtd-zk-0, END
EXP-LOAD, 2023-07-21T23:49:53.115, ubuntu22-c, mtd-zk-0, 0.671730
EXP-LOAD, 2023-07-21T23:50:02.634, ubuntu22-c, mtd-zk-0, 0.671730
EXP-LEAD, 2023-07-21T23:50:03.678, ubuntu22-c, mtd-zk-0, START
EXP-LEAD, 2023-07-21T23:50:10.396, ubuntu22-c, mtd-zk-0, END
EXP-LOAD, 2023-07-21T23:50:11.596, ubuntu22-c, mtd-zk-0, 0.647019
EXP-LOAD, 2023-07-21T23:50:18.961, ubuntu22-c, mtd-zk-0, 0.647019
EXP-LOAD, 2023-07-21T23:50:28.096, ubuntu22-c, mtd-zk-0, 0.639246
EXP-LEAD, 2023-07-21T23:50:30.158, ubuntu22-c, mtd-zk-0, START
EXP-LEAD, 2023-07-21T23:50:34.557, ubuntu22-c, mtd-zk-0, END
EXP-LOAD, 2023-07-21T23:50:35.633, ubuntu22-c, mtd-zk-0, 0.713811
EXP-LEAD, 2023-07-21T23:50:37.232, ubuntu22-c, mtd-zk-0, START
EXP-LEAD, 2023-07-21T23:50:42.730, ubuntu22-c, mtd-zk-0, END
EXP-LOAD, 2023-07-21T23:50:43.774, ubuntu22-c, mtd-zk-0, 0.713811
EXP-LOAD, 2023-07-21T23:50:54.440, ubuntu22-c, mtd-zk-0, 0.721654
EXP-LOAD, 2023-07-21T23:51:02.109, ubuntu22-c, mtd-zk-0, 0.721654
EXP-LOAD, 2023-07-21T23:51:13.265, ubuntu22-c, mtd-zk-0, 0.714222
EXP-LOAD, 2023-07-21T23:51:21.396, ubuntu22-c, mtd-zk-0, 0.671507
EXP-LOAD, 2023-07-21T23:51:30.121, ubuntu22-c, mtd-zk-0, 0.671507
EXP-LOAD, 2023-07-21T23:51:42.219, ubuntu22-c, mtd-zk-0, 0.694638
EXP-LOAD, 2023-07-21T23:51:50.352, ubuntu22-c, mtd-zk-0, 0.618731
EXP-LOAD, 2023-07-21T23:51:58.453, ubuntu22-c, mtd-zk-0, 0.618731
EXP-LOAD, 2023-07-21T23:52:07.590, ubuntu22-c, mtd-zk-0, 0.714209
EXP-LEAD, 2023-07-21T23:52:09.599, ubuntu22-c, mtd-zk-0, START
EXP-LEAD, 2023-07-21T23:52:15.145, ubuntu22-c, mtd-zk-0, END
EXP-LOAD, 2023-07-21T23:52:16.262, ubuntu22-c, mtd-zk-0, 0.714209
EXP-LOAD, 2023-07-21T23:52:30.820, ubuntu22-c, mtd-zk-0, 0.639456
EXP-LOAD, 2023-07-21T23:52:38.940, ubuntu22-c, mtd-zk-0, 0.592032
EXP-LOAD, 2023-07-21T23:52:46.147, ubuntu22-c, mtd-zk-0, 0.592032
EXP-LEAD, 2023-07-21T23:52:49.124, ubuntu22-c, mtd-zk-0, START
EXP-LEAD, 2023-07-21T23:52:55.738, ubuntu22-c, mtd-zk-0, END
EXP-LOAD, 2023-07-21T23:52:56.805, ubuntu22-c, mtd-zk-0, 0.684513
EXP-LEAD, 2023-07-21T23:52:58.209, ubuntu22-c, mtd-zk-0, START
EXP-LEAD, 2023-07-21T23:53:05.958, ubuntu22-c, mtd-zk-0, END
EXP-LOAD, 2023-07-21T23:53:07.032, ubuntu22-c, mtd-zk-0, 0.756043
EXP-LOAD, 2023-07-21T23:53:15.370, ubuntu22-c, mtd-zk-0, 0.756043
EXP-LOAD, 2023-07-21T23:53:26.552, ubuntu22-c, mtd-zk-0, 0.647648
EXP-LEAD, 2023-07-21T23:53:28.683, ubuntu22-c, mtd-zk-0, START
EXP-LEAD, 2023-07-21T23:53:35.208, ubuntu22-c, mtd-zk-0, END
EXP-LOAD, 2023-07-21T23:53:36.359, ubuntu22-c, mtd-zk-0, 0.647648
EXP-LOAD, 2023-07-21T23:53:45.941, ubuntu22-c, mtd-zk-0, 0.667020
EXP-LOAD, 2023-07-21T23:53:57.068, ubuntu22-c, mtd-zk-0, 0.643510
EXP-LOAD, 2023-07-21T23:54:04.220, ubuntu22-c, mtd-zk-0, 0.679450
EXP-LOAD, 2023-07-21T23:54:15.308, ubuntu22-c, mtd-zk-0, 0.679450
EXP-LOAD, 2023-07-21T23:54:22.820, ubuntu22-c, mtd-zk-0, 0.644813
EXP-LOAD, 2023-07-21T23:54:30.945, ubuntu22-c, mtd-zk-0, 0.644813
EXP-LOAD, 2023-07-21T23:54:38.839, ubuntu22-c, mtd-zk-0, 0.566974
EXP-LOAD, 2023-07-21T23:54:48.965, ubuntu22-c, mtd-zk-0, 0.566974
EXP-LOAD, 2023-07-21T23:54:58.155, ubuntu22-c, mtd-zk-0, 0.696240
EXP-LOAD, 2023-07-21T23:55:06.240, ubuntu22-c, mtd-zk-0, 0.644821
EXP-LEAD, 2023-07-21T23:55:09.280, ubuntu22-c, mtd-zk-0, START
EXP-LEAD, 2023-07-21T23:55:19.088, ubuntu22-c, mtd-zk-0, END
EXP-LOAD, 2023-07-21T23:55:20.142, ubuntu22-c, mtd-zk-0, 0.712444
EXP-LOAD, 2023-07-21T23:55:28.528, ubuntu22-c, mtd-zk-0, 0.712444
EXP-LOAD, 2023-07-21T23:55:36.629, ubuntu22-c, mtd-zk-0, 0.643211
EXP-LEAD, 2023-07-21T23:55:37.672, ubuntu22-c, mtd-zk-0, START
EXP-LEAD, 2023-07-21T23:55:45.275, ubuntu22-c, mtd-zk-0, END
EXP-LOAD, 2023-07-21T23:55:46.346, ubuntu22-c, mtd-zk-0, 0.643211
EXP-LOAD, 2023-07-21T23:55:54.903, ubuntu22-c, mtd-zk-0, 0.675234
EXP-LEAD, 2023-07-21T23:55:55.941, ubuntu22-c, mtd-zk-0, START
EXP-LEAD, 2023-07-21T23:56:03.472, ubuntu22-c, mtd-zk-0, END
EXP-LOAD, 2023-07-21T23:56:04.526, ubuntu22-c, mtd-zk-0, 0.674351
EXP-LEAD, 2023-07-21T23:56:06.142, ubuntu22-c, mtd-zk-0, START
EXP-LEAD, 2023-07-21T23:56:11.619, ubuntu22-c, mtd-zk-0, END
EXP-LOAD, 2023-07-21T23:56:12.675, ubuntu22-c, mtd-zk-0, 0.674351
EXP-LOAD, 2023-07-21T23:56:20.206, ubuntu22-c, mtd-zk-0, 0.648607
EXP-LEAD, 2023-07-21T23:56:22.270, ubuntu22-c, mtd-zk-0, START
EXP-LEAD, 2023-07-21T23:56:29.782, ubuntu22-c, mtd-zk-0, END
EXP-LOAD, 2023-07-21T23:56:30.856, ubuntu22-c, mtd-zk-0, 0.648607
EXP-LOAD, 2023-07-21T23:56:36.930, ubuntu22-c, mtd-zk-0, 0.665112
EXP-LEAD, 2023-07-21T23:56:38.496, ubuntu22-c, mtd-zk-0, START
EXP-LEAD, 2023-07-21T23:56:47.116, ubuntu22-c, mtd-zk-0, END
EXP-LOAD, 2023-07-21T23:56:48.257, ubuntu22-c, mtd-zk-0, 0.665112
EXP-LOAD, 2023-07-21T23:56:56.657, ubuntu22-c, mtd-zk-0, 0.727027
EXP-LOAD, 2023-07-21T23:57:05.791, ubuntu22-c, mtd-zk-0, 0.619450
EXP-LEAD, 2023-07-21T23:57:06.826, ubuntu22-c, mtd-zk-0, START
EXP-LEAD, 2023-07-21T23:57:14.546, ubuntu22-c, mtd-zk-0, END
EXP-LOAD, 2023-07-21T23:57:15.630, ubuntu22-c, mtd-zk-0, 0.619450
EXP-LOAD, 2023-07-21T23:57:22.020, ubuntu22-c, mtd-zk-0, 0.669229
EXP-LEAD, 2023-07-21T23:57:23.525, ubuntu22-c, mtd-zk-0, START
EXP-LEAD, 2023-07-21T23:57:31.087, ubuntu22-c, mtd-zk-0, END
EXP-LOAD, 2023-07-21T23:57:32.168, ubuntu22-c, mtd-zk-0, 0.669229
EXP-LEAD, 2023-07-21T23:57:33.627, ubuntu22-c, mtd-zk-0, START
EXP-LEAD, 2023-07-21T23:57:39.152, ubuntu22-c, mtd-zk-0, END
EXP-LOAD, 2023-07-21T23:57:40.205, ubuntu22-c, mtd-zk-0, 0.644543
EXP-LOAD, 2023-07-21T23:57:47.833, ubuntu22-c, mtd-zk-0, 0.644543
EXP-LOAD, 2023-07-21T23:57:55.504, ubuntu22-c, mtd-zk-0, 0.706624
EXP-LOAD, 2023-07-21T23:58:04.720, ubuntu22-c, mtd-zk-0, 0.709541
EXP-LOAD, 2023-07-21T23:58:14.819, ubuntu22-c, mtd-zk-0, 0.709541
EXP-LOAD, 2023-07-21T23:58:24.933, ubuntu22-c, mtd-zk-0, 0.691462
EXP-LOAD, 2023-07-21T23:58:32.722, ubuntu22-c, mtd-zk-0, 0.691462
EXP-LEAD, 2023-07-21T23:58:34.765, ubuntu22-c, mtd-zk-0, START
EXP-LEAD, 2023-07-21T23:58:42.477, ubuntu22-c, mtd-zk-0, END
EXP-LOAD, 2023-07-21T23:58:43.547, ubuntu22-c, mtd-zk-0, 0.657225
EXP-LEAD, 2023-07-21T23:58:44.886, ubuntu22-c, mtd-zk-0, START
EXP-LEAD, 2023-07-21T23:58:50.532, ubuntu22-c, mtd-zk-0, END
EXP-LOAD, 2023-07-21T23:58:51.595, ubuntu22-c, mtd-zk-0, 0.647007
EXP-LOAD, 2023-07-21T23:58:58.219, ubuntu22-c, mtd-zk-0, 0.647007
EXP-LOAD, 2023-07-21T23:59:10.148, ubuntu22-c, mtd-zk-0, 0.701614
EXP-LEAD, 2023-07-21T23:59:11.784, ubuntu22-c, mtd-zk-0, START
EXP-LEAD, 2023-07-21T23:59:17.609, ubuntu22-c, mtd-zk-0, END
EXP-LOAD, 2023-07-21T23:59:18.666, ubuntu22-c, mtd-zk-0, 0.701614
EXP-LEAD, 2023-07-21T23:59:19.874, ubuntu22-c, mtd-zk-0, START
EXP-LEAD, 2023-07-21T23:59:25.307, ubuntu22-c, mtd-zk-0, END
EXP-LOAD, 2023-07-21T23:59:26.378, ubuntu22-c, mtd-zk-0, 0.679205
EXP-LEAD, 2023-07-21T23:59:26.976, ubuntu22-c, mtd-zk-0, START
EXP-LEAD, 2023-07-21T23:59:32.575, ubuntu22-c, mtd-zk-0, END
EXP-LOAD, 2023-07-21T23:59:33.621, ubuntu22-c, mtd-zk-0, 0.679205
EXP-LEAD, 2023-07-21T23:59:35.107, ubuntu22-c, mtd-zk-0, START
EXP-LEAD, 2023-07-21T23:59:42.703, ubuntu22-c, mtd-zk-0, END
EXP-LOAD, 2023-07-21T23:59:43.764, ubuntu22-c, mtd-zk-0, 0.670325
EXP-LOAD, 2023-07-21T23:59:51.873, ubuntu22-c, mtd-zk-0, 0.620414
EXP-LOAD, 2023-07-21T23:59:59.966, ubuntu22-c, mtd-zk-0, 0.620414
EXP-LEAD, 2023-07-22T00:00:00.998, ubuntu22-c, mtd-zk-0, START
EXP-LEAD, 2023-07-22T00:00:09.645, ubuntu22-c, mtd-zk-0, END
EXP-LOAD, 2023-07-22T00:00:10.714, ubuntu22-c, mtd-zk-0, 0.671814
EXP-LOAD, 2023-07-22T00:00:18.179, ubuntu22-c, mtd-zk-0, 0.671814
EXP-LEAD, 2023-07-22T00:00:20.209, ubuntu22-c, mtd-zk-0, START
EXP-LEAD, 2023-07-22T00:00:27.767, ubuntu22-c, mtd-zk-0, END
EXP-LOAD, 2023-07-22T00:00:28.828, ubuntu22-c, mtd-zk-0, 0.669469
EXP-LOAD, 2023-07-22T00:00:36.498, ubuntu22-c, mtd-zk-0, 0.624111
EXP-LOAD, 2023-07-22T00:00:44.578, ubuntu22-c, mtd-zk-0, 0.624111
EXP-LOAD, 2023-07-22T00:00:52.674, ubuntu22-c, mtd-zk-0, 0.700623
EXP-LOAD, 2023-07-22T00:00:59.769, ubuntu22-c, mtd-zk-0, 0.700623
EXP-LOAD, 2023-07-22T00:01:07.319, ubuntu22-c, mtd-zk-0, 0.665742
EXP-LEAD, 2023-07-22T00:01:09.346, ubuntu22-c, mtd-zk-0, START
EXP-LEAD, 2023-07-22T00:01:14.822, ubuntu22-c, mtd-zk-0, END
EXP-LOAD, 2023-07-22T00:01:15.873, ubuntu22-c, mtd-zk-0, 0.665742
EXP-LOAD, 2023-07-22T00:01:24.565, ubuntu22-c, mtd-zk-0, 0.730219
EXP-LEAD, 2023-07-22T00:01:27.603, ubuntu22-c, mtd-zk-0, START
EXP-LEAD, 2023-07-22T00:01:33.099, ubuntu22-c, mtd-zk-0, END
EXP-LOAD, 2023-07-22T00:01:34.131, ubuntu22-c, mtd-zk-0, 0.685014
EXP-LEAD, 2023-07-22T00:01:35.670, ubuntu22-c, mtd-zk-0, START
EXP-LEAD, 2023-07-22T00:01:40.126, ubuntu22-c, mtd-zk-0, END
EXP-LOAD, 2023-07-22T00:01:41.185, ubuntu22-c, mtd-zk-0, 0.685014
EXP-LOAD, 2023-07-22T00:01:50.849, ubuntu22-c, mtd-zk-0, 0.682806
EXP-LEAD, 2023-07-22T00:01:52.898, ubuntu22-c, mtd-zk-0, START
EXP-LEAD, 2023-07-22T00:01:58.410, ubuntu22-c, mtd-zk-0, END
EXP-LOAD, 2023-07-22T00:01:59.449, ubuntu22-c, mtd-zk-0, 0.682806
EXP-LEAD, 2023-07-22T00:02:02.138, ubuntu22-c, mtd-zk-0, START
EXP-LEAD, 2023-07-22T00:02:07.728, ubuntu22-c, mtd-zk-0, END
EXP-LOAD, 2023-07-22T00:02:08.808, ubuntu22-c, mtd-zk-0, 0.667237
EXP-LOAD, 2023-07-22T00:02:16.467, ubuntu22-c, mtd-zk-0, 0.667237
EXP-LOAD, 2023-07-22T00:02:24.418, ubuntu22-c, mtd-zk-0, 0.686436
EXP-LOAD, 2023-07-22T00:02:30.550, ubuntu22-c, mtd-zk-0, 0.686436
EXP-LOAD, 2023-07-22T00:02:40.660, ubuntu22-c, mtd-zk-0, 0.705137
EXP-LOAD, 2023-07-22T00:02:48.807, ubuntu22-c, mtd-zk-0, 0.705137
EXP-LOAD, 2023-07-22T00:02:56.901, ubuntu22-c, mtd-zk-0, 0.659007
EXP-LOAD, 2023-07-22T00:03:03.547, ubuntu22-c, mtd-zk-0, 0.659007
EXP-LOAD, 2023-07-22T00:03:15.421, ubuntu22-c, mtd-zk-0, 0.713539
EXP-LOAD, 2023-07-22T00:03:23.561, ubuntu22-c, mtd-zk-0, 0.700009
EXP-LOAD, 2023-07-22T00:03:33.727, ubuntu22-c, mtd-zk-0, 0.700009
EXP-LOAD, 2023-07-22T00:03:43.854, ubuntu22-c, mtd-zk-0, 0.646329
EXP-LEAD, 2023-07-22T00:03:44.883, ubuntu22-c, mtd-zk-0, START
EXP-LEAD, 2023-07-22T00:03:52.458, ubuntu22-c, mtd-zk-0, END
EXP-LOAD, 2023-07-22T00:03:53.490, ubuntu22-c, mtd-zk-0, 0.634407
EXP-LEAD, 2023-07-22T00:03:55.004, ubuntu22-c, mtd-zk-0, START
EXP-LEAD, 2023-07-22T00:04:00.485, ubuntu22-c, mtd-zk-0, END
EXP-LOAD, 2023-07-22T00:04:01.545, ubuntu22-c, mtd-zk-0, 0.634407
EXP-LOAD, 2023-07-22T00:04:13.647, ubuntu22-c, mtd-zk-0, 0.643217
EXP-LEAD, 2023-07-22T00:04:14.686, ubuntu22-c, mtd-zk-0, START
EXP-LEAD, 2023-07-22T00:04:20.226, ubuntu22-c, mtd-zk-0, END
EXP-LOAD, 2023-07-22T00:04:21.269, ubuntu22-c, mtd-zk-0, 0.609429
EXP-LOAD, 2023-07-22T00:04:30.856, ubuntu22-c, mtd-zk-0, 0.609429
EXP-LEAD, 2023-07-22T00:04:31.911, ubuntu22-c, mtd-zk-0, START
EXP-LEAD, 2023-07-22T00:04:36.431, ubuntu22-c, mtd-zk-0, END
EXP-LOAD, 2023-07-22T00:04:37.499, ubuntu22-c, mtd-zk-0, 0.680822
EXP-LOAD, 2023-07-22T00:04:47.678, ubuntu22-c, mtd-zk-0, 0.680822
EXP-LOAD, 2023-07-22T00:04:55.783, ubuntu22-c, mtd-zk-0, 0.661825
EXP-LOAD, 2023-07-22T00:05:05.910, ubuntu22-c, mtd-zk-0, 0.679034
EXP-LOAD, 2023-07-22T00:05:15.027, ubuntu22-c, mtd-zk-0, 0.679034
EXP-LEAD, 2023-07-22T00:05:16.108, ubuntu22-c, mtd-zk-0, START
EXP-LEAD, 2023-07-22T00:05:23.779, ubuntu22-c, mtd-zk-0, END
EXP-LOAD, 2023-07-22T00:05:24.833, ubuntu22-c, mtd-zk-0, 0.704197
EXP-LOAD, 2023-07-22T00:05:33.276, ubuntu22-c, mtd-zk-0, 0.704197
EXP-LOAD, 2023-07-22T00:05:39.373, ubuntu22-c, mtd-zk-0, 0.640624
EXP-LEAD, 2023-07-22T00:05:40.387, ubuntu22-c, mtd-zk-0, START
EXP-LEAD, 2023-07-22T00:05:45.902, ubuntu22-c, mtd-zk-0, END
EXP-LOAD, 2023-07-22T00:05:46.972, ubuntu22-c, mtd-zk-0, 0.640624
EXP-LEAD, 2023-07-22T00:05:48.008, ubuntu22-c, mtd-zk-0, START
EXP-LEAD, 2023-07-22T00:05:54.723, ubuntu22-c, mtd-zk-0, END
EXP-LOAD, 2023-07-22T00:05:55.773, ubuntu22-c, mtd-zk-0, 0.719236
EXP-LOAD, 2023-07-22T00:06:02.216, ubuntu22-c, mtd-zk-0, 0.719236
EXP-LOAD, 2023-07-22T00:06:11.977, ubuntu22-c, mtd-zk-0, 0.642308
EXP-LOAD, 2023-07-22T00:06:24.122, ubuntu22-c, mtd-zk-0, 0.671658
EXP-LEAD, 2023-07-22T00:06:26.213, ubuntu22-c, mtd-zk-0, START
EXP-LEAD, 2023-07-22T00:06:31.813, ubuntu22-c, mtd-zk-0, END
EXP-LOAD, 2023-07-22T00:06:32.851, ubuntu22-c, mtd-zk-0, 0.671658
EXP-LEAD, 2023-07-22T00:06:34.255, ubuntu22-c, mtd-zk-0, START
EXP-LEAD, 2023-07-22T00:06:39.768, ubuntu22-c, mtd-zk-0, END
EXP-LOAD, 2023-07-22T00:06:40.813, ubuntu22-c, mtd-zk-0, 0.677260
EXP-LEAD, 2023-07-22T00:06:43.331, ubuntu22-c, mtd-zk-0, START
EXP-LEAD, 2023-07-22T00:06:51.935, ubuntu22-c, mtd-zk-0, END
EXP-LOAD, 2023-07-22T00:06:52.979, ubuntu22-c, mtd-zk-0, 0.657805
EXP-LOAD, 2023-07-22T00:07:00.516, ubuntu22-c, mtd-zk-0, 0.657805
EXP-LOAD, 2023-07-22T00:07:09.669, ubuntu22-c, mtd-zk-0, 0.656908
EXP-LOAD, 2023-07-22T00:07:19.769, ubuntu22-c, mtd-zk-0, 0.633642
EXP-LOAD, 2023-07-22T00:07:28.906, ubuntu22-c, mtd-zk-0, 0.633642
EXP-LEAD, 2023-07-22T00:07:30.942, ubuntu22-c, mtd-zk-0, START
EXP-LEAD, 2023-07-22T00:07:36.430, ubuntu22-c, mtd-zk-0, END
EXP-LOAD, 2023-07-22T00:07:37.481, ubuntu22-c, mtd-zk-0, 0.684027
EXP-LOAD, 2023-07-22T00:07:48.138, ubuntu22-c, mtd-zk-0, 0.684027
EXP-LOAD, 2023-07-22T00:07:55.847, ubuntu22-c, mtd-zk-0, 0.641006
EXP-LEAD, 2023-07-22T00:07:57.898, ubuntu22-c, mtd-zk-0, START
EXP-LEAD, 2023-07-22T00:08:03.490, ubuntu22-c, mtd-zk-0, END
EXP-LOAD, 2023-07-22T00:08:04.534, ubuntu22-c, mtd-zk-0, 0.634817
EXP-LEAD, 2023-07-22T00:08:05.981, ubuntu22-c, mtd-zk-0, START
EXP-LEAD, 2023-07-22T00:08:11.462, ubuntu22-c, mtd-zk-0, END
EXP-LOAD, 2023-07-22T00:08:12.522, ubuntu22-c, mtd-zk-0, 0.634817
EXP-LOAD, 2023-07-22T00:08:24.142, ubuntu22-c, mtd-zk-0, 0.696510
EXP-LOAD, 2023-07-22T00:08:32.264, ubuntu22-c, mtd-zk-0, 0.696510
EXP-LEAD, 2023-07-22T00:08:33.326, ubuntu22-c, mtd-zk-0, START
EXP-LEAD, 2023-07-22T00:08:40.962, ubuntu22-c, mtd-zk-0, END
EXP-LOAD, 2023-07-22T00:08:42.027, ubuntu22-c, mtd-zk-0, 0.630603
EXP-LOAD, 2023-07-22T00:09:00.588, ubuntu22-c, mtd-zk-0, 0.653423
EXP-LEAD, 2023-07-22T00:09:06.981, ubuntu22-c, mtd-zk-0, START
