EXP-LOAD, 2023-07-20T10:37:33.335, ubuntu22-b, mtd-zk-1, 0.574418
EXP-LOAD, 2023-07-20T10:37:43.819, ubuntu22-b, mtd-zk-1, 0.579005
EXP-LOAD, 2023-07-20T10:37:53.143, ubuntu22-b, mtd-zk-1, 0.659713
EXP-LEAD, 2023-07-20T10:37:55.285, ubuntu22-b, mtd-zk-1, START
EXP-LEAD, 2023-07-20T10:38:02.140, ubuntu22-b, mtd-zk-1, END
EXP-LOAD, 2023-07-20T10:38:03.287, ubuntu22-b, mtd-zk-1, 0.659713
EXP-LEAD, 2023-07-20T10:38:04.464, ubuntu22-b, mtd-zk-1, START
EXP-LEAD, 2023-07-20T10:38:14.024, ubuntu22-b, mtd-zk-1, END
EXP-LOAD, 2023-07-20T10:38:15.103, ubuntu22-b, mtd-zk-1, 0.736802
EXP-LEAD, 2023-07-20T10:38:16.623, ubuntu22-b, mtd-zk-1, START
EXP-LEAD, 2023-07-20T10:38:22.620, ubuntu22-b, mtd-zk-1, END
EXP-LOAD, 2023-07-20T10:38:23.703, ubuntu22-b, mtd-zk-1, 0.778806
EXP-LOAD, 2023-07-20T10:38:32.952, ubuntu22-b, mtd-zk-1, 0.778806
EXP-LEAD, 2023-07-20T10:38:34.199, ubuntu22-b, mtd-zk-1, START
EXP-LEAD, 2023-07-20T10:38:40.048, ubuntu22-b, mtd-zk-1, END
EXP-LOAD, 2023-07-20T10:38:41.204, ubuntu22-b, mtd-zk-1, 0.686604
EXP-LOAD, 2023-07-20T10:38:50.390, ubuntu22-b, mtd-zk-1, 0.704488
EXP-LOAD, 2023-07-20T10:39:03.574, ubuntu22-b, mtd-zk-1, 0.704488
EXP-LEAD, 2023-07-20T10:39:03.695, ubuntu22-b, mtd-zk-1, START
EXP-LEAD, 2023-07-20T10:39:09.499, ubuntu22-b, mtd-zk-1, END
EXP-LOAD, 2023-07-20T10:39:10.566, ubuntu22-b, mtd-zk-1, 0.606628
EXP-LEAD, 2023-07-20T10:39:10.771, ubuntu22-b, mtd-zk-1, START
EXP-LEAD, 2023-07-20T10:39:15.408, ubuntu22-b, mtd-zk-1, END
EXP-LOAD, 2023-07-20T10:39:16.560, ubuntu22-b, mtd-zk-1, 0.606628
EXP-LOAD, 2023-07-20T10:39:27.051, ubuntu22-b, mtd-zk-1, 0.698912
EXP-LOAD, 2023-07-20T10:39:33.691, ubuntu22-b, mtd-zk-1, 0.698912
EXP-LOAD, 2023-07-20T10:39:44.889, ubuntu22-b, mtd-zk-1, 0.692415
EXP-LEAD, 2023-07-20T10:39:46.955, ubuntu22-b, mtd-zk-1, START
EXP-LEAD, 2023-07-20T10:39:51.714, ubuntu22-b, mtd-zk-1, END
EXP-LOAD, 2023-07-20T10:39:52.770, ubuntu22-b, mtd-zk-1, 0.731813
EXP-LEAD, 2023-07-20T10:39:53.823, ubuntu22-b, mtd-zk-1, START
EXP-LEAD, 2023-07-20T10:39:58.499, ubuntu22-b, mtd-zk-1, END
EXP-LOAD, 2023-07-20T10:39:59.579, ubuntu22-b, mtd-zk-1, 0.731813
EXP-LEAD, 2023-07-20T10:40:01.078, ubuntu22-b, mtd-zk-1, START
EXP-LEAD, 2023-07-20T10:40:07.898, ubuntu22-b, mtd-zk-1, END
EXP-LOAD, 2023-07-20T10:40:08.979, ubuntu22-b, mtd-zk-1, 0.722446
EXP-LOAD, 2023-07-20T10:40:18.251, ubuntu22-b, mtd-zk-1, 0.722446
EXP-LOAD, 2023-07-20T10:40:26.805, ubuntu22-b, mtd-zk-1, 0.656539
EXP-LEAD, 2023-07-20T10:40:28.433, ubuntu22-b, mtd-zk-1, START
EXP-LEAD, 2023-07-20T10:40:34.141, ubuntu22-b, mtd-zk-1, END
EXP-LOAD, 2023-07-20T10:40:35.223, ubuntu22-b, mtd-zk-1, 0.742847
EXP-LOAD, 2023-07-20T10:40:43.647, ubuntu22-b, mtd-zk-1, 0.742847
EXP-LOAD, 2023-07-20T10:40:52.798, ubuntu22-b, mtd-zk-1, 0.618777
EXP-LEAD, 2023-07-20T10:40:54.855, ubuntu22-b, mtd-zk-1, START
EXP-LEAD, 2023-07-20T10:41:02.464, ubuntu22-b, mtd-zk-1, END
EXP-LOAD, 2023-07-20T10:41:03.538, ubuntu22-b, mtd-zk-1, 0.618777
EXP-LOAD, 2023-07-20T10:41:10.686, ubuntu22-b, mtd-zk-1, 0.691016
EXP-LEAD, 2023-07-20T10:41:12.706, ubuntu22-b, mtd-zk-1, START
EXP-LEAD, 2023-07-20T10:41:20.432, ubuntu22-b, mtd-zk-1, END
EXP-LOAD, 2023-07-20T10:41:21.492, ubuntu22-b, mtd-zk-1, 0.708322
EXP-LEAD, 2023-07-20T10:41:22.825, ubuntu22-b, mtd-zk-1, START
EXP-LEAD, 2023-07-20T10:41:28.462, ubuntu22-b, mtd-zk-1, END
EXP-LOAD, 2023-07-20T10:41:29.510, ubuntu22-b, mtd-zk-1, 0.708322
EXP-LEAD, 2023-07-20T10:41:30.946, ubuntu22-b, mtd-zk-1, START
EXP-LEAD, 2023-07-20T10:41:36.754, ubuntu22-b, mtd-zk-1, END
EXP-LOAD, 2023-07-20T10:41:37.830, ubuntu22-b, mtd-zk-1, 0.662806
EXP-LOAD, 2023-07-20T10:41:49.228, ubuntu22-b, mtd-zk-1, 0.671624
EXP-LEAD, 2023-07-20T10:41:52.260, ubuntu22-b, mtd-zk-1, START
EXP-LEAD, 2023-07-20T10:41:57.877, ubuntu22-b, mtd-zk-1, END
EXP-LOAD, 2023-07-20T10:41:58.941, ubuntu22-b, mtd-zk-1, 0.671624
EXP-LOAD, 2023-07-20T10:42:07.440, ubuntu22-b, mtd-zk-1, 0.707402
EXP-LOAD, 2023-07-20T10:42:17.617, ubuntu22-b, mtd-zk-1, 0.707402
EXP-LOAD, 2023-07-20T10:42:24.787, ubuntu22-b, mtd-zk-1, 0.673533
EXP-LEAD, 2023-07-20T10:42:26.796, ubuntu22-b, mtd-zk-1, START
EXP-LEAD, 2023-07-20T10:42:33.571, ubuntu22-b, mtd-zk-1, END
EXP-LOAD, 2023-07-20T10:42:34.633, ubuntu22-b, mtd-zk-1, 0.718204
EXP-LEAD, 2023-07-20T10:42:35.940, ubuntu22-b, mtd-zk-1, START
EXP-LEAD, 2023-07-20T10:42:40.624, ubuntu22-b, mtd-zk-1, END
EXP-LOAD, 2023-07-20T10:42:41.680, ubuntu22-b, mtd-zk-1, 0.718204
EXP-LOAD, 2023-07-20T10:42:49.106, ubuntu22-b, mtd-zk-1, 0.675509
EXP-LOAD, 2023-07-20T10:42:56.227, ubuntu22-b, mtd-zk-1, 0.675509
EXP-LOAD, 2023-07-20T10:43:06.331, ubuntu22-b, mtd-zk-1, 0.657210
EXP-LOAD, 2023-07-20T10:43:13.463, ubuntu22-b, mtd-zk-1, 0.657210
EXP-LEAD, 2023-07-20T10:43:15.479, ubuntu22-b, mtd-zk-1, START
EXP-LEAD, 2023-07-20T10:43:23.232, ubuntu22-b, mtd-zk-1, END
EXP-LOAD, 2023-07-20T10:43:24.297, ubuntu22-b, mtd-zk-1, 0.669064
EXP-LEAD, 2023-07-20T10:43:25.607, ubuntu22-b, mtd-zk-1, START
EXP-LEAD, 2023-07-20T10:43:31.420, ubuntu22-b, mtd-zk-1, END
EXP-LOAD, 2023-07-20T10:43:32.477, ubuntu22-b, mtd-zk-1, 0.669064
EXP-LEAD, 2023-07-20T10:43:33.733, ubuntu22-b, mtd-zk-1, START
EXP-LEAD, 2023-07-20T10:43:41.680, ubuntu22-b, mtd-zk-1, END
EXP-LOAD, 2023-07-20T10:43:42.728, ubuntu22-b, mtd-zk-1, 0.662411
EXP-LOAD, 2023-07-20T10:43:50.977, ubuntu22-b, mtd-zk-1, 0.675714
EXP-LEAD, 2023-07-20T10:43:53.023, ubuntu22-b, mtd-zk-1, START
EXP-LEAD, 2023-07-20T10:44:01.702, ubuntu22-b, mtd-zk-1, END
EXP-LOAD, 2023-07-20T10:44:02.792, ubuntu22-b, mtd-zk-1, 0.675714
EXP-LOAD, 2023-07-20T10:44:10.250, ubuntu22-b, mtd-zk-1, 0.771607
EXP-LOAD, 2023-07-20T10:44:21.315, ubuntu22-b, mtd-zk-1, 0.695825
EXP-LOAD, 2023-07-20T10:44:27.441, ubuntu22-b, mtd-zk-1, 0.695825
EXP-LEAD, 2023-07-20T10:44:30.470, ubuntu22-b, mtd-zk-1, START
EXP-LEAD, 2023-07-20T10:44:36.244, ubuntu22-b, mtd-zk-1, END
EXP-LOAD, 2023-07-20T10:44:37.298, ubuntu22-b, mtd-zk-1, 0.660226
EXP-LOAD, 2023-07-20T10:44:44.665, ubuntu22-b, mtd-zk-1, 0.660226
EXP-LOAD, 2023-07-20T10:44:54.767, ubuntu22-b, mtd-zk-1, 0.672418
EXP-LEAD, 2023-07-20T10:44:56.886, ubuntu22-b, mtd-zk-1, START
EXP-LEAD, 2023-07-20T10:45:02.432, ubuntu22-b, mtd-zk-1, END
EXP-LOAD, 2023-07-20T10:45:03.498, ubuntu22-b, mtd-zk-1, 0.672418
EXP-LOAD, 2023-07-20T10:45:11.112, ubuntu22-b, mtd-zk-1, 0.683810
EXP-LOAD, 2023-07-20T10:45:19.879, ubuntu22-b, mtd-zk-1, 0.712010
EXP-LOAD, 2023-07-20T10:45:28.014, ubuntu22-b, mtd-zk-1, 0.712010
EXP-LEAD, 2023-07-20T10:45:28.064, ubuntu22-b, mtd-zk-1, START
EXP-LEAD, 2023-07-20T10:45:33.614, ubuntu22-b, mtd-zk-1, END
EXP-LOAD, 2023-07-20T10:45:34.665, ubuntu22-b, mtd-zk-1, 0.601064
EXP-LEAD, 2023-07-20T10:45:36.150, ubuntu22-b, mtd-zk-1, START
EXP-LEAD, 2023-07-20T10:45:43.793, ubuntu22-b, mtd-zk-1, END
EXP-LOAD, 2023-07-20T10:45:44.850, ubuntu22-b, mtd-zk-1, 0.601064
EXP-LOAD, 2023-07-20T10:45:51.376, ubuntu22-b, mtd-zk-1, 0.662619
EXP-LEAD, 2023-07-20T10:45:52.986, ubuntu22-b, mtd-zk-1, START
EXP-LEAD, 2023-07-20T10:45:58.625, ubuntu22-b, mtd-zk-1, END
EXP-LOAD, 2023-07-20T10:45:59.721, ubuntu22-b, mtd-zk-1, 0.662619
EXP-LOAD, 2023-07-20T10:46:08.171, ubuntu22-b, mtd-zk-1, 0.672904
EXP-LOAD, 2023-07-20T10:46:17.295, ubuntu22-b, mtd-zk-1, 0.672904
EXP-LOAD, 2023-07-20T10:46:27.414, ubuntu22-b, mtd-zk-1, 0.679217
EXP-LOAD, 2023-07-20T10:46:37.522, ubuntu22-b, mtd-zk-1, 0.672026
EXP-LOAD, 2023-07-20T10:46:45.640, ubuntu22-b, mtd-zk-1, 0.672026
EXP-LEAD, 2023-07-20T10:46:48.120, ubuntu22-b, mtd-zk-1, START
EXP-LEAD, 2023-07-20T10:46:52.744, ubuntu22-b, mtd-zk-1, END
EXP-LOAD, 2023-07-20T10:46:53.805, ubuntu22-b, mtd-zk-1, 0.684038
EXP-LEAD, 2023-07-20T10:46:55.465, ubuntu22-b, mtd-zk-1, START
EXP-LEAD, 2023-07-20T10:47:01.030, ubuntu22-b, mtd-zk-1, END
EXP-LOAD, 2023-07-20T10:47:02.077, ubuntu22-b, mtd-zk-1, 0.684038
EXP-LOAD, 2023-07-20T10:47:10.744, ubuntu22-b, mtd-zk-1, 0.658442
EXP-LEAD, 2023-07-20T10:47:12.751, ubuntu22-b, mtd-zk-1, START
EXP-LEAD, 2023-07-20T10:47:18.340, ubuntu22-b, mtd-zk-1, END
EXP-LOAD, 2023-07-20T10:47:19.388, ubuntu22-b, mtd-zk-1, 0.725006
EXP-LOAD, 2023-07-20T10:47:28.961, ubuntu22-b, mtd-zk-1, 0.725006
EXP-LOAD, 2023-07-20T10:47:38.090, ubuntu22-b, mtd-zk-1, 0.668004
EXP-LOAD, 2023-07-20T10:47:46.262, ubuntu22-b, mtd-zk-1, 0.668004
EXP-LEAD, 2023-07-20T10:47:47.301, ubuntu22-b, mtd-zk-1, START
EXP-LEAD, 2023-07-20T10:47:56.038, ubuntu22-b, mtd-zk-1, END
EXP-LOAD, 2023-07-20T10:47:57.086, ubuntu22-b, mtd-zk-1, 0.713057
EXP-LEAD, 2023-07-20T10:47:57.415, ubuntu22-b, mtd-zk-1, START
EXP-LEAD, 2023-07-20T10:48:03.018, ubuntu22-b, mtd-zk-1, END
EXP-LOAD, 2023-07-20T10:48:04.061, ubuntu22-b, mtd-zk-1, 0.669328
EXP-LOAD, 2023-07-20T10:48:14.688, ubuntu22-b, mtd-zk-1, 0.669328
EXP-LOAD, 2023-07-20T10:48:23.795, ubuntu22-b, mtd-zk-1, 0.732634
EXP-LOAD, 2023-07-20T10:48:31.848, ubuntu22-b, mtd-zk-1, 0.732634
EXP-LOAD, 2023-07-20T10:48:41.045, ubuntu22-b, mtd-zk-1, 0.649649
EXP-LOAD, 2023-07-20T10:48:51.144, ubuntu22-b, mtd-zk-1, 0.718613
EXP-LOAD, 2023-07-20T10:48:58.269, ubuntu22-b, mtd-zk-1, 0.718613
EXP-LEAD, 2023-07-20T10:48:59.775, ubuntu22-b, mtd-zk-1, START
EXP-LEAD, 2023-07-20T10:49:09.664, ubuntu22-b, mtd-zk-1, END
EXP-LOAD, 2023-07-20T10:49:10.723, ubuntu22-b, mtd-zk-1, 0.668622
EXP-LOAD, 2023-07-20T10:49:18.956, ubuntu22-b, mtd-zk-1, 0.668622
EXP-LEAD, 2023-07-20T10:49:18.993, ubuntu22-b, mtd-zk-1, START
EXP-LEAD, 2023-07-20T10:49:24.618, ubuntu22-b, mtd-zk-1, END
EXP-LOAD, 2023-07-20T10:49:25.676, ubuntu22-b, mtd-zk-1, 0.674009
EXP-LOAD, 2023-07-20T10:49:36.872, ubuntu22-b, mtd-zk-1, 0.657012
EXP-LOAD, 2023-07-20T10:49:44.948, ubuntu22-b, mtd-zk-1, 0.657012
EXP-LEAD, 2023-07-20T10:49:45.974, ubuntu22-b, mtd-zk-1, START
EXP-LEAD, 2023-07-20T10:49:51.858, ubuntu22-b, mtd-zk-1, END
EXP-LOAD, 2023-07-20T10:49:52.919, ubuntu22-b, mtd-zk-1, 0.719230
EXP-LOAD, 2023-07-20T10:49:59.188, ubuntu22-b, mtd-zk-1, 0.719230
EXP-LEAD, 2023-07-20T10:50:00.781, ubuntu22-b, mtd-zk-1, START
EXP-LEAD, 2023-07-20T10:50:08.713, ubuntu22-b, mtd-zk-1, END
EXP-LOAD, 2023-07-20T10:50:09.802, ubuntu22-b, mtd-zk-1, 0.674314
EXP-LEAD, 2023-07-20T10:50:10.944, ubuntu22-b, mtd-zk-1, START
EXP-LEAD, 2023-07-20T10:50:17.082, ubuntu22-b, mtd-zk-1, END
EXP-LOAD, 2023-07-20T10:50:18.130, ubuntu22-b, mtd-zk-1, 0.674314
EXP-LOAD, 2023-07-20T10:50:29.147, ubuntu22-b, mtd-zk-1, 0.697006
EXP-LOAD, 2023-07-20T10:50:36.241, ubuntu22-b, mtd-zk-1, 0.692011
EXP-LOAD, 2023-07-20T10:50:45.416, ubuntu22-b, mtd-zk-1, 0.692011
EXP-LOAD, 2023-07-20T10:50:51.568, ubuntu22-b, mtd-zk-1, 0.673807
EXP-LOAD, 2023-07-20T10:51:03.275, ubuntu22-b, mtd-zk-1, 0.673807
EXP-LOAD, 2023-07-20T10:51:10.255, ubuntu22-b, mtd-zk-1, 0.655614
EXP-LEAD, 2023-07-20T10:51:12.308, ubuntu22-b, mtd-zk-1, START
EXP-LEAD, 2023-07-20T10:51:20.094, ubuntu22-b, mtd-zk-1, END
EXP-LOAD, 2023-07-20T10:51:21.144, ubuntu22-b, mtd-zk-1, 0.696623
EXP-LOAD, 2023-07-20T10:51:26.240, ubuntu22-b, mtd-zk-1, 0.696623
EXP-LOAD, 2023-07-20T10:51:36.368, ubuntu22-b, mtd-zk-1, 0.737414
EXP-LOAD, 2023-07-20T10:51:44.022, ubuntu22-b, mtd-zk-1, 0.737414
EXP-LOAD, 2023-07-20T10:51:54.161, ubuntu22-b, mtd-zk-1, 0.662244
EXP-LOAD, 2023-07-20T10:52:01.252, ubuntu22-b, mtd-zk-1, 0.662244
EXP-LOAD, 2023-07-20T10:52:12.437, ubuntu22-b, mtd-zk-1, 0.690022
EXP-LEAD, 2023-07-20T10:52:15.511, ubuntu22-b, mtd-zk-1, START
EXP-LEAD, 2023-07-20T10:52:21.105, ubuntu22-b, mtd-zk-1, END
EXP-LOAD, 2023-07-20T10:52:22.147, ubuntu22-b, mtd-zk-1, 0.730609
EXP-LOAD, 2023-07-20T10:52:29.752, ubuntu22-b, mtd-zk-1, 0.730609
EXP-LOAD, 2023-07-20T10:52:39.857, ubuntu22-b, mtd-zk-1, 0.685718
EXP-LOAD, 2023-07-20T10:52:46.953, ubuntu22-b, mtd-zk-1, 0.685718
EXP-LOAD, 2023-07-20T10:52:55.517, ubuntu22-b, mtd-zk-1, 0.709807
EXP-LOAD, 2023-07-20T10:53:01.628, ubuntu22-b, mtd-zk-1, 0.709807
EXP-LEAD, 2023-07-20T10:53:03.724, ubuntu22-b, mtd-zk-1, START
EXP-LEAD, 2023-07-20T10:53:12.350, ubuntu22-b, mtd-zk-1, END
EXP-LOAD, 2023-07-20T10:53:13.407, ubuntu22-b, mtd-zk-1, 0.641804
EXP-LOAD, 2023-07-20T10:53:21.938, ubuntu22-b, mtd-zk-1, 0.697224
EXP-LOAD, 2023-07-20T10:53:32.045, ubuntu22-b, mtd-zk-1, 0.697224
EXP-LOAD, 2023-07-20T10:53:37.927, ubuntu22-b, mtd-zk-1, 0.705118
EXP-LEAD, 2023-07-20T10:53:38.911, ubuntu22-b, mtd-zk-1, START
EXP-LEAD, 2023-07-20T10:53:46.520, ubuntu22-b, mtd-zk-1, END
EXP-LOAD, 2023-07-20T10:53:47.582, ubuntu22-b, mtd-zk-1, 0.705118
EXP-LOAD, 2023-07-20T10:53:55.097, ubuntu22-b, mtd-zk-1, 0.760819
EXP-LOAD, 2023-07-20T10:54:03.224, ubuntu22-b, mtd-zk-1, 0.760819
EXP-LOAD, 2023-07-20T10:54:11.319, ubuntu22-b, mtd-zk-1, 0.663546
EXP-LOAD, 2023-07-20T10:54:20.463, ubuntu22-b, mtd-zk-1, 0.660612
EXP-LOAD, 2023-07-20T10:54:30.080, ubuntu22-b, mtd-zk-1, 0.660612
EXP-LOAD, 2023-07-20T10:54:37.250, ubuntu22-b, mtd-zk-1, 0.671513
EXP-LOAD, 2023-07-20T10:54:48.935, ubuntu22-b, mtd-zk-1, 0.671513
EXP-LOAD, 2023-07-20T10:54:56.062, ubuntu22-b, mtd-zk-1, 0.650561
EXP-LOAD, 2023-07-20T10:55:05.196, ubuntu22-b, mtd-zk-1, 0.672527
EXP-LEAD, 2023-07-20T10:55:07.007, ubuntu22-b, mtd-zk-1, START
EXP-LEAD, 2023-07-20T10:55:12.874, ubuntu22-b, mtd-zk-1, END
EXP-LOAD, 2023-07-20T10:55:13.924, ubuntu22-b, mtd-zk-1, 0.672527
EXP-LOAD, 2023-07-20T10:55:21.170, ubuntu22-b, mtd-zk-1, 0.702612
EXP-LOAD, 2023-07-20T10:55:29.262, ubuntu22-b, mtd-zk-1, 0.702612
EXP-LOAD, 2023-07-20T10:55:41.269, ubuntu22-b, mtd-zk-1, 0.709630
EXP-LOAD, 2023-07-20T10:55:49.392, ubuntu22-b, mtd-zk-1, 0.728418
EXP-LOAD, 2023-07-20T10:55:58.497, ubuntu22-b, mtd-zk-1, 0.728418
EXP-LOAD, 2023-07-20T10:56:04.607, ubuntu22-b, mtd-zk-1, 0.637910
EXP-LOAD, 2023-07-20T10:56:12.153, ubuntu22-b, mtd-zk-1, 0.637910
EXP-LEAD, 2023-07-20T10:56:13.220, ubuntu22-b, mtd-zk-1, START
EXP-LEAD, 2023-07-20T10:56:18.757, ubuntu22-b, mtd-zk-1, END
EXP-LOAD, 2023-07-20T10:56:19.814, ubuntu22-b, mtd-zk-1, 0.641203
EXP-LOAD, 2023-07-20T10:56:28.369, ubuntu22-b, mtd-zk-1, 0.641203
EXP-LOAD, 2023-07-20T10:56:38.531, ubuntu22-b, mtd-zk-1, 0.644107
EXP-LOAD, 2023-07-20T10:56:47.267, ubuntu22-b, mtd-zk-1, 0.644107
EXP-LEAD, 2023-07-20T10:56:49.651, ubuntu22-b, mtd-zk-1, START
EXP-LEAD, 2023-07-20T10:56:54.297, ubuntu22-b, mtd-zk-1, END
EXP-LOAD, 2023-07-20T10:56:55.355, ubuntu22-b, mtd-zk-1, 0.689040
EXP-LOAD, 2023-07-20T10:57:07.814, ubuntu22-b, mtd-zk-1, 0.610734
EXP-LOAD, 2023-07-20T10:57:14.911, ubuntu22-b, mtd-zk-1, 0.610734
EXP-LEAD, 2023-07-20T10:57:15.957, ubuntu22-b, mtd-zk-1, START
EXP-LEAD, 2023-07-20T10:57:21.629, ubuntu22-b, mtd-zk-1, END
EXP-LOAD, 2023-07-20T10:57:22.670, ubuntu22-b, mtd-zk-1, 0.645933
EXP-LOAD, 2023-07-20T10:57:32.145, ubuntu22-b, mtd-zk-1, 0.645933
EXP-LOAD, 2023-07-20T10:57:40.230, ubuntu22-b, mtd-zk-1, 0.666214
EXP-LOAD, 2023-07-20T10:57:51.380, ubuntu22-b, mtd-zk-1, 0.700022
EXP-LOAD, 2023-07-20T10:58:00.478, ubuntu22-b, mtd-zk-1, 0.700022
EXP-LOAD, 2023-07-20T10:58:09.595, ubuntu22-b, mtd-zk-1, 0.630810
EXP-LOAD, 2023-07-20T10:58:19.530, ubuntu22-b, mtd-zk-1, 0.667812
EXP-LOAD, 2023-07-20T10:58:27.685, ubuntu22-b, mtd-zk-1, 0.667812
EXP-LOAD, 2023-07-20T10:58:38.798, ubuntu22-b, mtd-zk-1, 0.666212
EXP-LOAD, 2023-07-20T10:58:47.942, ubuntu22-b, mtd-zk-1, 0.666212
EXP-LEAD, 2023-07-20T10:58:48.999, ubuntu22-b, mtd-zk-1, START
EXP-LEAD, 2023-07-20T10:58:54.610, ubuntu22-b, mtd-zk-1, END
EXP-LOAD, 2023-07-20T10:58:55.716, ubuntu22-b, mtd-zk-1, 0.682427
EXP-LOAD, 2023-07-20T10:59:06.825, ubuntu22-b, mtd-zk-1, 0.648614
EXP-LOAD, 2023-07-20T10:59:14.930, ubuntu22-b, mtd-zk-1, 0.648614
EXP-LOAD, 2023-07-20T10:59:25.072, ubuntu22-b, mtd-zk-1, 0.639815
EXP-LOAD, 2023-07-20T10:59:34.143, ubuntu22-b, mtd-zk-1, 0.689806
EXP-LEAD, 2023-07-20T10:59:35.176, ubuntu22-b, mtd-zk-1, START
EXP-LEAD, 2023-07-20T10:59:40.789, ubuntu22-b, mtd-zk-1, END
EXP-LOAD, 2023-07-20T10:59:41.830, ubuntu22-b, mtd-zk-1, 0.689806
EXP-LOAD, 2023-07-20T10:59:54.387, ubuntu22-b, mtd-zk-1, 0.655438
EXP-LOAD, 2023-07-20T11:00:01.500, ubuntu22-b, mtd-zk-1, 0.655438
EXP-LEAD, 2023-07-20T11:00:02.550, ubuntu22-b, mtd-zk-1, START
EXP-LEAD, 2023-07-20T11:00:10.373, ubuntu22-b, mtd-zk-1, END
EXP-LOAD, 2023-07-20T11:00:11.560, ubuntu22-b, mtd-zk-1, 0.665809
EXP-LEAD, 2023-07-20T11:00:12.702, ubuntu22-b, mtd-zk-1, START
EXP-LEAD, 2023-07-20T11:00:18.303, ubuntu22-b, mtd-zk-1, END
EXP-LOAD, 2023-07-20T11:00:19.357, ubuntu22-b, mtd-zk-1, 0.662211
EXP-LOAD, 2023-07-20T11:00:26.915, ubuntu22-b, mtd-zk-1, 0.662211
EXP-LOAD, 2023-07-20T11:00:39.054, ubuntu22-b, mtd-zk-1, 0.675206
EXP-LEAD, 2023-07-20T11:00:40.095, ubuntu22-b, mtd-zk-1, START
EXP-LEAD, 2023-07-20T11:00:44.553, ubuntu22-b, mtd-zk-1, END
EXP-LOAD, 2023-07-20T11:00:45.632, ubuntu22-b, mtd-zk-1, 0.675206
EXP-LEAD, 2023-07-20T11:00:47.208, ubuntu22-b, mtd-zk-1, START
EXP-LEAD, 2023-07-20T11:00:54.917, ubuntu22-b, mtd-zk-1, END
EXP-LOAD, 2023-07-20T11:00:55.973, ubuntu22-b, mtd-zk-1, 0.703911
EXP-LOAD, 2023-07-20T11:01:03.445, ubuntu22-b, mtd-zk-1, 0.703911
EXP-LOAD, 2023-07-20T11:01:12.573, ubuntu22-b, mtd-zk-1, 0.720007
EXP-LOAD, 2023-07-20T11:01:20.689, ubuntu22-b, mtd-zk-1, 0.648019
EXP-LOAD, 2023-07-20T11:01:31.806, ubuntu22-b, mtd-zk-1, 0.648019
EXP-LOAD, 2023-07-20T11:01:39.918, ubuntu22-b, mtd-zk-1, 0.687015
EXP-LOAD, 2023-07-20T11:01:45.498, ubuntu22-b, mtd-zk-1, 0.687015
EXP-LOAD, 2023-07-20T11:01:54.073, ubuntu22-b, mtd-zk-1, 0.684522
EXP-LOAD, 2023-07-20T11:02:05.165, ubuntu22-b, mtd-zk-1, 0.606008
EXP-LEAD, 2023-07-20T11:02:06.226, ubuntu22-b, mtd-zk-1, START
EXP-LEAD, 2023-07-20T11:02:10.804, ubuntu22-b, mtd-zk-1, END
EXP-LOAD, 2023-07-20T11:02:11.849, ubuntu22-b, mtd-zk-1, 0.606008
EXP-LOAD, 2023-07-20T11:02:22.349, ubuntu22-b, mtd-zk-1, 0.674630
EXP-LOAD, 2023-07-20T11:02:30.458, ubuntu22-b, mtd-zk-1, 0.674630
EXP-LOAD, 2023-07-20T11:02:39.556, ubuntu22-b, mtd-zk-1, 0.658624
EXP-LEAD, 2023-07-20T11:02:41.604, ubuntu22-b, mtd-zk-1, START
EXP-LEAD, 2023-07-20T11:02:46.178, ubuntu22-b, mtd-zk-1, END
EXP-LOAD, 2023-07-20T11:02:47.242, ubuntu22-b, mtd-zk-1, 0.658624
EXP-LOAD, 2023-07-20T11:02:57.829, ubuntu22-b, mtd-zk-1, 0.700728
EXP-LOAD, 2023-07-20T11:03:04.945, ubuntu22-b, mtd-zk-1, 0.773239
EXP-LEAD, 2023-07-20T11:03:06.032, ubuntu22-b, mtd-zk-1, START
EXP-LEAD, 2023-07-20T11:03:13.630, ubuntu22-b, mtd-zk-1, END
EXP-LOAD, 2023-07-20T11:03:14.681, ubuntu22-b, mtd-zk-1, 0.773239
EXP-LOAD, 2023-07-20T11:03:24.217, ubuntu22-b, mtd-zk-1, 0.710310
EXP-LOAD, 2023-07-20T11:03:33.337, ubuntu22-b, mtd-zk-1, 0.710310
EXP-LOAD, 2023-07-20T11:03:40.435, ubuntu22-b, mtd-zk-1, 0.622407
EXP-LOAD, 2023-07-20T11:03:48.017, ubuntu22-b, mtd-zk-1, 0.622407
EXP-LOAD, 2023-07-20T11:03:58.106, ubuntu22-b, mtd-zk-1, 0.619008
EXP-LEAD, 2023-07-20T11:04:00.252, ubuntu22-b, mtd-zk-1, START
EXP-LEAD, 2023-07-20T11:04:05.773, ubuntu22-b, mtd-zk-1, END
EXP-LOAD, 2023-07-20T11:04:06.855, ubuntu22-b, mtd-zk-1, 0.689650
EXP-LEAD, 2023-07-20T11:04:08.371, ubuntu22-b, mtd-zk-1, START
EXP-LEAD, 2023-07-20T11:04:13.946, ubuntu22-b, mtd-zk-1, END
EXP-LOAD, 2023-07-20T11:04:15.028, ubuntu22-b, mtd-zk-1, 0.689650
EXP-LEAD, 2023-07-20T11:04:16.435, ubuntu22-b, mtd-zk-1, START
EXP-LEAD, 2023-07-20T11:04:23.151, ubuntu22-b, mtd-zk-1, END
EXP-LOAD, 2023-07-20T11:04:24.207, ubuntu22-b, mtd-zk-1, 0.684212
EXP-LOAD, 2023-07-20T11:04:31.634, ubuntu22-b, mtd-zk-1, 0.684212
EXP-LOAD, 2023-07-20T11:04:38.673, ubuntu22-b, mtd-zk-1, 0.612608
EXP-LOAD, 2023-07-20T11:04:45.344, ubuntu22-b, mtd-zk-1, 0.612608
EXP-LOAD, 2023-07-20T11:04:56.544, ubuntu22-b, mtd-zk-1, 0.661817
EXP-LOAD, 2023-07-20T11:05:05.494, ubuntu22-b, mtd-zk-1, 0.685666
EXP-LOAD, 2023-07-20T11:05:12.625, ubuntu22-b, mtd-zk-1, 0.685666
EXP-LOAD, 2023-07-20T11:05:23.711, ubuntu22-b, mtd-zk-1, 0.671607
EXP-LOAD, 2023-07-20T11:05:31.806, ubuntu22-b, mtd-zk-1, 0.671607
EXP-LOAD, 2023-07-20T11:05:40.985, ubuntu22-b, mtd-zk-1, 0.633827
EXP-LOAD, 2023-07-20T11:05:49.039, ubuntu22-b, mtd-zk-1, 0.678519
EXP-LOAD, 2023-07-20T11:05:58.141, ubuntu22-b, mtd-zk-1, 0.678519
EXP-LOAD, 2023-07-20T11:06:08.299, ubuntu22-b, mtd-zk-1, 0.684605
EXP-LOAD, 2023-07-20T11:06:17.384, ubuntu22-b, mtd-zk-1, 0.684605
EXP-LOAD, 2023-07-20T11:06:26.560, ubuntu22-b, mtd-zk-1, 0.697724
EXP-LOAD, 2023-07-20T11:06:35.664, ubuntu22-b, mtd-zk-1, 0.688216
EXP-LOAD, 2023-07-20T11:06:46.783, ubuntu22-b, mtd-zk-1, 0.688216
EXP-LOAD, 2023-07-20T11:06:53.927, ubuntu22-b, mtd-zk-1, 0.673543
EXP-LOAD, 2023-07-20T11:07:04.765, ubuntu22-b, mtd-zk-1, 0.702632
EXP-LEAD, 2023-07-20T11:07:06.761, ubuntu22-b, mtd-zk-1, START
EXP-LEAD, 2023-07-20T11:07:12.428, ubuntu22-b, mtd-zk-1, END
EXP-LOAD, 2023-07-20T11:07:13.489, ubuntu22-b, mtd-zk-1, 0.702632
EXP-LOAD, 2023-07-20T11:07:22.979, ubuntu22-b, mtd-zk-1, 0.716510
EXP-LOAD, 2023-07-20T11:07:32.113, ubuntu22-b, mtd-zk-1, 0.716510
EXP-LOAD, 2023-07-20T11:07:40.022, ubuntu22-b, mtd-zk-1, 0.652022
EXP-LOAD, 2023-07-20T11:07:48.114, ubuntu22-b, mtd-zk-1, 0.652022
EXP-LOAD, 2023-07-20T11:07:56.693, ubuntu22-b, mtd-zk-1, 0.660817
EXP-LOAD, 2023-07-20T11:08:05.787, ubuntu22-b, mtd-zk-1, 0.676882
EXP-LOAD, 2023-07-20T11:08:14.879, ubuntu22-b, mtd-zk-1, 0.676882
EXP-LOAD, 2023-07-20T11:08:22.975, ubuntu22-b, mtd-zk-1, 0.670625
EXP-LEAD, 2023-07-20T11:08:23.029, ubuntu22-b, mtd-zk-1, START
EXP-LEAD, 2023-07-20T11:08:31.720, ubuntu22-b, mtd-zk-1, END
EXP-LOAD, 2023-07-20T11:08:32.789, ubuntu22-b, mtd-zk-1, 0.670625
EXP-LOAD, 2023-07-20T11:08:41.898, ubuntu22-b, mtd-zk-1, 0.650017
EXP-LOAD, 2023-07-20T11:08:47.999, ubuntu22-b, mtd-zk-1, 0.650017
EXP-LOAD, 2023-07-20T11:08:58.227, ubuntu22-b, mtd-zk-1, 0.634670
EXP-LEAD, 2023-07-20T11:08:59.237, ubuntu22-b, mtd-zk-1, START
EXP-LEAD, 2023-07-20T11:09:04.923, ubuntu22-b, mtd-zk-1, END
EXP-LOAD, 2023-07-20T11:09:05.983, ubuntu22-b, mtd-zk-1, 0.699014
EXP-LEAD, 2023-07-20T11:09:07.465, ubuntu22-b, mtd-zk-1, START
EXP-LEAD, 2023-07-20T11:09:19.236, ubuntu22-b, mtd-zk-1, END
EXP-LOAD, 2023-07-20T11:09:20.286, ubuntu22-b, mtd-zk-1, 0.653017
EXP-LEAD, 2023-07-20T11:09:20.599, ubuntu22-b, mtd-zk-1, START
EXP-LEAD, 2023-07-20T11:09:26.219, ubuntu22-b, mtd-zk-1, END
EXP-LOAD, 2023-07-20T11:09:27.269, ubuntu22-b, mtd-zk-1, 0.653017
EXP-LOAD, 2023-07-20T11:09:37.843, ubuntu22-b, mtd-zk-1, 0.711913
EXP-LEAD, 2023-07-20T11:09:38.903, ubuntu22-b, mtd-zk-1, START
EXP-LEAD, 2023-07-20T11:09:44.457, ubuntu22-b, mtd-zk-1, END
EXP-LOAD, 2023-07-20T11:09:45.513, ubuntu22-b, mtd-zk-1, 0.711913
EXP-LOAD, 2023-07-20T11:09:53.064, ubuntu22-b, mtd-zk-1, 0.685231
EXP-LEAD, 2023-07-20T11:09:54.603, ubuntu22-b, mtd-zk-1, START
EXP-LEAD, 2023-07-20T11:10:00.164, ubuntu22-b, mtd-zk-1, END
EXP-LOAD, 2023-07-20T11:10:01.216, ubuntu22-b, mtd-zk-1, 0.685231
EXP-LEAD, 2023-07-20T11:10:03.709, ubuntu22-b, mtd-zk-1, START
EXP-LEAD, 2023-07-20T11:10:12.563, ubuntu22-b, mtd-zk-1, END
EXP-LOAD, 2023-07-20T11:10:13.658, ubuntu22-b, mtd-zk-1, 0.645816
EXP-LEAD, 2023-07-20T11:10:14.828, ubuntu22-b, mtd-zk-1, START
EXP-LEAD, 2023-07-20T11:10:20.381, ubuntu22-b, mtd-zk-1, END
EXP-LOAD, 2023-07-20T11:10:21.428, ubuntu22-b, mtd-zk-1, 0.697407
EXP-LEAD, 2023-07-20T11:10:22.934, ubuntu22-b, mtd-zk-1, START
EXP-LEAD, 2023-07-20T11:10:33.530, ubuntu22-b, mtd-zk-1, END
EXP-LOAD, 2023-07-20T11:10:34.595, ubuntu22-b, mtd-zk-1, 0.660202
EXP-LOAD, 2023-07-20T11:10:44.172, ubuntu22-b, mtd-zk-1, 0.660202
EXP-LEAD, 2023-07-20T11:10:44.231, ubuntu22-b, mtd-zk-1, START
EXP-LEAD, 2023-07-20T11:10:51.725, ubuntu22-b, mtd-zk-1, END
EXP-LOAD, 2023-07-20T11:10:52.781, ubuntu22-b, mtd-zk-1, 0.637834
EXP-LOAD, 2023-07-20T11:11:01.882, ubuntu22-b, mtd-zk-1, 0.637834
EXP-LOAD, 2023-07-20T11:11:09.974, ubuntu22-b, mtd-zk-1, 0.655427
EXP-LOAD, 2023-07-20T11:11:18.066, ubuntu22-b, mtd-zk-1, 0.655427
EXP-LEAD, 2023-07-20T11:11:19.734, ubuntu22-b, mtd-zk-1, START
EXP-LEAD, 2023-07-20T11:11:24.188, ubuntu22-b, mtd-zk-1, END
EXP-LOAD, 2023-07-20T11:11:25.236, ubuntu22-b, mtd-zk-1, 0.663206
EXP-LOAD, 2023-07-20T11:11:35.947, ubuntu22-b, mtd-zk-1, 0.675119
EXP-LEAD, 2023-07-20T11:11:38.028, ubuntu22-b, mtd-zk-1, START
EXP-LEAD, 2023-07-20T11:11:42.523, ubuntu22-b, mtd-zk-1, END
EXP-LOAD, 2023-07-20T11:11:43.579, ubuntu22-b, mtd-zk-1, 0.675119
EXP-LEAD, 2023-07-20T11:11:46.178, ubuntu22-b, mtd-zk-1, START
EXP-LEAD, 2023-07-20T11:11:51.855, ubuntu22-b, mtd-zk-1, END
EXP-LOAD, 2023-07-20T11:11:52.904, ubuntu22-b, mtd-zk-1, 0.673807
EXP-LEAD, 2023-07-20T11:11:54.265, ubuntu22-b, mtd-zk-1, START
EXP-LEAD, 2023-07-20T11:12:01.883, ubuntu22-b, mtd-zk-1, END
EXP-LOAD, 2023-07-20T11:12:02.938, ubuntu22-b, mtd-zk-1, 0.673807
EXP-LOAD, 2023-07-20T11:12:10.421, ubuntu22-b, mtd-zk-1, 0.683915
EXP-LOAD, 2023-07-20T11:12:18.048, ubuntu22-b, mtd-zk-1, 0.683915
EXP-LOAD, 2023-07-20T11:12:30.177, ubuntu22-b, mtd-zk-1, 0.643012
EXP-LOAD, 2023-07-20T11:12:38.287, ubuntu22-b, mtd-zk-1, 0.705319
EXP-LOAD, 2023-07-20T11:12:47.406, ubuntu22-b, mtd-zk-1, 0.705319
EXP-LOAD, 2023-07-20T11:12:57.513, ubuntu22-b, mtd-zk-1, 0.594915
EXP-LOAD, 2023-07-20T11:13:03.214, ubuntu22-b, mtd-zk-1, 0.594915
EXP-LEAD, 2023-07-20T11:13:05.272, ubuntu22-b, mtd-zk-1, START
EXP-LEAD, 2023-07-20T11:13:10.880, ubuntu22-b, mtd-zk-1, END
EXP-LOAD, 2023-07-20T11:13:11.929, ubuntu22-b, mtd-zk-1, 0.657211
EXP-LOAD, 2023-07-20T11:13:19.438, ubuntu22-b, mtd-zk-1, 0.688202
EXP-LEAD, 2023-07-20T11:13:20.511, ubuntu22-b, mtd-zk-1, START
EXP-LEAD, 2023-07-20T11:13:29.172, ubuntu22-b, mtd-zk-1, END
EXP-LOAD, 2023-07-20T11:13:30.258, ubuntu22-b, mtd-zk-1, 0.688202
EXP-LOAD, 2023-07-20T11:13:37.769, ubuntu22-b, mtd-zk-1, 0.699925
EXP-LOAD, 2023-07-20T11:13:48.906, ubuntu22-b, mtd-zk-1, 0.699925
EXP-LEAD, 2023-07-20T11:13:49.949, ubuntu22-b, mtd-zk-1, START
EXP-LEAD, 2023-07-20T11:13:55.463, ubuntu22-b, mtd-zk-1, END
EXP-LOAD, 2023-07-20T11:13:56.557, ubuntu22-b, mtd-zk-1, 0.702804
EXP-LOAD, 2023-07-20T11:14:03.733, ubuntu22-b, mtd-zk-1, 0.702804
EXP-LEAD, 2023-07-20T11:14:05.745, ubuntu22-b, mtd-zk-1, START
EXP-LEAD, 2023-07-20T11:14:11.273, ubuntu22-b, mtd-zk-1, END
EXP-LOAD, 2023-07-20T11:14:12.335, ubuntu22-b, mtd-zk-1, 0.668028
EXP-LOAD, 2023-07-20T11:14:20.943, ubuntu22-b, mtd-zk-1, 0.649008
EXP-LEAD, 2023-07-20T11:14:21.989, ubuntu22-b, mtd-zk-1, START
EXP-LEAD, 2023-07-20T11:14:27.454, ubuntu22-b, mtd-zk-1, END
EXP-LOAD, 2023-07-20T11:14:28.491, ubuntu22-b, mtd-zk-1, 0.649008
EXP-LOAD, 2023-07-20T11:14:41.219, ubuntu22-b, mtd-zk-1, 0.652704
EXP-LEAD, 2023-07-20T11:14:42.273, ubuntu22-b, mtd-zk-1, START
EXP-LEAD, 2023-07-20T11:14:47.745, ubuntu22-b, mtd-zk-1, END
EXP-LOAD, 2023-07-20T11:14:48.831, ubuntu22-b, mtd-zk-1, 0.652704
EXP-LOAD, 2023-07-20T11:14:57.416, ubuntu22-b, mtd-zk-1, 0.669604
EXP-LOAD, 2023-07-20T11:15:05.543, ubuntu22-b, mtd-zk-1, 0.686610
EXP-LEAD, 2023-07-20T11:15:07.581, ubuntu22-b, mtd-zk-1, START
EXP-LEAD, 2023-07-20T11:15:14.406, ubuntu22-b, mtd-zk-1, END
EXP-LOAD, 2023-07-20T11:15:15.490, ubuntu22-b, mtd-zk-1, 0.686610
EXP-LEAD, 2023-07-20T11:15:16.704, ubuntu22-b, mtd-zk-1, START
EXP-LEAD, 2023-07-20T11:15:27.440, ubuntu22-b, mtd-zk-1, END
EXP-LOAD, 2023-07-20T11:15:28.494, ubuntu22-b, mtd-zk-1, 0.682820
EXP-LOAD, 2023-07-20T11:15:34.904, ubuntu22-b, mtd-zk-1, 0.664684
EXP-LOAD, 2023-07-20T11:15:47.084, ubuntu22-b, mtd-zk-1, 0.664684
EXP-LEAD, 2023-07-20T11:15:48.607, ubuntu22-b, mtd-zk-1, START
EXP-LEAD, 2023-07-20T11:15:54.147, ubuntu22-b, mtd-zk-1, END
EXP-LOAD, 2023-07-20T11:15:55.196, ubuntu22-b, mtd-zk-1, 0.704404
EXP-LOAD, 2023-07-20T11:16:05.764, ubuntu22-b, mtd-zk-1, 0.687938
EXP-LOAD, 2023-07-20T11:16:13.896, ubuntu22-b, mtd-zk-1, 0.687938
EXP-LOAD, 2023-07-20T11:16:22.991, ubuntu22-b, mtd-zk-1, 0.654614
EXP-LOAD, 2023-07-20T11:16:32.076, ubuntu22-b, mtd-zk-1, 0.654614
EXP-LOAD, 2023-07-20T11:16:41.217, ubuntu22-b, mtd-zk-1, 0.655707
EXP-LEAD, 2023-07-20T11:16:43.239, ubuntu22-b, mtd-zk-1, START
EXP-LEAD, 2023-07-20T11:16:47.721, ubuntu22-b, mtd-zk-1, END
EXP-LOAD, 2023-07-20T11:16:48.802, ubuntu22-b, mtd-zk-1, 0.655707
EXP-LOAD, 2023-07-20T11:16:56.907, ubuntu22-b, mtd-zk-1, 0.728210
EXP-LOAD, 2023-07-20T11:17:05.001, ubuntu22-b, mtd-zk-1, 0.626221
EXP-LOAD, 2023-07-20T11:17:12.085, ubuntu22-b, mtd-zk-1, 0.626221
EXP-LOAD, 2023-07-20T11:17:19.172, ubuntu22-b, mtd-zk-1, 0.623012
EXP-LOAD, 2023-07-20T11:17:26.327, ubuntu22-b, mtd-zk-1, 0.623012
EXP-LOAD, 2023-07-20T11:17:39.411, ubuntu22-b, mtd-zk-1, 0.641219
EXP-LOAD, 2023-07-20T11:17:45.509, ubuntu22-b, mtd-zk-1, 0.641219
EXP-LOAD, 2023-07-20T11:17:55.652, ubuntu22-b, mtd-zk-1, 0.650825
EXP-LOAD, 2023-07-20T11:18:02.552, ubuntu22-b, mtd-zk-1, 0.650825
EXP-LOAD, 2023-07-20T11:18:10.695, ubuntu22-b, mtd-zk-1, 0.671257
EXP-LOAD, 2023-07-20T11:18:17.806, ubuntu22-b, mtd-zk-1, 0.671257
EXP-LOAD, 2023-07-20T11:18:26.545, ubuntu22-b, mtd-zk-1, 0.711423
EXP-LEAD, 2023-07-20T11:18:26.615, ubuntu22-b, mtd-zk-1, START
EXP-LEAD, 2023-07-20T11:18:32.453, ubuntu22-b, mtd-zk-1, END
EXP-LOAD, 2023-07-20T11:18:33.496, ubuntu22-b, mtd-zk-1, 0.711423
EXP-LOAD, 2023-07-20T11:18:40.785, ubuntu22-b, mtd-zk-1, 0.615729
EXP-LOAD, 2023-07-20T11:18:47.879, ubuntu22-b, mtd-zk-1, 0.615729
EXP-LOAD, 2023-07-20T11:18:57.969, ubuntu22-b, mtd-zk-1, 0.709022
EXP-LEAD, 2023-07-20T11:18:58.031, ubuntu22-b, mtd-zk-1, START
EXP-LEAD, 2023-07-20T11:19:03.832, ubuntu22-b, mtd-zk-1, END
EXP-LOAD, 2023-07-20T11:19:04.882, ubuntu22-b, mtd-zk-1, 0.670118
EXP-LOAD, 2023-07-20T11:19:12.977, ubuntu22-b, mtd-zk-1, 0.670118
EXP-LOAD, 2023-07-20T11:19:18.076, ubuntu22-b, mtd-zk-1, 0.670118
EXP-LOAD, 2023-07-20T11:19:27.248, ubuntu22-b, mtd-zk-1, 0.650025
EXP-LEAD, 2023-07-20T11:19:28.275, ubuntu22-b, mtd-zk-1, START
EXP-LEAD, 2023-07-20T11:19:35.872, ubuntu22-b, mtd-zk-1, END
EXP-LOAD, 2023-07-20T11:19:36.918, ubuntu22-b, mtd-zk-1, 0.648822
EXP-LOAD, 2023-07-20T11:19:45.001, ubuntu22-b, mtd-zk-1, 0.648822
EXP-LOAD, 2023-07-20T11:19:50.202, ubuntu22-b, mtd-zk-1, 0.646418
EXP-LOAD, 2023-07-20T11:20:00.300, ubuntu22-b, mtd-zk-1, 0.646418
EXP-LOAD, 2023-07-20T11:20:07.410, ubuntu22-b, mtd-zk-1, 0.721430
EXP-LEAD, 2023-07-20T11:20:09.441, ubuntu22-b, mtd-zk-1, START
EXP-LEAD, 2023-07-20T11:20:19.145, ubuntu22-b, mtd-zk-1, END
EXP-LOAD, 2023-07-20T11:20:20.201, ubuntu22-b, mtd-zk-1, 0.652006
EXP-LOAD, 2023-07-20T11:20:27.332, ubuntu22-b, mtd-zk-1, 0.652006
EXP-LOAD, 2023-07-20T11:20:33.529, ubuntu22-b, mtd-zk-1, 0.652006
EXP-LOAD, 2023-07-20T11:20:46.144, ubuntu22-b, mtd-zk-1, 0.646035
EXP-LOAD, 2023-07-20T11:20:54.231, ubuntu22-b, mtd-zk-1, 0.717212
EXP-LOAD, 2023-07-20T11:21:02.372, ubuntu22-b, mtd-zk-1, 0.717212
EXP-LOAD, 2023-07-20T11:21:11.862, ubuntu22-b, mtd-zk-1, 0.652207
EXP-LOAD, 2023-07-20T11:21:21.941, ubuntu22-b, mtd-zk-1, 0.685524
EXP-LEAD, 2023-07-20T11:21:22.053, ubuntu22-b, mtd-zk-1, START
EXP-LEAD, 2023-07-20T11:21:27.537, ubuntu22-b, mtd-zk-1, END
EXP-LOAD, 2023-07-20T11:21:28.574, ubuntu22-b, mtd-zk-1, 0.685524
EXP-LOAD, 2023-07-20T11:21:36.163, ubuntu22-b, mtd-zk-1, 0.630011
EXP-LOAD, 2023-07-20T11:21:45.282, ubuntu22-b, mtd-zk-1, 0.630011
EXP-LOAD, 2023-07-20T11:21:53.385, ubuntu22-b, mtd-zk-1, 0.674307
EXP-LOAD, 2023-07-20T11:22:06.021, ubuntu22-b, mtd-zk-1, 0.646629
EXP-LOAD, 2023-07-20T11:22:15.188, ubuntu22-b, mtd-zk-1, 0.646629
EXP-LOAD, 2023-07-20T11:22:25.298, ubuntu22-b, mtd-zk-1, 0.684314
EXP-LOAD, 2023-07-20T11:22:33.415, ubuntu22-b, mtd-zk-1, 0.684314
EXP-LOAD, 2023-07-20T11:22:45.596, ubuntu22-b, mtd-zk-1, 0.695639
EXP-LOAD, 2023-07-20T11:22:54.633, ubuntu22-b, mtd-zk-1, 0.622016
EXP-LEAD, 2023-07-20T11:22:56.670, ubuntu22-b, mtd-zk-1, START
EXP-LEAD, 2023-07-20T11:23:02.360, ubuntu22-b, mtd-zk-1, END
EXP-LOAD, 2023-07-20T11:23:03.407, ubuntu22-b, mtd-zk-1, 0.622016
EXP-LEAD, 2023-07-20T11:23:04.757, ubuntu22-b, mtd-zk-1, START
EXP-LEAD, 2023-07-20T11:23:12.481, ubuntu22-b, mtd-zk-1, END
EXP-LOAD, 2023-07-20T11:23:13.521, ubuntu22-b, mtd-zk-1, 0.747211
EXP-LOAD, 2023-07-20T11:23:20.958, ubuntu22-b, mtd-zk-1, 0.691114
EXP-LOAD, 2023-07-20T11:23:29.081, ubuntu22-b, mtd-zk-1, 0.691114
EXP-LEAD, 2023-07-20T11:23:30.111, ubuntu22-b, mtd-zk-1, START
EXP-LEAD, 2023-07-20T11:23:35.708, ubuntu22-b, mtd-zk-1, END
EXP-LOAD, 2023-07-20T11:23:36.745, ubuntu22-b, mtd-zk-1, 0.685810
EXP-LOAD, 2023-07-20T11:23:44.922, ubuntu22-b, mtd-zk-1, 0.685810
EXP-LEAD, 2023-07-20T11:23:46.897, ubuntu22-b, mtd-zk-1, START
EXP-LEAD, 2023-07-20T11:23:52.428, ubuntu22-b, mtd-zk-1, END
EXP-LOAD, 2023-07-20T11:23:53.474, ubuntu22-b, mtd-zk-1, 0.668407
EXP-LEAD, 2023-07-20T11:23:54.997, ubuntu22-b, mtd-zk-1, START
EXP-LEAD, 2023-07-20T11:23:59.491, ubuntu22-b, mtd-zk-1, END
EXP-LOAD, 2023-07-20T11:24:00.589, ubuntu22-b, mtd-zk-1, 0.668407
EXP-LOAD, 2023-07-20T11:24:12.170, ubuntu22-b, mtd-zk-1, 0.722404
EXP-LOAD, 2023-07-20T11:24:19.279, ubuntu22-b, mtd-zk-1, 0.645616
EXP-LEAD, 2023-07-20T11:24:20.355, ubuntu22-b, mtd-zk-1, START
EXP-LEAD, 2023-07-20T11:24:24.905, ubuntu22-b, mtd-zk-1, END
EXP-LOAD, 2023-07-20T11:24:25.948, ubuntu22-b, mtd-zk-1, 0.645616
EXP-LEAD, 2023-07-20T11:24:27.440, ubuntu22-b, mtd-zk-1, START
EXP-LEAD, 2023-07-20T11:24:36.133, ubuntu22-b, mtd-zk-1, END
EXP-LOAD, 2023-07-20T11:24:37.214, ubuntu22-b, mtd-zk-1, 0.699224
EXP-LOAD, 2023-07-20T11:24:44.654, ubuntu22-b, mtd-zk-1, 0.699224
EXP-LOAD, 2023-07-20T11:24:52.740, ubuntu22-b, mtd-zk-1, 0.672828
EXP-LOAD, 2023-07-20T11:25:04.407, ubuntu22-b, mtd-zk-1, 0.697805
EXP-LOAD, 2023-07-20T11:25:11.248, ubuntu22-b, mtd-zk-1, 0.697805
EXP-LOAD, 2023-07-20T11:25:19.981, ubuntu22-b, mtd-zk-1, 0.677032
EXP-LEAD, 2023-07-20T11:25:21.029, ubuntu22-b, mtd-zk-1, START
EXP-LEAD, 2023-07-20T11:25:26.606, ubuntu22-b, mtd-zk-1, END
EXP-LOAD, 2023-07-20T11:25:27.660, ubuntu22-b, mtd-zk-1, 0.677032
EXP-LEAD, 2023-07-20T11:25:29.189, ubuntu22-b, mtd-zk-1, START
EXP-LEAD, 2023-07-20T11:25:36.670, ubuntu22-b, mtd-zk-1, END
EXP-LOAD, 2023-07-20T11:25:37.747, ubuntu22-b, mtd-zk-1, 0.634428
EXP-LOAD, 2023-07-20T11:25:46.345, ubuntu22-b, mtd-zk-1, 0.634428
EXP-LEAD, 2023-07-20T11:25:47.665, ubuntu22-b, mtd-zk-1, START
EXP-LEAD, 2023-07-20T11:25:52.236, ubuntu22-b, mtd-zk-1, END
EXP-LOAD, 2023-07-20T11:25:53.278, ubuntu22-b, mtd-zk-1, 0.630874
EXP-LEAD, 2023-07-20T11:25:54.714, ubuntu22-b, mtd-zk-1, START
EXP-LEAD, 2023-07-20T11:26:00.215, ubuntu22-b, mtd-zk-1, END
EXP-LOAD, 2023-07-20T11:26:01.254, ubuntu22-b, mtd-zk-1, 0.630874
EXP-LEAD, 2023-07-20T11:26:02.801, ubuntu22-b, mtd-zk-1, START
EXP-LEAD, 2023-07-20T11:26:10.416, ubuntu22-b, mtd-zk-1, END
EXP-LOAD, 2023-07-20T11:26:11.468, ubuntu22-b, mtd-zk-1, 0.682211
EXP-LOAD, 2023-07-20T11:26:19.597, ubuntu22-b, mtd-zk-1, 0.678627
EXP-LOAD, 2023-07-20T11:26:27.713, ubuntu22-b, mtd-zk-1, 0.678627
EXP-LOAD, 2023-07-20T11:26:35.784, ubuntu22-b, mtd-zk-1, 0.699013
EXP-LOAD, 2023-07-20T11:26:45.062, ubuntu22-b, mtd-zk-1, 0.699013
EXP-LOAD, 2023-07-20T11:26:55.668, ubuntu22-b, mtd-zk-1, 0.678106
EXP-LOAD, 2023-07-20T11:27:03.050, ubuntu22-b, mtd-zk-1, 0.678106
EXP-LOAD, 2023-07-20T11:27:13.966, ubuntu22-b, mtd-zk-1, 0.675626
EXP-LOAD, 2023-07-20T11:27:20.974, ubuntu22-b, mtd-zk-1, 0.795829
EXP-LEAD, 2023-07-20T11:27:23.014, ubuntu22-b, mtd-zk-1, START
EXP-LEAD, 2023-07-20T11:27:31.565, ubuntu22-b, mtd-zk-1, END
EXP-LOAD, 2023-07-20T11:27:32.626, ubuntu22-b, mtd-zk-1, 0.795829
EXP-LOAD, 2023-07-20T11:27:39.752, ubuntu22-b, mtd-zk-1, 0.740607
EXP-LOAD, 2023-07-20T11:27:50.918, ubuntu22-b, mtd-zk-1, 0.686434
EXP-LOAD, 2023-07-20T11:27:58.540, ubuntu22-b, mtd-zk-1, 0.686434
EXP-LOAD, 2023-07-20T11:28:14.857, ubuntu22-b, mtd-zk-1, 0.591642
EXP-LEAD, 2023-07-20T11:28:16.829, ubuntu22-b, mtd-zk-1, START
EXP-LEAD, 2023-07-20T11:28:22.511, ubuntu22-b, mtd-zk-1, END
EXP-LOAD, 2023-07-20T11:28:23.564, ubuntu22-b, mtd-zk-1, 0.883201
EXP-LOAD, 2023-07-20T11:28:33.959, ubuntu22-b, mtd-zk-1, 0.883201
EXP-LOAD, 2023-07-20T11:28:41.075, ubuntu22-b, mtd-zk-1, 0.819321
EXP-LOAD, 2023-07-20T11:28:50.321, ubuntu22-b, mtd-zk-1, 0.660204
EXP-LOAD, 2023-07-20T11:29:00.959, ubuntu22-b, mtd-zk-1, 0.660204
EXP-LOAD, 2023-07-20T11:29:08.100, ubuntu22-b, mtd-zk-1, 0.682733
EXP-LOAD, 2023-07-20T11:29:17.164, ubuntu22-b, mtd-zk-1, 0.682733
EXP-LOAD, 2023-07-20T11:29:28.318, ubuntu22-b, mtd-zk-1, 0.741237
EXP-LEAD, 2023-07-20T11:29:30.364, ubuntu22-b, mtd-zk-1, START
EXP-LEAD, 2023-07-20T11:29:34.972, ubuntu22-b, mtd-zk-1, END
EXP-LOAD, 2023-07-20T11:29:36.046, ubuntu22-b, mtd-zk-1, 0.727115
EXP-LOAD, 2023-07-20T11:29:47.561, ubuntu22-b, mtd-zk-1, 0.727115
EXP-LOAD, 2023-07-20T11:29:54.651, ubuntu22-b, mtd-zk-1, 0.669044
EXP-LOAD, 2023-07-20T11:30:02.358, ubuntu22-b, mtd-zk-1, 0.669044
EXP-LEAD, 2023-07-20T11:30:04.527, ubuntu22-b, mtd-zk-1, START
EXP-LEAD, 2023-07-20T11:30:10.129, ubuntu22-b, mtd-zk-1, END
EXP-LOAD, 2023-07-20T11:30:11.200, ubuntu22-b, mtd-zk-1, 0.644771
EXP-LEAD, 2023-07-20T11:30:12.575, ubuntu22-b, mtd-zk-1, START
EXP-LEAD, 2023-07-20T11:30:24.389, ubuntu22-b, mtd-zk-1, END
EXP-LOAD, 2023-07-20T11:30:25.447, ubuntu22-b, mtd-zk-1, 0.655811
EXP-LOAD, 2023-07-20T11:30:32.752, ubuntu22-b, mtd-zk-1, 0.655811
EXP-LOAD, 2023-07-20T11:30:41.855, ubuntu22-b, mtd-zk-1, 0.675212
EXP-LOAD, 2023-07-20T11:30:49.964, ubuntu22-b, mtd-zk-1, 0.694414
EXP-LOAD, 2023-07-20T11:30:58.045, ubuntu22-b, mtd-zk-1, 0.694414
EXP-LEAD, 2023-07-20T11:31:00.107, ubuntu22-b, mtd-zk-1, START
EXP-LEAD, 2023-07-20T11:31:06.660, ubuntu22-b, mtd-zk-1, END
EXP-LOAD, 2023-07-20T11:31:07.775, ubuntu22-b, mtd-zk-1, 0.714619
EXP-LOAD, 2023-07-20T11:31:16.241, ubuntu22-b, mtd-zk-1, 0.714619
EXP-LEAD, 2023-07-20T11:31:17.294, ubuntu22-b, mtd-zk-1, START
EXP-LEAD, 2023-07-20T11:31:21.683, ubuntu22-b, mtd-zk-1, END
EXP-LOAD, 2023-07-20T11:31:22.733, ubuntu22-b, mtd-zk-1, 0.671635
EXP-LEAD, 2023-07-20T11:31:23.387, ubuntu22-b, mtd-zk-1, START
EXP-LEAD, 2023-07-20T11:31:28.937, ubuntu22-b, mtd-zk-1, END
EXP-LOAD, 2023-07-20T11:31:30.016, ubuntu22-b, mtd-zk-1, 0.671635
EXP-LEAD, 2023-07-20T11:31:31.517, ubuntu22-b, mtd-zk-1, START
EXP-LEAD, 2023-07-20T11:31:39.066, ubuntu22-b, mtd-zk-1, END
EXP-LOAD, 2023-07-20T11:31:40.130, ubuntu22-b, mtd-zk-1, 0.681609
EXP-LEAD, 2023-07-20T11:31:41.594, ubuntu22-b, mtd-zk-1, START
EXP-LEAD, 2023-07-20T11:31:48.177, ubuntu22-b, mtd-zk-1, END
EXP-LOAD, 2023-07-20T11:31:49.219, ubuntu22-b, mtd-zk-1, 0.682611
EXP-LEAD, 2023-07-20T11:31:51.726, ubuntu22-b, mtd-zk-1, START
EXP-LEAD, 2023-07-20T11:31:59.315, ubuntu22-b, mtd-zk-1, END
EXP-LOAD, 2023-07-20T11:32:00.376, ubuntu22-b, mtd-zk-1, 0.682611
EXP-LOAD, 2023-07-20T11:32:08.904, ubuntu22-b, mtd-zk-1, 0.674808
EXP-LOAD, 2023-07-20T11:32:19.990, ubuntu22-b, mtd-zk-1, 0.602372
EXP-LOAD, 2023-07-20T11:32:28.230, ubuntu22-b, mtd-zk-1, 0.602372
EXP-LEAD, 2023-07-20T11:32:30.320, ubuntu22-b, mtd-zk-1, START
EXP-LEAD, 2023-07-20T11:32:34.866, ubuntu22-b, mtd-zk-1, END
EXP-LOAD, 2023-07-20T11:32:35.911, ubuntu22-b, mtd-zk-1, 0.709122
EXP-LOAD, 2023-07-20T11:32:45.496, ubuntu22-b, mtd-zk-1, 0.709122
EXP-LEAD, 2023-07-20T11:32:47.579, ubuntu22-b, mtd-zk-1, START
EXP-LEAD, 2023-07-20T11:32:52.044, ubuntu22-b, mtd-zk-1, END
EXP-LOAD, 2023-07-20T11:32:53.102, ubuntu22-b, mtd-zk-1, 0.726604
EXP-LOAD, 2023-07-20T11:33:00.729, ubuntu22-b, mtd-zk-1, 0.726604
EXP-LEAD, 2023-07-20T11:33:02.777, ubuntu22-b, mtd-zk-1, START
EXP-LEAD, 2023-07-20T11:33:11.363, ubuntu22-b, mtd-zk-1, END
EXP-LOAD, 2023-07-20T11:33:12.417, ubuntu22-b, mtd-zk-1, 0.697708
EXP-LOAD, 2023-07-20T11:33:20.555, ubuntu22-b, mtd-zk-1, 0.671626
EXP-LOAD, 2023-07-20T11:33:30.652, ubuntu22-b, mtd-zk-1, 0.671626
EXP-LOAD, 2023-07-20T11:33:36.789, ubuntu22-b, mtd-zk-1, 0.662919
EXP-LOAD, 2023-07-20T11:33:44.860, ubuntu22-b, mtd-zk-1, 0.662919
EXP-LOAD, 2023-07-20T11:33:55.031, ubuntu22-b, mtd-zk-1, 0.718428
EXP-LEAD, 2023-07-20T11:33:56.075, ubuntu22-b, mtd-zk-1, START
EXP-LEAD, 2023-07-20T11:34:01.730, ubuntu22-b, mtd-zk-1, END
EXP-LOAD, 2023-07-20T11:34:02.784, ubuntu22-b, mtd-zk-1, 0.718428
EXP-LEAD, 2023-07-20T11:34:03.882, ubuntu22-b, mtd-zk-1, START
EXP-LEAD, 2023-07-20T11:34:08.505, ubuntu22-b, mtd-zk-1, END
EXP-LOAD, 2023-07-20T11:34:09.560, ubuntu22-b, mtd-zk-1, 0.692927
EXP-LOAD, 2023-07-20T11:34:19.692, ubuntu22-b, mtd-zk-1, 0.679813
EXP-LEAD, 2023-07-20T11:34:20.715, ubuntu22-b, mtd-zk-1, START
EXP-LEAD, 2023-07-20T11:34:26.193, ubuntu22-b, mtd-zk-1, END
EXP-LOAD, 2023-07-20T11:34:27.230, ubuntu22-b, mtd-zk-1, 0.679813
EXP-LOAD, 2023-07-20T11:34:36.876, ubuntu22-b, mtd-zk-1, 0.662221
EXP-LOAD, 2023-07-20T11:34:46.949, ubuntu22-b, mtd-zk-1, 0.662221
EXP-LEAD, 2023-07-20T11:34:47.985, ubuntu22-b, mtd-zk-1, START
EXP-LEAD, 2023-07-20T11:34:52.428, ubuntu22-b, mtd-zk-1, END
EXP-LOAD, 2023-07-20T11:34:53.485, ubuntu22-b, mtd-zk-1, 0.713634
EXP-LOAD, 2023-07-20T11:35:02.145, ubuntu22-b, mtd-zk-1, 0.713634
EXP-LOAD, 2023-07-20T11:35:13.245, ubuntu22-b, mtd-zk-1, 0.649514
EXP-LOAD, 2023-07-20T11:35:23.348, ubuntu22-b, mtd-zk-1, 0.664610
EXP-LEAD, 2023-07-20T11:35:24.389, ubuntu22-b, mtd-zk-1, START
EXP-LEAD, 2023-07-20T11:35:32.980, ubuntu22-b, mtd-zk-1, END
EXP-LOAD, 2023-07-20T11:35:34.029, ubuntu22-b, mtd-zk-1, 0.649422
EXP-LOAD, 2023-07-20T11:35:40.180, ubuntu22-b, mtd-zk-1, 0.649422
EXP-LOAD, 2023-07-20T11:35:52.229, ubuntu22-b, mtd-zk-1, 0.731410
EXP-LOAD, 2023-07-20T11:36:00.348, ubuntu22-b, mtd-zk-1, 0.731410
EXP-LOAD, 2023-07-20T11:36:06.559, ubuntu22-b, mtd-zk-1, 0.703014
EXP-LOAD, 2023-07-20T11:36:17.626, ubuntu22-b, mtd-zk-1, 0.703014
EXP-LEAD, 2023-07-20T11:36:18.123, ubuntu22-b, mtd-zk-1, START
EXP-LEAD, 2023-07-20T11:36:22.771, ubuntu22-b, mtd-zk-1, END
EXP-LOAD, 2023-07-20T11:36:23.824, ubuntu22-b, mtd-zk-1, 0.698838
EXP-LOAD, 2023-07-20T11:36:34.262, ubuntu22-b, mtd-zk-1, 0.678632
EXP-LOAD, 2023-07-20T11:36:42.352, ubuntu22-b, mtd-zk-1, 0.678632
EXP-LOAD, 2023-07-20T11:36:50.870, ubuntu22-b, mtd-zk-1, 0.665821
EXP-LEAD, 2023-07-20T11:36:52.915, ubuntu22-b, mtd-zk-1, START
EXP-LEAD, 2023-07-20T11:36:57.356, ubuntu22-b, mtd-zk-1, END
EXP-LOAD, 2023-07-20T11:36:58.406, ubuntu22-b, mtd-zk-1, 0.665821
EXP-LOAD, 2023-07-20T11:37:10.084, ubuntu22-b, mtd-zk-1, 0.707614
EXP-LEAD, 2023-07-20T11:37:11.120, ubuntu22-b, mtd-zk-1, START
EXP-LEAD, 2023-07-20T11:37:16.597, ubuntu22-b, mtd-zk-1, END
EXP-LOAD, 2023-07-20T11:37:17.669, ubuntu22-b, mtd-zk-1, 0.707614
EXP-LOAD, 2023-07-20T11:37:28.291, ubuntu22-b, mtd-zk-1, 0.651512
EXP-LOAD, 2023-07-20T11:37:35.432, ubuntu22-b, mtd-zk-1, 0.716623
