EXP-LOAD, 2023-07-19T13:38:41.043, ubuntu22-c, mtd-zk-1, 0.574707
EXP-LOAD, 2023-07-19T13:38:50.868, ubuntu22-c, mtd-zk-1, 0.745403
EXP-LOAD, 2023-07-19T13:39:00.044, ubuntu22-c, mtd-zk-1, 0.745403
EXP-LOAD, 2023-07-19T13:39:09.742, ubuntu22-c, mtd-zk-1, 0.664723
EXP-LOAD, 2023-07-19T13:39:18.745, ubuntu22-c, mtd-zk-1, 0.664723
EXP-LOAD, 2023-07-19T13:39:25.954, ubuntu22-c, mtd-zk-1, 0.637204
EXP-LEAD, 2023-07-19T13:39:28.095, ubuntu22-c, mtd-zk-1, START
EXP-LEAD, 2023-07-19T13:39:34.906, ubuntu22-c, mtd-zk-1, END
EXP-LOAD, 2023-07-19T13:39:36.049, ubuntu22-c, mtd-zk-1, 0.733856
EXP-LOAD, 2023-07-19T13:39:46.351, ubuntu22-c, mtd-zk-1, 0.733856
EXP-LOAD, 2023-07-19T13:39:53.962, ubuntu22-c, mtd-zk-1, 0.658206
EXP-LOAD, 2023-07-19T13:40:02.851, ubuntu22-c, mtd-zk-1, 0.658206
EXP-LEAD, 2023-07-19T13:40:04.896, ubuntu22-c, mtd-zk-1, START
EXP-LEAD, 2023-07-19T13:40:14.192, ubuntu22-c, mtd-zk-1, END
EXP-LOAD, 2023-07-19T13:40:15.373, ubuntu22-c, mtd-zk-1, 0.706121
EXP-LOAD, 2023-07-19T13:40:22.129, ubuntu22-c, mtd-zk-1, 0.672816
EXP-LEAD, 2023-07-19T13:40:24.189, ubuntu22-c, mtd-zk-1, START
EXP-LEAD, 2023-07-19T13:40:33.069, ubuntu22-c, mtd-zk-1, END
EXP-LOAD, 2023-07-19T13:40:34.215, ubuntu22-c, mtd-zk-1, 0.650031
EXP-LOAD, 2023-07-19T13:40:42.446, ubuntu22-c, mtd-zk-1, 0.650031
EXP-LOAD, 2023-07-19T13:40:56.762, ubuntu22-c, mtd-zk-1, 0.715712
EXP-LOAD, 2023-07-19T13:41:06.798, ubuntu22-c, mtd-zk-1, 0.599406
EXP-LOAD, 2023-07-19T13:41:15.111, ubuntu22-c, mtd-zk-1, 0.599406
EXP-LOAD, 2023-07-19T13:41:25.693, ubuntu22-c, mtd-zk-1, 0.661821
EXP-LOAD, 2023-07-19T13:41:34.405, ubuntu22-c, mtd-zk-1, 0.634405
EXP-LOAD, 2023-07-19T13:41:45.596, ubuntu22-c, mtd-zk-1, 0.634405
EXP-LOAD, 2023-07-19T13:41:53.870, ubuntu22-c, mtd-zk-1, 0.683826
EXP-LOAD, 2023-07-19T13:42:05.329, ubuntu22-c, mtd-zk-1, 0.696478
EXP-LOAD, 2023-07-19T13:42:14.416, ubuntu22-c, mtd-zk-1, 0.696478
EXP-LOAD, 2023-07-19T13:42:26.583, ubuntu22-c, mtd-zk-1, 0.641730
EXP-LOAD, 2023-07-19T13:42:34.724, ubuntu22-c, mtd-zk-1, 0.593811
EXP-LOAD, 2023-07-19T13:42:41.856, ubuntu22-c, mtd-zk-1, 0.593811
EXP-LEAD, 2023-07-19T13:42:42.860, ubuntu22-c, mtd-zk-1, START
EXP-LEAD, 2023-07-19T13:42:50.760, ubuntu22-c, mtd-zk-1, END
EXP-LOAD, 2023-07-19T13:42:51.824, ubuntu22-c, mtd-zk-1, 0.733618
EXP-LOAD, 2023-07-19T13:42:58.076, ubuntu22-c, mtd-zk-1, 0.733618
EXP-LOAD, 2023-07-19T13:43:07.250, ubuntu22-c, mtd-zk-1, 0.610404
EXP-LOAD, 2023-07-19T13:43:15.360, ubuntu22-c, mtd-zk-1, 0.610404
EXP-LOAD, 2023-07-19T13:43:24.404, ubuntu22-c, mtd-zk-1, 0.639538
EXP-LEAD, 2023-07-19T13:43:25.490, ubuntu22-c, mtd-zk-1, START
EXP-LEAD, 2023-07-19T13:43:33.314, ubuntu22-c, mtd-zk-1, END
EXP-LOAD, 2023-07-19T13:43:34.390, ubuntu22-c, mtd-zk-1, 0.739823
EXP-LOAD, 2023-07-19T13:43:41.737, ubuntu22-c, mtd-zk-1, 0.739823
EXP-LOAD, 2023-07-19T13:43:49.814, ubuntu22-c, mtd-zk-1, 0.708806
EXP-LOAD, 2023-07-19T13:43:59.978, ubuntu22-c, mtd-zk-1, 0.708806
EXP-LOAD, 2023-07-19T13:44:09.484, ubuntu22-c, mtd-zk-1, 0.651008
EXP-LOAD, 2023-07-19T13:44:18.305, ubuntu22-c, mtd-zk-1, 0.651008
EXP-LOAD, 2023-07-19T13:44:29.451, ubuntu22-c, mtd-zk-1, 0.659010
EXP-LOAD, 2023-07-19T13:44:36.706, ubuntu22-c, mtd-zk-1, 0.638404
EXP-LOAD, 2023-07-19T13:44:46.280, ubuntu22-c, mtd-zk-1, 0.638404
EXP-LOAD, 2023-07-19T13:44:54.375, ubuntu22-c, mtd-zk-1, 0.681407
EXP-LOAD, 2023-07-19T13:45:03.514, ubuntu22-c, mtd-zk-1, 0.681407
EXP-LOAD, 2023-07-19T13:45:12.637, ubuntu22-c, mtd-zk-1, 0.737827
EXP-LOAD, 2023-07-19T13:45:21.840, ubuntu22-c, mtd-zk-1, 0.673012
EXP-LEAD, 2023-07-19T13:45:22.588, ubuntu22-c, mtd-zk-1, START
EXP-LEAD, 2023-07-19T13:45:27.481, ubuntu22-c, mtd-zk-1, END
EXP-LOAD, 2023-07-19T13:45:28.535, ubuntu22-c, mtd-zk-1, 0.673012
EXP-LOAD, 2023-07-19T13:45:34.772, ubuntu22-c, mtd-zk-1, 0.728016
EXP-LEAD, 2023-07-19T13:45:35.823, ubuntu22-c, mtd-zk-1, START
EXP-LEAD, 2023-07-19T13:45:40.720, ubuntu22-c, mtd-zk-1, END
EXP-LOAD, 2023-07-19T13:45:41.784, ubuntu22-c, mtd-zk-1, 0.728016
EXP-LOAD, 2023-07-19T13:45:51.987, ubuntu22-c, mtd-zk-1, 0.714712
EXP-LOAD, 2023-07-19T13:46:01.102, ubuntu22-c, mtd-zk-1, 0.714712
EXP-LOAD, 2023-07-19T13:46:11.288, ubuntu22-c, mtd-zk-1, 0.657213
EXP-LOAD, 2023-07-19T13:46:21.335, ubuntu22-c, mtd-zk-1, 0.649532
EXP-LOAD, 2023-07-19T13:46:29.488, ubuntu22-c, mtd-zk-1, 0.649532
EXP-LEAD, 2023-07-19T13:46:31.500, ubuntu22-c, mtd-zk-1, START
EXP-LEAD, 2023-07-19T13:46:39.437, ubuntu22-c, mtd-zk-1, END
EXP-LOAD, 2023-07-19T13:46:40.519, ubuntu22-c, mtd-zk-1, 0.683239
EXP-LOAD, 2023-07-19T13:46:48.737, ubuntu22-c, mtd-zk-1, 0.683239
EXP-LOAD, 2023-07-19T13:46:57.896, ubuntu22-c, mtd-zk-1, 0.699423
EXP-LOAD, 2023-07-19T13:47:04.989, ubuntu22-c, mtd-zk-1, 0.641003
EXP-LOAD, 2023-07-19T13:47:17.164, ubuntu22-c, mtd-zk-1, 0.641003
EXP-LOAD, 2023-07-19T13:47:24.788, ubuntu22-c, mtd-zk-1, 0.676332
EXP-LEAD, 2023-07-19T13:47:26.342, ubuntu22-c, mtd-zk-1, START
EXP-LEAD, 2023-07-19T13:47:32.147, ubuntu22-c, mtd-zk-1, END
EXP-LOAD, 2023-07-19T13:47:33.226, ubuntu22-c, mtd-zk-1, 0.676332
EXP-LOAD, 2023-07-19T13:47:43.522, ubuntu22-c, mtd-zk-1, 0.687605
EXP-LOAD, 2023-07-19T13:47:53.658, ubuntu22-c, mtd-zk-1, 0.672943
EXP-LOAD, 2023-07-19T13:48:00.781, ubuntu22-c, mtd-zk-1, 0.672943
EXP-LOAD, 2023-07-19T13:48:11.103, ubuntu22-c, mtd-zk-1, 0.754606
EXP-LOAD, 2023-07-19T13:48:20.080, ubuntu22-c, mtd-zk-1, 0.640524
EXP-LOAD, 2023-07-19T13:48:27.275, ubuntu22-c, mtd-zk-1, 0.640524
EXP-LOAD, 2023-07-19T13:48:38.395, ubuntu22-c, mtd-zk-1, 0.667266
EXP-LOAD, 2023-07-19T13:48:45.520, ubuntu22-c, mtd-zk-1, 0.667266
EXP-LOAD, 2023-07-19T13:48:53.732, ubuntu22-c, mtd-zk-1, 0.672108
EXP-LOAD, 2023-07-19T13:49:04.884, ubuntu22-c, mtd-zk-1, 0.730202
EXP-LOAD, 2023-07-19T13:49:12.022, ubuntu22-c, mtd-zk-1, 0.730202
EXP-LOAD, 2023-07-19T13:49:23.183, ubuntu22-c, mtd-zk-1, 0.619223
EXP-LOAD, 2023-07-19T13:49:32.319, ubuntu22-c, mtd-zk-1, 0.619223
EXP-LOAD, 2023-07-19T13:49:38.456, ubuntu22-c, mtd-zk-1, 0.669205
EXP-LOAD, 2023-07-19T13:49:49.570, ubuntu22-c, mtd-zk-1, 0.639006
EXP-LOAD, 2023-07-19T13:49:59.164, ubuntu22-c, mtd-zk-1, 0.639006
EXP-LOAD, 2023-07-19T13:50:06.309, ubuntu22-c, mtd-zk-1, 0.656034
EXP-LOAD, 2023-07-19T13:50:14.528, ubuntu22-c, mtd-zk-1, 0.656034
EXP-LOAD, 2023-07-19T13:50:21.662, ubuntu22-c, mtd-zk-1, 0.678820
EXP-LEAD, 2023-07-19T13:50:23.668, ubuntu22-c, mtd-zk-1, START
EXP-LEAD, 2023-07-19T13:50:28.268, ubuntu22-c, mtd-zk-1, END
EXP-LOAD, 2023-07-19T13:50:29.391, ubuntu22-c, mtd-zk-1, 0.678820
EXP-LOAD, 2023-07-19T13:50:36.839, ubuntu22-c, mtd-zk-1, 0.742825
EXP-LOAD, 2023-07-19T13:50:48.922, ubuntu22-c, mtd-zk-1, 0.742825
EXP-LOAD, 2023-07-19T13:50:57.071, ubuntu22-c, mtd-zk-1, 0.675207
EXP-LOAD, 2023-07-19T13:51:07.266, ubuntu22-c, mtd-zk-1, 0.785403
EXP-LOAD, 2023-07-19T13:51:13.388, ubuntu22-c, mtd-zk-1, 0.785403
EXP-LOAD, 2023-07-19T13:51:23.513, ubuntu22-c, mtd-zk-1, 0.637162
EXP-LEAD, 2023-07-19T13:51:25.539, ubuntu22-c, mtd-zk-1, START
EXP-LEAD, 2023-07-19T13:51:31.208, ubuntu22-c, mtd-zk-1, END
EXP-LOAD, 2023-07-19T13:51:32.370, ubuntu22-c, mtd-zk-1, 0.637162
EXP-LOAD, 2023-07-19T13:51:42.695, ubuntu22-c, mtd-zk-1, 0.672405
EXP-LOAD, 2023-07-19T13:51:51.826, ubuntu22-c, mtd-zk-1, 0.650702
EXP-LOAD, 2023-07-19T13:51:58.968, ubuntu22-c, mtd-zk-1, 0.650702
EXP-LOAD, 2023-07-19T13:52:08.058, ubuntu22-c, mtd-zk-1, 0.628611
EXP-LOAD, 2023-07-19T13:52:16.204, ubuntu22-c, mtd-zk-1, 0.628611
EXP-LOAD, 2023-07-19T13:52:27.375, ubuntu22-c, mtd-zk-1, 0.695421
EXP-LOAD, 2023-07-19T13:52:34.505, ubuntu22-c, mtd-zk-1, 0.596605
EXP-LEAD, 2023-07-19T13:52:35.607, ubuntu22-c, mtd-zk-1, START
EXP-LEAD, 2023-07-19T13:52:41.313, ubuntu22-c, mtd-zk-1, END
EXP-LOAD, 2023-07-19T13:52:42.409, ubuntu22-c, mtd-zk-1, 0.596605
EXP-LEAD, 2023-07-19T13:52:43.878, ubuntu22-c, mtd-zk-1, START
EXP-LEAD, 2023-07-19T13:52:49.521, ubuntu22-c, mtd-zk-1, END
EXP-LOAD, 2023-07-19T13:52:50.569, ubuntu22-c, mtd-zk-1, 0.729038
EXP-LOAD, 2023-07-19T13:53:01.089, ubuntu22-c, mtd-zk-1, 0.729038
EXP-LOAD, 2023-07-19T13:53:09.318, ubuntu22-c, mtd-zk-1, 0.659001
EXP-LOAD, 2023-07-19T13:53:18.352, ubuntu22-c, mtd-zk-1, 0.659001
EXP-LOAD, 2023-07-19T13:53:27.504, ubuntu22-c, mtd-zk-1, 0.676433
EXP-LOAD, 2023-07-19T13:53:36.634, ubuntu22-c, mtd-zk-1, 0.743608
EXP-LOAD, 2023-07-19T13:53:43.784, ubuntu22-c, mtd-zk-1, 0.743608
EXP-LOAD, 2023-07-19T13:53:53.848, ubuntu22-c, mtd-zk-1, 0.608439
EXP-LOAD, 2023-07-19T13:54:00.957, ubuntu22-c, mtd-zk-1, 0.608439
EXP-LOAD, 2023-07-19T13:54:12.119, ubuntu22-c, mtd-zk-1, 0.701502
EXP-LOAD, 2023-07-19T13:54:18.222, ubuntu22-c, mtd-zk-1, 0.701502
EXP-LOAD, 2023-07-19T13:54:27.346, ubuntu22-c, mtd-zk-1, 0.669406
EXP-LOAD, 2023-07-19T13:54:35.481, ubuntu22-c, mtd-zk-1, 0.638111
EXP-LOAD, 2023-07-19T13:54:47.688, ubuntu22-c, mtd-zk-1, 0.638111
EXP-LEAD, 2023-07-19T13:54:49.629, ubuntu22-c, mtd-zk-1, START
EXP-LEAD, 2023-07-19T13:54:56.321, ubuntu22-c, mtd-zk-1, END
EXP-LOAD, 2023-07-19T13:54:57.377, ubuntu22-c, mtd-zk-1, 0.642006
EXP-LEAD, 2023-07-19T13:54:59.096, ubuntu22-c, mtd-zk-1, START
EXP-LEAD, 2023-07-19T13:55:05.211, ubuntu22-c, mtd-zk-1, END
EXP-LOAD, 2023-07-19T13:55:06.285, ubuntu22-c, mtd-zk-1, 0.625009
EXP-LEAD, 2023-07-19T13:55:08.377, ubuntu22-c, mtd-zk-1, START
EXP-LEAD, 2023-07-19T13:55:15.166, ubuntu22-c, mtd-zk-1, END
EXP-LOAD, 2023-07-19T13:55:16.288, ubuntu22-c, mtd-zk-1, 0.625009
EXP-LOAD, 2023-07-19T13:55:28.613, ubuntu22-c, mtd-zk-1, 0.738605
EXP-LOAD, 2023-07-19T13:55:36.722, ubuntu22-c, mtd-zk-1, 0.621453
EXP-LOAD, 2023-07-19T13:55:44.901, ubuntu22-c, mtd-zk-1, 0.621453
EXP-LOAD, 2023-07-19T13:55:53.041, ubuntu22-c, mtd-zk-1, 0.661621
EXP-LOAD, 2023-07-19T13:56:01.221, ubuntu22-c, mtd-zk-1, 0.661621
EXP-LOAD, 2023-07-19T13:56:08.211, ubuntu22-c, mtd-zk-1, 0.690010
EXP-LOAD, 2023-07-19T13:56:18.629, ubuntu22-c, mtd-zk-1, 0.690010
EXP-LEAD, 2023-07-19T13:56:21.392, ubuntu22-c, mtd-zk-1, START
EXP-LEAD, 2023-07-19T13:56:25.941, ubuntu22-c, mtd-zk-1, END
EXP-LOAD, 2023-07-19T13:56:27.062, ubuntu22-c, mtd-zk-1, 0.726630
EXP-LOAD, 2023-07-19T13:56:46.592, ubuntu22-c, mtd-zk-1, 0.649232
EXP-LOAD, 2023-07-19T13:56:52.774, ubuntu22-c, mtd-zk-1, 0.812001
EXP-LEAD, 2023-07-19T13:56:54.353, ubuntu22-c, mtd-zk-1, START
EXP-LEAD, 2023-07-19T13:57:03.132, ubuntu22-c, mtd-zk-1, END
EXP-LOAD, 2023-07-19T13:57:04.232, ubuntu22-c, mtd-zk-1, 0.665418
EXP-LEAD, 2023-07-19T13:57:05.498, ubuntu22-c, mtd-zk-1, START
EXP-LEAD, 2023-07-19T13:57:10.158, ubuntu22-c, mtd-zk-1, END
EXP-LOAD, 2023-07-19T13:57:11.251, ubuntu22-c, mtd-zk-1, 0.665418
EXP-LOAD, 2023-07-19T13:57:20.738, ubuntu22-c, mtd-zk-1, 0.674204
EXP-LEAD, 2023-07-19T13:57:22.829, ubuntu22-c, mtd-zk-1, START
EXP-LEAD, 2023-07-19T13:57:27.331, ubuntu22-c, mtd-zk-1, END
EXP-LOAD, 2023-07-19T13:57:28.386, ubuntu22-c, mtd-zk-1, 0.674204
EXP-LOAD, 2023-07-19T13:57:37.012, ubuntu22-c, mtd-zk-1, 0.654010
EXP-LEAD, 2023-07-19T13:57:38.996, ubuntu22-c, mtd-zk-1, START
EXP-LEAD, 2023-07-19T13:57:43.560, ubuntu22-c, mtd-zk-1, END
EXP-LOAD, 2023-07-19T13:57:44.629, ubuntu22-c, mtd-zk-1, 0.654010
EXP-LOAD, 2023-07-19T13:57:53.182, ubuntu22-c, mtd-zk-1, 0.745872
EXP-LOAD, 2023-07-19T13:58:02.315, ubuntu22-c, mtd-zk-1, 0.745872
EXP-LEAD, 2023-07-19T13:58:03.347, ubuntu22-c, mtd-zk-1, START
EXP-LEAD, 2023-07-19T13:58:08.075, ubuntu22-c, mtd-zk-1, END
EXP-LOAD, 2023-07-19T13:58:09.177, ubuntu22-c, mtd-zk-1, 0.685411
EXP-LOAD, 2023-07-19T13:58:17.567, ubuntu22-c, mtd-zk-1, 0.685411
EXP-LOAD, 2023-07-19T13:58:23.679, ubuntu22-c, mtd-zk-1, 0.764408
EXP-LOAD, 2023-07-19T13:58:35.823, ubuntu22-c, mtd-zk-1, 0.666610
EXP-LOAD, 2023-07-19T13:58:43.949, ubuntu22-c, mtd-zk-1, 0.666610
EXP-LOAD, 2023-07-19T13:58:52.087, ubuntu22-c, mtd-zk-1, 0.689209
EXP-LOAD, 2023-07-19T13:59:00.201, ubuntu22-c, mtd-zk-1, 0.689209
EXP-LOAD, 2023-07-19T13:59:08.883, ubuntu22-c, mtd-zk-1, 0.649538
EXP-LOAD, 2023-07-19T13:59:20.010, ubuntu22-c, mtd-zk-1, 0.715606
EXP-LOAD, 2023-07-19T13:59:28.085, ubuntu22-c, mtd-zk-1, 0.715606
EXP-LOAD, 2023-07-19T13:59:38.769, ubuntu22-c, mtd-zk-1, 0.622408
EXP-LOAD, 2023-07-19T13:59:47.891, ubuntu22-c, mtd-zk-1, 0.622408
EXP-LOAD, 2023-07-19T13:59:57.113, ubuntu22-c, mtd-zk-1, 0.598414
EXP-LEAD, 2023-07-19T13:59:58.662, ubuntu22-c, mtd-zk-1, START
EXP-LEAD, 2023-07-19T14:00:04.410, ubuntu22-c, mtd-zk-1, END
EXP-LOAD, 2023-07-19T14:00:05.469, ubuntu22-c, mtd-zk-1, 0.615508
EXP-LOAD, 2023-07-19T14:00:14.901, ubuntu22-c, mtd-zk-1, 0.615508
EXP-LOAD, 2023-07-19T14:00:27.086, ubuntu22-c, mtd-zk-1, 0.673421
EXP-LOAD, 2023-07-19T14:00:35.216, ubuntu22-c, mtd-zk-1, 0.603820
EXP-LOAD, 2023-07-19T14:00:42.343, ubuntu22-c, mtd-zk-1, 0.603820
EXP-LOAD, 2023-07-19T14:00:49.448, ubuntu22-c, mtd-zk-1, 0.714813
EXP-LOAD, 2023-07-19T14:01:01.576, ubuntu22-c, mtd-zk-1, 0.714813
EXP-LOAD, 2023-07-19T14:01:09.695, ubuntu22-c, mtd-zk-1, 0.648534
EXP-LOAD, 2023-07-19T14:01:19.857, ubuntu22-c, mtd-zk-1, 0.738027
EXP-LOAD, 2023-07-19T14:01:28.966, ubuntu22-c, mtd-zk-1, 0.738027
EXP-LOAD, 2023-07-19T14:01:37.100, ubuntu22-c, mtd-zk-1, 0.626026
EXP-LOAD, 2023-07-19T14:01:44.736, ubuntu22-c, mtd-zk-1, 0.626026
EXP-LOAD, 2023-07-19T14:01:53.844, ubuntu22-c, mtd-zk-1, 0.726011
EXP-LOAD, 2023-07-19T14:02:01.973, ubuntu22-c, mtd-zk-1, 0.726011
EXP-LOAD, 2023-07-19T14:02:13.096, ubuntu22-c, mtd-zk-1, 0.649628
EXP-LOAD, 2023-07-19T14:02:19.233, ubuntu22-c, mtd-zk-1, 0.679415
EXP-LOAD, 2023-07-19T14:02:25.707, ubuntu22-c, mtd-zk-1, 0.679415
EXP-LOAD, 2023-07-19T14:02:38.806, ubuntu22-c, mtd-zk-1, 0.666509
EXP-LOAD, 2023-07-19T14:02:46.910, ubuntu22-c, mtd-zk-1, 0.666509
EXP-LOAD, 2023-07-19T14:02:56.017, ubuntu22-c, mtd-zk-1, 0.666007
EXP-LOAD, 2023-07-19T14:03:05.166, ubuntu22-c, mtd-zk-1, 0.627619
EXP-LOAD, 2023-07-19T14:03:16.235, ubuntu22-c, mtd-zk-1, 0.627619
EXP-LOAD, 2023-07-19T14:03:25.887, ubuntu22-c, mtd-zk-1, 0.689409
EXP-LOAD, 2023-07-19T14:03:36.027, ubuntu22-c, mtd-zk-1, 0.597803
EXP-LOAD, 2023-07-19T14:03:44.136, ubuntu22-c, mtd-zk-1, 0.597803
EXP-LOAD, 2023-07-19T14:03:51.304, ubuntu22-c, mtd-zk-1, 0.593656
EXP-LOAD, 2023-07-19T14:04:02.414, ubuntu22-c, mtd-zk-1, 0.593656
EXP-LOAD, 2023-07-19T14:04:09.507, ubuntu22-c, mtd-zk-1, 0.666866
EXP-LEAD, 2023-07-19T14:04:11.648, ubuntu22-c, mtd-zk-1, START
EXP-LEAD, 2023-07-19T14:04:17.236, ubuntu22-c, mtd-zk-1, END
EXP-LOAD, 2023-07-19T14:04:18.302, ubuntu22-c, mtd-zk-1, 0.666866
EXP-LEAD, 2023-07-19T14:04:19.619, ubuntu22-c, mtd-zk-1, START
EXP-LEAD, 2023-07-19T14:04:28.333, ubuntu22-c, mtd-zk-1, END
EXP-LOAD, 2023-07-19T14:04:29.406, ubuntu22-c, mtd-zk-1, 0.744633
EXP-LEAD, 2023-07-19T14:04:30.702, ubuntu22-c, mtd-zk-1, START
EXP-LEAD, 2023-07-19T14:04:36.332, ubuntu22-c, mtd-zk-1, END
EXP-LOAD, 2023-07-19T14:04:37.401, ubuntu22-c, mtd-zk-1, 0.644905
EXP-LEAD, 2023-07-19T14:04:38.813, ubuntu22-c, mtd-zk-1, START
EXP-LEAD, 2023-07-19T14:04:46.777, ubuntu22-c, mtd-zk-1, END
EXP-LOAD, 2023-07-19T14:04:47.914, ubuntu22-c, mtd-zk-1, 0.644905
EXP-LOAD, 2023-07-19T14:04:53.076, ubuntu22-c, mtd-zk-1, 0.639836
EXP-LEAD, 2023-07-19T14:04:54.665, ubuntu22-c, mtd-zk-1, START
EXP-LEAD, 2023-07-19T14:05:00.289, ubuntu22-c, mtd-zk-1, END
EXP-LOAD, 2023-07-19T14:05:01.365, ubuntu22-c, mtd-zk-1, 0.639836
EXP-LOAD, 2023-07-19T14:05:09.471, ubuntu22-c, mtd-zk-1, 0.653815
EXP-LOAD, 2023-07-19T14:05:18.312, ubuntu22-c, mtd-zk-1, 0.653815
EXP-LOAD, 2023-07-19T14:05:32.273, ubuntu22-c, mtd-zk-1, 0.669840
EXP-LOAD, 2023-07-19T14:05:40.349, ubuntu22-c, mtd-zk-1, 0.680316
EXP-LOAD, 2023-07-19T14:05:51.499, ubuntu22-c, mtd-zk-1, 0.699242
EXP-LOAD, 2023-07-19T14:06:00.617, ubuntu22-c, mtd-zk-1, 0.699242
EXP-LOAD, 2023-07-19T14:06:07.285, ubuntu22-c, mtd-zk-1, 0.634237
EXP-LEAD, 2023-07-19T14:06:09.224, ubuntu22-c, mtd-zk-1, START
EXP-LEAD, 2023-07-19T14:06:14.951, ubuntu22-c, mtd-zk-1, END
EXP-LOAD, 2023-07-19T14:06:16.024, ubuntu22-c, mtd-zk-1, 0.634237
EXP-LOAD, 2023-07-19T14:06:23.563, ubuntu22-c, mtd-zk-1, 0.641250
EXP-LOAD, 2023-07-19T14:06:30.571, ubuntu22-c, mtd-zk-1, 0.641250
EXP-LOAD, 2023-07-19T14:06:42.667, ubuntu22-c, mtd-zk-1, 0.741015
EXP-LEAD, 2023-07-19T14:06:44.683, ubuntu22-c, mtd-zk-1, START
EXP-LEAD, 2023-07-19T14:06:50.266, ubuntu22-c, mtd-zk-1, END
EXP-LOAD, 2023-07-19T14:06:51.342, ubuntu22-c, mtd-zk-1, 0.704517
EXP-LOAD, 2023-07-19T14:06:59.887, ubuntu22-c, mtd-zk-1, 0.704517
EXP-LOAD, 2023-07-19T14:07:10.006, ubuntu22-c, mtd-zk-1, 0.637813
EXP-LOAD, 2023-07-19T14:07:18.104, ubuntu22-c, mtd-zk-1, 0.637813
EXP-LOAD, 2023-07-19T14:07:25.786, ubuntu22-c, mtd-zk-1, 0.662425
EXP-LOAD, 2023-07-19T14:07:34.496, ubuntu22-c, mtd-zk-1, 0.745419
EXP-LOAD, 2023-07-19T14:07:44.672, ubuntu22-c, mtd-zk-1, 0.745419
EXP-LEAD, 2023-07-19T14:07:46.709, ubuntu22-c, mtd-zk-1, START
EXP-LEAD, 2023-07-19T14:07:51.312, ubuntu22-c, mtd-zk-1, END
EXP-LOAD, 2023-07-19T14:07:52.381, ubuntu22-c, mtd-zk-1, 0.647822
EXP-LOAD, 2023-07-19T14:08:02.879, ubuntu22-c, mtd-zk-1, 0.647822
EXP-LOAD, 2023-07-19T14:08:09.862, ubuntu22-c, mtd-zk-1, 0.671443
EXP-LOAD, 2023-07-19T14:08:18.497, ubuntu22-c, mtd-zk-1, 0.671443
EXP-LEAD, 2023-07-19T14:08:20.486, ubuntu22-c, mtd-zk-1, START
EXP-LEAD, 2023-07-19T14:08:26.173, ubuntu22-c, mtd-zk-1, END
EXP-LOAD, 2023-07-19T14:08:27.253, ubuntu22-c, mtd-zk-1, 0.639814
EXP-LOAD, 2023-07-19T14:08:34.743, ubuntu22-c, mtd-zk-1, 0.690205
EXP-LOAD, 2023-07-19T14:08:45.987, ubuntu22-c, mtd-zk-1, 0.690205
EXP-LOAD, 2023-07-19T14:08:52.099, ubuntu22-c, mtd-zk-1, 0.639535
EXP-LOAD, 2023-07-19T14:09:02.655, ubuntu22-c, mtd-zk-1, 0.639535
EXP-LOAD, 2023-07-19T14:09:10.205, ubuntu22-c, mtd-zk-1, 0.683004
EXP-LOAD, 2023-07-19T14:09:21.364, ubuntu22-c, mtd-zk-1, 0.632718
EXP-LOAD, 2023-07-19T14:09:28.109, ubuntu22-c, mtd-zk-1, 0.632718
EXP-LEAD, 2023-07-19T14:09:30.179, ubuntu22-c, mtd-zk-1, START
EXP-LEAD, 2023-07-19T14:09:37.843, ubuntu22-c, mtd-zk-1, END
EXP-LOAD, 2023-07-19T14:09:38.921, ubuntu22-c, mtd-zk-1, 0.713006
EXP-LOAD, 2023-07-19T14:09:46.313, ubuntu22-c, mtd-zk-1, 0.713006
EXP-LOAD, 2023-07-19T14:09:55.404, ubuntu22-c, mtd-zk-1, 0.675921
EXP-LOAD, 2023-07-19T14:10:04.539, ubuntu22-c, mtd-zk-1, 0.705676
EXP-LOAD, 2023-07-19T14:10:13.779, ubuntu22-c, mtd-zk-1, 0.705676
EXP-LEAD, 2023-07-19T14:10:15.851, ubuntu22-c, mtd-zk-1, START
EXP-LEAD, 2023-07-19T14:10:26.766, ubuntu22-c, mtd-zk-1, END
EXP-LOAD, 2023-07-19T14:10:27.885, ubuntu22-c, mtd-zk-1, 0.680322
EXP-LOAD, 2023-07-19T14:10:35.161, ubuntu22-c, mtd-zk-1, 0.708007
EXP-LOAD, 2023-07-19T14:10:43.190, ubuntu22-c, mtd-zk-1, 0.708007
EXP-LOAD, 2023-07-19T14:10:53.313, ubuntu22-c, mtd-zk-1, 0.699518
EXP-LOAD, 2023-07-19T14:10:59.791, ubuntu22-c, mtd-zk-1, 0.699518
EXP-LOAD, 2023-07-19T14:11:09.980, ubuntu22-c, mtd-zk-1, 0.620004
EXP-LOAD, 2023-07-19T14:11:20.694, ubuntu22-c, mtd-zk-1, 0.696509
EXP-LOAD, 2023-07-19T14:11:32.634, ubuntu22-c, mtd-zk-1, 0.696509
EXP-LOAD, 2023-07-19T14:11:41.427, ubuntu22-c, mtd-zk-1, 0.665108
EXP-LOAD, 2023-07-19T14:11:51.715, ubuntu22-c, mtd-zk-1, 0.723553
EXP-LOAD, 2023-07-19T14:12:02.181, ubuntu22-c, mtd-zk-1, 0.723553
EXP-LOAD, 2023-07-19T14:12:11.016, ubuntu22-c, mtd-zk-1, 0.807116
EXP-LOAD, 2023-07-19T14:12:20.147, ubuntu22-c, mtd-zk-1, 0.581823
EXP-LOAD, 2023-07-19T14:12:27.217, ubuntu22-c, mtd-zk-1, 0.581823
EXP-LOAD, 2023-07-19T14:12:38.841, ubuntu22-c, mtd-zk-1, 0.704120
EXP-LOAD, 2023-07-19T14:12:46.929, ubuntu22-c, mtd-zk-1, 0.704120
EXP-LOAD, 2023-07-19T14:12:57.039, ubuntu22-c, mtd-zk-1, 0.651402
EXP-LEAD, 2023-07-19T14:12:59.066, ubuntu22-c, mtd-zk-1, START
EXP-LEAD, 2023-07-19T14:13:03.806, ubuntu22-c, mtd-zk-1, END
EXP-LOAD, 2023-07-19T14:13:04.883, ubuntu22-c, mtd-zk-1, 0.651106
EXP-LEAD, 2023-07-19T14:13:06.161, ubuntu22-c, mtd-zk-1, START
EXP-LEAD, 2023-07-19T14:13:14.742, ubuntu22-c, mtd-zk-1, END
EXP-LOAD, 2023-07-19T14:13:15.811, ubuntu22-c, mtd-zk-1, 0.651106
EXP-LOAD, 2023-07-19T14:13:24.370, ubuntu22-c, mtd-zk-1, 0.599819
EXP-LOAD, 2023-07-19T14:13:33.529, ubuntu22-c, mtd-zk-1, 0.599819
EXP-LOAD, 2023-07-19T14:13:43.683, ubuntu22-c, mtd-zk-1, 0.640122
EXP-LOAD, 2023-07-19T14:13:52.474, ubuntu22-c, mtd-zk-1, 0.800826
EXP-LOAD, 2023-07-19T14:14:02.627, ubuntu22-c, mtd-zk-1, 0.800826
EXP-LOAD, 2023-07-19T14:14:11.737, ubuntu22-c, mtd-zk-1, 0.642810
EXP-LEAD, 2023-07-19T14:14:13.781, ubuntu22-c, mtd-zk-1, START
EXP-LEAD, 2023-07-19T14:14:21.365, ubuntu22-c, mtd-zk-1, END
EXP-LOAD, 2023-07-19T14:14:22.441, ubuntu22-c, mtd-zk-1, 0.697223
EXP-LOAD, 2023-07-19T14:14:29.938, ubuntu22-c, mtd-zk-1, 0.697223
EXP-LEAD, 2023-07-19T14:14:31.941, ubuntu22-c, mtd-zk-1, START
EXP-LEAD, 2023-07-19T14:14:38.023, ubuntu22-c, mtd-zk-1, END
EXP-LOAD, 2023-07-19T14:14:39.123, ubuntu22-c, mtd-zk-1, 0.713022
EXP-LOAD, 2023-07-19T14:14:47.265, ubuntu22-c, mtd-zk-1, 0.713022
EXP-LOAD, 2023-07-19T14:14:55.392, ubuntu22-c, mtd-zk-1, 0.679603
EXP-LOAD, 2023-07-19T14:15:03.480, ubuntu22-c, mtd-zk-1, 0.679603
EXP-LOAD, 2023-07-19T14:15:11.582, ubuntu22-c, mtd-zk-1, 0.706490
EXP-LOAD, 2023-07-19T14:15:19.701, ubuntu22-c, mtd-zk-1, 0.644604
EXP-LOAD, 2023-07-19T14:15:28.796, ubuntu22-c, mtd-zk-1, 0.644604
EXP-LOAD, 2023-07-19T14:15:36.882, ubuntu22-c, mtd-zk-1, 0.723020
EXP-LOAD, 2023-07-19T14:15:47.020, ubuntu22-c, mtd-zk-1, 0.723020
EXP-LOAD, 2023-07-19T14:15:54.136, ubuntu22-c, mtd-zk-1, 0.702613
EXP-LOAD, 2023-07-19T14:16:05.295, ubuntu22-c, mtd-zk-1, 0.691022
EXP-LOAD, 2023-07-19T14:16:13.390, ubuntu22-c, mtd-zk-1, 0.691022
EXP-LEAD, 2023-07-19T14:16:15.398, ubuntu22-c, mtd-zk-1, START
EXP-LEAD, 2023-07-19T14:16:21.069, ubuntu22-c, mtd-zk-1, END
EXP-LOAD, 2023-07-19T14:16:22.178, ubuntu22-c, mtd-zk-1, 0.730040
EXP-LOAD, 2023-07-19T14:16:31.525, ubuntu22-c, mtd-zk-1, 0.730040
EXP-LOAD, 2023-07-19T14:16:39.644, ubuntu22-c, mtd-zk-1, 0.696927
EXP-LOAD, 2023-07-19T14:16:52.749, ubuntu22-c, mtd-zk-1, 0.657434
EXP-LOAD, 2023-07-19T14:16:59.399, ubuntu22-c, mtd-zk-1, 0.657434
EXP-LOAD, 2023-07-19T14:17:09.503, ubuntu22-c, mtd-zk-1, 0.635528
EXP-LOAD, 2023-07-19T14:17:16.323, ubuntu22-c, mtd-zk-1, 0.635528
EXP-LOAD, 2023-07-19T14:17:26.403, ubuntu22-c, mtd-zk-1, 0.654814
EXP-LEAD, 2023-07-19T14:17:28.432, ubuntu22-c, mtd-zk-1, START
EXP-LEAD, 2023-07-19T14:17:34.054, ubuntu22-c, mtd-zk-1, END
EXP-LOAD, 2023-07-19T14:17:35.142, ubuntu22-c, mtd-zk-1, 0.714848
EXP-LOAD, 2023-07-19T14:17:43.663, ubuntu22-c, mtd-zk-1, 0.714848
EXP-LOAD, 2023-07-19T14:17:51.773, ubuntu22-c, mtd-zk-1, 0.633207
EXP-LEAD, 2023-07-19T14:17:54.813, ubuntu22-c, mtd-zk-1, START
EXP-LEAD, 2023-07-19T14:18:01.307, ubuntu22-c, mtd-zk-1, END
EXP-LOAD, 2023-07-19T14:18:02.365, ubuntu22-c, mtd-zk-1, 0.633207
EXP-LOAD, 2023-07-19T14:18:13.035, ubuntu22-c, mtd-zk-1, 0.688122
EXP-LEAD, 2023-07-19T14:18:14.063, ubuntu22-c, mtd-zk-1, START
EXP-LEAD, 2023-07-19T14:18:19.562, ubuntu22-c, mtd-zk-1, END
EXP-LOAD, 2023-07-19T14:18:20.619, ubuntu22-c, mtd-zk-1, 0.614062
EXP-LOAD, 2023-07-19T14:18:28.253, ubuntu22-c, mtd-zk-1, 0.614062
EXP-LOAD, 2023-07-19T14:18:41.373, ubuntu22-c, mtd-zk-1, 0.667229
EXP-LEAD, 2023-07-19T14:18:43.402, ubuntu22-c, mtd-zk-1, START
EXP-LEAD, 2023-07-19T14:18:48.135, ubuntu22-c, mtd-zk-1, END
EXP-LOAD, 2023-07-19T14:18:49.197, ubuntu22-c, mtd-zk-1, 0.627857
EXP-LOAD, 2023-07-19T14:18:59.578, ubuntu22-c, mtd-zk-1, 0.627857
EXP-LOAD, 2023-07-19T14:19:07.659, ubuntu22-c, mtd-zk-1, 0.639430
EXP-LOAD, 2023-07-19T14:19:14.776, ubuntu22-c, mtd-zk-1, 0.639430
EXP-LOAD, 2023-07-19T14:19:27.946, ubuntu22-c, mtd-zk-1, 0.624807
EXP-LOAD, 2023-07-19T14:19:35.099, ubuntu22-c, mtd-zk-1, 0.622765
EXP-LOAD, 2023-07-19T14:19:42.297, ubuntu22-c, mtd-zk-1, 0.622765
EXP-LOAD, 2023-07-19T14:19:51.331, ubuntu22-c, mtd-zk-1, 0.647208
EXP-LOAD, 2023-07-19T14:19:58.466, ubuntu22-c, mtd-zk-1, 0.647208
EXP-LOAD, 2023-07-19T14:20:06.551, ubuntu22-c, mtd-zk-1, 0.734326
EXP-LOAD, 2023-07-19T14:20:17.701, ubuntu22-c, mtd-zk-1, 0.734326
EXP-LEAD, 2023-07-19T14:20:18.736, ubuntu22-c, mtd-zk-1, START
EXP-LEAD, 2023-07-19T14:20:23.258, ubuntu22-c, mtd-zk-1, END
EXP-LOAD, 2023-07-19T14:20:24.348, ubuntu22-c, mtd-zk-1, 0.639624
EXP-LOAD, 2023-07-19T14:20:30.849, ubuntu22-c, mtd-zk-1, 0.639624
EXP-LOAD, 2023-07-19T14:20:38.979, ubuntu22-c, mtd-zk-1, 0.684008
EXP-LOAD, 2023-07-19T14:20:50.091, ubuntu22-c, mtd-zk-1, 0.688404
EXP-LOAD, 2023-07-19T14:21:00.153, ubuntu22-c, mtd-zk-1, 0.688404
EXP-LOAD, 2023-07-19T14:21:12.287, ubuntu22-c, mtd-zk-1, 0.724602
EXP-LEAD, 2023-07-19T14:21:13.343, ubuntu22-c, mtd-zk-1, START
EXP-LEAD, 2023-07-19T14:21:17.819, ubuntu22-c, mtd-zk-1, END
EXP-LOAD, 2023-07-19T14:21:18.873, ubuntu22-c, mtd-zk-1, 0.724602
EXP-LOAD, 2023-07-19T14:21:30.543, ubuntu22-c, mtd-zk-1, 0.676672
EXP-LOAD, 2023-07-19T14:21:36.645, ubuntu22-c, mtd-zk-1, 0.604007
EXP-LOAD, 2023-07-19T14:21:44.730, ubuntu22-c, mtd-zk-1, 0.604007
EXP-LEAD, 2023-07-19T14:21:46.747, ubuntu22-c, mtd-zk-1, START
EXP-LEAD, 2023-07-19T14:21:51.373, ubuntu22-c, mtd-zk-1, END
EXP-LOAD, 2023-07-19T14:21:52.464, ubuntu22-c, mtd-zk-1, 0.640222
EXP-LEAD, 2023-07-19T14:21:53.101, ubuntu22-c, mtd-zk-1, START
EXP-LEAD, 2023-07-19T14:22:11.179, ubuntu22-c, mtd-zk-1, END
EXP-LOAD, 2023-07-19T14:22:12.474, ubuntu22-c, mtd-zk-1, 0.808005
EXP-LOAD, 2023-07-19T14:22:21.856, ubuntu22-c, mtd-zk-1, 0.920696
EXP-LOAD, 2023-07-19T14:22:29.800, ubuntu22-c, mtd-zk-1, 0.920696
EXP-LOAD, 2023-07-19T14:22:36.934, ubuntu22-c, mtd-zk-1, 0.660257
EXP-LOAD, 2023-07-19T14:22:49.103, ubuntu22-c, mtd-zk-1, 0.648015
EXP-LOAD, 2023-07-19T14:22:55.203, ubuntu22-c, mtd-zk-1, 0.648015
EXP-LOAD, 2023-07-19T14:23:04.278, ubuntu22-c, mtd-zk-1, 0.708608
EXP-LOAD, 2023-07-19T14:23:11.531, ubuntu22-c, mtd-zk-1, 0.708608
EXP-LEAD, 2023-07-19T14:23:13.383, ubuntu22-c, mtd-zk-1, START
EXP-LEAD, 2023-07-19T14:23:22.011, ubuntu22-c, mtd-zk-1, END
EXP-LOAD, 2023-07-19T14:23:23.071, ubuntu22-c, mtd-zk-1, 0.726933
EXP-LEAD, 2023-07-19T14:23:24.732, ubuntu22-c, mtd-zk-1, START
EXP-LEAD, 2023-07-19T14:23:30.240, ubuntu22-c, mtd-zk-1, END
EXP-LOAD, 2023-07-19T14:23:31.298, ubuntu22-c, mtd-zk-1, 0.726933
EXP-LOAD, 2023-07-19T14:23:40.925, ubuntu22-c, mtd-zk-1, 0.646207
EXP-LOAD, 2023-07-19T14:23:49.027, ubuntu22-c, mtd-zk-1, 0.646207
EXP-LEAD, 2023-07-19T14:23:49.062, ubuntu22-c, mtd-zk-1, START
EXP-LEAD, 2023-07-19T14:23:53.781, ubuntu22-c, mtd-zk-1, END
EXP-LOAD, 2023-07-19T14:23:54.863, ubuntu22-c, mtd-zk-1, 0.659417
EXP-LEAD, 2023-07-19T14:23:57.152, ubuntu22-c, mtd-zk-1, START
EXP-LEAD, 2023-07-19T14:24:04.822, ubuntu22-c, mtd-zk-1, END
EXP-LOAD, 2023-07-19T14:24:05.925, ubuntu22-c, mtd-zk-1, 0.670005
EXP-LEAD, 2023-07-19T14:24:08.283, ubuntu22-c, mtd-zk-1, START
EXP-LEAD, 2023-07-19T14:24:13.837, ubuntu22-c, mtd-zk-1, END
EXP-LOAD, 2023-07-19T14:24:14.911, ubuntu22-c, mtd-zk-1, 0.670005
EXP-LOAD, 2023-07-19T14:24:21.458, ubuntu22-c, mtd-zk-1, 0.623346
EXP-LOAD, 2023-07-19T14:24:34.582, ubuntu22-c, mtd-zk-1, 0.668410
EXP-LOAD, 2023-07-19T14:24:42.799, ubuntu22-c, mtd-zk-1, 0.668410
EXP-LOAD, 2023-07-19T14:24:50.841, ubuntu22-c, mtd-zk-1, 0.643725
EXP-LOAD, 2023-07-19T14:25:01.970, ubuntu22-c, mtd-zk-1, 0.643725
EXP-LOAD, 2023-07-19T14:25:11.558, ubuntu22-c, mtd-zk-1, 0.644429
EXP-LOAD, 2023-07-19T14:25:22.684, ubuntu22-c, mtd-zk-1, 0.655019
EXP-LEAD, 2023-07-19T14:25:24.712, ubuntu22-c, mtd-zk-1, START
EXP-LEAD, 2023-07-19T14:25:29.224, ubuntu22-c, mtd-zk-1, END
EXP-LOAD, 2023-07-19T14:25:30.309, ubuntu22-c, mtd-zk-1, 0.655019
EXP-LOAD, 2023-07-19T14:25:40.895, ubuntu22-c, mtd-zk-1, 0.700818
EXP-LOAD, 2023-07-19T14:25:48.986, ubuntu22-c, mtd-zk-1, 0.700818
EXP-LOAD, 2023-07-19T14:26:02.102, ubuntu22-c, mtd-zk-1, 0.627913
EXP-LOAD, 2023-07-19T14:26:10.212, ubuntu22-c, mtd-zk-1, 0.622036
EXP-LOAD, 2023-07-19T14:26:19.407, ubuntu22-c, mtd-zk-1, 0.663607
EXP-LOAD, 2023-07-19T14:26:30.444, ubuntu22-c, mtd-zk-1, 0.663607
EXP-LOAD, 2023-07-19T14:26:37.503, ubuntu22-c, mtd-zk-1, 0.622766
EXP-LOAD, 2023-07-19T14:26:46.227, ubuntu22-c, mtd-zk-1, 0.622766
EXP-LOAD, 2023-07-19T14:26:54.447, ubuntu22-c, mtd-zk-1, 0.715434
EXP-LOAD, 2023-07-19T14:27:04.526, ubuntu22-c, mtd-zk-1, 0.676808
EXP-LOAD, 2023-07-19T14:27:13.618, ubuntu22-c, mtd-zk-1, 0.676808
EXP-LOAD, 2023-07-19T14:27:21.725, ubuntu22-c, mtd-zk-1, 0.653825
EXP-LOAD, 2023-07-19T14:27:32.905, ubuntu22-c, mtd-zk-1, 0.653825
EXP-LOAD, 2023-07-19T14:27:40.987, ubuntu22-c, mtd-zk-1, 0.666930
EXP-LOAD, 2023-07-19T14:27:53.276, ubuntu22-c, mtd-zk-1, 0.664634
EXP-LOAD, 2023-07-19T14:28:00.828, ubuntu22-c, mtd-zk-1, 0.664634
EXP-LOAD, 2023-07-19T14:28:19.407, ubuntu22-c, mtd-zk-1, 0.597006
EXP-LOAD, 2023-07-19T14:28:26.963, ubuntu22-c, mtd-zk-1, 0.597006
EXP-LOAD, 2023-07-19T14:28:37.134, ubuntu22-c, mtd-zk-1, 0.633122
EXP-LOAD, 2023-07-19T14:28:46.287, ubuntu22-c, mtd-zk-1, 0.633122
EXP-LOAD, 2023-07-19T14:28:55.374, ubuntu22-c, mtd-zk-1, 0.635235
EXP-LOAD, 2023-07-19T14:29:07.469, ubuntu22-c, mtd-zk-1, 0.672607
EXP-LOAD, 2023-07-19T14:29:16.536, ubuntu22-c, mtd-zk-1, 0.672607
EXP-LOAD, 2023-07-19T14:29:27.720, ubuntu22-c, mtd-zk-1, 0.589297
EXP-LOAD, 2023-07-19T14:29:35.815, ubuntu22-c, mtd-zk-1, 0.652309
EXP-LOAD, 2023-07-19T14:29:42.929, ubuntu22-c, mtd-zk-1, 0.652309
EXP-LOAD, 2023-07-19T14:29:51.044, ubuntu22-c, mtd-zk-1, 0.658217
EXP-LOAD, 2023-07-19T14:29:59.578, ubuntu22-c, mtd-zk-1, 0.658217
EXP-LOAD, 2023-07-19T14:30:11.718, ubuntu22-c, mtd-zk-1, 0.705011
EXP-LOAD, 2023-07-19T14:30:19.434, ubuntu22-c, mtd-zk-1, 0.592207
EXP-LOAD, 2023-07-19T14:30:32.568, ubuntu22-c, mtd-zk-1, 0.592207
EXP-LOAD, 2023-07-19T14:30:39.670, ubuntu22-c, mtd-zk-1, 0.667205
EXP-LOAD, 2023-07-19T14:30:52.145, ubuntu22-c, mtd-zk-1, 0.701881
EXP-LOAD, 2023-07-19T14:30:59.011, ubuntu22-c, mtd-zk-1, 0.701881
EXP-LOAD, 2023-07-19T14:31:07.177, ubuntu22-c, mtd-zk-1, 0.663907
EXP-LOAD, 2023-07-19T14:31:16.549, ubuntu22-c, mtd-zk-1, 0.663907
EXP-LOAD, 2023-07-19T14:31:23.637, ubuntu22-c, mtd-zk-1, 0.663817
EXP-LOAD, 2023-07-19T14:31:36.303, ubuntu22-c, mtd-zk-1, 0.675636
EXP-LOAD, 2023-07-19T14:31:43.862, ubuntu22-c, mtd-zk-1, 0.675636
EXP-LOAD, 2023-07-19T14:31:50.975, ubuntu22-c, mtd-zk-1, 0.752185
EXP-LOAD, 2023-07-19T14:31:58.083, ubuntu22-c, mtd-zk-1, 0.752185
EXP-LOAD, 2023-07-19T14:32:09.207, ubuntu22-c, mtd-zk-1, 0.698007
EXP-LOAD, 2023-07-19T14:32:16.280, ubuntu22-c, mtd-zk-1, 0.698007
EXP-LOAD, 2023-07-19T14:32:28.386, ubuntu22-c, mtd-zk-1, 0.622614
EXP-LOAD, 2023-07-19T14:32:36.523, ubuntu22-c, mtd-zk-1, 0.641720
EXP-LEAD, 2023-07-19T14:32:37.557, ubuntu22-c, mtd-zk-1, START
EXP-LEAD, 2023-07-19T14:32:43.228, ubuntu22-c, mtd-zk-1, END
EXP-LOAD, 2023-07-19T14:32:44.297, ubuntu22-c, mtd-zk-1, 0.641720
EXP-LOAD, 2023-07-19T14:32:54.731, ubuntu22-c, mtd-zk-1, 0.680603
EXP-LEAD, 2023-07-19T14:32:55.225, ubuntu22-c, mtd-zk-1, START
EXP-LEAD, 2023-07-19T14:32:59.972, ubuntu22-c, mtd-zk-1, END
EXP-LOAD, 2023-07-19T14:33:01.040, ubuntu22-c, mtd-zk-1, 0.680603
EXP-LOAD, 2023-07-19T14:33:07.372, ubuntu22-c, mtd-zk-1, 0.646008
EXP-LEAD, 2023-07-19T14:33:09.394, ubuntu22-c, mtd-zk-1, START
EXP-LEAD, 2023-07-19T14:33:16.944, ubuntu22-c, mtd-zk-1, END
EXP-LOAD, 2023-07-19T14:33:18.031, ubuntu22-c, mtd-zk-1, 0.646008
EXP-LOAD, 2023-07-19T14:33:27.586, ubuntu22-c, mtd-zk-1, 0.707833
EXP-LOAD, 2023-07-19T14:33:37.716, ubuntu22-c, mtd-zk-1, 0.641809
EXP-LOAD, 2023-07-19T14:33:47.832, ubuntu22-c, mtd-zk-1, 0.641809
EXP-LOAD, 2023-07-19T14:33:54.946, ubuntu22-c, mtd-zk-1, 0.632021
EXP-LOAD, 2023-07-19T14:34:06.079, ubuntu22-c, mtd-zk-1, 0.651814
EXP-LOAD, 2023-07-19T14:34:13.172, ubuntu22-c, mtd-zk-1, 0.651814
EXP-LOAD, 2023-07-19T14:34:21.256, ubuntu22-c, mtd-zk-1, 0.663804
EXP-LOAD, 2023-07-19T14:34:30.513, ubuntu22-c, mtd-zk-1, 0.663804
EXP-LOAD, 2023-07-19T14:34:37.595, ubuntu22-c, mtd-zk-1, 0.717404
EXP-LOAD, 2023-07-19T14:34:45.415, ubuntu22-c, mtd-zk-1, 0.717404
EXP-LOAD, 2023-07-19T14:34:54.485, ubuntu22-c, mtd-zk-1, 0.681415
EXP-LOAD, 2023-07-19T14:35:06.062, ubuntu22-c, mtd-zk-1, 0.636004
EXP-LOAD, 2023-07-19T14:35:12.169, ubuntu22-c, mtd-zk-1, 0.636004
EXP-LOAD, 2023-07-19T14:35:28.263, ubuntu22-c, mtd-zk-1, 0.676629
EXP-LOAD, 2023-07-19T14:35:35.348, ubuntu22-c, mtd-zk-1, 0.587034
EXP-LOAD, 2023-07-19T14:35:48.464, ubuntu22-c, mtd-zk-1, 0.587034
EXP-LOAD, 2023-07-19T14:35:54.556, ubuntu22-c, mtd-zk-1, 0.614808
EXP-LOAD, 2023-07-19T14:36:02.667, ubuntu22-c, mtd-zk-1, 0.614808
EXP-LOAD, 2023-07-19T14:36:13.779, ubuntu22-c, mtd-zk-1, 0.663724
EXP-LEAD, 2023-07-19T14:36:14.801, ubuntu22-c, mtd-zk-1, START
EXP-LEAD, 2023-07-19T14:36:20.349, ubuntu22-c, mtd-zk-1, END
EXP-LOAD, 2023-07-19T14:36:21.406, ubuntu22-c, mtd-zk-1, 0.632206
EXP-LOAD, 2023-07-19T14:36:29.978, ubuntu22-c, mtd-zk-1, 0.632206
EXP-LEAD, 2023-07-19T14:36:31.002, ubuntu22-c, mtd-zk-1, START
EXP-LEAD, 2023-07-19T14:36:36.666, ubuntu22-c, mtd-zk-1, END
EXP-LOAD, 2023-07-19T14:36:37.767, ubuntu22-c, mtd-zk-1, 0.674017
EXP-LOAD, 2023-07-19T14:36:44.899, ubuntu22-c, mtd-zk-1, 0.674017
EXP-LOAD, 2023-07-19T14:36:52.030, ubuntu22-c, mtd-zk-1, 0.718805
EXP-LOAD, 2023-07-19T14:37:04.110, ubuntu22-c, mtd-zk-1, 0.643219
EXP-LOAD, 2023-07-19T14:37:12.189, ubuntu22-c, mtd-zk-1, 0.643219
EXP-LOAD, 2023-07-19T14:37:24.285, ubuntu22-c, mtd-zk-1, 0.737209
EXP-LOAD, 2023-07-19T14:37:33.370, ubuntu22-c, mtd-zk-1, 0.737209
EXP-LEAD, 2023-07-19T14:37:35.414, ubuntu22-c, mtd-zk-1, START
EXP-LEAD, 2023-07-19T14:37:42.147, ubuntu22-c, mtd-zk-1, END
EXP-LOAD, 2023-07-19T14:37:43.209, ubuntu22-c, mtd-zk-1, 0.634015
EXP-LOAD, 2023-07-19T14:37:50.562, ubuntu22-c, mtd-zk-1, 0.684200
EXP-LOAD, 2023-07-19T14:37:58.163, ubuntu22-c, mtd-zk-1, 0.684200
EXP-LOAD, 2023-07-19T14:38:06.232, ubuntu22-c, mtd-zk-1, 0.589643
EXP-LOAD, 2023-07-19T14:38:17.338, ubuntu22-c, mtd-zk-1, 0.589643
EXP-LOAD, 2023-07-19T14:38:25.415, ubuntu22-c, mtd-zk-1, 0.673920
EXP-LOAD, 2023-07-19T14:38:36.517, ubuntu22-c, mtd-zk-1, 0.640406
EXP-LOAD, 2023-07-19T14:38:43.624, ubuntu22-c, mtd-zk-1, 0.640406
