EXP-LOAD, 2023-07-19T17:49:23.525, ubuntu22-b, mtd-zk-1, 0.571408
EXP-LEAD, 2023-07-19T17:49:24.789, ubuntu22-b, mtd-zk-1, START
EXP-LEAD, 2023-07-19T17:49:32.061, ubuntu22-b, mtd-zk-1, END
EXP-LOAD, 2023-07-19T17:49:33.206, ubuntu22-b, mtd-zk-1, 0.571408
EXP-LOAD, 2023-07-19T17:49:42.233, ubuntu22-b, mtd-zk-1, 0.780614
EXP-LOAD, 2023-07-19T17:49:54.529, ubuntu22-b, mtd-zk-1, 0.684821
EXP-LOAD, 2023-07-19T17:50:00.826, ubuntu22-b, mtd-zk-1, 0.684821
EXP-LEAD, 2023-07-19T17:50:02.899, ubuntu22-b, mtd-zk-1, START
EXP-LEAD, 2023-07-19T17:50:12.637, ubuntu22-b, mtd-zk-1, END
EXP-LOAD, 2023-07-19T17:50:13.739, ubuntu22-b, mtd-zk-1, 0.607650
EXP-LEAD, 2023-07-19T17:50:15.044, ubuntu22-b, mtd-zk-1, START
EXP-LEAD, 2023-07-19T17:50:19.945, ubuntu22-b, mtd-zk-1, END
EXP-LOAD, 2023-07-19T17:50:21.004, ubuntu22-b, mtd-zk-1, 0.746072
EXP-LOAD, 2023-07-19T17:50:31.333, ubuntu22-b, mtd-zk-1, 0.746072
EXP-LOAD, 2023-07-19T17:50:40.553, ubuntu22-b, mtd-zk-1, 0.702034
EXP-LOAD, 2023-07-19T17:50:48.735, ubuntu22-b, mtd-zk-1, 0.702034
EXP-LOAD, 2023-07-19T17:50:59.910, ubuntu22-b, mtd-zk-1, 0.705517
EXP-LOAD, 2023-07-19T17:51:07.341, ubuntu22-b, mtd-zk-1, 0.702415
EXP-LEAD, 2023-07-19T17:51:09.172, ubuntu22-b, mtd-zk-1, START
EXP-LEAD, 2023-07-19T17:51:14.931, ubuntu22-b, mtd-zk-1, END
EXP-LOAD, 2023-07-19T17:51:16.040, ubuntu22-b, mtd-zk-1, 0.702415
EXP-LOAD, 2023-07-19T17:51:23.675, ubuntu22-b, mtd-zk-1, 0.715819
EXP-LOAD, 2023-07-19T17:51:31.691, ubuntu22-b, mtd-zk-1, 0.715819
EXP-LOAD, 2023-07-19T17:51:40.154, ubuntu22-b, mtd-zk-1, 0.616742
EXP-LOAD, 2023-07-19T17:51:48.130, ubuntu22-b, mtd-zk-1, 0.616742
EXP-LOAD, 2023-07-19T17:51:58.836, ubuntu22-b, mtd-zk-1, 0.653485
EXP-LOAD, 2023-07-19T17:52:06.963, ubuntu22-b, mtd-zk-1, 0.670602
EXP-LOAD, 2023-07-19T17:52:17.102, ubuntu22-b, mtd-zk-1, 0.670602
EXP-LOAD, 2023-07-19T17:52:23.255, ubuntu22-b, mtd-zk-1, 0.694722
EXP-LOAD, 2023-07-19T17:52:33.385, ubuntu22-b, mtd-zk-1, 0.694722
EXP-LOAD, 2023-07-19T17:52:42.522, ubuntu22-b, mtd-zk-1, 0.690031
EXP-LEAD, 2023-07-19T17:52:44.566, ubuntu22-b, mtd-zk-1, START
EXP-LEAD, 2023-07-19T17:52:49.184, ubuntu22-b, mtd-zk-1, END
EXP-LOAD, 2023-07-19T17:52:50.256, ubuntu22-b, mtd-zk-1, 0.654114
EXP-LOAD, 2023-07-19T17:53:01.718, ubuntu22-b, mtd-zk-1, 0.654114
EXP-LOAD, 2023-07-19T17:53:07.963, ubuntu22-b, mtd-zk-1, 0.674007
EXP-LOAD, 2023-07-19T17:53:16.073, ubuntu22-b, mtd-zk-1, 0.674007
EXP-LOAD, 2023-07-19T17:53:25.862, ubuntu22-b, mtd-zk-1, 0.679721
EXP-LOAD, 2023-07-19T17:53:33.083, ubuntu22-b, mtd-zk-1, 0.679721
EXP-LOAD, 2023-07-19T17:53:42.230, ubuntu22-b, mtd-zk-1, 0.694609
EXP-LOAD, 2023-07-19T17:53:50.379, ubuntu22-b, mtd-zk-1, 0.648682
EXP-LOAD, 2023-07-19T17:54:00.565, ubuntu22-b, mtd-zk-1, 0.648682
EXP-LOAD, 2023-07-19T17:54:07.736, ubuntu22-b, mtd-zk-1, 0.667236
EXP-LOAD, 2023-07-19T17:54:15.921, ubuntu22-b, mtd-zk-1, 0.667236
EXP-LOAD, 2023-07-19T17:54:26.022, ubuntu22-b, mtd-zk-1, 0.660813
EXP-LEAD, 2023-07-19T17:54:27.091, ubuntu22-b, mtd-zk-1, START
EXP-LEAD, 2023-07-19T17:54:31.739, ubuntu22-b, mtd-zk-1, END
EXP-LOAD, 2023-07-19T17:54:32.820, ubuntu22-b, mtd-zk-1, 0.660813
EXP-LOAD, 2023-07-19T17:54:45.295, ubuntu22-b, mtd-zk-1, 0.609802
EXP-LOAD, 2023-07-19T17:54:52.488, ubuntu22-b, mtd-zk-1, 0.662321
EXP-LOAD, 2023-07-19T17:55:01.543, ubuntu22-b, mtd-zk-1, 0.662321
EXP-LOAD, 2023-07-19T17:55:10.043, ubuntu22-b, mtd-zk-1, 0.669210
EXP-LEAD, 2023-07-19T17:55:12.082, ubuntu22-b, mtd-zk-1, START
EXP-LEAD, 2023-07-19T17:55:17.736, ubuntu22-b, mtd-zk-1, END
EXP-LOAD, 2023-07-19T17:55:18.829, ubuntu22-b, mtd-zk-1, 0.669210
EXP-LOAD, 2023-07-19T17:55:27.317, ubuntu22-b, mtd-zk-1, 0.629907
EXP-LOAD, 2023-07-19T17:55:34.454, ubuntu22-b, mtd-zk-1, 0.613403
EXP-LOAD, 2023-07-19T17:55:41.036, ubuntu22-b, mtd-zk-1, 0.613403
EXP-LOAD, 2023-07-19T17:55:50.155, ubuntu22-b, mtd-zk-1, 0.637812
EXP-LOAD, 2023-07-19T17:56:01.319, ubuntu22-b, mtd-zk-1, 0.637812
EXP-LOAD, 2023-07-19T17:56:08.952, ubuntu22-b, mtd-zk-1, 0.703810
EXP-LEAD, 2023-07-19T17:56:09.971, ubuntu22-b, mtd-zk-1, START
EXP-LEAD, 2023-07-19T17:56:18.818, ubuntu22-b, mtd-zk-1, END
EXP-LOAD, 2023-07-19T17:56:19.883, ubuntu22-b, mtd-zk-1, 0.694351
EXP-LOAD, 2023-07-19T17:56:27.230, ubuntu22-b, mtd-zk-1, 0.694351
EXP-LEAD, 2023-07-19T17:56:29.236, ubuntu22-b, mtd-zk-1, START
EXP-LEAD, 2023-07-19T17:56:34.844, ubuntu22-b, mtd-zk-1, END
EXP-LOAD, 2023-07-19T17:56:35.958, ubuntu22-b, mtd-zk-1, 0.595278
EXP-LOAD, 2023-07-19T17:56:45.461, ubuntu22-b, mtd-zk-1, 0.595278
EXP-LOAD, 2023-07-19T17:56:53.626, ubuntu22-b, mtd-zk-1, 0.717607
EXP-LEAD, 2023-07-19T17:56:53.672, ubuntu22-b, mtd-zk-1, START
EXP-LEAD, 2023-07-19T17:56:59.397, ubuntu22-b, mtd-zk-1, END
EXP-LOAD, 2023-07-19T17:57:00.436, ubuntu22-b, mtd-zk-1, 0.717607
EXP-LEAD, 2023-07-19T17:57:00.787, ubuntu22-b, mtd-zk-1, START
EXP-LEAD, 2023-07-19T17:57:10.613, ubuntu22-b, mtd-zk-1, END
EXP-LOAD, 2023-07-19T17:57:11.765, ubuntu22-b, mtd-zk-1, 0.612613
EXP-LOAD, 2023-07-19T17:57:18.981, ubuntu22-b, mtd-zk-1, 0.612613
EXP-LOAD, 2023-07-19T17:57:26.125, ubuntu22-b, mtd-zk-1, 0.711821
EXP-LOAD, 2023-07-19T17:57:36.715, ubuntu22-b, mtd-zk-1, 0.649430
EXP-LOAD, 2023-07-19T17:57:42.875, ubuntu22-b, mtd-zk-1, 0.649430
EXP-LOAD, 2023-07-19T17:57:50.974, ubuntu22-b, mtd-zk-1, 0.673619
EXP-LOAD, 2023-07-19T17:58:01.078, ubuntu22-b, mtd-zk-1, 0.673619
EXP-LOAD, 2023-07-19T17:58:09.213, ubuntu22-b, mtd-zk-1, 0.705708
EXP-LOAD, 2023-07-19T17:58:20.350, ubuntu22-b, mtd-zk-1, 0.670006
EXP-LOAD, 2023-07-19T17:58:28.451, ubuntu22-b, mtd-zk-1, 0.670006
EXP-LOAD, 2023-07-19T17:58:36.102, ubuntu22-b, mtd-zk-1, 0.706122
EXP-LOAD, 2023-07-19T17:58:46.248, ubuntu22-b, mtd-zk-1, 0.706122
EXP-LEAD, 2023-07-19T17:58:48.305, ubuntu22-b, mtd-zk-1, START
EXP-LEAD, 2023-07-19T17:58:53.980, ubuntu22-b, mtd-zk-1, END
EXP-LOAD, 2023-07-19T17:58:55.031, ubuntu22-b, mtd-zk-1, 0.680013
EXP-LEAD, 2023-07-19T17:58:56.453, ubuntu22-b, mtd-zk-1, START
EXP-LEAD, 2023-07-19T17:59:04.427, ubuntu22-b, mtd-zk-1, END
EXP-LOAD, 2023-07-19T17:59:05.497, ubuntu22-b, mtd-zk-1, 0.704043
EXP-LEAD, 2023-07-19T17:59:06.688, ubuntu22-b, mtd-zk-1, START
EXP-LEAD, 2023-07-19T17:59:12.608, ubuntu22-b, mtd-zk-1, END
EXP-LOAD, 2023-07-19T17:59:13.681, ubuntu22-b, mtd-zk-1, 0.704043
EXP-LOAD, 2023-07-19T17:59:24.902, ubuntu22-b, mtd-zk-1, 0.678406
EXP-LOAD, 2023-07-19T17:59:32.070, ubuntu22-b, mtd-zk-1, 0.678406
EXP-LOAD, 2023-07-19T17:59:39.639, ubuntu22-b, mtd-zk-1, 0.661322
EXP-LOAD, 2023-07-19T17:59:47.813, ubuntu22-b, mtd-zk-1, 0.661322
EXP-LEAD, 2023-07-19T17:59:49.845, ubuntu22-b, mtd-zk-1, START
EXP-LEAD, 2023-07-19T17:59:58.642, ubuntu22-b, mtd-zk-1, END
EXP-LOAD, 2023-07-19T17:59:59.705, ubuntu22-b, mtd-zk-1, 0.716823
EXP-LOAD, 2023-07-19T18:00:07.254, ubuntu22-b, mtd-zk-1, 0.718135
EXP-LOAD, 2023-07-19T18:00:15.344, ubuntu22-b, mtd-zk-1, 0.718135
EXP-LEAD, 2023-07-19T18:00:17.357, ubuntu22-b, mtd-zk-1, START
EXP-LEAD, 2023-07-19T18:00:26.369, ubuntu22-b, mtd-zk-1, END
EXP-LOAD, 2023-07-19T18:00:27.423, ubuntu22-b, mtd-zk-1, 0.674029
EXP-LOAD, 2023-07-19T18:00:33.590, ubuntu22-b, mtd-zk-1, 0.674029
EXP-LOAD, 2023-07-19T18:00:46.742, ubuntu22-b, mtd-zk-1, 0.674921
EXP-LOAD, 2023-07-19T18:00:53.952, ubuntu22-b, mtd-zk-1, 0.662189
EXP-LOAD, 2023-07-19T18:01:05.108, ubuntu22-b, mtd-zk-1, 0.686815
EXP-LOAD, 2023-07-19T18:01:13.238, ubuntu22-b, mtd-zk-1, 0.686815
EXP-LEAD, 2023-07-19T18:01:16.266, ubuntu22-b, mtd-zk-1, START
EXP-LEAD, 2023-07-19T18:01:21.937, ubuntu22-b, mtd-zk-1, END
EXP-LOAD, 2023-07-19T18:01:22.987, ubuntu22-b, mtd-zk-1, 0.656211
EXP-LOAD, 2023-07-19T18:01:31.510, ubuntu22-b, mtd-zk-1, 0.656211
EXP-LOAD, 2023-07-19T18:01:38.666, ubuntu22-b, mtd-zk-1, 0.658903
EXP-LOAD, 2023-07-19T18:01:47.768, ubuntu22-b, mtd-zk-1, 0.658903
EXP-LOAD, 2023-07-19T18:01:57.931, ubuntu22-b, mtd-zk-1, 0.642834
EXP-LOAD, 2023-07-19T18:02:06.082, ubuntu22-b, mtd-zk-1, 0.691433
EXP-LOAD, 2023-07-19T18:02:15.244, ubuntu22-b, mtd-zk-1, 0.691433
EXP-LOAD, 2023-07-19T18:02:22.375, ubuntu22-b, mtd-zk-1, 0.723644
EXP-LOAD, 2023-07-19T18:02:32.010, ubuntu22-b, mtd-zk-1, 0.723644
EXP-LOAD, 2023-07-19T18:02:41.173, ubuntu22-b, mtd-zk-1, 0.691110
EXP-LOAD, 2023-07-19T18:02:47.304, ubuntu22-b, mtd-zk-1, 0.691110
EXP-LOAD, 2023-07-19T18:02:57.434, ubuntu22-b, mtd-zk-1, 0.666222
EXP-LOAD, 2023-07-19T18:03:04.533, ubuntu22-b, mtd-zk-1, 0.703510
EXP-LEAD, 2023-07-19T18:03:06.581, ubuntu22-b, mtd-zk-1, START
EXP-LEAD, 2023-07-19T18:03:12.785, ubuntu22-b, mtd-zk-1, END
EXP-LOAD, 2023-07-19T18:03:13.840, ubuntu22-b, mtd-zk-1, 0.703510
EXP-LOAD, 2023-07-19T18:03:24.881, ubuntu22-b, mtd-zk-1, 0.719224
EXP-LOAD, 2023-07-19T18:03:33.006, ubuntu22-b, mtd-zk-1, 0.719224
EXP-LEAD, 2023-07-19T18:03:35.015, ubuntu22-b, mtd-zk-1, START
EXP-LEAD, 2023-07-19T18:03:42.905, ubuntu22-b, mtd-zk-1, END
EXP-LOAD, 2023-07-19T18:03:43.966, ubuntu22-b, mtd-zk-1, 0.682240
EXP-LOAD, 2023-07-19T18:03:51.138, ubuntu22-b, mtd-zk-1, 0.755854
EXP-LOAD, 2023-07-19T18:04:00.489, ubuntu22-b, mtd-zk-1, 0.755854
EXP-LOAD, 2023-07-19T18:04:07.803, ubuntu22-b, mtd-zk-1, 0.658875
EXP-LOAD, 2023-07-19T18:04:14.915, ubuntu22-b, mtd-zk-1, 0.658875
EXP-LOAD, 2023-07-19T18:04:26.656, ubuntu22-b, mtd-zk-1, 0.604413
EXP-LEAD, 2023-07-19T18:04:27.735, ubuntu22-b, mtd-zk-1, START
EXP-LEAD, 2023-07-19T18:04:32.403, ubuntu22-b, mtd-zk-1, END
EXP-LOAD, 2023-07-19T18:04:33.486, ubuntu22-b, mtd-zk-1, 0.604413
EXP-LOAD, 2023-07-19T18:04:42.931, ubuntu22-b, mtd-zk-1, 0.662417
EXP-LOAD, 2023-07-19T18:04:50.811, ubuntu22-b, mtd-zk-1, 0.723205
EXP-LOAD, 2023-07-19T18:04:57.952, ubuntu22-b, mtd-zk-1, 0.723205
EXP-LOAD, 2023-07-19T18:05:06.130, ubuntu22-b, mtd-zk-1, 0.711922
EXP-LEAD, 2023-07-19T18:05:08.634, ubuntu22-b, mtd-zk-1, START
EXP-LEAD, 2023-07-19T18:05:17.411, ubuntu22-b, mtd-zk-1, END
EXP-LOAD, 2023-07-19T18:05:18.462, ubuntu22-b, mtd-zk-1, 0.711922
EXP-LOAD, 2023-07-19T18:05:25.866, ubuntu22-b, mtd-zk-1, 0.708012
EXP-LOAD, 2023-07-19T18:05:35.004, ubuntu22-b, mtd-zk-1, 0.665519
EXP-LEAD, 2023-07-19T18:05:36.091, ubuntu22-b, mtd-zk-1, START
EXP-LEAD, 2023-07-19T18:05:40.655, ubuntu22-b, mtd-zk-1, END
EXP-LOAD, 2023-07-19T18:05:41.684, ubuntu22-b, mtd-zk-1, 0.665519
EXP-LOAD, 2023-07-19T18:05:49.241, ubuntu22-b, mtd-zk-1, 0.649810
EXP-LOAD, 2023-07-19T18:05:57.357, ubuntu22-b, mtd-zk-1, 0.649810
EXP-LOAD, 2023-07-19T18:06:04.465, ubuntu22-b, mtd-zk-1, 0.647423
EXP-LEAD, 2023-07-19T18:06:06.591, ubuntu22-b, mtd-zk-1, START
EXP-LEAD, 2023-07-19T18:06:12.412, ubuntu22-b, mtd-zk-1, END
EXP-LOAD, 2023-07-19T18:06:13.469, ubuntu22-b, mtd-zk-1, 0.647423
EXP-LOAD, 2023-07-19T18:06:28.792, ubuntu22-b, mtd-zk-1, 0.679019
EXP-LOAD, 2023-07-19T18:06:40.897, ubuntu22-b, mtd-zk-1, 0.614511
EXP-LOAD, 2023-07-19T18:06:49.017, ubuntu22-b, mtd-zk-1, 0.614511
EXP-LOAD, 2023-07-19T18:06:57.142, ubuntu22-b, mtd-zk-1, 0.667040
EXP-LOAD, 2023-07-19T18:07:07.750, ubuntu22-b, mtd-zk-1, 0.656490
EXP-LOAD, 2023-07-19T18:07:15.812, ubuntu22-b, mtd-zk-1, 0.656490
EXP-LEAD, 2023-07-19T18:07:17.828, ubuntu22-b, mtd-zk-1, START
EXP-LEAD, 2023-07-19T18:07:23.501, ubuntu22-b, mtd-zk-1, END
EXP-LOAD, 2023-07-19T18:07:24.559, ubuntu22-b, mtd-zk-1, 0.675231
EXP-LOAD, 2023-07-19T18:07:32.004, ubuntu22-b, mtd-zk-1, 0.675231
EXP-LEAD, 2023-07-19T18:07:34.046, ubuntu22-b, mtd-zk-1, START
EXP-LEAD, 2023-07-19T18:07:42.940, ubuntu22-b, mtd-zk-1, END
EXP-LOAD, 2023-07-19T18:07:44.032, ubuntu22-b, mtd-zk-1, 0.675713
EXP-LOAD, 2023-07-19T18:07:52.312, ubuntu22-b, mtd-zk-1, 0.696810
EXP-LOAD, 2023-07-19T18:07:58.883, ubuntu22-b, mtd-zk-1, 0.696810
EXP-LOAD, 2023-07-19T18:08:10.030, ubuntu22-b, mtd-zk-1, 0.687014
EXP-LEAD, 2023-07-19T18:08:12.089, ubuntu22-b, mtd-zk-1, START
EXP-LEAD, 2023-07-19T18:08:17.663, ubuntu22-b, mtd-zk-1, END
EXP-LOAD, 2023-07-19T18:08:18.746, ubuntu22-b, mtd-zk-1, 0.687014
EXP-LEAD, 2023-07-19T18:08:20.199, ubuntu22-b, mtd-zk-1, START
EXP-LEAD, 2023-07-19T18:08:25.786, ubuntu22-b, mtd-zk-1, END
EXP-LOAD, 2023-07-19T18:08:26.863, ubuntu22-b, mtd-zk-1, 0.758007
EXP-LOAD, 2023-07-19T18:08:36.426, ubuntu22-b, mtd-zk-1, 0.669120
EXP-LOAD, 2023-07-19T18:08:45.512, ubuntu22-b, mtd-zk-1, 0.669120
EXP-LOAD, 2023-07-19T18:08:54.696, ubuntu22-b, mtd-zk-1, 0.608569
EXP-LOAD, 2023-07-19T18:09:08.844, ubuntu22-b, mtd-zk-1, 0.697026
EXP-LOAD, 2023-07-19T18:09:17.925, ubuntu22-b, mtd-zk-1, 0.697026
EXP-LOAD, 2023-07-19T18:09:28.030, ubuntu22-b, mtd-zk-1, 0.672227
EXP-LEAD, 2023-07-19T18:09:30.073, ubuntu22-b, mtd-zk-1, START
EXP-LEAD, 2023-07-19T18:09:34.736, ubuntu22-b, mtd-zk-1, END
EXP-LOAD, 2023-07-19T18:09:35.777, ubuntu22-b, mtd-zk-1, 0.648063
EXP-LOAD, 2023-07-19T18:09:45.962, ubuntu22-b, mtd-zk-1, 0.648063
EXP-LOAD, 2023-07-19T18:09:56.050, ubuntu22-b, mtd-zk-1, 0.686908
EXP-LOAD, 2023-07-19T18:10:08.285, ubuntu22-b, mtd-zk-1, 0.629205
EXP-LOAD, 2023-07-19T18:10:17.390, ubuntu22-b, mtd-zk-1, 0.629205
EXP-LOAD, 2023-07-19T18:10:24.507, ubuntu22-b, mtd-zk-1, 0.719009
EXP-LEAD, 2023-07-19T18:10:25.536, ubuntu22-b, mtd-zk-1, START
EXP-LEAD, 2023-07-19T18:10:31.045, ubuntu22-b, mtd-zk-1, END
EXP-LOAD, 2023-07-19T18:10:32.154, ubuntu22-b, mtd-zk-1, 0.719009
EXP-LOAD, 2023-07-19T18:10:41.712, ubuntu22-b, mtd-zk-1, 0.663239
EXP-LOAD, 2023-07-19T18:10:50.851, ubuntu22-b, mtd-zk-1, 0.624120
EXP-LOAD, 2023-07-19T18:10:56.970, ubuntu22-b, mtd-zk-1, 0.624120
EXP-LOAD, 2023-07-19T18:11:08.161, ubuntu22-b, mtd-zk-1, 0.597823
EXP-LOAD, 2023-07-19T18:11:13.250, ubuntu22-b, mtd-zk-1, 0.597823
EXP-LOAD, 2023-07-19T18:11:26.543, ubuntu22-b, mtd-zk-1, 0.702327
EXP-LOAD, 2023-07-19T18:11:33.554, ubuntu22-b, mtd-zk-1, 0.702327
EXP-LOAD, 2023-07-19T18:11:44.109, ubuntu22-b, mtd-zk-1, 0.673642
EXP-LEAD, 2023-07-19T18:11:45.146, ubuntu22-b, mtd-zk-1, START
EXP-LEAD, 2023-07-19T18:11:50.757, ubuntu22-b, mtd-zk-1, END
EXP-LOAD, 2023-07-19T18:11:51.804, ubuntu22-b, mtd-zk-1, 0.681705
EXP-LOAD, 2023-07-19T18:12:02.409, ubuntu22-b, mtd-zk-1, 0.681705
EXP-LEAD, 2023-07-19T18:12:03.428, ubuntu22-b, mtd-zk-1, START
EXP-LEAD, 2023-07-19T18:12:08.941, ubuntu22-b, mtd-zk-1, END
EXP-LOAD, 2023-07-19T18:12:09.991, ubuntu22-b, mtd-zk-1, 0.682805
EXP-LOAD, 2023-07-19T18:12:17.650, ubuntu22-b, mtd-zk-1, 0.682805
EXP-LEAD, 2023-07-19T18:12:19.202, ubuntu22-b, mtd-zk-1, START
EXP-LEAD, 2023-07-19T18:12:29.063, ubuntu22-b, mtd-zk-1, END
EXP-LOAD, 2023-07-19T18:12:30.201, ubuntu22-b, mtd-zk-1, 0.689817
EXP-LOAD, 2023-07-19T18:12:38.428, ubuntu22-b, mtd-zk-1, 0.762021
EXP-LOAD, 2023-07-19T18:12:46.615, ubuntu22-b, mtd-zk-1, 0.762021
EXP-LOAD, 2023-07-19T18:12:56.129, ubuntu22-b, mtd-zk-1, 0.633413
EXP-LOAD, 2023-07-19T18:13:03.284, ubuntu22-b, mtd-zk-1, 0.633413
EXP-LOAD, 2023-07-19T18:13:09.927, ubuntu22-b, mtd-zk-1, 0.678617
EXP-LEAD, 2023-07-19T18:13:10.697, ubuntu22-b, mtd-zk-1, START
EXP-LEAD, 2023-07-19T18:13:16.289, ubuntu22-b, mtd-zk-1, END
EXP-LOAD, 2023-07-19T18:13:17.347, ubuntu22-b, mtd-zk-1, 0.678617
EXP-LOAD, 2023-07-19T18:13:24.884, ubuntu22-b, mtd-zk-1, 0.690827
EXP-LOAD, 2023-07-19T18:13:36.651, ubuntu22-b, mtd-zk-1, 0.649405
EXP-LOAD, 2023-07-19T18:13:43.710, ubuntu22-b, mtd-zk-1, 0.649405
EXP-LOAD, 2023-07-19T18:13:51.836, ubuntu22-b, mtd-zk-1, 0.714917
EXP-LOAD, 2023-07-19T18:14:02.041, ubuntu22-b, mtd-zk-1, 0.714917
EXP-LEAD, 2023-07-19T18:14:04.045, ubuntu22-b, mtd-zk-1, START
EXP-LEAD, 2023-07-19T18:14:09.540, ubuntu22-b, mtd-zk-1, END
EXP-LOAD, 2023-07-19T18:14:10.594, ubuntu22-b, mtd-zk-1, 0.691813
EXP-LOAD, 2023-07-19T18:14:19.224, ubuntu22-b, mtd-zk-1, 0.649055
EXP-LOAD, 2023-07-19T18:14:29.337, ubuntu22-b, mtd-zk-1, 0.649055
EXP-LEAD, 2023-07-19T18:14:29.374, ubuntu22-b, mtd-zk-1, START
EXP-LEAD, 2023-07-19T18:14:34.959, ubuntu22-b, mtd-zk-1, END
EXP-LOAD, 2023-07-19T18:14:36.015, ubuntu22-b, mtd-zk-1, 0.666820
EXP-LOAD, 2023-07-19T18:14:46.604, ubuntu22-b, mtd-zk-1, 0.666820
EXP-LOAD, 2023-07-19T18:14:54.476, ubuntu22-b, mtd-zk-1, 0.700936
EXP-LOAD, 2023-07-19T18:15:15.327, ubuntu22-b, mtd-zk-1, 0.708821
EXP-LEAD, 2023-07-19T18:15:17.329, ubuntu22-b, mtd-zk-1, START
EXP-LEAD, 2023-07-19T18:15:26.165, ubuntu22-b, mtd-zk-1, END
EXP-LOAD, 2023-07-19T18:15:28.938, ubuntu22-b, mtd-zk-1, 0.883286
EXP-LEAD, 2023-07-19T18:15:31.033, ubuntu22-b, mtd-zk-1, START
EXP-LEAD, 2023-07-19T18:15:52.291, ubuntu22-b, mtd-zk-1, END
EXP-LOAD, 2023-07-19T18:15:54.085, ubuntu22-b, mtd-zk-1, 0.915875
EXP-LOAD, 2023-07-19T18:16:01.840, ubuntu22-b, mtd-zk-1, 0.915875
EXP-LOAD, 2023-07-19T18:16:15.753, ubuntu22-b, mtd-zk-1, 0.809148
EXP-LOAD, 2023-07-19T18:16:22.894, ubuntu22-b, mtd-zk-1, 0.772405
EXP-LEAD, 2023-07-19T18:16:24.930, ubuntu22-b, mtd-zk-1, START
EXP-LEAD, 2023-07-19T18:16:29.469, ubuntu22-b, mtd-zk-1, END
EXP-LOAD, 2023-07-19T18:16:30.558, ubuntu22-b, mtd-zk-1, 0.772405
EXP-LOAD, 2023-07-19T18:16:42.118, ubuntu22-b, mtd-zk-1, 0.673807
EXP-LOAD, 2023-07-19T18:16:49.228, ubuntu22-b, mtd-zk-1, 0.663625
EXP-LOAD, 2023-07-19T18:16:56.546, ubuntu22-b, mtd-zk-1, 0.663625
EXP-LOAD, 2023-07-19T18:17:12.217, ubuntu22-b, mtd-zk-1, 0.703616
EXP-LOAD, 2023-07-19T18:17:19.347, ubuntu22-b, mtd-zk-1, 0.636554
EXP-LOAD, 2023-07-19T18:17:26.643, ubuntu22-b, mtd-zk-1, 0.636554
EXP-LOAD, 2023-07-19T18:17:38.550, ubuntu22-b, mtd-zk-1, 0.696115
EXP-LOAD, 2023-07-19T18:17:45.649, ubuntu22-b, mtd-zk-1, 0.696115
EXP-LOAD, 2023-07-19T18:17:55.205, ubuntu22-b, mtd-zk-1, 0.622804
EXP-LEAD, 2023-07-19T18:17:57.260, ubuntu22-b, mtd-zk-1, START
EXP-LEAD, 2023-07-19T18:18:02.751, ubuntu22-b, mtd-zk-1, END
EXP-LOAD, 2023-07-19T18:18:03.809, ubuntu22-b, mtd-zk-1, 0.622804
EXP-LOAD, 2023-07-19T18:18:10.934, ubuntu22-b, mtd-zk-1, 0.686112
EXP-LEAD, 2023-07-19T18:18:12.973, ubuntu22-b, mtd-zk-1, START
EXP-LEAD, 2023-07-19T18:18:20.699, ubuntu22-b, mtd-zk-1, END
EXP-LOAD, 2023-07-19T18:18:21.789, ubuntu22-b, mtd-zk-1, 0.743223
EXP-LEAD, 2023-07-19T18:18:22.110, ubuntu22-b, mtd-zk-1, START
EXP-LEAD, 2023-07-19T18:18:27.856, ubuntu22-b, mtd-zk-1, END
EXP-LOAD, 2023-07-19T18:18:28.922, ubuntu22-b, mtd-zk-1, 0.743223
EXP-LOAD, 2023-07-19T18:18:37.059, ubuntu22-b, mtd-zk-1, 0.703315
EXP-LEAD, 2023-07-19T18:18:39.093, ubuntu22-b, mtd-zk-1, START
EXP-LEAD, 2023-07-19T18:18:43.599, ubuntu22-b, mtd-zk-1, END
EXP-LOAD, 2023-07-19T18:18:44.655, ubuntu22-b, mtd-zk-1, 0.703315
EXP-LOAD, 2023-07-19T18:18:58.738, ubuntu22-b, mtd-zk-1, 0.694616
EXP-LOAD, 2023-07-19T18:19:06.731, ubuntu22-b, mtd-zk-1, 0.677618
EXP-LOAD, 2023-07-19T18:19:19.878, ubuntu22-b, mtd-zk-1, 0.729821
EXP-LOAD, 2023-07-19T18:19:28.182, ubuntu22-b, mtd-zk-1, 0.729821
EXP-LEAD, 2023-07-19T18:19:29.665, ubuntu22-b, mtd-zk-1, START
EXP-LEAD, 2023-07-19T18:19:34.471, ubuntu22-b, mtd-zk-1, END
EXP-LOAD, 2023-07-19T18:19:35.524, ubuntu22-b, mtd-zk-1, 0.722616
EXP-LEAD, 2023-07-19T18:19:36.659, ubuntu22-b, mtd-zk-1, START
EXP-LEAD, 2023-07-19T18:19:45.391, ubuntu22-b, mtd-zk-1, END
EXP-LOAD, 2023-07-19T18:19:46.469, ubuntu22-b, mtd-zk-1, 0.722616
EXP-LOAD, 2023-07-19T18:19:54.853, ubuntu22-b, mtd-zk-1, 0.707619
EXP-LEAD, 2023-07-19T18:19:56.933, ubuntu22-b, mtd-zk-1, START
EXP-LEAD, 2023-07-19T18:20:02.475, ubuntu22-b, mtd-zk-1, END
EXP-LOAD, 2023-07-19T18:20:03.530, ubuntu22-b, mtd-zk-1, 0.707619
EXP-LOAD, 2023-07-19T18:20:14.163, ubuntu22-b, mtd-zk-1, 0.649028
EXP-LOAD, 2023-07-19T18:20:21.991, ubuntu22-b, mtd-zk-1, 0.660016
EXP-LOAD, 2023-07-19T18:20:33.077, ubuntu22-b, mtd-zk-1, 0.660016
EXP-LEAD, 2023-07-19T18:20:35.165, ubuntu22-b, mtd-zk-1, START
EXP-LEAD, 2023-07-19T18:20:40.727, ubuntu22-b, mtd-zk-1, END
EXP-LOAD, 2023-07-19T18:20:41.784, ubuntu22-b, mtd-zk-1, 0.755411
EXP-LEAD, 2023-07-19T18:20:43.284, ubuntu22-b, mtd-zk-1, START
EXP-LEAD, 2023-07-19T18:20:47.841, ubuntu22-b, mtd-zk-1, END
EXP-LOAD, 2023-07-19T18:20:48.921, ubuntu22-b, mtd-zk-1, 0.755411
EXP-LOAD, 2023-07-19T18:20:56.521, ubuntu22-b, mtd-zk-1, 0.673745
EXP-LEAD, 2023-07-19T18:20:57.632, ubuntu22-b, mtd-zk-1, START
EXP-LEAD, 2023-07-19T18:21:09.011, ubuntu22-b, mtd-zk-1, END
EXP-LOAD, 2023-07-19T18:21:10.076, ubuntu22-b, mtd-zk-1, 0.647208
EXP-LOAD, 2023-07-19T18:21:19.847, ubuntu22-b, mtd-zk-1, 0.712807
EXP-LOAD, 2023-07-19T18:21:27.941, ubuntu22-b, mtd-zk-1, 0.712807
EXP-LOAD, 2023-07-19T18:21:40.071, ubuntu22-b, mtd-zk-1, 0.693011
EXP-LOAD, 2023-07-19T18:21:49.168, ubuntu22-b, mtd-zk-1, 0.671108
EXP-LEAD, 2023-07-19T18:21:50.276, ubuntu22-b, mtd-zk-1, START
EXP-LEAD, 2023-07-19T18:21:57.903, ubuntu22-b, mtd-zk-1, END
EXP-LOAD, 2023-07-19T18:21:58.975, ubuntu22-b, mtd-zk-1, 0.671108
EXP-LEAD, 2023-07-19T18:22:00.339, ubuntu22-b, mtd-zk-1, START
EXP-LEAD, 2023-07-19T18:22:05.872, ubuntu22-b, mtd-zk-1, END
EXP-LOAD, 2023-07-19T18:22:06.915, ubuntu22-b, mtd-zk-1, 0.647498
EXP-LEAD, 2023-07-19T18:22:07.442, ubuntu22-b, mtd-zk-1, START
EXP-LEAD, 2023-07-19T18:22:16.083, ubuntu22-b, mtd-zk-1, END
EXP-LOAD, 2023-07-19T18:22:17.158, ubuntu22-b, mtd-zk-1, 0.647498
EXP-LOAD, 2023-07-19T18:22:26.293, ubuntu22-b, mtd-zk-1, 0.734832
EXP-LOAD, 2023-07-19T18:22:37.501, ubuntu22-b, mtd-zk-1, 0.661004
EXP-LOAD, 2023-07-19T18:22:47.378, ubuntu22-b, mtd-zk-1, 0.661004
EXP-LEAD, 2023-07-19T18:22:49.467, ubuntu22-b, mtd-zk-1, START
EXP-LEAD, 2023-07-19T18:22:57.083, ubuntu22-b, mtd-zk-1, END
EXP-LOAD, 2023-07-19T18:22:58.153, ubuntu22-b, mtd-zk-1, 0.690627
EXP-LOAD, 2023-07-19T18:23:07.776, ubuntu22-b, mtd-zk-1, 0.742016
EXP-LOAD, 2023-07-19T18:23:17.952, ubuntu22-b, mtd-zk-1, 0.742016
EXP-LEAD, 2023-07-19T18:23:19.778, ubuntu22-b, mtd-zk-1, START
EXP-LEAD, 2023-07-19T18:23:24.325, ubuntu22-b, mtd-zk-1, END
EXP-LOAD, 2023-07-19T18:23:25.387, ubuntu22-b, mtd-zk-1, 0.669616
EXP-LOAD, 2023-07-19T18:23:34.851, ubuntu22-b, mtd-zk-1, 0.669616
EXP-LOAD, 2023-07-19T18:23:47.006, ubuntu22-b, mtd-zk-1, 0.679404
EXP-LOAD, 2023-07-19T18:23:56.274, ubuntu22-b, mtd-zk-1, 0.783053
EXP-LOAD, 2023-07-19T18:24:04.426, ubuntu22-b, mtd-zk-1, 0.783053
EXP-LOAD, 2023-07-19T18:24:16.425, ubuntu22-b, mtd-zk-1, 0.669203
EXP-LOAD, 2023-07-19T18:24:25.512, ubuntu22-b, mtd-zk-1, 0.661521
EXP-LOAD, 2023-07-19T18:24:33.630, ubuntu22-b, mtd-zk-1, 0.661521
EXP-LEAD, 2023-07-19T18:24:35.687, ubuntu22-b, mtd-zk-1, START
EXP-LEAD, 2023-07-19T18:24:40.222, ubuntu22-b, mtd-zk-1, END
EXP-LOAD, 2023-07-19T18:24:41.255, ubuntu22-b, mtd-zk-1, 0.639422
EXP-LOAD, 2023-07-19T18:24:51.846, ubuntu22-b, mtd-zk-1, 0.711623
EXP-LOAD, 2023-07-19T18:25:00.975, ubuntu22-b, mtd-zk-1, 0.711623
EXP-LOAD, 2023-07-19T18:25:11.101, ubuntu22-b, mtd-zk-1, 0.671224
EXP-LOAD, 2023-07-19T18:25:20.197, ubuntu22-b, mtd-zk-1, 0.649118
EXP-LOAD, 2023-07-19T18:25:26.596, ubuntu22-b, mtd-zk-1, 0.649118
EXP-LEAD, 2023-07-19T18:25:27.680, ubuntu22-b, mtd-zk-1, START
EXP-LEAD, 2023-07-19T18:25:33.159, ubuntu22-b, mtd-zk-1, END
EXP-LOAD, 2023-07-19T18:25:34.206, ubuntu22-b, mtd-zk-1, 0.617614
EXP-LEAD, 2023-07-19T18:25:35.863, ubuntu22-b, mtd-zk-1, START
EXP-LEAD, 2023-07-19T18:25:40.297, ubuntu22-b, mtd-zk-1, END
EXP-LOAD, 2023-07-19T18:25:41.348, ubuntu22-b, mtd-zk-1, 0.617614
EXP-LOAD, 2023-07-19T18:25:50.458, ubuntu22-b, mtd-zk-1, 0.656210
EXP-LOAD, 2023-07-19T18:25:57.594, ubuntu22-b, mtd-zk-1, 0.656210
EXP-LEAD, 2023-07-19T18:25:59.624, ubuntu22-b, mtd-zk-1, START
EXP-LEAD, 2023-07-19T18:26:05.184, ubuntu22-b, mtd-zk-1, END
EXP-LOAD, 2023-07-19T18:26:06.244, ubuntu22-b, mtd-zk-1, 0.606851
EXP-LOAD, 2023-07-19T18:26:12.868, ubuntu22-b, mtd-zk-1, 0.606851
EXP-LOAD, 2023-07-19T18:26:21.979, ubuntu22-b, mtd-zk-1, 0.638395
EXP-LEAD, 2023-07-19T18:26:23.031, ubuntu22-b, mtd-zk-1, START
EXP-LEAD, 2023-07-19T18:26:27.591, ubuntu22-b, mtd-zk-1, END
EXP-LOAD, 2023-07-19T18:26:28.672, ubuntu22-b, mtd-zk-1, 0.638395
EXP-LOAD, 2023-07-19T18:26:35.229, ubuntu22-b, mtd-zk-1, 0.663009
EXP-LEAD, 2023-07-19T18:26:36.774, ubuntu22-b, mtd-zk-1, START
EXP-LEAD, 2023-07-19T18:26:41.267, ubuntu22-b, mtd-zk-1, END
EXP-LOAD, 2023-07-19T18:26:42.313, ubuntu22-b, mtd-zk-1, 0.663009
EXP-LOAD, 2023-07-19T18:26:52.934, ubuntu22-b, mtd-zk-1, 0.668919
EXP-LEAD, 2023-07-19T18:26:54.090, ubuntu22-b, mtd-zk-1, START
EXP-LEAD, 2023-07-19T18:26:58.711, ubuntu22-b, mtd-zk-1, END
EXP-LOAD, 2023-07-19T18:26:59.781, ubuntu22-b, mtd-zk-1, 0.668919
EXP-LOAD, 2023-07-19T18:27:05.281, ubuntu22-b, mtd-zk-1, 0.691013
EXP-LOAD, 2023-07-19T18:27:13.442, ubuntu22-b, mtd-zk-1, 0.691013
EXP-LOAD, 2023-07-19T18:27:24.570, ubuntu22-b, mtd-zk-1, 0.653109
EXP-LOAD, 2023-07-19T18:27:33.656, ubuntu22-b, mtd-zk-1, 0.653109
EXP-LOAD, 2023-07-19T18:27:40.339, ubuntu22-b, mtd-zk-1, 0.723240
EXP-LOAD, 2023-07-19T18:27:49.464, ubuntu22-b, mtd-zk-1, 0.676117
EXP-LEAD, 2023-07-19T18:27:51.491, ubuntu22-b, mtd-zk-1, START
EXP-LEAD, 2023-07-19T18:27:56.032, ubuntu22-b, mtd-zk-1, END
EXP-LOAD, 2023-07-19T18:27:57.111, ubuntu22-b, mtd-zk-1, 0.676117
EXP-LOAD, 2023-07-19T18:28:06.260, ubuntu22-b, mtd-zk-1, 0.702651
EXP-LOAD, 2023-07-19T18:28:12.886, ubuntu22-b, mtd-zk-1, 0.702651
EXP-LOAD, 2023-07-19T18:28:23.077, ubuntu22-b, mtd-zk-1, 0.692301
EXP-LOAD, 2023-07-19T18:28:31.166, ubuntu22-b, mtd-zk-1, 0.692301
EXP-LOAD, 2023-07-19T18:28:42.340, ubuntu22-b, mtd-zk-1, 0.679821
EXP-LEAD, 2023-07-19T18:28:43.379, ubuntu22-b, mtd-zk-1, START
EXP-LEAD, 2023-07-19T18:28:48.022, ubuntu22-b, mtd-zk-1, END
EXP-LOAD, 2023-07-19T18:28:49.067, ubuntu22-b, mtd-zk-1, 0.708406
EXP-LOAD, 2023-07-19T18:28:59.213, ubuntu22-b, mtd-zk-1, 0.708406
EXP-LOAD, 2023-07-19T18:29:06.878, ubuntu22-b, mtd-zk-1, 0.768604
EXP-LOAD, 2023-07-19T18:29:19.150, ubuntu22-b, mtd-zk-1, 0.729420
EXP-LOAD, 2023-07-19T18:29:27.151, ubuntu22-b, mtd-zk-1, 0.729420
EXP-LOAD, 2023-07-19T18:29:34.244, ubuntu22-b, mtd-zk-1, 0.669406
EXP-LEAD, 2023-07-19T18:29:36.321, ubuntu22-b, mtd-zk-1, START
EXP-LEAD, 2023-07-19T18:29:46.115, ubuntu22-b, mtd-zk-1, END
EXP-LOAD, 2023-07-19T18:29:47.161, ubuntu22-b, mtd-zk-1, 0.669406
EXP-LOAD, 2023-07-19T18:29:54.469, ubuntu22-b, mtd-zk-1, 0.682913
EXP-LOAD, 2023-07-19T18:30:12.864, ubuntu22-b, mtd-zk-1, 0.693630
EXP-LOAD, 2023-07-19T18:30:28.642, ubuntu22-b, mtd-zk-1, 0.886500
EXP-LOAD, 2023-07-19T18:30:39.576, ubuntu22-b, mtd-zk-1, 0.835185
EXP-LOAD, 2023-07-19T18:30:44.711, ubuntu22-b, mtd-zk-1, 0.835185
EXP-LOAD, 2023-07-19T18:30:56.207, ubuntu22-b, mtd-zk-1, 0.661484
EXP-LEAD, 2023-07-19T18:30:58.246, ubuntu22-b, mtd-zk-1, START
EXP-LEAD, 2023-07-19T18:31:04.073, ubuntu22-b, mtd-zk-1, END
EXP-LOAD, 2023-07-19T18:31:05.131, ubuntu22-b, mtd-zk-1, 0.681310
EXP-LOAD, 2023-07-19T18:31:13.529, ubuntu22-b, mtd-zk-1, 0.681310
EXP-LEAD, 2023-07-19T18:31:14.522, ubuntu22-b, mtd-zk-1, START
EXP-LEAD, 2023-07-19T18:31:20.046, ubuntu22-b, mtd-zk-1, END
EXP-LOAD, 2023-07-19T18:31:21.134, ubuntu22-b, mtd-zk-1, 0.651808
EXP-LEAD, 2023-07-19T18:31:21.186, ubuntu22-b, mtd-zk-1, START
EXP-LEAD, 2023-07-19T18:31:26.855, ubuntu22-b, mtd-zk-1, END
EXP-LOAD, 2023-07-19T18:31:27.911, ubuntu22-b, mtd-zk-1, 0.651808
EXP-LEAD, 2023-07-19T18:31:29.301, ubuntu22-b, mtd-zk-1, START
EXP-LEAD, 2023-07-19T18:31:36.885, ubuntu22-b, mtd-zk-1, END
EXP-LOAD, 2023-07-19T18:31:37.972, ubuntu22-b, mtd-zk-1, 0.691912
EXP-LEAD, 2023-07-19T18:31:39.461, ubuntu22-b, mtd-zk-1, START
EXP-LEAD, 2023-07-19T18:31:43.966, ubuntu22-b, mtd-zk-1, END
EXP-LOAD, 2023-07-19T18:31:45.080, ubuntu22-b, mtd-zk-1, 0.691912
EXP-LOAD, 2023-07-19T18:31:57.424, ubuntu22-b, mtd-zk-1, 0.703263
EXP-LOAD, 2023-07-19T18:32:07.552, ubuntu22-b, mtd-zk-1, 0.677009
EXP-LEAD, 2023-07-19T18:32:08.558, ubuntu22-b, mtd-zk-1, START
EXP-LEAD, 2023-07-19T18:32:16.228, ubuntu22-b, mtd-zk-1, END
EXP-LOAD, 2023-07-19T18:32:17.289, ubuntu22-b, mtd-zk-1, 0.677009
EXP-LOAD, 2023-07-19T18:32:24.412, ubuntu22-b, mtd-zk-1, 0.660808
EXP-LEAD, 2023-07-19T18:32:26.495, ubuntu22-b, mtd-zk-1, START
EXP-LEAD, 2023-07-19T18:32:36.781, ubuntu22-b, mtd-zk-1, END
EXP-LOAD, 2023-07-19T18:32:37.820, ubuntu22-b, mtd-zk-1, 0.724020
EXP-LOAD, 2023-07-19T18:32:44.648, ubuntu22-b, mtd-zk-1, 0.724020
EXP-LEAD, 2023-07-19T18:32:46.693, ubuntu22-b, mtd-zk-1, START
EXP-LEAD, 2023-07-19T18:32:54.309, ubuntu22-b, mtd-zk-1, END
EXP-LOAD, 2023-07-19T18:32:55.354, ubuntu22-b, mtd-zk-1, 0.708400
EXP-LEAD, 2023-07-19T18:32:56.862, ubuntu22-b, mtd-zk-1, START
EXP-LEAD, 2023-07-19T18:33:02.576, ubuntu22-b, mtd-zk-1, END
EXP-LOAD, 2023-07-19T18:33:03.612, ubuntu22-b, mtd-zk-1, 0.708400
EXP-LEAD, 2023-07-19T18:33:04.923, ubuntu22-b, mtd-zk-1, START
EXP-LEAD, 2023-07-19T18:33:09.456, ubuntu22-b, mtd-zk-1, END
EXP-LOAD, 2023-07-19T18:33:10.546, ubuntu22-b, mtd-zk-1, 0.690828
EXP-LOAD, 2023-07-19T18:33:18.103, ubuntu22-b, mtd-zk-1, 0.690828
EXP-LEAD, 2023-07-19T18:33:19.676, ubuntu22-b, mtd-zk-1, START
EXP-LEAD, 2023-07-19T18:33:25.371, ubuntu22-b, mtd-zk-1, END
EXP-LOAD, 2023-07-19T18:33:26.465, ubuntu22-b, mtd-zk-1, 0.706011
EXP-LEAD, 2023-07-19T18:33:27.790, ubuntu22-b, mtd-zk-1, START
EXP-LEAD, 2023-07-19T18:33:35.353, ubuntu22-b, mtd-zk-1, END
EXP-LOAD, 2023-07-19T18:33:36.417, ubuntu22-b, mtd-zk-1, 0.659708
EXP-LOAD, 2023-07-19T18:33:44.049, ubuntu22-b, mtd-zk-1, 0.659708
EXP-LOAD, 2023-07-19T18:33:59.258, ubuntu22-b, mtd-zk-1, 0.729227
EXP-LEAD, 2023-07-19T18:34:01.308, ubuntu22-b, mtd-zk-1, START
EXP-LEAD, 2023-07-19T18:34:05.882, ubuntu22-b, mtd-zk-1, END
EXP-LOAD, 2023-07-19T18:34:06.921, ubuntu22-b, mtd-zk-1, 0.684773
EXP-LOAD, 2023-07-19T18:34:16.093, ubuntu22-b, mtd-zk-1, 0.684773
EXP-LOAD, 2023-07-19T18:34:23.186, ubuntu22-b, mtd-zk-1, 0.681817
EXP-LOAD, 2023-07-19T18:34:34.423, ubuntu22-b, mtd-zk-1, 0.696310
EXP-LOAD, 2023-07-19T18:34:43.735, ubuntu22-b, mtd-zk-1, 0.696310
EXP-LOAD, 2023-07-19T18:34:51.664, ubuntu22-b, mtd-zk-1, 0.721437
EXP-LOAD, 2023-07-19T18:35:02.754, ubuntu22-b, mtd-zk-1, 0.721437
EXP-LEAD, 2023-07-19T18:35:03.746, ubuntu22-b, mtd-zk-1, START
EXP-LEAD, 2023-07-19T18:35:09.406, ubuntu22-b, mtd-zk-1, END
EXP-LOAD, 2023-07-19T18:35:10.454, ubuntu22-b, mtd-zk-1, 0.699129
EXP-LOAD, 2023-07-19T18:35:17.916, ubuntu22-b, mtd-zk-1, 0.699129
EXP-LOAD, 2023-07-19T18:35:26.602, ubuntu22-b, mtd-zk-1, 0.695250
EXP-LOAD, 2023-07-19T18:35:33.735, ubuntu22-b, mtd-zk-1, 0.695250
EXP-LOAD, 2023-07-19T18:35:39.411, ubuntu22-b, mtd-zk-1, 0.689316
EXP-LOAD, 2023-07-19T18:35:50.508, ubuntu22-b, mtd-zk-1, 0.750813
EXP-LEAD, 2023-07-19T18:35:51.553, ubuntu22-b, mtd-zk-1, START
EXP-LEAD, 2023-07-19T18:35:56.015, ubuntu22-b, mtd-zk-1, END
EXP-LOAD, 2023-07-19T18:35:57.074, ubuntu22-b, mtd-zk-1, 0.750813
EXP-LOAD, 2023-07-19T18:36:06.758, ubuntu22-b, mtd-zk-1, 0.692507
EXP-LEAD, 2023-07-19T18:36:08.403, ubuntu22-b, mtd-zk-1, START
EXP-LEAD, 2023-07-19T18:36:13.866, ubuntu22-b, mtd-zk-1, END
EXP-LOAD, 2023-07-19T18:36:14.905, ubuntu22-b, mtd-zk-1, 0.692507
EXP-LEAD, 2023-07-19T18:36:16.508, ubuntu22-b, mtd-zk-1, START
EXP-LEAD, 2023-07-19T18:36:22.174, ubuntu22-b, mtd-zk-1, END
EXP-LOAD, 2023-07-19T18:36:23.227, ubuntu22-b, mtd-zk-1, 0.680627
EXP-LOAD, 2023-07-19T18:36:29.331, ubuntu22-b, mtd-zk-1, 0.680627
EXP-LOAD, 2023-07-19T18:36:39.423, ubuntu22-b, mtd-zk-1, 0.633913
EXP-LOAD, 2023-07-19T18:36:46.569, ubuntu22-b, mtd-zk-1, 0.633913
EXP-LOAD, 2023-07-19T18:36:55.789, ubuntu22-b, mtd-zk-1, 0.599828
EXP-LOAD, 2023-07-19T18:37:04.822, ubuntu22-b, mtd-zk-1, 0.669423
EXP-LOAD, 2023-07-19T18:37:11.938, ubuntu22-b, mtd-zk-1, 0.669423
EXP-LOAD, 2023-07-19T18:37:20.103, ubuntu22-b, mtd-zk-1, 0.717206
EXP-LOAD, 2023-07-19T18:37:30.151, ubuntu22-b, mtd-zk-1, 0.717206
EXP-LOAD, 2023-07-19T18:37:37.892, ubuntu22-b, mtd-zk-1, 0.684906
EXP-LOAD, 2023-07-19T18:37:46.032, ubuntu22-b, mtd-zk-1, 0.684906
EXP-LEAD, 2023-07-19T18:37:47.057, ubuntu22-b, mtd-zk-1, START
EXP-LEAD, 2023-07-19T18:37:51.705, ubuntu22-b, mtd-zk-1, END
EXP-LOAD, 2023-07-19T18:37:52.743, ubuntu22-b, mtd-zk-1, 0.689821
EXP-LOAD, 2023-07-19T18:38:05.851, ubuntu22-b, mtd-zk-1, 0.663616
EXP-LOAD, 2023-07-19T18:38:14.951, ubuntu22-b, mtd-zk-1, 0.663616
EXP-LOAD, 2023-07-19T18:38:23.057, ubuntu22-b, mtd-zk-1, 0.603423
EXP-LOAD, 2023-07-19T18:38:35.203, ubuntu22-b, mtd-zk-1, 0.665910
EXP-LOAD, 2023-07-19T18:38:42.869, ubuntu22-b, mtd-zk-1, 0.665910
EXP-LOAD, 2023-07-19T18:38:49.981, ubuntu22-b, mtd-zk-1, 0.642231
EXP-LOAD, 2023-07-19T18:38:59.804, ubuntu22-b, mtd-zk-1, 0.642231
EXP-LOAD, 2023-07-19T18:39:10.035, ubuntu22-b, mtd-zk-1, 0.680612
EXP-LOAD, 2023-07-19T18:39:18.106, ubuntu22-b, mtd-zk-1, 0.680612
EXP-LOAD, 2023-07-19T18:39:29.233, ubuntu22-b, mtd-zk-1, 0.701412
EXP-LEAD, 2023-07-19T18:39:30.282, ubuntu22-b, mtd-zk-1, START
EXP-LEAD, 2023-07-19T18:39:35.830, ubuntu22-b, mtd-zk-1, END
EXP-LOAD, 2023-07-19T18:39:36.876, ubuntu22-b, mtd-zk-1, 0.644399
EXP-LOAD, 2023-07-19T18:39:46.502, ubuntu22-b, mtd-zk-1, 0.644399
EXP-LOAD, 2023-07-19T18:39:55.130, ubuntu22-b, mtd-zk-1, 0.712424
EXP-LOAD, 2023-07-19T18:40:05.369, ubuntu22-b, mtd-zk-1, 0.694813
EXP-LOAD, 2023-07-19T18:40:14.242, ubuntu22-b, mtd-zk-1, 0.694813
EXP-LOAD, 2023-07-19T18:40:22.334, ubuntu22-b, mtd-zk-1, 0.644811
EXP-LOAD, 2023-07-19T18:40:33.454, ubuntu22-b, mtd-zk-1, 0.644811
EXP-LOAD, 2023-07-19T18:40:41.586, ubuntu22-b, mtd-zk-1, 0.657626
EXP-LEAD, 2023-07-19T18:40:43.620, ubuntu22-b, mtd-zk-1, START
EXP-LEAD, 2023-07-19T18:40:49.126, ubuntu22-b, mtd-zk-1, END
EXP-LOAD, 2023-07-19T18:40:50.159, ubuntu22-b, mtd-zk-1, 0.699815
EXP-LOAD, 2023-07-19T18:41:00.251, ubuntu22-b, mtd-zk-1, 0.699815
EXP-LOAD, 2023-07-19T18:41:08.386, ubuntu22-b, mtd-zk-1, 0.668612
EXP-LOAD, 2023-07-19T18:41:17.502, ubuntu22-b, mtd-zk-1, 0.668612
EXP-LEAD, 2023-07-19T18:41:18.498, ubuntu22-b, mtd-zk-1, START
EXP-LEAD, 2023-07-19T18:41:23.357, ubuntu22-b, mtd-zk-1, END
EXP-LOAD, 2023-07-19T18:41:24.397, ubuntu22-b, mtd-zk-1, 0.712806
EXP-LEAD, 2023-07-19T18:41:25.619, ubuntu22-b, mtd-zk-1, START
EXP-LEAD, 2023-07-19T18:41:31.209, ubuntu22-b, mtd-zk-1, END
EXP-LOAD, 2023-07-19T18:41:32.258, ubuntu22-b, mtd-zk-1, 0.712806
EXP-LEAD, 2023-07-19T18:41:33.303, ubuntu22-b, mtd-zk-1, START
EXP-LEAD, 2023-07-19T18:41:39.011, ubuntu22-b, mtd-zk-1, END
EXP-LOAD, 2023-07-19T18:41:40.047, ubuntu22-b, mtd-zk-1, 0.683316
EXP-LOAD, 2023-07-19T18:41:49.497, ubuntu22-b, mtd-zk-1, 0.663632
EXP-LOAD, 2023-07-19T18:41:57.614, ubuntu22-b, mtd-zk-1, 0.663632
EXP-LOAD, 2023-07-19T18:42:11.155, ubuntu22-b, mtd-zk-1, 0.661616
EXP-LOAD, 2023-07-19T18:42:18.236, ubuntu22-b, mtd-zk-1, 0.661616
EXP-LOAD, 2023-07-19T18:42:27.442, ubuntu22-b, mtd-zk-1, 0.657744
EXP-LOAD, 2023-07-19T18:42:35.496, ubuntu22-b, mtd-zk-1, 0.691016
EXP-LEAD, 2023-07-19T18:42:36.995, ubuntu22-b, mtd-zk-1, START
EXP-LEAD, 2023-07-19T18:42:42.544, ubuntu22-b, mtd-zk-1, END
EXP-LOAD, 2023-07-19T18:42:43.646, ubuntu22-b, mtd-zk-1, 0.691016
EXP-LOAD, 2023-07-19T18:42:50.135, ubuntu22-b, mtd-zk-1, 0.673716
EXP-LOAD, 2023-07-19T18:42:58.261, ubuntu22-b, mtd-zk-1, 0.673716
EXP-LEAD, 2023-07-19T18:42:58.302, ubuntu22-b, mtd-zk-1, START
EXP-LEAD, 2023-07-19T18:43:02.841, ubuntu22-b, mtd-zk-1, END
EXP-LOAD, 2023-07-19T18:43:03.881, ubuntu22-b, mtd-zk-1, 0.673716
EXP-LEAD, 2023-07-19T18:43:05.406, ubuntu22-b, mtd-zk-1, START
EXP-LEAD, 2023-07-19T18:43:13.094, ubuntu22-b, mtd-zk-1, END
EXP-LOAD, 2023-07-19T18:43:14.155, ubuntu22-b, mtd-zk-1, 0.648216
EXP-LEAD, 2023-07-19T18:43:15.254, ubuntu22-b, mtd-zk-1, START
EXP-LEAD, 2023-07-19T18:43:20.765, ubuntu22-b, mtd-zk-1, END
EXP-LOAD, 2023-07-19T18:43:21.818, ubuntu22-b, mtd-zk-1, 0.702126
EXP-LEAD, 2023-07-19T18:43:23.325, ubuntu22-b, mtd-zk-1, START
EXP-LEAD, 2023-07-19T18:43:28.822, ubuntu22-b, mtd-zk-1, END
EXP-LOAD, 2023-07-19T18:43:29.876, ubuntu22-b, mtd-zk-1, 0.702126
EXP-LOAD, 2023-07-19T18:43:37.464, ubuntu22-b, mtd-zk-1, 0.676061
EXP-LEAD, 2023-07-19T18:43:39.519, ubuntu22-b, mtd-zk-1, START
EXP-LEAD, 2023-07-19T18:43:44.042, ubuntu22-b, mtd-zk-1, END
EXP-LOAD, 2023-07-19T18:43:45.090, ubuntu22-b, mtd-zk-1, 0.676061
EXP-LEAD, 2023-07-19T18:43:46.667, ubuntu22-b, mtd-zk-1, START
EXP-LEAD, 2023-07-19T18:43:52.181, ubuntu22-b, mtd-zk-1, END
EXP-LOAD, 2023-07-19T18:43:53.234, ubuntu22-b, mtd-zk-1, 0.648420
EXP-LOAD, 2023-07-19T18:43:59.827, ubuntu22-b, mtd-zk-1, 0.648420
EXP-LEAD, 2023-07-19T18:44:01.338, ubuntu22-b, mtd-zk-1, START
EXP-LEAD, 2023-07-19T18:44:09.162, ubuntu22-b, mtd-zk-1, END
EXP-LOAD, 2023-07-19T18:44:10.210, ubuntu22-b, mtd-zk-1, 0.655216
EXP-LOAD, 2023-07-19T18:44:19.510, ubuntu22-b, mtd-zk-1, 0.667121
EXP-LOAD, 2023-07-19T18:44:29.592, ubuntu22-b, mtd-zk-1, 0.667121
EXP-LOAD, 2023-07-19T18:44:37.725, ubuntu22-b, mtd-zk-1, 0.671009
EXP-LEAD, 2023-07-19T18:44:38.244, ubuntu22-b, mtd-zk-1, START
EXP-LEAD, 2023-07-19T18:44:46.951, ubuntu22-b, mtd-zk-1, END
EXP-LOAD, 2023-07-19T18:44:47.992, ubuntu22-b, mtd-zk-1, 0.671009
EXP-LEAD, 2023-07-19T18:44:49.351, ubuntu22-b, mtd-zk-1, START
EXP-LEAD, 2023-07-19T18:44:54.893, ubuntu22-b, mtd-zk-1, END
EXP-LOAD, 2023-07-19T18:44:55.950, ubuntu22-b, mtd-zk-1, 0.695128
EXP-LOAD, 2023-07-19T18:45:05.598, ubuntu22-b, mtd-zk-1, 0.632010
EXP-LEAD, 2023-07-19T18:45:07.679, ubuntu22-b, mtd-zk-1, START
EXP-LEAD, 2023-07-19T18:45:12.531, ubuntu22-b, mtd-zk-1, END
EXP-LOAD, 2023-07-19T18:45:13.578, ubuntu22-b, mtd-zk-1, 0.632010
EXP-LEAD, 2023-07-19T18:45:14.809, ubuntu22-b, mtd-zk-1, START
EXP-LEAD, 2023-07-19T18:45:25.551, ubuntu22-b, mtd-zk-1, END
EXP-LOAD, 2023-07-19T18:45:26.611, ubuntu22-b, mtd-zk-1, 0.700026
EXP-LEAD, 2023-07-19T18:45:26.926, ubuntu22-b, mtd-zk-1, START
EXP-LEAD, 2023-07-19T18:45:31.551, ubuntu22-b, mtd-zk-1, END
EXP-LOAD, 2023-07-19T18:45:32.610, ubuntu22-b, mtd-zk-1, 0.700026
EXP-LOAD, 2023-07-19T18:45:39.792, ubuntu22-b, mtd-zk-1, 0.687813
EXP-LOAD, 2023-07-19T18:45:49.922, ubuntu22-b, mtd-zk-1, 0.681726
EXP-LOAD, 2023-07-19T18:45:56.605, ubuntu22-b, mtd-zk-1, 0.681726
EXP-LOAD, 2023-07-19T18:46:06.305, ubuntu22-b, mtd-zk-1, 0.653604
EXP-LOAD, 2023-07-19T18:46:15.328, ubuntu22-b, mtd-zk-1, 0.653604
EXP-LOAD, 2023-07-19T18:46:26.586, ubuntu22-b, mtd-zk-1, 0.717413
EXP-LOAD, 2023-07-19T18:46:35.741, ubuntu22-b, mtd-zk-1, 0.626252
EXP-LEAD, 2023-07-19T18:46:36.866, ubuntu22-b, mtd-zk-1, START
EXP-LEAD, 2023-07-19T18:46:43.506, ubuntu22-b, mtd-zk-1, END
EXP-LOAD, 2023-07-19T18:46:44.564, ubuntu22-b, mtd-zk-1, 0.626252
EXP-LOAD, 2023-07-19T18:46:51.699, ubuntu22-b, mtd-zk-1, 0.670926
EXP-LOAD, 2023-07-19T18:46:58.813, ubuntu22-b, mtd-zk-1, 0.670926
EXP-LOAD, 2023-07-19T18:47:07.972, ubuntu22-b, mtd-zk-1, 0.658450
EXP-LOAD, 2023-07-19T18:47:15.078, ubuntu22-b, mtd-zk-1, 0.658450
EXP-LOAD, 2023-07-19T18:47:27.734, ubuntu22-b, mtd-zk-1, 0.641213
EXP-LOAD, 2023-07-19T18:47:35.485, ubuntu22-b, mtd-zk-1, 0.718622
EXP-LEAD, 2023-07-19T18:47:36.577, ubuntu22-b, mtd-zk-1, START
EXP-LEAD, 2023-07-19T18:47:42.407, ubuntu22-b, mtd-zk-1, END
EXP-LOAD, 2023-07-19T18:47:43.451, ubuntu22-b, mtd-zk-1, 0.718622
EXP-LOAD, 2023-07-19T18:47:50.762, ubuntu22-b, mtd-zk-1, 0.646010
EXP-LEAD, 2023-07-19T18:47:52.817, ubuntu22-b, mtd-zk-1, START
EXP-LEAD, 2023-07-19T18:48:00.322, ubuntu22-b, mtd-zk-1, END
EXP-LOAD, 2023-07-19T18:48:01.367, ubuntu22-b, mtd-zk-1, 0.646010
EXP-LOAD, 2023-07-19T18:48:09.991, ubuntu22-b, mtd-zk-1, 0.696215
EXP-LOAD, 2023-07-19T18:48:17.112, ubuntu22-b, mtd-zk-1, 0.696215
EXP-LOAD, 2023-07-19T18:48:25.221, ubuntu22-b, mtd-zk-1, 0.658426
EXP-LOAD, 2023-07-19T18:48:33.333, ubuntu22-b, mtd-zk-1, 0.658426
EXP-LOAD, 2023-07-19T18:48:40.436, ubuntu22-b, mtd-zk-1, 0.665411
EXP-LOAD, 2023-07-19T18:48:52.143, ubuntu22-b, mtd-zk-1, 0.633320
EXP-LOAD, 2023-07-19T18:48:59.769, ubuntu22-b, mtd-zk-1, 0.633320
EXP-LOAD, 2023-07-19T18:49:08.944, ubuntu22-b, mtd-zk-1, 0.653014
EXP-LEAD, 2023-07-19T18:49:09.971, ubuntu22-b, mtd-zk-1, START
EXP-LEAD, 2023-07-19T18:49:17.597, ubuntu22-b, mtd-zk-1, END
EXP-LOAD, 2023-07-19T18:49:18.631, ubuntu22-b, mtd-zk-1, 0.653014
EXP-LOAD, 2023-07-19T18:49:27.138, ubuntu22-b, mtd-zk-1, 0.644871
EXP-LEAD, 2023-07-19T18:49:28.210, ubuntu22-b, mtd-zk-1, START
EXP-LEAD, 2023-07-19T18:49:32.951, ubuntu22-b, mtd-zk-1, END
