EXP-LOAD, 2023-07-19T18:51:53.842, ubuntu22-d, mtd-zk-2, 0.052817
EXP-LEAD, 2023-07-19T18:51:58.059, ubuntu22-d, mtd-zk-2, START
EXP-LEAD, 2023-07-19T18:52:07.693, ubuntu22-d, mtd-zk-2, END
EXP-LOAD, 2023-07-19T18:52:08.771, ubuntu22-d, mtd-zk-2, 0.298615
EXP-LEAD, 2023-07-19T18:52:11.365, ubuntu22-d, mtd-zk-2, START
EXP-LEAD, 2023-07-19T18:52:17.110, ubuntu22-d, mtd-zk-2, END
EXP-LOAD, 2023-07-19T18:52:18.173, ubuntu22-d, mtd-zk-2, 0.298615
EXP-LOAD, 2023-07-19T18:52:29.779, ubuntu22-d, mtd-zk-2, 0.215442
EXP-LOAD, 2023-07-19T18:52:43.075, ubuntu22-d, mtd-zk-2, 0.208420
EXP-LOAD, 2023-07-19T18:52:52.486, ubuntu22-d, mtd-zk-2, 0.076028
EXP-LEAD, 2023-07-19T18:52:54.550, ubuntu22-d, mtd-zk-2, START
EXP-LEAD, 2023-07-19T18:53:00.266, ubuntu22-d, mtd-zk-2, END
EXP-LOAD, 2023-07-19T18:53:01.354, ubuntu22-d, mtd-zk-2, 0.076028
EXP-LEAD, 2023-07-19T18:53:02.776, ubuntu22-d, mtd-zk-2, START
EXP-LEAD, 2023-07-19T18:53:10.275, ubuntu22-d, mtd-zk-2, END
EXP-LOAD, 2023-07-19T18:53:11.320, ubuntu22-d, mtd-zk-2, 0.202218
EXP-LOAD, 2023-07-19T18:53:23.134, ubuntu22-d, mtd-zk-2, 0.300212
EXP-LOAD, 2023-07-19T18:53:30.372, ubuntu22-d, mtd-zk-2, 0.300212
EXP-LOAD, 2023-07-19T18:53:41.586, ubuntu22-d, mtd-zk-2, 0.234241
EXP-LOAD, 2023-07-19T18:53:48.757, ubuntu22-d, mtd-zk-2, 0.234241
EXP-LOAD, 2023-07-19T18:53:58.053, ubuntu22-d, mtd-zk-2, 0.078579
EXP-LOAD, 2023-07-19T18:54:04.199, ubuntu22-d, mtd-zk-2, 0.198174
EXP-LOAD, 2023-07-19T18:54:12.323, ubuntu22-d, mtd-zk-2, 0.198174
EXP-LOAD, 2023-07-19T18:54:22.437, ubuntu22-d, mtd-zk-2, 0.200222
EXP-LOAD, 2023-07-19T18:54:29.539, ubuntu22-d, mtd-zk-2, 0.200222
EXP-LOAD, 2023-07-19T18:54:37.697, ubuntu22-d, mtd-zk-2, 0.183834
EXP-LEAD, 2023-07-19T18:54:39.856, ubuntu22-d, mtd-zk-2, START
EXP-LEAD, 2023-07-19T18:54:47.471, ubuntu22-d, mtd-zk-2, END
EXP-LOAD, 2023-07-19T18:54:48.574, ubuntu22-d, mtd-zk-2, 0.183834
EXP-LEAD, 2023-07-19T18:54:51.102, ubuntu22-d, mtd-zk-2, START
EXP-LEAD, 2023-07-19T18:54:56.785, ubuntu22-d, mtd-zk-2, END
EXP-LOAD, 2023-07-19T18:54:57.828, ubuntu22-d, mtd-zk-2, 0.184244
EXP-LEAD, 2023-07-19T18:55:00.266, ubuntu22-d, mtd-zk-2, START
EXP-LEAD, 2023-07-19T18:55:07.900, ubuntu22-d, mtd-zk-2, END
EXP-LOAD, 2023-07-19T18:55:08.975, ubuntu22-d, mtd-zk-2, 0.145020
EXP-LOAD, 2023-07-19T18:55:16.664, ubuntu22-d, mtd-zk-2, 0.145020
EXP-LOAD, 2023-07-19T18:55:26.800, ubuntu22-d, mtd-zk-2, 0.127829
EXP-LOAD, 2023-07-19T18:55:33.897, ubuntu22-d, mtd-zk-2, 0.127829
EXP-LEAD, 2023-07-19T18:55:35.927, ubuntu22-d, mtd-zk-2, START
EXP-LEAD, 2023-07-19T18:55:45.620, ubuntu22-d, mtd-zk-2, END
EXP-LOAD, 2023-07-19T18:55:46.697, ubuntu22-d, mtd-zk-2, 0.201345
EXP-LOAD, 2023-07-19T18:55:55.170, ubuntu22-d, mtd-zk-2, 0.136813
EXP-LOAD, 2023-07-19T18:56:04.325, ubuntu22-d, mtd-zk-2, 0.169052
EXP-LEAD, 2023-07-19T18:56:05.364, ubuntu22-d, mtd-zk-2, START
EXP-LEAD, 2023-07-19T18:56:10.866, ubuntu22-d, mtd-zk-2, END
EXP-LOAD, 2023-07-19T18:56:11.910, ubuntu22-d, mtd-zk-2, 0.169052
EXP-LOAD, 2023-07-19T18:56:20.540, ubuntu22-d, mtd-zk-2, 0.164235
EXP-LEAD, 2023-07-19T18:56:20.597, ubuntu22-d, mtd-zk-2, START
EXP-LEAD, 2023-07-19T18:56:27.210, ubuntu22-d, mtd-zk-2, END
EXP-LOAD, 2023-07-19T18:56:28.254, ubuntu22-d, mtd-zk-2, 0.164235
EXP-LOAD, 2023-07-19T18:56:40.838, ubuntu22-d, mtd-zk-2, 0.245026
EXP-LOAD, 2023-07-19T18:56:47.953, ubuntu22-d, mtd-zk-2, 0.245026
EXP-LOAD, 2023-07-19T18:56:57.078, ubuntu22-d, mtd-zk-2, 0.088042
EXP-LEAD, 2023-07-19T18:56:59.125, ubuntu22-d, mtd-zk-2, START
EXP-LEAD, 2023-07-19T18:57:03.631, ubuntu22-d, mtd-zk-2, END
EXP-LOAD, 2023-07-19T18:57:04.678, ubuntu22-d, mtd-zk-2, 0.214929
EXP-LEAD, 2023-07-19T18:57:07.274, ubuntu22-d, mtd-zk-2, START
EXP-LEAD, 2023-07-19T18:57:12.863, ubuntu22-d, mtd-zk-2, END
EXP-LOAD, 2023-07-19T18:57:13.963, ubuntu22-d, mtd-zk-2, 0.214929
EXP-LOAD, 2023-07-19T18:57:24.086, ubuntu22-d, mtd-zk-2, 0.203835
EXP-LOAD, 2023-07-19T18:57:33.210, ubuntu22-d, mtd-zk-2, 0.203835
EXP-LEAD, 2023-07-19T18:57:34.244, ubuntu22-d, mtd-zk-2, START
EXP-LEAD, 2023-07-19T18:57:42.826, ubuntu22-d, mtd-zk-2, END
EXP-LOAD, 2023-07-19T18:57:43.886, ubuntu22-d, mtd-zk-2, 0.169168
EXP-LOAD, 2023-07-19T18:57:51.506, ubuntu22-d, mtd-zk-2, 0.130033
EXP-LOAD, 2023-07-19T18:58:02.629, ubuntu22-d, mtd-zk-2, 0.130033
EXP-LOAD, 2023-07-19T18:58:09.708, ubuntu22-d, mtd-zk-2, 0.170640
EXP-LOAD, 2023-07-19T18:58:21.529, ubuntu22-d, mtd-zk-2, 0.139407
EXP-LEAD, 2023-07-19T18:58:22.568, ubuntu22-d, mtd-zk-2, START
EXP-LEAD, 2023-07-19T18:58:28.172, ubuntu22-d, mtd-zk-2, END
EXP-LOAD, 2023-07-19T18:58:29.224, ubuntu22-d, mtd-zk-2, 0.139407
EXP-LOAD, 2023-07-19T18:58:40.822, ubuntu22-d, mtd-zk-2, 0.134411
EXP-LOAD, 2023-07-19T18:58:48.949, ubuntu22-d, mtd-zk-2, 0.134411
EXP-LOAD, 2023-07-19T18:58:58.130, ubuntu22-d, mtd-zk-2, 0.097023
EXP-LOAD, 2023-07-19T18:59:04.246, ubuntu22-d, mtd-zk-2, 0.197847
EXP-LEAD, 2023-07-19T18:59:06.276, ubuntu22-d, mtd-zk-2, START
EXP-LEAD, 2023-07-19T18:59:11.904, ubuntu22-d, mtd-zk-2, END
EXP-LOAD, 2023-07-19T18:59:12.954, ubuntu22-d, mtd-zk-2, 0.197847
EXP-LEAD, 2023-07-19T18:59:14.385, ubuntu22-d, mtd-zk-2, START
EXP-LEAD, 2023-07-19T18:59:22.962, ubuntu22-d, mtd-zk-2, END
EXP-LOAD, 2023-07-19T18:59:24.005, ubuntu22-d, mtd-zk-2, 0.185628
EXP-LOAD, 2023-07-19T18:59:30.606, ubuntu22-d, mtd-zk-2, 0.185628
EXP-LEAD, 2023-07-19T18:59:31.606, ubuntu22-d, mtd-zk-2, START
EXP-LEAD, 2023-07-19T18:59:37.139, ubuntu22-d, mtd-zk-2, END
EXP-LOAD, 2023-07-19T18:59:38.199, ubuntu22-d, mtd-zk-2, 0.231820
EXP-LEAD, 2023-07-19T18:59:40.257, ubuntu22-d, mtd-zk-2, START
EXP-LEAD, 2023-07-19T18:59:48.895, ubuntu22-d, mtd-zk-2, END
EXP-LOAD, 2023-07-19T18:59:49.939, ubuntu22-d, mtd-zk-2, 0.182425
EXP-LOAD, 2023-07-19T18:59:59.488, ubuntu22-d, mtd-zk-2, 0.182425
EXP-LEAD, 2023-07-19T19:00:00.530, ubuntu22-d, mtd-zk-2, START
EXP-LEAD, 2023-07-19T19:00:05.345, ubuntu22-d, mtd-zk-2, END
EXP-LOAD, 2023-07-19T19:00:06.406, ubuntu22-d, mtd-zk-2, 0.160436
EXP-LOAD, 2023-07-19T19:00:14.732, ubuntu22-d, mtd-zk-2, 0.160436
EXP-LEAD, 2023-07-19T19:00:15.771, ubuntu22-d, mtd-zk-2, START
EXP-LEAD, 2023-07-19T19:00:20.399, ubuntu22-d, mtd-zk-2, END
EXP-LOAD, 2023-07-19T19:00:21.522, ubuntu22-d, mtd-zk-2, 0.154453
EXP-LOAD, 2023-07-19T19:00:27.645, ubuntu22-d, mtd-zk-2, 0.154453
EXP-LOAD, 2023-07-19T19:00:36.638, ubuntu22-d, mtd-zk-2, 0.287855
EXP-LOAD, 2023-07-19T19:00:44.730, ubuntu22-d, mtd-zk-2, 0.287855
EXP-LOAD, 2023-07-19T19:00:50.817, ubuntu22-d, mtd-zk-2, 0.108629
EXP-LOAD, 2023-07-19T19:00:57.922, ubuntu22-d, mtd-zk-2, 0.108629
EXP-LEAD, 2023-07-19T19:01:00.677, ubuntu22-d, mtd-zk-2, START
EXP-LEAD, 2023-07-19T19:01:08.337, ubuntu22-d, mtd-zk-2, END
EXP-LOAD, 2023-07-19T19:01:09.381, ubuntu22-d, mtd-zk-2, 0.212898
EXP-LEAD, 2023-07-19T19:01:10.827, ubuntu22-d, mtd-zk-2, START
EXP-LEAD, 2023-07-19T19:01:16.313, ubuntu22-d, mtd-zk-2, END
EXP-LOAD, 2023-07-19T19:01:17.350, ubuntu22-d, mtd-zk-2, 0.212898
EXP-LEAD, 2023-07-19T19:01:18.004, ubuntu22-d, mtd-zk-2, START
EXP-LEAD, 2023-07-19T19:01:23.527, ubuntu22-d, mtd-zk-2, END
EXP-LOAD, 2023-07-19T19:01:24.595, ubuntu22-d, mtd-zk-2, 0.150875
EXP-LEAD, 2023-07-19T19:01:26.230, ubuntu22-d, mtd-zk-2, START
EXP-LEAD, 2023-07-19T19:01:31.706, ubuntu22-d, mtd-zk-2, END
EXP-LOAD, 2023-07-19T19:01:32.771, ubuntu22-d, mtd-zk-2, 0.150875
EXP-LEAD, 2023-07-19T19:01:35.373, ubuntu22-d, mtd-zk-2, START
EXP-LEAD, 2023-07-19T19:01:39.870, ubuntu22-d, mtd-zk-2, END
EXP-LOAD, 2023-07-19T19:01:40.919, ubuntu22-d, mtd-zk-2, 0.252447
EXP-LOAD, 2023-07-19T19:01:48.554, ubuntu22-d, mtd-zk-2, 0.252447
EXP-LOAD, 2023-07-19T19:01:58.751, ubuntu22-d, mtd-zk-2, 0.220243
EXP-LEAD, 2023-07-19T19:01:59.788, ubuntu22-d, mtd-zk-2, START
EXP-LEAD, 2023-07-19T19:02:04.233, ubuntu22-d, mtd-zk-2, END
EXP-LOAD, 2023-07-19T19:02:05.277, ubuntu22-d, mtd-zk-2, 0.171746
EXP-LEAD, 2023-07-19T19:02:06.337, ubuntu22-d, mtd-zk-2, START
EXP-LEAD, 2023-07-19T19:02:11.863, ubuntu22-d, mtd-zk-2, END
EXP-LOAD, 2023-07-19T19:02:12.922, ubuntu22-d, mtd-zk-2, 0.171746
EXP-LOAD, 2023-07-19T19:02:19.510, ubuntu22-d, mtd-zk-2, 0.228236
EXP-LOAD, 2023-07-19T19:02:28.216, ubuntu22-d, mtd-zk-2, 0.228236
EXP-LOAD, 2023-07-19T19:02:39.312, ubuntu22-d, mtd-zk-2, 0.231044
EXP-LOAD, 2023-07-19T19:02:47.514, ubuntu22-d, mtd-zk-2, 0.231044
EXP-LOAD, 2023-07-19T19:02:55.676, ubuntu22-d, mtd-zk-2, 0.141826
EXP-LEAD, 2023-07-19T19:02:56.731, ubuntu22-d, mtd-zk-2, START
EXP-LEAD, 2023-07-19T19:03:05.330, ubuntu22-d, mtd-zk-2, END
EXP-LOAD, 2023-07-19T19:03:06.397, ubuntu22-d, mtd-zk-2, 0.146824
EXP-LEAD, 2023-07-19T19:03:08.930, ubuntu22-d, mtd-zk-2, START
EXP-LEAD, 2023-07-19T19:03:13.438, ubuntu22-d, mtd-zk-2, END
EXP-LOAD, 2023-07-19T19:03:14.474, ubuntu22-d, mtd-zk-2, 0.146824
EXP-LOAD, 2023-07-19T19:03:24.122, ubuntu22-d, mtd-zk-2, 0.286651
EXP-LOAD, 2023-07-19T19:03:32.302, ubuntu22-d, mtd-zk-2, 0.286651
EXP-LOAD, 2023-07-19T19:03:42.428, ubuntu22-d, mtd-zk-2, 0.201317
EXP-LOAD, 2023-07-19T19:03:49.515, ubuntu22-d, mtd-zk-2, 0.111643
EXP-LOAD, 2023-07-19T19:04:01.715, ubuntu22-d, mtd-zk-2, 0.111643
EXP-LOAD, 2023-07-19T19:04:08.877, ubuntu22-d, mtd-zk-2, 0.138248
EXP-LEAD, 2023-07-19T19:04:10.916, ubuntu22-d, mtd-zk-2, START
EXP-LEAD, 2023-07-19T19:04:16.417, ubuntu22-d, mtd-zk-2, END
EXP-LOAD, 2023-07-19T19:04:17.464, ubuntu22-d, mtd-zk-2, 0.138248
EXP-LEAD, 2023-07-19T19:04:18.046, ubuntu22-d, mtd-zk-2, START
EXP-LEAD, 2023-07-19T19:04:25.877, ubuntu22-d, mtd-zk-2, END
EXP-LOAD, 2023-07-19T19:04:26.917, ubuntu22-d, mtd-zk-2, 0.129967
EXP-LEAD, 2023-07-19T19:04:28.149, ubuntu22-d, mtd-zk-2, START
EXP-LEAD, 2023-07-19T19:04:32.719, ubuntu22-d, mtd-zk-2, END
EXP-LOAD, 2023-07-19T19:04:33.768, ubuntu22-d, mtd-zk-2, 0.129967
EXP-LOAD, 2023-07-19T19:04:45.407, ubuntu22-d, mtd-zk-2, 0.177221
EXP-LOAD, 2023-07-19T19:04:54.499, ubuntu22-d, mtd-zk-2, 0.166826
EXP-LEAD, 2023-07-19T19:04:54.551, ubuntu22-d, mtd-zk-2, START
EXP-LEAD, 2023-07-19T19:05:05.255, ubuntu22-d, mtd-zk-2, END
EXP-LOAD, 2023-07-19T19:05:06.309, ubuntu22-d, mtd-zk-2, 0.217103
EXP-LOAD, 2023-07-19T19:05:14.734, ubuntu22-d, mtd-zk-2, 0.217103
EXP-LOAD, 2023-07-19T19:05:21.840, ubuntu22-d, mtd-zk-2, 0.135522
EXP-LEAD, 2023-07-19T19:05:23.477, ubuntu22-d, mtd-zk-2, START
EXP-LEAD, 2023-07-19T19:05:31.029, ubuntu22-d, mtd-zk-2, END
EXP-LOAD, 2023-07-19T19:05:32.078, ubuntu22-d, mtd-zk-2, 0.135522
EXP-LOAD, 2023-07-19T19:05:38.686, ubuntu22-d, mtd-zk-2, 0.214897
EXP-LOAD, 2023-07-19T19:05:45.633, ubuntu22-d, mtd-zk-2, 0.214897
EXP-LOAD, 2023-07-19T19:05:54.738, ubuntu22-d, mtd-zk-2, 0.232049
EXP-LOAD, 2023-07-19T19:06:02.864, ubuntu22-d, mtd-zk-2, 0.232049
EXP-LOAD, 2023-07-19T19:06:10.946, ubuntu22-d, mtd-zk-2, 0.143732
EXP-LOAD, 2023-07-19T19:06:19.100, ubuntu22-d, mtd-zk-2, 0.143732
EXP-LOAD, 2023-07-19T19:06:27.186, ubuntu22-d, mtd-zk-2, 0.191353
EXP-LOAD, 2023-07-19T19:06:35.302, ubuntu22-d, mtd-zk-2, 0.120613
EXP-LOAD, 2023-07-19T19:06:43.385, ubuntu22-d, mtd-zk-2, 0.120613
EXP-LOAD, 2023-07-19T19:06:51.087, ubuntu22-d, mtd-zk-2, 0.207919
EXP-LOAD, 2023-07-19T19:07:02.207, ubuntu22-d, mtd-zk-2, 0.207919
EXP-LOAD, 2023-07-19T19:07:10.317, ubuntu22-d, mtd-zk-2, 0.239847
EXP-LEAD, 2023-07-19T19:07:11.393, ubuntu22-d, mtd-zk-2, START
EXP-LEAD, 2023-07-19T19:07:16.946, ubuntu22-d, mtd-zk-2, END
EXP-LOAD, 2023-07-19T19:07:18.019, ubuntu22-d, mtd-zk-2, 0.239847
EXP-LEAD, 2023-07-19T19:07:18.501, ubuntu22-d, mtd-zk-2, START
EXP-LEAD, 2023-07-19T19:07:24.062, ubuntu22-d, mtd-zk-2, END
EXP-LOAD, 2023-07-19T19:07:25.104, ubuntu22-d, mtd-zk-2, 0.158622
EXP-LOAD, 2023-07-19T19:07:32.698, ubuntu22-d, mtd-zk-2, 0.158622
EXP-LEAD, 2023-07-19T19:07:33.513, ubuntu22-d, mtd-zk-2, START
EXP-LEAD, 2023-07-19T19:07:39.082, ubuntu22-d, mtd-zk-2, END
EXP-LOAD, 2023-07-19T19:07:40.148, ubuntu22-d, mtd-zk-2, 0.275431
EXP-LOAD, 2023-07-19T19:07:49.678, ubuntu22-d, mtd-zk-2, 0.211465
EXP-LEAD, 2023-07-19T19:07:51.726, ubuntu22-d, mtd-zk-2, START
EXP-LEAD, 2023-07-19T19:07:57.235, ubuntu22-d, mtd-zk-2, END
EXP-LOAD, 2023-07-19T19:07:58.292, ubuntu22-d, mtd-zk-2, 0.211465
EXP-LOAD, 2023-07-19T19:08:06.914, ubuntu22-d, mtd-zk-2, 0.269061
EXP-LEAD, 2023-07-19T19:08:07.953, ubuntu22-d, mtd-zk-2, START
EXP-LEAD, 2023-07-19T19:08:12.449, ubuntu22-d, mtd-zk-2, END
EXP-LOAD, 2023-07-19T19:08:13.516, ubuntu22-d, mtd-zk-2, 0.269061
EXP-LOAD, 2023-07-19T19:08:23.124, ubuntu22-d, mtd-zk-2, 0.200059
EXP-LEAD, 2023-07-19T19:08:25.858, ubuntu22-d, mtd-zk-2, START
EXP-LEAD, 2023-07-19T19:08:31.394, ubuntu22-d, mtd-zk-2, END
EXP-LOAD, 2023-07-19T19:08:32.433, ubuntu22-d, mtd-zk-2, 0.200059
EXP-LOAD, 2023-07-19T19:08:41.040, ubuntu22-d, mtd-zk-2, 0.163625
EXP-LOAD, 2023-07-19T19:08:49.863, ubuntu22-d, mtd-zk-2, 0.229635
EXP-LOAD, 2023-07-19T19:08:56.952, ubuntu22-d, mtd-zk-2, 0.229635
EXP-LEAD, 2023-07-19T19:08:58.989, ubuntu22-d, mtd-zk-2, START
EXP-LEAD, 2023-07-19T19:09:07.605, ubuntu22-d, mtd-zk-2, END
EXP-LOAD, 2023-07-19T19:09:08.694, ubuntu22-d, mtd-zk-2, 0.172257
EXP-LOAD, 2023-07-19T19:09:16.247, ubuntu22-d, mtd-zk-2, 0.172257
EXP-LOAD, 2023-07-19T19:09:24.361, ubuntu22-d, mtd-zk-2, 0.206938
EXP-LOAD, 2023-07-19T19:09:31.486, ubuntu22-d, mtd-zk-2, 0.206938
EXP-LEAD, 2023-07-19T19:09:31.524, ubuntu22-d, mtd-zk-2, START
EXP-LEAD, 2023-07-19T19:09:37.030, ubuntu22-d, mtd-zk-2, END
EXP-LOAD, 2023-07-19T19:09:38.084, ubuntu22-d, mtd-zk-2, 0.169633
EXP-LOAD, 2023-07-19T19:09:48.706, ubuntu22-d, mtd-zk-2, 0.169633
EXP-LEAD, 2023-07-19T19:09:51.420, ubuntu22-d, mtd-zk-2, START
EXP-LEAD, 2023-07-19T19:09:56.061, ubuntu22-d, mtd-zk-2, END
EXP-LOAD, 2023-07-19T19:09:57.097, ubuntu22-d, mtd-zk-2, 0.203131
EXP-LOAD, 2023-07-19T19:10:05.583, ubuntu22-d, mtd-zk-2, 0.224621
EXP-LOAD, 2023-07-19T19:10:20.702, ubuntu22-d, mtd-zk-2, 0.129229
EXP-LEAD, 2023-07-19T19:10:21.745, ubuntu22-d, mtd-zk-2, START
EXP-LEAD, 2023-07-19T19:10:26.256, ubuntu22-d, mtd-zk-2, END
EXP-LOAD, 2023-07-19T19:10:27.308, ubuntu22-d, mtd-zk-2, 0.129229
EXP-LOAD, 2023-07-19T19:10:39.953, ubuntu22-d, mtd-zk-2, 0.176849
EXP-LOAD, 2023-07-19T19:10:46.154, ubuntu22-d, mtd-zk-2, 0.176849
EXP-LOAD, 2023-07-19T19:10:54.006, ubuntu22-d, mtd-zk-2, 0.159844
EXP-LOAD, 2023-07-19T19:11:02.078, ubuntu22-d, mtd-zk-2, 0.159844
EXP-LOAD, 2023-07-19T19:11:14.160, ubuntu22-d, mtd-zk-2, 0.218232
EXP-LOAD, 2023-07-19T19:11:23.250, ubuntu22-d, mtd-zk-2, 0.111425
EXP-LEAD, 2023-07-19T19:11:24.290, ubuntu22-d, mtd-zk-2, START
EXP-LEAD, 2023-07-19T19:11:32.773, ubuntu22-d, mtd-zk-2, END
EXP-LOAD, 2023-07-19T19:11:33.811, ubuntu22-d, mtd-zk-2, 0.111425
EXP-LOAD, 2023-07-19T19:11:41.457, ubuntu22-d, mtd-zk-2, 0.078936
EXP-LOAD, 2023-07-19T19:11:52.051, ubuntu22-d, mtd-zk-2, 0.146035
EXP-LEAD, 2023-07-19T19:11:54.082, ubuntu22-d, mtd-zk-2, START
EXP-LEAD, 2023-07-19T19:11:58.730, ubuntu22-d, mtd-zk-2, END
EXP-LOAD, 2023-07-19T19:11:59.764, ubuntu22-d, mtd-zk-2, 0.146035
EXP-LEAD, 2023-07-19T19:12:00.175, ubuntu22-d, mtd-zk-2, START
EXP-LEAD, 2023-07-19T19:12:08.751, ubuntu22-d, mtd-zk-2, END
EXP-LOAD, 2023-07-19T19:12:09.813, ubuntu22-d, mtd-zk-2, 0.198618
EXP-LOAD, 2023-07-19T19:12:17.404, ubuntu22-d, mtd-zk-2, 0.198618
EXP-LEAD, 2023-07-19T19:12:18.451, ubuntu22-d, mtd-zk-2, START
EXP-LEAD, 2023-07-19T19:12:27.088, ubuntu22-d, mtd-zk-2, END
EXP-LOAD, 2023-07-19T19:12:28.139, ubuntu22-d, mtd-zk-2, 0.205737
EXP-LOAD, 2023-07-19T19:12:35.641, ubuntu22-d, mtd-zk-2, 0.108016
EXP-LEAD, 2023-07-19T19:12:36.711, ubuntu22-d, mtd-zk-2, START
EXP-LEAD, 2023-07-19T19:12:44.388, ubuntu22-d, mtd-zk-2, END
EXP-LOAD, 2023-07-19T19:12:45.460, ubuntu22-d, mtd-zk-2, 0.108016
EXP-LOAD, 2023-07-19T19:12:52.916, ubuntu22-d, mtd-zk-2, 0.176708
EXP-LOAD, 2023-07-19T19:13:04.045, ubuntu22-d, mtd-zk-2, 0.176708
EXP-LEAD, 2023-07-19T19:13:05.824, ubuntu22-d, mtd-zk-2, START
EXP-LEAD, 2023-07-19T19:13:11.331, ubuntu22-d, mtd-zk-2, END
EXP-LOAD, 2023-07-19T19:13:12.368, ubuntu22-d, mtd-zk-2, 0.209631
EXP-LOAD, 2023-07-19T19:13:22.476, ubuntu22-d, mtd-zk-2, 0.144235
EXP-LOAD, 2023-07-19T19:13:30.591, ubuntu22-d, mtd-zk-2, 0.144235
EXP-LEAD, 2023-07-19T19:13:30.724, ubuntu22-d, mtd-zk-2, START
EXP-LEAD, 2023-07-19T19:13:39.246, ubuntu22-d, mtd-zk-2, END
EXP-LOAD, 2023-07-19T19:13:40.300, ubuntu22-d, mtd-zk-2, 0.091464
EXP-LEAD, 2023-07-19T19:13:41.841, ubuntu22-d, mtd-zk-2, START
EXP-LEAD, 2023-07-19T19:13:46.291, ubuntu22-d, mtd-zk-2, END
EXP-LOAD, 2023-07-19T19:13:47.337, ubuntu22-d, mtd-zk-2, 0.091464
EXP-LOAD, 2023-07-19T19:13:56.454, ubuntu22-d, mtd-zk-2, 0.158620
EXP-LOAD, 2023-07-19T19:14:04.574, ubuntu22-d, mtd-zk-2, 0.141240
EXP-LOAD, 2023-07-19T19:14:11.681, ubuntu22-d, mtd-zk-2, 0.141240
EXP-LOAD, 2023-07-19T19:14:23.816, ubuntu22-d, mtd-zk-2, 0.205332
EXP-LEAD, 2023-07-19T19:14:24.852, ubuntu22-d, mtd-zk-2, START
EXP-LEAD, 2023-07-19T19:14:29.375, ubuntu22-d, mtd-zk-2, END
EXP-LOAD, 2023-07-19T19:14:30.419, ubuntu22-d, mtd-zk-2, 0.205332
EXP-LOAD, 2023-07-19T19:14:40.009, ubuntu22-d, mtd-zk-2, 0.143471
EXP-LEAD, 2023-07-19T19:14:41.656, ubuntu22-d, mtd-zk-2, START
EXP-LEAD, 2023-07-19T19:14:47.127, ubuntu22-d, mtd-zk-2, END
EXP-LOAD, 2023-07-19T19:14:48.188, ubuntu22-d, mtd-zk-2, 0.143471
EXP-LEAD, 2023-07-19T19:14:49.826, ubuntu22-d, mtd-zk-2, START
EXP-LEAD, 2023-07-19T19:14:57.401, ubuntu22-d, mtd-zk-2, END
EXP-LOAD, 2023-07-19T19:14:58.479, ubuntu22-d, mtd-zk-2, 0.230716
EXP-LOAD, 2023-07-19T19:15:06.586, ubuntu22-d, mtd-zk-2, 0.155019
EXP-LOAD, 2023-07-19T19:15:14.682, ubuntu22-d, mtd-zk-2, 0.155019
EXP-LOAD, 2023-07-19T19:15:24.796, ubuntu22-d, mtd-zk-2, 0.187973
EXP-LOAD, 2023-07-19T19:15:32.908, ubuntu22-d, mtd-zk-2, 0.187973
EXP-LEAD, 2023-07-19T19:15:32.952, ubuntu22-d, mtd-zk-2, START
EXP-LEAD, 2023-07-19T19:15:41.501, ubuntu22-d, mtd-zk-2, END
EXP-LOAD, 2023-07-19T19:15:42.543, ubuntu22-d, mtd-zk-2, 0.107246
EXP-LOAD, 2023-07-19T19:15:51.140, ubuntu22-d, mtd-zk-2, 0.206082
EXP-LOAD, 2023-07-19T19:16:00.222, ubuntu22-d, mtd-zk-2, 0.206082
EXP-LEAD, 2023-07-19T19:16:02.296, ubuntu22-d, mtd-zk-2, START
EXP-LEAD, 2023-07-19T19:16:06.837, ubuntu22-d, mtd-zk-2, END
EXP-LOAD, 2023-07-19T19:16:07.879, ubuntu22-d, mtd-zk-2, 0.091807
EXP-LOAD, 2023-07-19T19:16:16.473, ubuntu22-d, mtd-zk-2, 0.091807
EXP-LEAD, 2023-07-19T19:16:19.247, ubuntu22-d, mtd-zk-2, START
EXP-LEAD, 2023-07-19T19:16:23.747, ubuntu22-d, mtd-zk-2, END
EXP-LOAD, 2023-07-19T19:16:24.797, ubuntu22-d, mtd-zk-2, 0.216061
EXP-LEAD, 2023-07-19T19:16:26.360, ubuntu22-d, mtd-zk-2, START
EXP-LEAD, 2023-07-19T19:16:31.918, ubuntu22-d, mtd-zk-2, END
EXP-LOAD, 2023-07-19T19:16:32.966, ubuntu22-d, mtd-zk-2, 0.216061
EXP-LOAD, 2023-07-19T19:16:45.617, ubuntu22-d, mtd-zk-2, 0.232832
EXP-LEAD, 2023-07-19T19:16:46.385, ubuntu22-d, mtd-zk-2, START
EXP-LEAD, 2023-07-19T19:16:52.172, ubuntu22-d, mtd-zk-2, END
EXP-LOAD, 2023-07-19T19:16:53.223, ubuntu22-d, mtd-zk-2, 0.177336
EXP-LOAD, 2023-07-19T19:17:00.570, ubuntu22-d, mtd-zk-2, 0.177336
EXP-LEAD, 2023-07-19T19:17:00.603, ubuntu22-d, mtd-zk-2, START
EXP-LEAD, 2023-07-19T19:17:09.328, ubuntu22-d, mtd-zk-2, END
EXP-LOAD, 2023-07-19T19:17:10.382, ubuntu22-d, mtd-zk-2, 0.179219
EXP-LOAD, 2023-07-19T19:17:16.492, ubuntu22-d, mtd-zk-2, 0.179219
EXP-LOAD, 2023-07-19T19:17:26.205, ubuntu22-d, mtd-zk-2, 0.150045
EXP-LOAD, 2023-07-19T19:17:32.322, ubuntu22-d, mtd-zk-2, 0.150045
EXP-LOAD, 2023-07-19T19:17:39.440, ubuntu22-d, mtd-zk-2, 0.102633
EXP-LOAD, 2023-07-19T19:17:48.537, ubuntu22-d, mtd-zk-2, 0.102633
EXP-LOAD, 2023-07-19T19:17:55.643, ubuntu22-d, mtd-zk-2, 0.212597
EXP-LEAD, 2023-07-19T19:17:55.694, ubuntu22-d, mtd-zk-2, START
EXP-LEAD, 2023-07-19T19:18:05.232, ubuntu22-d, mtd-zk-2, END
EXP-LOAD, 2023-07-19T19:18:06.323, ubuntu22-d, mtd-zk-2, 0.208437
EXP-LOAD, 2023-07-19T19:18:13.904, ubuntu22-d, mtd-zk-2, 0.208437
EXP-LEAD, 2023-07-19T19:18:14.935, ubuntu22-d, mtd-zk-2, START
EXP-LEAD, 2023-07-19T19:18:23.525, ubuntu22-d, mtd-zk-2, END
EXP-LOAD, 2023-07-19T19:18:24.576, ubuntu22-d, mtd-zk-2, 0.163540
EXP-LOAD, 2023-07-19T19:18:33.088, ubuntu22-d, mtd-zk-2, 0.163540
EXP-LEAD, 2023-07-19T19:18:35.121, ubuntu22-d, mtd-zk-2, START
EXP-LEAD, 2023-07-19T19:18:42.660, ubuntu22-d, mtd-zk-2, END
EXP-LOAD, 2023-07-19T19:18:43.701, ubuntu22-d, mtd-zk-2, 0.157656
EXP-LEAD, 2023-07-19T19:18:46.229, ubuntu22-d, mtd-zk-2, START
EXP-LEAD, 2023-07-19T19:18:50.690, ubuntu22-d, mtd-zk-2, END
EXP-LOAD, 2023-07-19T19:18:51.736, ubuntu22-d, mtd-zk-2, 0.195344
EXP-LOAD, 2023-07-19T19:19:00.426, ubuntu22-d, mtd-zk-2, 0.195344
EXP-LEAD, 2023-07-19T19:19:02.429, ubuntu22-d, mtd-zk-2, START
EXP-LEAD, 2023-07-19T19:19:11.129, ubuntu22-d, mtd-zk-2, END
EXP-LOAD, 2023-07-19T19:19:12.177, ubuntu22-d, mtd-zk-2, 0.246662
EXP-LOAD, 2023-07-19T19:19:22.652, ubuntu22-d, mtd-zk-2, 0.160734
EXP-LEAD, 2023-07-19T19:19:24.680, ubuntu22-d, mtd-zk-2, START
EXP-LEAD, 2023-07-19T19:19:32.193, ubuntu22-d, mtd-zk-2, END
EXP-LOAD, 2023-07-19T19:19:33.270, ubuntu22-d, mtd-zk-2, 0.160734
EXP-LOAD, 2023-07-19T19:19:41.923, ubuntu22-d, mtd-zk-2, 0.104632
EXP-LEAD, 2023-07-19T19:19:42.968, ubuntu22-d, mtd-zk-2, START
EXP-LEAD, 2023-07-19T19:19:48.574, ubuntu22-d, mtd-zk-2, END
EXP-LOAD, 2023-07-19T19:19:49.652, ubuntu22-d, mtd-zk-2, 0.176134
EXP-LOAD, 2023-07-19T19:19:58.117, ubuntu22-d, mtd-zk-2, 0.176134
EXP-LOAD, 2023-07-19T19:20:09.216, ubuntu22-d, mtd-zk-2, 0.248866
EXP-LOAD, 2023-07-19T19:20:15.342, ubuntu22-d, mtd-zk-2, 0.248866
EXP-LEAD, 2023-07-19T19:20:18.384, ubuntu22-d, mtd-zk-2, START
EXP-LEAD, 2023-07-19T19:20:23.884, ubuntu22-d, mtd-zk-2, END
EXP-LOAD, 2023-07-19T19:20:24.964, ubuntu22-d, mtd-zk-2, 0.187838
EXP-LEAD, 2023-07-19T19:20:25.992, ubuntu22-d, mtd-zk-2, START
EXP-LEAD, 2023-07-19T19:20:33.387, ubuntu22-d, mtd-zk-2, END
EXP-LOAD, 2023-07-19T19:20:34.484, ubuntu22-d, mtd-zk-2, 0.220049
EXP-LOAD, 2023-07-19T19:20:42.220, ubuntu22-d, mtd-zk-2, 0.220049
EXP-LOAD, 2023-07-19T19:20:49.308, ubuntu22-d, mtd-zk-2, 0.233015
EXP-LOAD, 2023-07-19T19:20:57.931, ubuntu22-d, mtd-zk-2, 0.233015
EXP-LEAD, 2023-07-19T19:20:58.992, ubuntu22-d, mtd-zk-2, START
EXP-LEAD, 2023-07-19T19:21:07.608, ubuntu22-d, mtd-zk-2, END
EXP-LOAD, 2023-07-19T19:21:08.666, ubuntu22-d, mtd-zk-2, 0.245180
EXP-LOAD, 2023-07-19T19:21:17.275, ubuntu22-d, mtd-zk-2, 0.245180
EXP-LOAD, 2023-07-19T19:21:29.409, ubuntu22-d, mtd-zk-2, 0.104616
EXP-LEAD, 2023-07-19T19:21:30.445, ubuntu22-d, mtd-zk-2, START
EXP-LEAD, 2023-07-19T19:21:34.883, ubuntu22-d, mtd-zk-2, END
EXP-LOAD, 2023-07-19T19:21:35.919, ubuntu22-d, mtd-zk-2, 0.088425
EXP-LEAD, 2023-07-19T19:21:37.557, ubuntu22-d, mtd-zk-2, START
EXP-LEAD, 2023-07-19T19:21:43.001, ubuntu22-d, mtd-zk-2, END
EXP-LOAD, 2023-07-19T19:21:44.076, ubuntu22-d, mtd-zk-2, 0.088425
EXP-LOAD, 2023-07-19T19:21:55.872, ubuntu22-d, mtd-zk-2, 0.186431
EXP-LOAD, 2023-07-19T19:22:05.984, ubuntu22-d, mtd-zk-2, 0.187523
EXP-LOAD, 2023-07-19T19:22:12.123, ubuntu22-d, mtd-zk-2, 0.187523
EXP-LOAD, 2023-07-19T19:22:22.247, ubuntu22-d, mtd-zk-2, 0.169474
EXP-LEAD, 2023-07-19T19:22:23.283, ubuntu22-d, mtd-zk-2, START
EXP-LEAD, 2023-07-19T19:22:29.796, ubuntu22-d, mtd-zk-2, END
EXP-LOAD, 2023-07-19T19:22:30.839, ubuntu22-d, mtd-zk-2, 0.169474
EXP-LOAD, 2023-07-19T19:22:38.943, ubuntu22-d, mtd-zk-2, 0.159742
EXP-LEAD, 2023-07-19T19:22:38.988, ubuntu22-d, mtd-zk-2, START
EXP-LEAD, 2023-07-19T19:22:46.515, ubuntu22-d, mtd-zk-2, END
EXP-LOAD, 2023-07-19T19:22:47.602, ubuntu22-d, mtd-zk-2, 0.159742
EXP-LOAD, 2023-07-19T19:22:55.686, ubuntu22-d, mtd-zk-2, 0.100628
EXP-LOAD, 2023-07-19T19:23:06.790, ubuntu22-d, mtd-zk-2, 0.163941
EXP-LEAD, 2023-07-19T19:23:07.823, ubuntu22-d, mtd-zk-2, START
EXP-LEAD, 2023-07-19T19:23:13.297, ubuntu22-d, mtd-zk-2, END
EXP-LOAD, 2023-07-19T19:23:14.348, ubuntu22-d, mtd-zk-2, 0.163941
EXP-LOAD, 2023-07-19T19:23:26.001, ubuntu22-d, mtd-zk-2, 0.191844
EXP-LEAD, 2023-07-19T19:23:28.064, ubuntu22-d, mtd-zk-2, START
EXP-LEAD, 2023-07-19T19:23:33.594, ubuntu22-d, mtd-zk-2, END
EXP-LOAD, 2023-07-19T19:23:34.642, ubuntu22-d, mtd-zk-2, 0.196243
EXP-LOAD, 2023-07-19T19:23:44.272, ubuntu22-d, mtd-zk-2, 0.196243
EXP-LOAD, 2023-07-19T19:23:50.387, ubuntu22-d, mtd-zk-2, 0.154048
EXP-LEAD, 2023-07-19T19:23:52.969, ubuntu22-d, mtd-zk-2, START
EXP-LEAD, 2023-07-19T19:23:58.446, ubuntu22-d, mtd-zk-2, END
EXP-LOAD, 2023-07-19T19:23:59.512, ubuntu22-d, mtd-zk-2, 0.154048
EXP-LEAD, 2023-07-19T19:24:00.138, ubuntu22-d, mtd-zk-2, START
EXP-LEAD, 2023-07-19T19:24:09.907, ubuntu22-d, mtd-zk-2, END
EXP-LOAD, 2023-07-19T19:24:10.952, ubuntu22-d, mtd-zk-2, 0.246729
EXP-LOAD, 2023-07-19T19:24:17.294, ubuntu22-d, mtd-zk-2, 0.246729
EXP-LEAD, 2023-07-19T19:24:19.338, ubuntu22-d, mtd-zk-2, START
EXP-LEAD, 2023-07-19T19:24:24.815, ubuntu22-d, mtd-zk-2, END
EXP-LOAD, 2023-07-19T19:24:25.864, ubuntu22-d, mtd-zk-2, 0.096838
EXP-LEAD, 2023-07-19T19:24:27.453, ubuntu22-d, mtd-zk-2, START
EXP-LEAD, 2023-07-19T19:24:31.930, ubuntu22-d, mtd-zk-2, END
EXP-LOAD, 2023-07-19T19:24:32.979, ubuntu22-d, mtd-zk-2, 0.096838
EXP-LEAD, 2023-07-19T19:24:33.049, ubuntu22-d, mtd-zk-2, START
EXP-LEAD, 2023-07-19T19:24:39.748, ubuntu22-d, mtd-zk-2, END
EXP-LOAD, 2023-07-19T19:24:40.843, ubuntu22-d, mtd-zk-2, 0.236821
EXP-LEAD, 2023-07-19T19:24:41.156, ubuntu22-d, mtd-zk-2, START
EXP-LEAD, 2023-07-19T19:24:46.700, ubuntu22-d, mtd-zk-2, END
EXP-LOAD, 2023-07-19T19:24:47.761, ubuntu22-d, mtd-zk-2, 0.236821
EXP-LEAD, 2023-07-19T19:24:48.264, ubuntu22-d, mtd-zk-2, START
EXP-LEAD, 2023-07-19T19:24:53.783, ubuntu22-d, mtd-zk-2, END
EXP-LOAD, 2023-07-19T19:24:54.848, ubuntu22-d, mtd-zk-2, 0.173435
EXP-LOAD, 2023-07-19T19:25:07.493, ubuntu22-d, mtd-zk-2, 0.251140
EXP-LOAD, 2023-07-19T19:25:14.569, ubuntu22-d, mtd-zk-2, 0.251140
EXP-LOAD, 2023-07-19T19:25:21.698, ubuntu22-d, mtd-zk-2, 0.090614
EXP-LOAD, 2023-07-19T19:25:29.780, ubuntu22-d, mtd-zk-2, 0.090614
EXP-LEAD, 2023-07-19T19:25:29.826, ubuntu22-d, mtd-zk-2, START
EXP-LEAD, 2023-07-19T19:25:34.450, ubuntu22-d, mtd-zk-2, END
EXP-LOAD, 2023-07-19T19:25:35.494, ubuntu22-d, mtd-zk-2, 0.172630
EXP-LOAD, 2023-07-19T19:25:45.143, ubuntu22-d, mtd-zk-2, 0.172630
EXP-LOAD, 2023-07-19T19:25:54.269, ubuntu22-d, mtd-zk-2, 0.200247
EXP-LOAD, 2023-07-19T19:26:04.498, ubuntu22-d, mtd-zk-2, 0.175542
EXP-LOAD, 2023-07-19T19:26:12.565, ubuntu22-d, mtd-zk-2, 0.175542
EXP-LOAD, 2023-07-19T19:26:20.669, ubuntu22-d, mtd-zk-2, 0.098811
EXP-LEAD, 2023-07-19T19:26:21.718, ubuntu22-d, mtd-zk-2, START
EXP-LEAD, 2023-07-19T19:26:27.165, ubuntu22-d, mtd-zk-2, END
EXP-LOAD, 2023-07-19T19:26:28.230, ubuntu22-d, mtd-zk-2, 0.098811
EXP-LEAD, 2023-07-19T19:26:28.877, ubuntu22-d, mtd-zk-2, START
EXP-LEAD, 2023-07-19T19:26:37.404, ubuntu22-d, mtd-zk-2, END
EXP-LOAD, 2023-07-19T19:26:38.461, ubuntu22-d, mtd-zk-2, 0.183456
EXP-LEAD, 2023-07-19T19:26:39.515, ubuntu22-d, mtd-zk-2, START
EXP-LEAD, 2023-07-19T19:26:45.088, ubuntu22-d, mtd-zk-2, END
EXP-LOAD, 2023-07-19T19:26:46.136, ubuntu22-d, mtd-zk-2, 0.183456
EXP-LOAD, 2023-07-19T19:26:54.720, ubuntu22-d, mtd-zk-2, 0.109834
EXP-LOAD, 2023-07-19T19:27:04.819, ubuntu22-d, mtd-zk-2, 0.191820
EXP-LOAD, 2023-07-19T19:27:12.904, ubuntu22-d, mtd-zk-2, 0.191820
EXP-LOAD, 2023-07-19T19:27:23.008, ubuntu22-d, mtd-zk-2, 0.089842
EXP-LOAD, 2023-07-19T19:27:30.779, ubuntu22-d, mtd-zk-2, 0.089842
EXP-LOAD, 2023-07-19T19:27:39.490, ubuntu22-d, mtd-zk-2, 0.149720
EXP-LOAD, 2023-07-19T19:27:46.594, ubuntu22-d, mtd-zk-2, 0.149720
EXP-LEAD, 2023-07-19T19:27:47.626, ubuntu22-d, mtd-zk-2, START
EXP-LEAD, 2023-07-19T19:27:53.084, ubuntu22-d, mtd-zk-2, END
EXP-LOAD, 2023-07-19T19:27:54.125, ubuntu22-d, mtd-zk-2, 0.188225
EXP-LOAD, 2023-07-19T19:28:01.823, ubuntu22-d, mtd-zk-2, 0.188225
EXP-LOAD, 2023-07-19T19:28:10.923, ubuntu22-d, mtd-zk-2, 0.224140
EXP-LOAD, 2023-07-19T19:28:17.995, ubuntu22-d, mtd-zk-2, 0.224140
EXP-LOAD, 2023-07-19T19:28:26.089, ubuntu22-d, mtd-zk-2, 0.138436
EXP-LOAD, 2023-07-19T19:28:35.183, ubuntu22-d, mtd-zk-2, 0.165345
EXP-LOAD, 2023-07-19T19:28:45.293, ubuntu22-d, mtd-zk-2, 0.165345
EXP-LEAD, 2023-07-19T19:28:45.347, ubuntu22-d, mtd-zk-2, START
EXP-LEAD, 2023-07-19T19:28:50.940, ubuntu22-d, mtd-zk-2, END
EXP-LOAD, 2023-07-19T19:28:51.981, ubuntu22-d, mtd-zk-2, 0.128038
EXP-LOAD, 2023-07-19T19:29:00.533, ubuntu22-d, mtd-zk-2, 0.128038
EXP-LEAD, 2023-07-19T19:29:01.566, ubuntu22-d, mtd-zk-2, START
EXP-LEAD, 2023-07-19T19:29:09.112, ubuntu22-d, mtd-zk-2, END
EXP-LOAD, 2023-07-19T19:29:10.186, ubuntu22-d, mtd-zk-2, 0.203652
EXP-LEAD, 2023-07-19T19:29:11.796, ubuntu22-d, mtd-zk-2, START
EXP-LEAD, 2023-07-19T19:29:17.300, ubuntu22-d, mtd-zk-2, END
EXP-LOAD, 2023-07-19T19:29:18.343, ubuntu22-d, mtd-zk-2, 0.203652
EXP-LOAD, 2023-07-19T19:29:27.014, ubuntu22-d, mtd-zk-2, 0.135418
EXP-LOAD, 2023-07-19T19:29:35.155, ubuntu22-d, mtd-zk-2, 0.158642
EXP-LEAD, 2023-07-19T19:29:37.182, ubuntu22-d, mtd-zk-2, START
EXP-LEAD, 2023-07-19T19:29:42.733, ubuntu22-d, mtd-zk-2, END
EXP-LOAD, 2023-07-19T19:29:43.772, ubuntu22-d, mtd-zk-2, 0.158642
EXP-LOAD, 2023-07-19T19:29:50.398, ubuntu22-d, mtd-zk-2, 0.214303
EXP-LEAD, 2023-07-19T19:29:52.403, ubuntu22-d, mtd-zk-2, START
EXP-LEAD, 2023-07-19T19:29:57.918, ubuntu22-d, mtd-zk-2, END
EXP-LOAD, 2023-07-19T19:29:58.964, ubuntu22-d, mtd-zk-2, 0.214303
EXP-LEAD, 2023-07-19T19:30:00.586, ubuntu22-d, mtd-zk-2, START
EXP-LEAD, 2023-07-19T19:30:09.149, ubuntu22-d, mtd-zk-2, END
EXP-LOAD, 2023-07-19T19:30:10.210, ubuntu22-d, mtd-zk-2, 0.250364
EXP-LOAD, 2023-07-19T19:30:37.915, ubuntu22-d, mtd-zk-2, 0.291126
EXP-LEAD, 2023-07-19T19:30:42.134, ubuntu22-d, mtd-zk-2, START
EXP-LEAD, 2023-07-19T19:30:51.216, ubuntu22-d, mtd-zk-2, END
EXP-LOAD, 2023-07-19T19:30:53.276, ubuntu22-d, mtd-zk-2, 0.298052
EXP-LOAD, 2023-07-19T19:31:02.400, ubuntu22-d, mtd-zk-2, 0.298052
EXP-LEAD, 2023-07-19T19:31:03.436, ubuntu22-d, mtd-zk-2, START
EXP-LEAD, 2023-07-19T19:31:10.985, ubuntu22-d, mtd-zk-2, END
EXP-LOAD, 2023-07-19T19:31:12.033, ubuntu22-d, mtd-zk-2, 0.448128
EXP-LOAD, 2023-07-19T19:31:22.740, ubuntu22-d, mtd-zk-2, 0.121033
EXP-LOAD, 2023-07-19T19:31:34.909, ubuntu22-d, mtd-zk-2, 0.202497
EXP-LEAD, 2023-07-19T19:31:36.930, ubuntu22-d, mtd-zk-2, START
EXP-LEAD, 2023-07-19T19:31:42.519, ubuntu22-d, mtd-zk-2, END
EXP-LOAD, 2023-07-19T19:31:43.585, ubuntu22-d, mtd-zk-2, 0.202497
EXP-LOAD, 2023-07-19T19:31:53.218, ubuntu22-d, mtd-zk-2, 0.227223
EXP-LOAD, 2023-07-19T19:32:04.367, ubuntu22-d, mtd-zk-2, 0.183149
EXP-LOAD, 2023-07-19T19:32:11.489, ubuntu22-d, mtd-zk-2, 0.183149
EXP-LOAD, 2023-07-19T19:32:22.578, ubuntu22-d, mtd-zk-2, 0.217645
EXP-LOAD, 2023-07-19T19:32:27.688, ubuntu22-d, mtd-zk-2, 0.217645
EXP-LEAD, 2023-07-19T19:32:29.807, ubuntu22-d, mtd-zk-2, START
EXP-LEAD, 2023-07-19T19:32:38.369, ubuntu22-d, mtd-zk-2, END
EXP-LOAD, 2023-07-19T19:32:39.420, ubuntu22-d, mtd-zk-2, 0.172524
EXP-LOAD, 2023-07-19T19:32:48.534, ubuntu22-d, mtd-zk-2, 0.172524
EXP-LEAD, 2023-07-19T19:32:50.587, ubuntu22-d, mtd-zk-2, START
EXP-LEAD, 2023-07-19T19:32:56.111, ubuntu22-d, mtd-zk-2, END
EXP-LOAD, 2023-07-19T19:32:57.165, ubuntu22-d, mtd-zk-2, 0.158240
EXP-LEAD, 2023-07-19T19:32:58.769, ubuntu22-d, mtd-zk-2, START
EXP-LEAD, 2023-07-19T19:33:06.248, ubuntu22-d, mtd-zk-2, END
EXP-LOAD, 2023-07-19T19:33:07.374, ubuntu22-d, mtd-zk-2, 0.154417
EXP-LEAD, 2023-07-19T19:33:09.451, ubuntu22-d, mtd-zk-2, START
EXP-LEAD, 2023-07-19T19:33:17.495, ubuntu22-d, mtd-zk-2, END
EXP-LOAD, 2023-07-19T19:33:18.539, ubuntu22-d, mtd-zk-2, 0.154417
EXP-LOAD, 2023-07-19T19:33:30.654, ubuntu22-d, mtd-zk-2, 0.703839
EXP-LOAD, 2023-07-19T19:33:38.817, ubuntu22-d, mtd-zk-2, 0.224706
EXP-LOAD, 2023-07-19T19:33:49.181, ubuntu22-d, mtd-zk-2, 0.161047
EXP-LEAD, 2023-07-19T19:33:51.210, ubuntu22-d, mtd-zk-2, START
EXP-LEAD, 2023-07-19T19:33:56.639, ubuntu22-d, mtd-zk-2, END
EXP-LOAD, 2023-07-19T19:33:57.677, ubuntu22-d, mtd-zk-2, 0.161047
EXP-LEAD, 2023-07-19T19:34:00.344, ubuntu22-d, mtd-zk-2, START
EXP-LEAD, 2023-07-19T19:34:05.814, ubuntu22-d, mtd-zk-2, END
EXP-LOAD, 2023-07-19T19:34:06.900, ubuntu22-d, mtd-zk-2, 0.167421
EXP-LOAD, 2023-07-19T19:34:18.009, ubuntu22-d, mtd-zk-2, 0.167421
EXP-LEAD, 2023-07-19T19:34:19.036, ubuntu22-d, mtd-zk-2, START
EXP-LEAD, 2023-07-19T19:34:23.523, ubuntu22-d, mtd-zk-2, END
EXP-LOAD, 2023-07-19T19:34:24.564, ubuntu22-d, mtd-zk-2, 0.172015
EXP-LOAD, 2023-07-19T19:34:37.254, ubuntu22-d, mtd-zk-2, 0.131348
EXP-LOAD, 2023-07-19T19:34:44.332, ubuntu22-d, mtd-zk-2, 0.131348
EXP-LOAD, 2023-07-19T19:34:54.465, ubuntu22-d, mtd-zk-2, 0.171822
EXP-LOAD, 2023-07-19T19:35:08.525, ubuntu22-d, mtd-zk-2, 0.177333
EXP-LEAD, 2023-07-19T19:35:09.563, ubuntu22-d, mtd-zk-2, START
EXP-LEAD, 2023-07-19T19:35:17.196, ubuntu22-d, mtd-zk-2, END
EXP-LOAD, 2023-07-19T19:35:18.248, ubuntu22-d, mtd-zk-2, 0.177333
EXP-LOAD, 2023-07-19T19:35:25.775, ubuntu22-d, mtd-zk-2, 0.163018
EXP-LEAD, 2023-07-19T19:35:27.857, ubuntu22-d, mtd-zk-2, START
EXP-LEAD, 2023-07-19T19:35:36.347, ubuntu22-d, mtd-zk-2, END
EXP-LOAD, 2023-07-19T19:35:37.409, ubuntu22-d, mtd-zk-2, 0.193926
EXP-LOAD, 2023-07-19T19:35:45.506, ubuntu22-d, mtd-zk-2, 0.193926
EXP-LOAD, 2023-07-19T19:35:53.609, ubuntu22-d, mtd-zk-2, 0.217426
EXP-LOAD, 2023-07-19T19:36:01.732, ubuntu22-d, mtd-zk-2, 0.217426
EXP-LOAD, 2023-07-19T19:36:12.884, ubuntu22-d, mtd-zk-2, 0.162129
EXP-LEAD, 2023-07-19T19:36:14.908, ubuntu22-d, mtd-zk-2, START
EXP-LEAD, 2023-07-19T19:36:19.260, ubuntu22-d, mtd-zk-2, END
EXP-LOAD, 2023-07-19T19:36:20.300, ubuntu22-d, mtd-zk-2, 0.191423
EXP-LOAD, 2023-07-19T19:36:31.116, ubuntu22-d, mtd-zk-2, 0.191423
EXP-LEAD, 2023-07-19T19:36:32.153, ubuntu22-d, mtd-zk-2, START
EXP-LEAD, 2023-07-19T19:36:37.853, ubuntu22-d, mtd-zk-2, END
EXP-LOAD, 2023-07-19T19:36:38.888, ubuntu22-d, mtd-zk-2, 0.140007
EXP-LEAD, 2023-07-19T19:36:40.282, ubuntu22-d, mtd-zk-2, START
EXP-LEAD, 2023-07-19T19:36:48.818, ubuntu22-d, mtd-zk-2, END
EXP-LOAD, 2023-07-19T19:36:49.858, ubuntu22-d, mtd-zk-2, 0.108213
EXP-LOAD, 2023-07-19T19:36:59.483, ubuntu22-d, mtd-zk-2, 0.108213
EXP-LEAD, 2023-07-19T19:36:59.515, ubuntu22-d, mtd-zk-2, START
EXP-LEAD, 2023-07-19T19:37:03.918, ubuntu22-d, mtd-zk-2, END
EXP-LOAD, 2023-07-19T19:37:04.979, ubuntu22-d, mtd-zk-2, 0.116037
EXP-LEAD, 2023-07-19T19:37:06.621, ubuntu22-d, mtd-zk-2, START
EXP-LEAD, 2023-07-19T19:37:12.131, ubuntu22-d, mtd-zk-2, END
EXP-LOAD, 2023-07-19T19:37:13.172, ubuntu22-d, mtd-zk-2, 0.116037
EXP-LOAD, 2023-07-19T19:37:20.814, ubuntu22-d, mtd-zk-2, 0.236930
EXP-LEAD, 2023-07-19T19:37:22.472, ubuntu22-d, mtd-zk-2, START
EXP-LEAD, 2023-07-19T19:37:31.051, ubuntu22-d, mtd-zk-2, END
EXP-LOAD, 2023-07-19T19:37:32.094, ubuntu22-d, mtd-zk-2, 0.236930
EXP-LEAD, 2023-07-19T19:37:34.564, ubuntu22-d, mtd-zk-2, START
EXP-LEAD, 2023-07-19T19:37:40.099, ubuntu22-d, mtd-zk-2, END
EXP-LOAD, 2023-07-19T19:37:41.150, ubuntu22-d, mtd-zk-2, 0.217847
EXP-LEAD, 2023-07-19T19:37:41.682, ubuntu22-d, mtd-zk-2, START
EXP-LEAD, 2023-07-19T19:37:46.160, ubuntu22-d, mtd-zk-2, END
EXP-LOAD, 2023-07-19T19:37:47.290, ubuntu22-d, mtd-zk-2, 0.217847
EXP-LEAD, 2023-07-19T19:37:47.320, ubuntu22-d, mtd-zk-2, START
EXP-LEAD, 2023-07-19T19:37:52.814, ubuntu22-d, mtd-zk-2, END
EXP-LOAD, 2023-07-19T19:37:53.852, ubuntu22-d, mtd-zk-2, 0.174431
EXP-LOAD, 2023-07-19T19:38:04.485, ubuntu22-d, mtd-zk-2, 0.208045
EXP-LOAD, 2023-07-19T19:38:11.574, ubuntu22-d, mtd-zk-2, 0.208045
EXP-LOAD, 2023-07-19T19:38:18.699, ubuntu22-d, mtd-zk-2, 0.208045
EXP-LEAD, 2023-07-19T19:38:19.731, ubuntu22-d, mtd-zk-2, START
EXP-LEAD, 2023-07-19T19:38:27.268, ubuntu22-d, mtd-zk-2, END
EXP-LOAD, 2023-07-19T19:38:28.308, ubuntu22-d, mtd-zk-2, 0.123836
EXP-LEAD, 2023-07-19T19:38:28.883, ubuntu22-d, mtd-zk-2, START
EXP-LEAD, 2023-07-19T19:38:34.389, ubuntu22-d, mtd-zk-2, END
EXP-LOAD, 2023-07-19T19:38:35.510, ubuntu22-d, mtd-zk-2, 0.204644
EXP-LOAD, 2023-07-19T19:38:46.041, ubuntu22-d, mtd-zk-2, 0.204644
EXP-LEAD, 2023-07-19T19:38:47.071, ubuntu22-d, mtd-zk-2, START
EXP-LEAD, 2023-07-19T19:38:52.917, ubuntu22-d, mtd-zk-2, END
EXP-LOAD, 2023-07-19T19:38:53.965, ubuntu22-d, mtd-zk-2, 0.158022
EXP-LEAD, 2023-07-19T19:38:55.210, ubuntu22-d, mtd-zk-2, START
EXP-LEAD, 2023-07-19T19:38:59.655, ubuntu22-d, mtd-zk-2, END
EXP-LOAD, 2023-07-19T19:39:00.706, ubuntu22-d, mtd-zk-2, 0.158022
EXP-LEAD, 2023-07-19T19:39:01.315, ubuntu22-d, mtd-zk-2, START
EXP-LEAD, 2023-07-19T19:39:10.063, ubuntu22-d, mtd-zk-2, END
EXP-LOAD, 2023-07-19T19:39:11.104, ubuntu22-d, mtd-zk-2, 0.109623
EXP-LOAD, 2023-07-19T19:39:19.545, ubuntu22-d, mtd-zk-2, 0.178818
EXP-LEAD, 2023-07-19T19:39:20.577, ubuntu22-d, mtd-zk-2, START
EXP-LEAD, 2023-07-19T19:39:26.074, ubuntu22-d, mtd-zk-2, END
EXP-LOAD, 2023-07-19T19:39:27.135, ubuntu22-d, mtd-zk-2, 0.178818
EXP-LOAD, 2023-07-19T19:39:34.743, ubuntu22-d, mtd-zk-2, 0.228435
EXP-LOAD, 2023-07-19T19:39:46.573, ubuntu22-d, mtd-zk-2, 0.228435
EXP-LEAD, 2023-07-19T19:39:47.959, ubuntu22-d, mtd-zk-2, START
EXP-LEAD, 2023-07-19T19:39:53.457, ubuntu22-d, mtd-zk-2, END
EXP-LOAD, 2023-07-19T19:39:54.505, ubuntu22-d, mtd-zk-2, 0.140986
EXP-LOAD, 2023-07-19T19:40:05.135, ubuntu22-d, mtd-zk-2, 0.151840
EXP-LEAD, 2023-07-19T19:40:05.180, ubuntu22-d, mtd-zk-2, START
EXP-LEAD, 2023-07-19T19:40:10.830, ubuntu22-d, mtd-zk-2, END
EXP-LOAD, 2023-07-19T19:40:11.873, ubuntu22-d, mtd-zk-2, 0.151840
EXP-LOAD, 2023-07-19T19:40:23.305, ubuntu22-d, mtd-zk-2, 0.107218
EXP-LOAD, 2023-07-19T19:40:31.450, ubuntu22-d, mtd-zk-2, 0.107218
EXP-LOAD, 2023-07-19T19:40:41.564, ubuntu22-d, mtd-zk-2, 0.174832
EXP-LOAD, 2023-07-19T19:40:47.631, ubuntu22-d, mtd-zk-2, 0.174832
EXP-LOAD, 2023-07-19T19:40:56.259, ubuntu22-d, mtd-zk-2, 0.189224
EXP-LOAD, 2023-07-19T19:41:08.425, ubuntu22-d, mtd-zk-2, 0.175653
EXP-LEAD, 2023-07-19T19:41:09.464, ubuntu22-d, mtd-zk-2, START
EXP-LEAD, 2023-07-19T19:41:14.882, ubuntu22-d, mtd-zk-2, END
EXP-LOAD, 2023-07-19T19:41:15.919, ubuntu22-d, mtd-zk-2, 0.175653
EXP-LOAD, 2023-07-19T19:41:23.676, ubuntu22-d, mtd-zk-2, 0.104840
EXP-LEAD, 2023-07-19T19:41:24.705, ubuntu22-d, mtd-zk-2, START
EXP-LEAD, 2023-07-19T19:41:33.214, ubuntu22-d, mtd-zk-2, END
EXP-LOAD, 2023-07-19T19:41:34.302, ubuntu22-d, mtd-zk-2, 0.244455
EXP-LOAD, 2023-07-19T19:41:42.862, ubuntu22-d, mtd-zk-2, 0.244455
EXP-LEAD, 2023-07-19T19:41:45.906, ubuntu22-d, mtd-zk-2, START
EXP-LEAD, 2023-07-19T19:41:51.402, ubuntu22-d, mtd-zk-2, END
EXP-LOAD, 2023-07-19T19:41:52.447, ubuntu22-d, mtd-zk-2, 0.178146
EXP-LEAD, 2023-07-19T19:41:54.040, ubuntu22-d, mtd-zk-2, START
EXP-LEAD, 2023-07-19T19:42:02.553, ubuntu22-d, mtd-zk-2, END
EXP-LOAD, 2023-07-19T19:42:03.608, ubuntu22-d, mtd-zk-2, 0.178146
EXP-LOAD, 2023-07-19T19:42:11.186, ubuntu22-d, mtd-zk-2, 0.202465
EXP-LOAD, 2023-07-19T19:42:22.295, ubuntu22-d, mtd-zk-2, 0.179330
EXP-LOAD, 2023-07-19T19:42:30.376, ubuntu22-d, mtd-zk-2, 0.179330
EXP-LEAD, 2023-07-19T19:42:30.429, ubuntu22-d, mtd-zk-2, START
EXP-LEAD, 2023-07-19T19:42:35.848, ubuntu22-d, mtd-zk-2, END
EXP-LOAD, 2023-07-19T19:42:36.904, ubuntu22-d, mtd-zk-2, 0.246245
EXP-LOAD, 2023-07-19T19:42:46.576, ubuntu22-d, mtd-zk-2, 0.246245
EXP-LOAD, 2023-07-19T19:42:55.682, ubuntu22-d, mtd-zk-2, 0.173788
EXP-LEAD, 2023-07-19T19:42:56.740, ubuntu22-d, mtd-zk-2, START
EXP-LEAD, 2023-07-19T19:43:02.277, ubuntu22-d, mtd-zk-2, END
EXP-LOAD, 2023-07-19T19:43:03.317, ubuntu22-d, mtd-zk-2, 0.173788
EXP-LEAD, 2023-07-19T19:43:04.346, ubuntu22-d, mtd-zk-2, START
EXP-LEAD, 2023-07-19T19:43:09.799, ubuntu22-d, mtd-zk-2, END
EXP-LOAD, 2023-07-19T19:43:10.835, ubuntu22-d, mtd-zk-2, 0.155838
EXP-LOAD, 2023-07-19T19:43:19.529, ubuntu22-d, mtd-zk-2, 0.213126
EXP-LOAD, 2023-07-19T19:43:27.460, ubuntu22-d, mtd-zk-2, 0.213126
EXP-LOAD, 2023-07-19T19:43:39.540, ubuntu22-d, mtd-zk-2, 0.392821
EXP-LOAD, 2023-07-19T19:43:45.630, ubuntu22-d, mtd-zk-2, 0.392821
EXP-LOAD, 2023-07-19T19:43:52.215, ubuntu22-d, mtd-zk-2, 0.210545
EXP-LOAD, 2023-07-19T19:44:03.882, ubuntu22-d, mtd-zk-2, 0.210545
EXP-LEAD, 2023-07-19T19:44:04.911, ubuntu22-d, mtd-zk-2, START
EXP-LEAD, 2023-07-19T19:44:09.384, ubuntu22-d, mtd-zk-2, END
EXP-LOAD, 2023-07-19T19:44:10.434, ubuntu22-d, mtd-zk-2, 0.179438
EXP-LEAD, 2023-07-19T19:44:12.371, ubuntu22-d, mtd-zk-2, START
EXP-LEAD, 2023-07-19T19:44:20.935, ubuntu22-d, mtd-zk-2, END
EXP-LOAD, 2023-07-19T19:44:21.984, ubuntu22-d, mtd-zk-2, 0.106627
EXP-LEAD, 2023-07-19T19:44:23.018, ubuntu22-d, mtd-zk-2, START
EXP-LEAD, 2023-07-19T19:44:28.907, ubuntu22-d, mtd-zk-2, END
EXP-LOAD, 2023-07-19T19:44:29.956, ubuntu22-d, mtd-zk-2, 0.106627
EXP-LOAD, 2023-07-19T19:44:37.388, ubuntu22-d, mtd-zk-2, 0.164416
EXP-LOAD, 2023-07-19T19:44:46.585, ubuntu22-d, mtd-zk-2, 0.164416
EXP-LEAD, 2023-07-19T19:44:47.628, ubuntu22-d, mtd-zk-2, START
EXP-LEAD, 2023-07-19T19:44:53.079, ubuntu22-d, mtd-zk-2, END
EXP-LOAD, 2023-07-19T19:44:54.133, ubuntu22-d, mtd-zk-2, 0.220726
EXP-LEAD, 2023-07-19T19:44:55.816, ubuntu22-d, mtd-zk-2, START
EXP-LEAD, 2023-07-19T19:45:00.332, ubuntu22-d, mtd-zk-2, END
EXP-LOAD, 2023-07-19T19:45:01.394, ubuntu22-d, mtd-zk-2, 0.220726
EXP-LOAD, 2023-07-19T19:45:17.535, ubuntu22-d, mtd-zk-2, 0.197629
EXP-LEAD, 2023-07-19T19:45:18.567, ubuntu22-d, mtd-zk-2, START
EXP-LEAD, 2023-07-19T19:45:24.175, ubuntu22-d, mtd-zk-2, END
EXP-LOAD, 2023-07-19T19:45:25.232, ubuntu22-d, mtd-zk-2, 0.147735
EXP-LEAD, 2023-07-19T19:45:26.252, ubuntu22-d, mtd-zk-2, START
EXP-LEAD, 2023-07-19T19:45:33.761, ubuntu22-d, mtd-zk-2, END
EXP-LOAD, 2023-07-19T19:45:34.811, ubuntu22-d, mtd-zk-2, 0.110237
EXP-LOAD, 2023-07-19T19:45:41.440, ubuntu22-d, mtd-zk-2, 0.110237
EXP-LOAD, 2023-07-19T19:45:50.526, ubuntu22-d, mtd-zk-2, 0.203219
EXP-LEAD, 2023-07-19T19:45:52.590, ubuntu22-d, mtd-zk-2, START
EXP-LEAD, 2023-07-19T19:45:57.132, ubuntu22-d, mtd-zk-2, END
EXP-LOAD, 2023-07-19T19:45:58.180, ubuntu22-d, mtd-zk-2, 0.203219
EXP-LOAD, 2023-07-19T19:46:08.721, ubuntu22-d, mtd-zk-2, 0.178034
EXP-LOAD, 2023-07-19T19:46:17.815, ubuntu22-d, mtd-zk-2, 0.178034
EXP-LOAD, 2023-07-19T19:46:28.939, ubuntu22-d, mtd-zk-2, 0.155460
EXP-LOAD, 2023-07-19T19:46:37.662, ubuntu22-d, mtd-zk-2, 0.096225
EXP-LOAD, 2023-07-19T19:46:48.791, ubuntu22-d, mtd-zk-2, 0.096225
EXP-LEAD, 2023-07-19T19:46:49.823, ubuntu22-d, mtd-zk-2, START
EXP-LEAD, 2023-07-19T19:46:55.306, ubuntu22-d, mtd-zk-2, END
EXP-LOAD, 2023-07-19T19:46:56.363, ubuntu22-d, mtd-zk-2, 0.180136
EXP-LEAD, 2023-07-19T19:46:57.920, ubuntu22-d, mtd-zk-2, START
EXP-LEAD, 2023-07-19T19:47:05.387, ubuntu22-d, mtd-zk-2, END
EXP-LOAD, 2023-07-19T19:47:06.464, ubuntu22-d, mtd-zk-2, 0.182822
EXP-LOAD, 2023-07-19T19:47:14.075, ubuntu22-d, mtd-zk-2, 0.182822
EXP-LEAD, 2023-07-19T19:47:15.116, ubuntu22-d, mtd-zk-2, START
EXP-LEAD, 2023-07-19T19:47:24.785, ubuntu22-d, mtd-zk-2, END
EXP-LOAD, 2023-07-19T19:47:25.894, ubuntu22-d, mtd-zk-2, 0.140530
EXP-LOAD, 2023-07-19T19:47:33.349, ubuntu22-d, mtd-zk-2, 0.140530
EXP-LOAD, 2023-07-19T19:47:43.477, ubuntu22-d, mtd-zk-2, 0.132412
EXP-LOAD, 2023-07-19T19:47:51.582, ubuntu22-d, mtd-zk-2, 0.232223
EXP-LOAD, 2023-07-19T19:48:01.701, ubuntu22-d, mtd-zk-2, 0.232223
EXP-LOAD, 2023-07-19T19:48:09.805, ubuntu22-d, mtd-zk-2, 0.121422
EXP-LOAD, 2023-07-19T19:48:18.934, ubuntu22-d, mtd-zk-2, 0.121422
EXP-LEAD, 2023-07-19T19:48:19.965, ubuntu22-d, mtd-zk-2, START
EXP-LEAD, 2023-07-19T19:48:25.438, ubuntu22-d, mtd-zk-2, END
EXP-LOAD, 2023-07-19T19:48:26.490, ubuntu22-d, mtd-zk-2, 0.147435
EXP-LEAD, 2023-07-19T19:48:28.124, ubuntu22-d, mtd-zk-2, START
EXP-LEAD, 2023-07-19T19:48:32.580, ubuntu22-d, mtd-zk-2, END
EXP-LOAD, 2023-07-19T19:48:33.616, ubuntu22-d, mtd-zk-2, 0.147435
EXP-LOAD, 2023-07-19T19:48:43.285, ubuntu22-d, mtd-zk-2, 0.246850
EXP-LEAD, 2023-07-19T19:48:45.322, ubuntu22-d, mtd-zk-2, START
EXP-LEAD, 2023-07-19T19:48:50.818, ubuntu22-d, mtd-zk-2, END
EXP-LOAD, 2023-07-19T19:48:51.887, ubuntu22-d, mtd-zk-2, 0.239529
EXP-LOAD, 2023-07-19T19:49:00.461, ubuntu22-d, mtd-zk-2, 0.239529
EXP-LOAD, 2023-07-19T19:49:10.606, ubuntu22-d, mtd-zk-2, 0.206832
EXP-LEAD, 2023-07-19T19:49:11.619, ubuntu22-d, mtd-zk-2, START
EXP-LEAD, 2023-07-19T19:49:16.187, ubuntu22-d, mtd-zk-2, END
EXP-LOAD, 2023-07-19T19:49:17.243, ubuntu22-d, mtd-zk-2, 0.206832
EXP-LOAD, 2023-07-19T19:49:28.789, ubuntu22-d, mtd-zk-2, 0.224016
EXP-LEAD, 2023-07-19T19:49:28.814, ubuntu22-d, mtd-zk-2, START
EXP-LEAD, 2023-07-19T19:49:33.334, ubuntu22-d, mtd-zk-2, END
EXP-LOAD, 2023-07-19T19:49:34.372, ubuntu22-d, mtd-zk-2, 0.111435
EXP-LOAD, 2023-07-19T19:49:42.466, ubuntu22-d, mtd-zk-2, 0.111435
EXP-LOAD, 2023-07-19T19:49:50.552, ubuntu22-d, mtd-zk-2, 0.244891
EXP-LEAD, 2023-07-19T19:49:52.584, ubuntu22-d, mtd-zk-2, START
EXP-LEAD, 2023-07-19T19:50:00.417, ubuntu22-d, mtd-zk-2, END
EXP-LOAD, 2023-07-19T19:50:01.490, ubuntu22-d, mtd-zk-2, 0.244891
EXP-LOAD, 2023-07-19T19:50:09.811, ubuntu22-d, mtd-zk-2, 0.091432
EXP-LOAD, 2023-07-19T19:50:15.896, ubuntu22-d, mtd-zk-2, 0.091432
EXP-LOAD, 2023-07-19T19:50:29.025, ubuntu22-d, mtd-zk-2, 0.169538
EXP-LOAD, 2023-07-19T19:50:35.113, ubuntu22-d, mtd-zk-2, 0.119043
EXP-LEAD, 2023-07-19T19:50:37.224, ubuntu22-d, mtd-zk-2, START
EXP-LEAD, 2023-07-19T19:50:45.718, ubuntu22-d, mtd-zk-2, END
EXP-LOAD, 2023-07-19T19:50:46.776, ubuntu22-d, mtd-zk-2, 0.119043
EXP-LEAD, 2023-07-19T19:50:49.376, ubuntu22-d, mtd-zk-2, START
EXP-LEAD, 2023-07-19T19:50:53.852, ubuntu22-d, mtd-zk-2, END
EXP-LOAD, 2023-07-19T19:50:54.897, ubuntu22-d, mtd-zk-2, 0.230927
EXP-LEAD, 2023-07-19T19:50:56.470, ubuntu22-d, mtd-zk-2, START
EXP-LEAD, 2023-07-19T19:51:05.069, ubuntu22-d, mtd-zk-2, END
EXP-LOAD, 2023-07-19T19:51:06.115, ubuntu22-d, mtd-zk-2, 0.221419
EXP-LOAD, 2023-07-19T19:51:13.651, ubuntu22-d, mtd-zk-2, 0.221419
EXP-LOAD, 2023-07-19T19:51:20.757, ubuntu22-d, mtd-zk-2, 0.186932
EXP-LEAD, 2023-07-19T19:51:22.807, ubuntu22-d, mtd-zk-2, START
EXP-LEAD, 2023-07-19T19:51:28.217, ubuntu22-d, mtd-zk-2, END
EXP-LOAD, 2023-07-19T19:51:29.265, ubuntu22-d, mtd-zk-2, 0.186932
EXP-LEAD, 2023-07-19T19:51:30.925, ubuntu22-d, mtd-zk-2, START
EXP-LEAD, 2023-07-19T19:51:39.464, ubuntu22-d, mtd-zk-2, END
EXP-LOAD, 2023-07-19T19:51:40.526, ubuntu22-d, mtd-zk-2, 0.171620
EXP-LOAD, 2023-07-19T19:51:49.129, ubuntu22-d, mtd-zk-2, 0.177232
EXP-LEAD, 2023-07-19T19:51:49.176, ubuntu22-d, mtd-zk-2, START
EXP-LEAD, 2023-07-19T19:51:57.794, ubuntu22-d, mtd-zk-2, END
EXP-LOAD, 2023-07-19T19:51:58.854, ubuntu22-d, mtd-zk-2, 0.177232
EXP-LEAD, 2023-07-19T19:52:00.282, ubuntu22-d, mtd-zk-2, START
EXP-LEAD, 2023-07-19T19:52:05.734, ubuntu22-d, mtd-zk-2, END
EXP-LOAD, 2023-07-19T19:52:06.786, ubuntu22-d, mtd-zk-2, 0.099017
