EXP-LOAD, 2023-07-19T18:51:55.817, ubuntu22-c, mtd-zk-1, 0.583230
EXP-LOAD, 2023-07-19T18:52:08.403, ubuntu22-c, mtd-zk-1, 0.760606
EXP-LOAD, 2023-07-19T18:52:18.597, ubuntu22-c, mtd-zk-1, 0.760606
EXP-LEAD, 2023-07-19T18:52:19.708, ubuntu22-c, mtd-zk-1, START
EXP-LEAD, 2023-07-19T18:52:28.713, ubuntu22-c, mtd-zk-1, END
EXP-LOAD, 2023-07-19T18:52:29.840, ubuntu22-c, mtd-zk-1, 0.581784
EXP-LOAD, 2023-07-19T18:52:43.328, ubuntu22-c, mtd-zk-1, 0.816402
EXP-LEAD, 2023-07-19T18:52:45.419, ubuntu22-c, mtd-zk-1, START
EXP-LEAD, 2023-07-19T18:52:50.704, ubuntu22-c, mtd-zk-1, END
EXP-LOAD, 2023-07-19T18:52:51.819, ubuntu22-c, mtd-zk-1, 0.657305
EXP-LOAD, 2023-07-19T18:53:00.764, ubuntu22-c, mtd-zk-1, 0.657305
EXP-LOAD, 2023-07-19T18:53:10.983, ubuntu22-c, mtd-zk-1, 0.712203
EXP-LOAD, 2023-07-19T18:53:22.204, ubuntu22-c, mtd-zk-1, 0.679236
EXP-LOAD, 2023-07-19T18:53:29.404, ubuntu22-c, mtd-zk-1, 0.679236
EXP-LOAD, 2023-07-19T18:53:40.603, ubuntu22-c, mtd-zk-1, 0.776034
EXP-LEAD, 2023-07-19T18:53:42.694, ubuntu22-c, mtd-zk-1, START
EXP-LEAD, 2023-07-19T18:53:47.806, ubuntu22-c, mtd-zk-1, END
EXP-LOAD, 2023-07-19T18:53:48.902, ubuntu22-c, mtd-zk-1, 0.776034
EXP-LEAD, 2023-07-19T18:53:49.961, ubuntu22-c, mtd-zk-1, START
EXP-LEAD, 2023-07-19T18:53:56.056, ubuntu22-c, mtd-zk-1, END
EXP-LOAD, 2023-07-19T18:53:57.190, ubuntu22-c, mtd-zk-1, 0.667910
EXP-LEAD, 2023-07-19T18:53:59.121, ubuntu22-c, mtd-zk-1, START
EXP-LEAD, 2023-07-19T18:54:03.824, ubuntu22-c, mtd-zk-1, END
EXP-LOAD, 2023-07-19T18:54:04.910, ubuntu22-c, mtd-zk-1, 0.762422
EXP-LOAD, 2023-07-19T18:54:11.401, ubuntu22-c, mtd-zk-1, 0.762422
EXP-LOAD, 2023-07-19T18:54:22.216, ubuntu22-c, mtd-zk-1, 0.728037
EXP-LOAD, 2023-07-19T18:54:28.637, ubuntu22-c, mtd-zk-1, 0.728037
EXP-LOAD, 2023-07-19T18:54:36.743, ubuntu22-c, mtd-zk-1, 0.720804
EXP-LOAD, 2023-07-19T18:54:49.056, ubuntu22-c, mtd-zk-1, 0.720804
EXP-LOAD, 2023-07-19T18:54:58.211, ubuntu22-c, mtd-zk-1, 0.740010
EXP-LOAD, 2023-07-19T18:55:09.451, ubuntu22-c, mtd-zk-1, 0.611935
EXP-LEAD, 2023-07-19T18:55:10.507, ubuntu22-c, mtd-zk-1, START
EXP-LEAD, 2023-07-19T18:55:15.266, ubuntu22-c, mtd-zk-1, END
EXP-LOAD, 2023-07-19T18:55:16.322, ubuntu22-c, mtd-zk-1, 0.611935
EXP-LEAD, 2023-07-19T18:55:18.730, ubuntu22-c, mtd-zk-1, START
EXP-LEAD, 2023-07-19T18:55:24.838, ubuntu22-c, mtd-zk-1, END
EXP-LOAD, 2023-07-19T18:55:25.930, ubuntu22-c, mtd-zk-1, 0.622406
EXP-LEAD, 2023-07-19T18:55:27.856, ubuntu22-c, mtd-zk-1, START
EXP-LEAD, 2023-07-19T18:55:32.538, ubuntu22-c, mtd-zk-1, END
EXP-LOAD, 2023-07-19T18:55:33.627, ubuntu22-c, mtd-zk-1, 0.622406
EXP-LOAD, 2023-07-19T18:55:47.057, ubuntu22-c, mtd-zk-1, 0.712419
EXP-LOAD, 2023-07-19T18:55:54.166, ubuntu22-c, mtd-zk-1, 0.656207
EXP-LOAD, 2023-07-19T18:56:03.319, ubuntu22-c, mtd-zk-1, 0.656207
EXP-LOAD, 2023-07-19T18:56:11.466, ubuntu22-c, mtd-zk-1, 0.643109
EXP-LOAD, 2023-07-19T18:56:19.612, ubuntu22-c, mtd-zk-1, 0.722229
EXP-LOAD, 2023-07-19T18:56:27.728, ubuntu22-c, mtd-zk-1, 0.722229
EXP-LEAD, 2023-07-19T18:56:29.736, ubuntu22-c, mtd-zk-1, START
EXP-LEAD, 2023-07-19T18:56:39.581, ubuntu22-c, mtd-zk-1, END
EXP-LOAD, 2023-07-19T18:56:40.673, ubuntu22-c, mtd-zk-1, 0.753609
EXP-LEAD, 2023-07-19T18:56:41.905, ubuntu22-c, mtd-zk-1, START
EXP-LEAD, 2023-07-19T18:56:46.677, ubuntu22-c, mtd-zk-1, END
EXP-LOAD, 2023-07-19T18:56:47.748, ubuntu22-c, mtd-zk-1, 0.753609
EXP-LEAD, 2023-07-19T18:56:48.997, ubuntu22-c, mtd-zk-1, START
EXP-LEAD, 2023-07-19T18:56:55.951, ubuntu22-c, mtd-zk-1, END
EXP-LOAD, 2023-07-19T18:56:57.027, ubuntu22-c, mtd-zk-1, 0.619209
EXP-LOAD, 2023-07-19T18:57:05.225, ubuntu22-c, mtd-zk-1, 0.669733
EXP-LOAD, 2023-07-19T18:57:13.399, ubuntu22-c, mtd-zk-1, 0.669733
EXP-LEAD, 2023-07-19T18:57:15.032, ubuntu22-c, mtd-zk-1, START
EXP-LEAD, 2023-07-19T18:57:23.856, ubuntu22-c, mtd-zk-1, END
EXP-LOAD, 2023-07-19T18:57:24.928, ubuntu22-c, mtd-zk-1, 0.638622
EXP-LOAD, 2023-07-19T18:57:32.217, ubuntu22-c, mtd-zk-1, 0.638622
EXP-LOAD, 2023-07-19T18:57:44.440, ubuntu22-c, mtd-zk-1, 0.652704
EXP-LOAD, 2023-07-19T18:57:50.618, ubuntu22-c, mtd-zk-1, 0.646005
EXP-LOAD, 2023-07-19T18:58:01.655, ubuntu22-c, mtd-zk-1, 0.646005
EXP-LOAD, 2023-07-19T18:58:09.716, ubuntu22-c, mtd-zk-1, 0.633408
EXP-LEAD, 2023-07-19T18:58:12.479, ubuntu22-c, mtd-zk-1, START
EXP-LEAD, 2023-07-19T18:58:20.275, ubuntu22-c, mtd-zk-1, END
EXP-LOAD, 2023-07-19T18:58:21.366, ubuntu22-c, mtd-zk-1, 0.722404
EXP-LOAD, 2023-07-19T18:58:29.665, ubuntu22-c, mtd-zk-1, 0.722404
EXP-LOAD, 2023-07-19T18:58:39.926, ubuntu22-c, mtd-zk-1, 0.659411
EXP-LEAD, 2023-07-19T18:58:41.866, ubuntu22-c, mtd-zk-1, START
EXP-LEAD, 2023-07-19T18:58:47.708, ubuntu22-c, mtd-zk-1, END
EXP-LOAD, 2023-07-19T18:58:48.832, ubuntu22-c, mtd-zk-1, 0.659411
EXP-LOAD, 2023-07-19T18:58:57.088, ubuntu22-c, mtd-zk-1, 0.669447
EXP-LOAD, 2023-07-19T18:59:03.243, ubuntu22-c, mtd-zk-1, 0.669447
EXP-LOAD, 2023-07-19T18:59:12.399, ubuntu22-c, mtd-zk-1, 0.683636
EXP-LOAD, 2023-07-19T18:59:23.511, ubuntu22-c, mtd-zk-1, 0.669208
EXP-LOAD, 2023-07-19T18:59:31.571, ubuntu22-c, mtd-zk-1, 0.669208
EXP-LOAD, 2023-07-19T18:59:37.698, ubuntu22-c, mtd-zk-1, 0.643008
EXP-LOAD, 2023-07-19T18:59:49.412, ubuntu22-c, mtd-zk-1, 0.726224
EXP-LEAD, 2023-07-19T18:59:50.404, ubuntu22-c, mtd-zk-1, START
EXP-LEAD, 2023-07-19T18:59:58.130, ubuntu22-c, mtd-zk-1, END
EXP-LOAD, 2023-07-19T18:59:59.192, ubuntu22-c, mtd-zk-1, 0.726224
EXP-LOAD, 2023-07-19T19:00:05.625, ubuntu22-c, mtd-zk-1, 0.693009
EXP-LOAD, 2023-07-19T19:00:13.771, ubuntu22-c, mtd-zk-1, 0.693009
EXP-LOAD, 2023-07-19T19:00:20.952, ubuntu22-c, mtd-zk-1, 0.697427
EXP-LEAD, 2023-07-19T19:00:21.580, ubuntu22-c, mtd-zk-1, START
EXP-LEAD, 2023-07-19T19:00:27.476, ubuntu22-c, mtd-zk-1, END
EXP-LOAD, 2023-07-19T19:00:28.546, ubuntu22-c, mtd-zk-1, 0.697427
EXP-LOAD, 2023-07-19T19:00:35.655, ubuntu22-c, mtd-zk-1, 0.687952
EXP-LEAD, 2023-07-19T19:00:37.678, ubuntu22-c, mtd-zk-1, START
EXP-LEAD, 2023-07-19T19:00:43.336, ubuntu22-c, mtd-zk-1, END
EXP-LOAD, 2023-07-19T19:00:44.411, ubuntu22-c, mtd-zk-1, 0.687952
EXP-LEAD, 2023-07-19T19:00:44.759, ubuntu22-c, mtd-zk-1, START
EXP-LEAD, 2023-07-19T19:00:49.458, ubuntu22-c, mtd-zk-1, END
EXP-LOAD, 2023-07-19T19:00:50.563, ubuntu22-c, mtd-zk-1, 0.785434
EXP-LEAD, 2023-07-19T19:00:51.849, ubuntu22-c, mtd-zk-1, START
EXP-LEAD, 2023-07-19T19:00:57.573, ubuntu22-c, mtd-zk-1, END
EXP-LOAD, 2023-07-19T19:00:58.638, ubuntu22-c, mtd-zk-1, 0.785434
EXP-LOAD, 2023-07-19T19:01:08.804, ubuntu22-c, mtd-zk-1, 0.706011
EXP-LOAD, 2023-07-19T19:01:16.987, ubuntu22-c, mtd-zk-1, 0.706011
EXP-LOAD, 2023-07-19T19:01:25.130, ubuntu22-c, mtd-zk-1, 0.669444
EXP-LOAD, 2023-07-19T19:01:32.489, ubuntu22-c, mtd-zk-1, 0.669444
EXP-LOAD, 2023-07-19T19:01:40.473, ubuntu22-c, mtd-zk-1, 0.707735
EXP-LOAD, 2023-07-19T19:01:47.562, ubuntu22-c, mtd-zk-1, 0.707735
EXP-LOAD, 2023-07-19T19:01:57.724, ubuntu22-c, mtd-zk-1, 0.781836
EXP-LOAD, 2023-07-19T19:02:04.926, ubuntu22-c, mtd-zk-1, 0.683421
EXP-LOAD, 2023-07-19T19:02:13.421, ubuntu22-c, mtd-zk-1, 0.683421
EXP-LEAD, 2023-07-19T19:02:14.481, ubuntu22-c, mtd-zk-1, START
EXP-LEAD, 2023-07-19T19:02:18.993, ubuntu22-c, mtd-zk-1, END
EXP-LOAD, 2023-07-19T19:02:20.074, ubuntu22-c, mtd-zk-1, 0.672604
EXP-LEAD, 2023-07-19T19:02:21.103, ubuntu22-c, mtd-zk-1, START
EXP-LEAD, 2023-07-19T19:02:27.297, ubuntu22-c, mtd-zk-1, END
EXP-LOAD, 2023-07-19T19:02:28.357, ubuntu22-c, mtd-zk-1, 0.672604
EXP-LOAD, 2023-07-19T19:02:40.393, ubuntu22-c, mtd-zk-1, 0.690719
EXP-LOAD, 2023-07-19T19:02:46.667, ubuntu22-c, mtd-zk-1, 0.690719
EXP-LEAD, 2023-07-19T19:02:49.557, ubuntu22-c, mtd-zk-1, START
EXP-LEAD, 2023-07-19T19:02:54.274, ubuntu22-c, mtd-zk-1, END
EXP-LOAD, 2023-07-19T19:02:55.386, ubuntu22-c, mtd-zk-1, 0.636732
EXP-LOAD, 2023-07-19T19:03:06.884, ubuntu22-c, mtd-zk-1, 0.686757
EXP-LOAD, 2023-07-19T19:03:14.005, ubuntu22-c, mtd-zk-1, 0.686757
EXP-LEAD, 2023-07-19T19:03:16.081, ubuntu22-c, mtd-zk-1, START
EXP-LEAD, 2023-07-19T19:03:23.802, ubuntu22-c, mtd-zk-1, END
EXP-LOAD, 2023-07-19T19:03:24.852, ubuntu22-c, mtd-zk-1, 0.590203
EXP-LOAD, 2023-07-19T19:03:33.301, ubuntu22-c, mtd-zk-1, 0.590203
EXP-LEAD, 2023-07-19T19:03:33.338, ubuntu22-c, mtd-zk-1, START
EXP-LEAD, 2023-07-19T19:03:41.016, ubuntu22-c, mtd-zk-1, END
EXP-LOAD, 2023-07-19T19:03:42.159, ubuntu22-c, mtd-zk-1, 0.661207
EXP-LOAD, 2023-07-19T19:03:50.573, ubuntu22-c, mtd-zk-1, 0.668049
EXP-LOAD, 2023-07-19T19:04:00.749, ubuntu22-c, mtd-zk-1, 0.668049
EXP-LOAD, 2023-07-19T19:04:07.845, ubuntu22-c, mtd-zk-1, 0.681315
EXP-LOAD, 2023-07-19T19:04:17.004, ubuntu22-c, mtd-zk-1, 0.681315
EXP-LOAD, 2023-07-19T19:04:26.126, ubuntu22-c, mtd-zk-1, 0.694611
EXP-LOAD, 2023-07-19T19:04:33.324, ubuntu22-c, mtd-zk-1, 0.694611
EXP-LEAD, 2023-07-19T19:04:35.344, ubuntu22-c, mtd-zk-1, START
EXP-LEAD, 2023-07-19T19:04:44.222, ubuntu22-c, mtd-zk-1, END
EXP-LOAD, 2023-07-19T19:04:45.338, ubuntu22-c, mtd-zk-1, 0.644673
EXP-LEAD, 2023-07-19T19:04:47.447, ubuntu22-c, mtd-zk-1, START
EXP-LEAD, 2023-07-19T19:04:53.121, ubuntu22-c, mtd-zk-1, END
EXP-LOAD, 2023-07-19T19:04:54.215, ubuntu22-c, mtd-zk-1, 0.643208
EXP-LOAD, 2023-07-19T19:05:05.638, ubuntu22-c, mtd-zk-1, 0.652915
EXP-LOAD, 2023-07-19T19:05:13.749, ubuntu22-c, mtd-zk-1, 0.652915
EXP-LOAD, 2023-07-19T19:05:21.851, ubuntu22-c, mtd-zk-1, 0.707623
EXP-LOAD, 2023-07-19T19:05:31.572, ubuntu22-c, mtd-zk-1, 0.707623
EXP-LEAD, 2023-07-19T19:05:32.618, ubuntu22-c, mtd-zk-1, START
EXP-LEAD, 2023-07-19T19:05:38.444, ubuntu22-c, mtd-zk-1, END
EXP-LOAD, 2023-07-19T19:05:39.523, ubuntu22-c, mtd-zk-1, 0.680007
EXP-LEAD, 2023-07-19T19:05:39.559, ubuntu22-c, mtd-zk-1, START
EXP-LEAD, 2023-07-19T19:05:44.040, ubuntu22-c, mtd-zk-1, END
EXP-LOAD, 2023-07-19T19:05:45.118, ubuntu22-c, mtd-zk-1, 0.680007
EXP-LEAD, 2023-07-19T19:05:47.664, ubuntu22-c, mtd-zk-1, START
EXP-LEAD, 2023-07-19T19:05:53.242, ubuntu22-c, mtd-zk-1, END
EXP-LOAD, 2023-07-19T19:05:54.300, ubuntu22-c, mtd-zk-1, 0.673024
EXP-LEAD, 2023-07-19T19:05:55.779, ubuntu22-c, mtd-zk-1, START
EXP-LEAD, 2023-07-19T19:06:01.305, ubuntu22-c, mtd-zk-1, END
EXP-LOAD, 2023-07-19T19:06:02.401, ubuntu22-c, mtd-zk-1, 0.673024
EXP-LOAD, 2023-07-19T19:06:09.993, ubuntu22-c, mtd-zk-1, 0.715345
EXP-LEAD, 2023-07-19T19:06:12.017, ubuntu22-c, mtd-zk-1, START
EXP-LEAD, 2023-07-19T19:06:17.521, ubuntu22-c, mtd-zk-1, END
EXP-LOAD, 2023-07-19T19:06:18.571, ubuntu22-c, mtd-zk-1, 0.715345
EXP-LOAD, 2023-07-19T19:06:26.241, ubuntu22-c, mtd-zk-1, 0.709011
EXP-LEAD, 2023-07-19T19:06:27.238, ubuntu22-c, mtd-zk-1, START
EXP-LEAD, 2023-07-19T19:06:34.905, ubuntu22-c, mtd-zk-1, END
EXP-LOAD, 2023-07-19T19:06:35.946, ubuntu22-c, mtd-zk-1, 0.680922
EXP-LEAD, 2023-07-19T19:06:37.356, ubuntu22-c, mtd-zk-1, START
EXP-LEAD, 2023-07-19T19:06:42.907, ubuntu22-c, mtd-zk-1, END
EXP-LOAD, 2023-07-19T19:06:43.999, ubuntu22-c, mtd-zk-1, 0.680922
EXP-LEAD, 2023-07-19T19:06:45.061, ubuntu22-c, mtd-zk-1, START
EXP-LEAD, 2023-07-19T19:06:50.669, ubuntu22-c, mtd-zk-1, END
EXP-LOAD, 2023-07-19T19:06:51.761, ubuntu22-c, mtd-zk-1, 0.734828
EXP-LOAD, 2023-07-19T19:07:01.232, ubuntu22-c, mtd-zk-1, 0.734828
EXP-LOAD, 2023-07-19T19:07:09.317, ubuntu22-c, mtd-zk-1, 0.677722
EXP-LOAD, 2023-07-19T19:07:18.461, ubuntu22-c, mtd-zk-1, 0.677722
EXP-LOAD, 2023-07-19T19:07:25.570, ubuntu22-c, mtd-zk-1, 0.686818
EXP-LEAD, 2023-07-19T19:07:26.620, ubuntu22-c, mtd-zk-1, START
EXP-LEAD, 2023-07-19T19:07:32.374, ubuntu22-c, mtd-zk-1, END
EXP-LOAD, 2023-07-19T19:07:33.464, ubuntu22-c, mtd-zk-1, 0.686818
EXP-LOAD, 2023-07-19T19:07:39.560, ubuntu22-c, mtd-zk-1, 0.624810
EXP-LOAD, 2023-07-19T19:07:50.678, ubuntu22-c, mtd-zk-1, 0.663167
EXP-LOAD, 2023-07-19T19:07:58.777, ubuntu22-c, mtd-zk-1, 0.663167
EXP-LOAD, 2023-07-19T19:08:05.897, ubuntu22-c, mtd-zk-1, 0.653413
EXP-LOAD, 2023-07-19T19:08:13.007, ubuntu22-c, mtd-zk-1, 0.653413
EXP-LOAD, 2023-07-19T19:08:23.111, ubuntu22-c, mtd-zk-1, 0.681230
EXP-LOAD, 2023-07-19T19:08:31.928, ubuntu22-c, mtd-zk-1, 0.681230
EXP-LEAD, 2023-07-19T19:08:33.980, ubuntu22-c, mtd-zk-1, START
EXP-LEAD, 2023-07-19T19:08:40.680, ubuntu22-c, mtd-zk-1, END
EXP-LOAD, 2023-07-19T19:08:41.761, ubuntu22-c, mtd-zk-1, 0.630811
EXP-LOAD, 2023-07-19T19:08:48.875, ubuntu22-c, mtd-zk-1, 0.630811
EXP-LEAD, 2023-07-19T19:08:50.920, ubuntu22-c, mtd-zk-1, START
EXP-LEAD, 2023-07-19T19:08:56.611, ubuntu22-c, mtd-zk-1, END
EXP-LOAD, 2023-07-19T19:08:57.684, ubuntu22-c, mtd-zk-1, 0.640309
EXP-LOAD, 2023-07-19T19:09:09.141, ubuntu22-c, mtd-zk-1, 0.712442
EXP-LOAD, 2023-07-19T19:09:15.297, ubuntu22-c, mtd-zk-1, 0.712442
EXP-LEAD, 2023-07-19T19:09:17.293, ubuntu22-c, mtd-zk-1, START
EXP-LEAD, 2023-07-19T19:09:22.862, ubuntu22-c, mtd-zk-1, END
EXP-LOAD, 2023-07-19T19:09:23.924, ubuntu22-c, mtd-zk-1, 0.618719
EXP-LOAD, 2023-07-19T19:09:30.502, ubuntu22-c, mtd-zk-1, 0.618719
EXP-LOAD, 2023-07-19T19:09:37.644, ubuntu22-c, mtd-zk-1, 0.743608
EXP-LEAD, 2023-07-19T19:09:39.637, ubuntu22-c, mtd-zk-1, START
EXP-LEAD, 2023-07-19T19:09:48.284, ubuntu22-c, mtd-zk-1, END
EXP-LOAD, 2023-07-19T19:09:49.369, ubuntu22-c, mtd-zk-1, 0.690345
EXP-LOAD, 2023-07-19T19:09:56.549, ubuntu22-c, mtd-zk-1, 0.690345
EXP-LEAD, 2023-07-19T19:09:58.524, ubuntu22-c, mtd-zk-1, START
EXP-LEAD, 2023-07-19T19:10:04.168, ubuntu22-c, mtd-zk-1, END
EXP-LOAD, 2023-07-19T19:10:05.253, ubuntu22-c, mtd-zk-1, 0.692805
EXP-LEAD, 2023-07-19T19:10:06.630, ubuntu22-c, mtd-zk-1, START
EXP-LEAD, 2023-07-19T19:10:19.522, ubuntu22-c, mtd-zk-1, END
EXP-LOAD, 2023-07-19T19:10:20.603, ubuntu22-c, mtd-zk-1, 0.631544
EXP-LOAD, 2023-07-19T19:10:27.796, ubuntu22-c, mtd-zk-1, 0.631544
EXP-LEAD, 2023-07-19T19:10:27.833, ubuntu22-c, mtd-zk-1, START
EXP-LEAD, 2023-07-19T19:10:38.659, ubuntu22-c, mtd-zk-1, END
EXP-LOAD, 2023-07-19T19:10:39.794, ubuntu22-c, mtd-zk-1, 0.632031
EXP-LEAD, 2023-07-19T19:10:41.027, ubuntu22-c, mtd-zk-1, START
EXP-LEAD, 2023-07-19T19:10:45.819, ubuntu22-c, mtd-zk-1, END
EXP-LOAD, 2023-07-19T19:10:46.900, ubuntu22-c, mtd-zk-1, 0.632031
EXP-LEAD, 2023-07-19T19:10:47.940, ubuntu22-c, mtd-zk-1, START
EXP-LEAD, 2023-07-19T19:10:52.476, ubuntu22-c, mtd-zk-1, END
EXP-LOAD, 2023-07-19T19:10:53.686, ubuntu22-c, mtd-zk-1, 0.647613
EXP-LOAD, 2023-07-19T19:11:01.140, ubuntu22-c, mtd-zk-1, 0.647613
EXP-LEAD, 2023-07-19T19:11:03.124, ubuntu22-c, mtd-zk-1, START
EXP-LEAD, 2023-07-19T19:11:12.774, ubuntu22-c, mtd-zk-1, END
EXP-LOAD, 2023-07-19T19:11:13.849, ubuntu22-c, mtd-zk-1, 0.696607
EXP-LOAD, 2023-07-19T19:11:22.275, ubuntu22-c, mtd-zk-1, 0.678835
EXP-LOAD, 2023-07-19T19:11:33.383, ubuntu22-c, mtd-zk-1, 0.678835
EXP-LOAD, 2023-07-19T19:11:41.461, ubuntu22-c, mtd-zk-1, 0.684222
EXP-LOAD, 2023-07-19T19:11:53.040, ubuntu22-c, mtd-zk-1, 0.668238
EXP-LOAD, 2023-07-19T19:11:59.165, ubuntu22-c, mtd-zk-1, 0.668238
EXP-LOAD, 2023-07-19T19:12:10.296, ubuntu22-c, mtd-zk-1, 0.632807
EXP-LEAD, 2023-07-19T19:12:11.354, ubuntu22-c, mtd-zk-1, START
EXP-LEAD, 2023-07-19T19:12:15.873, ubuntu22-c, mtd-zk-1, END
EXP-LOAD, 2023-07-19T19:12:16.911, ubuntu22-c, mtd-zk-1, 0.632807
EXP-LOAD, 2023-07-19T19:12:27.520, ubuntu22-c, mtd-zk-1, 0.656328
EXP-LOAD, 2023-07-19T19:12:34.647, ubuntu22-c, mtd-zk-1, 0.607813
EXP-LOAD, 2023-07-19T19:12:45.815, ubuntu22-c, mtd-zk-1, 0.607813
EXP-LOAD, 2023-07-19T19:12:53.908, ubuntu22-c, mtd-zk-1, 0.678421
EXP-LEAD, 2023-07-19T19:12:55.963, ubuntu22-c, mtd-zk-1, START
EXP-LEAD, 2023-07-19T19:13:03.711, ubuntu22-c, mtd-zk-1, END
EXP-LOAD, 2023-07-19T19:13:04.793, ubuntu22-c, mtd-zk-1, 0.608211
EXP-LOAD, 2023-07-19T19:13:11.880, ubuntu22-c, mtd-zk-1, 0.608211
EXP-LEAD, 2023-07-19T19:13:13.398, ubuntu22-c, mtd-zk-1, START
EXP-LEAD, 2023-07-19T19:13:20.995, ubuntu22-c, mtd-zk-1, END
EXP-LOAD, 2023-07-19T19:13:22.053, ubuntu22-c, mtd-zk-1, 0.634208
EXP-LOAD, 2023-07-19T19:13:29.588, ubuntu22-c, mtd-zk-1, 0.634208
EXP-LOAD, 2023-07-19T19:13:40.808, ubuntu22-c, mtd-zk-1, 0.681423
EXP-LOAD, 2023-07-19T19:13:46.904, ubuntu22-c, mtd-zk-1, 0.681423
EXP-LOAD, 2023-07-19T19:13:57.445, ubuntu22-c, mtd-zk-1, 0.643323
EXP-LEAD, 2023-07-19T19:13:58.466, ubuntu22-c, mtd-zk-1, START
EXP-LEAD, 2023-07-19T19:14:03.018, ubuntu22-c, mtd-zk-1, END
EXP-LOAD, 2023-07-19T19:14:04.059, ubuntu22-c, mtd-zk-1, 0.621406
EXP-LOAD, 2023-07-19T19:14:12.680, ubuntu22-c, mtd-zk-1, 0.621406
EXP-LOAD, 2023-07-19T19:14:22.788, ubuntu22-c, mtd-zk-1, 0.660719
EXP-LOAD, 2023-07-19T19:14:29.946, ubuntu22-c, mtd-zk-1, 0.660719
EXP-LOAD, 2023-07-19T19:14:40.019, ubuntu22-c, mtd-zk-1, 0.661010
EXP-LOAD, 2023-07-19T19:14:48.770, ubuntu22-c, mtd-zk-1, 0.661010
EXP-LOAD, 2023-07-19T19:14:57.913, ubuntu22-c, mtd-zk-1, 0.636208
EXP-LEAD, 2023-07-19T19:14:59.539, ubuntu22-c, mtd-zk-1, START
EXP-LEAD, 2023-07-19T19:15:05.096, ubuntu22-c, mtd-zk-1, END
EXP-LOAD, 2023-07-19T19:15:06.209, ubuntu22-c, mtd-zk-1, 0.591025
EXP-LEAD, 2023-07-19T19:15:07.619, ubuntu22-c, mtd-zk-1, START
EXP-LEAD, 2023-07-19T19:15:13.379, ubuntu22-c, mtd-zk-1, END
EXP-LOAD, 2023-07-19T19:15:14.439, ubuntu22-c, mtd-zk-1, 0.591025
EXP-LEAD, 2023-07-19T19:15:15.719, ubuntu22-c, mtd-zk-1, START
EXP-LEAD, 2023-07-19T19:15:23.420, ubuntu22-c, mtd-zk-1, END
EXP-LOAD, 2023-07-19T19:15:24.496, ubuntu22-c, mtd-zk-1, 0.692008
EXP-LEAD, 2023-07-19T19:15:25.850, ubuntu22-c, mtd-zk-1, START
EXP-LEAD, 2023-07-19T19:15:31.431, ubuntu22-c, mtd-zk-1, END
EXP-LOAD, 2023-07-19T19:15:32.495, ubuntu22-c, mtd-zk-1, 0.692008
EXP-LOAD, 2023-07-19T19:15:42.055, ubuntu22-c, mtd-zk-1, 0.653805
EXP-LEAD, 2023-07-19T19:15:44.087, ubuntu22-c, mtd-zk-1, START
EXP-LEAD, 2023-07-19T19:15:49.531, ubuntu22-c, mtd-zk-1, END
EXP-LOAD, 2023-07-19T19:15:50.600, ubuntu22-c, mtd-zk-1, 0.675314
EXP-LOAD, 2023-07-19T19:16:01.250, ubuntu22-c, mtd-zk-1, 0.675314
EXP-LOAD, 2023-07-19T19:16:07.348, ubuntu22-c, mtd-zk-1, 0.625205
EXP-LEAD, 2023-07-19T19:16:08.423, ubuntu22-c, mtd-zk-1, START
EXP-LEAD, 2023-07-19T19:16:16.086, ubuntu22-c, mtd-zk-1, END
EXP-LOAD, 2023-07-19T19:16:17.206, ubuntu22-c, mtd-zk-1, 0.625205
EXP-LOAD, 2023-07-19T19:16:24.321, ubuntu22-c, mtd-zk-1, 0.654419
EXP-LOAD, 2023-07-19T19:16:32.465, ubuntu22-c, mtd-zk-1, 0.654419
EXP-LEAD, 2023-07-19T19:16:35.503, ubuntu22-c, mtd-zk-1, START
EXP-LEAD, 2023-07-19T19:16:45.207, ubuntu22-c, mtd-zk-1, END
EXP-LOAD, 2023-07-19T19:16:46.345, ubuntu22-c, mtd-zk-1, 0.580012
EXP-LOAD, 2023-07-19T19:16:53.457, ubuntu22-c, mtd-zk-1, 0.675921
EXP-LEAD, 2023-07-19T19:16:54.512, ubuntu22-c, mtd-zk-1, START
EXP-LEAD, 2023-07-19T19:16:58.937, ubuntu22-c, mtd-zk-1, END
EXP-LOAD, 2023-07-19T19:17:00.066, ubuntu22-c, mtd-zk-1, 0.675921
EXP-LOAD, 2023-07-19T19:17:09.680, ubuntu22-c, mtd-zk-1, 0.676436
EXP-LOAD, 2023-07-19T19:17:16.501, ubuntu22-c, mtd-zk-1, 0.676436
EXP-LOAD, 2023-07-19T19:17:25.288, ubuntu22-c, mtd-zk-1, 0.719008
EXP-LOAD, 2023-07-19T19:17:33.340, ubuntu22-c, mtd-zk-1, 0.719008
EXP-LOAD, 2023-07-19T19:17:40.434, ubuntu22-c, mtd-zk-1, 0.662806
EXP-LOAD, 2023-07-19T19:17:47.533, ubuntu22-c, mtd-zk-1, 0.662806
EXP-LEAD, 2023-07-19T19:17:49.584, ubuntu22-c, mtd-zk-1, START
EXP-LEAD, 2023-07-19T19:17:54.123, ubuntu22-c, mtd-zk-1, END
EXP-LOAD, 2023-07-19T19:17:55.232, ubuntu22-c, mtd-zk-1, 0.668311
EXP-LOAD, 2023-07-19T19:18:06.805, ubuntu22-c, mtd-zk-1, 0.717407
EXP-LEAD, 2023-07-19T19:18:07.908, ubuntu22-c, mtd-zk-1, START
EXP-LEAD, 2023-07-19T19:18:12.373, ubuntu22-c, mtd-zk-1, END
EXP-LOAD, 2023-07-19T19:18:13.422, ubuntu22-c, mtd-zk-1, 0.717407
EXP-LOAD, 2023-07-19T19:18:24.009, ubuntu22-c, mtd-zk-1, 0.641116
EXP-LOAD, 2023-07-19T19:18:32.080, ubuntu22-c, mtd-zk-1, 0.641116
EXP-LOAD, 2023-07-19T19:18:43.284, ubuntu22-c, mtd-zk-1, 0.702404
EXP-LOAD, 2023-07-19T19:18:51.296, ubuntu22-c, mtd-zk-1, 0.646708
EXP-LEAD, 2023-07-19T19:18:54.312, ubuntu22-c, mtd-zk-1, START
EXP-LEAD, 2023-07-19T19:18:59.958, ubuntu22-c, mtd-zk-1, END
EXP-LOAD, 2023-07-19T19:19:01.031, ubuntu22-c, mtd-zk-1, 0.646708
EXP-LOAD, 2023-07-19T19:19:12.544, ubuntu22-c, mtd-zk-1, 0.689413
EXP-LEAD, 2023-07-19T19:19:13.606, ubuntu22-c, mtd-zk-1, START
EXP-LEAD, 2023-07-19T19:19:21.451, ubuntu22-c, mtd-zk-1, END
EXP-LOAD, 2023-07-19T19:19:22.509, ubuntu22-c, mtd-zk-1, 0.624398
EXP-LOAD, 2023-07-19T19:19:33.792, ubuntu22-c, mtd-zk-1, 0.624398
EXP-LOAD, 2023-07-19T19:19:40.929, ubuntu22-c, mtd-zk-1, 0.614805
EXP-LOAD, 2023-07-19T19:19:49.044, ubuntu22-c, mtd-zk-1, 0.669429
EXP-LEAD, 2023-07-19T19:19:51.065, ubuntu22-c, mtd-zk-1, START
EXP-LEAD, 2023-07-19T19:19:56.552, ubuntu22-c, mtd-zk-1, END
EXP-LOAD, 2023-07-19T19:19:57.660, ubuntu22-c, mtd-zk-1, 0.669429
EXP-LEAD, 2023-07-19T19:19:59.172, ubuntu22-c, mtd-zk-1, START
EXP-LEAD, 2023-07-19T19:20:07.896, ubuntu22-c, mtd-zk-1, END
EXP-LOAD, 2023-07-19T19:20:08.948, ubuntu22-c, mtd-zk-1, 0.708008
EXP-LEAD, 2023-07-19T19:20:10.268, ubuntu22-c, mtd-zk-1, START
EXP-LEAD, 2023-07-19T19:20:14.876, ubuntu22-c, mtd-zk-1, END
EXP-LOAD, 2023-07-19T19:20:15.930, ubuntu22-c, mtd-zk-1, 0.708008
EXP-LOAD, 2023-07-19T19:20:24.475, ubuntu22-c, mtd-zk-1, 0.633110
EXP-LOAD, 2023-07-19T19:20:35.115, ubuntu22-c, mtd-zk-1, 0.689219
EXP-LEAD, 2023-07-19T19:20:35.206, ubuntu22-c, mtd-zk-1, START
EXP-LEAD, 2023-07-19T19:20:40.868, ubuntu22-c, mtd-zk-1, END
EXP-LOAD, 2023-07-19T19:20:41.994, ubuntu22-c, mtd-zk-1, 0.689219
EXP-LEAD, 2023-07-19T19:20:43.255, ubuntu22-c, mtd-zk-1, START
EXP-LEAD, 2023-07-19T19:20:48.751, ubuntu22-c, mtd-zk-1, END
EXP-LOAD, 2023-07-19T19:20:49.818, ubuntu22-c, mtd-zk-1, 0.652825
EXP-LOAD, 2023-07-19T19:20:56.938, ubuntu22-c, mtd-zk-1, 0.652825
EXP-LOAD, 2023-07-19T19:21:09.179, ubuntu22-c, mtd-zk-1, 0.769613
EXP-LOAD, 2023-07-19T19:21:16.343, ubuntu22-c, mtd-zk-1, 0.769613
EXP-LOAD, 2023-07-19T19:21:28.415, ubuntu22-c, mtd-zk-1, 0.681307
EXP-LOAD, 2023-07-19T19:21:36.521, ubuntu22-c, mtd-zk-1, 0.631430
EXP-LOAD, 2023-07-19T19:21:44.637, ubuntu22-c, mtd-zk-1, 0.631430
EXP-LOAD, 2023-07-19T19:21:56.870, ubuntu22-c, mtd-zk-1, 0.630370
EXP-LEAD, 2023-07-19T19:21:58.914, ubuntu22-c, mtd-zk-1, START
EXP-LEAD, 2023-07-19T19:22:04.507, ubuntu22-c, mtd-zk-1, END
EXP-LOAD, 2023-07-19T19:22:05.555, ubuntu22-c, mtd-zk-1, 0.612631
EXP-LOAD, 2023-07-19T19:22:13.131, ubuntu22-c, mtd-zk-1, 0.612631
EXP-LEAD, 2023-07-19T19:22:15.166, ubuntu22-c, mtd-zk-1, START
EXP-LEAD, 2023-07-19T19:22:20.688, ubuntu22-c, mtd-zk-1, END
EXP-LOAD, 2023-07-19T19:22:21.764, ubuntu22-c, mtd-zk-1, 0.717003
EXP-LOAD, 2023-07-19T19:22:30.372, ubuntu22-c, mtd-zk-1, 0.717003
EXP-LEAD, 2023-07-19T19:22:31.900, ubuntu22-c, mtd-zk-1, START
EXP-LEAD, 2023-07-19T19:22:37.532, ubuntu22-c, mtd-zk-1, END
EXP-LOAD, 2023-07-19T19:22:38.600, ubuntu22-c, mtd-zk-1, 0.681237
EXP-LOAD, 2023-07-19T19:22:47.062, ubuntu22-c, mtd-zk-1, 0.681237
EXP-LOAD, 2023-07-19T19:22:54.688, ubuntu22-c, mtd-zk-1, 0.724636
EXP-LOAD, 2023-07-19T19:23:05.827, ubuntu22-c, mtd-zk-1, 0.644812
EXP-LOAD, 2023-07-19T19:23:14.873, ubuntu22-c, mtd-zk-1, 0.644812
EXP-LOAD, 2023-07-19T19:23:27.028, ubuntu22-c, mtd-zk-1, 0.632807
EXP-LOAD, 2023-07-19T19:23:34.140, ubuntu22-c, mtd-zk-1, 0.618118
EXP-LOAD, 2023-07-19T19:23:43.294, ubuntu22-c, mtd-zk-1, 0.618118
EXP-LOAD, 2023-07-19T19:23:50.425, ubuntu22-c, mtd-zk-1, 0.669407
EXP-LOAD, 2023-07-19T19:24:00.095, ubuntu22-c, mtd-zk-1, 0.669407
EXP-LOAD, 2023-07-19T19:24:10.231, ubuntu22-c, mtd-zk-1, 0.691913
EXP-LOAD, 2023-07-19T19:24:18.297, ubuntu22-c, mtd-zk-1, 0.691913
EXP-LOAD, 2023-07-19T19:24:25.423, ubuntu22-c, mtd-zk-1, 0.589405
EXP-LOAD, 2023-07-19T19:24:32.667, ubuntu22-c, mtd-zk-1, 0.589405
EXP-LOAD, 2023-07-19T19:24:40.130, ubuntu22-c, mtd-zk-1, 0.705514
EXP-LOAD, 2023-07-19T19:24:47.224, ubuntu22-c, mtd-zk-1, 0.705514
EXP-LOAD, 2023-07-19T19:24:55.347, ubuntu22-c, mtd-zk-1, 0.633094
EXP-LEAD, 2023-07-19T19:24:57.401, ubuntu22-c, mtd-zk-1, START
EXP-LEAD, 2023-07-19T19:25:06.121, ubuntu22-c, mtd-zk-1, END
EXP-LOAD, 2023-07-19T19:25:07.200, ubuntu22-c, mtd-zk-1, 0.682210
EXP-LEAD, 2023-07-19T19:25:08.519, ubuntu22-c, mtd-zk-1, START
EXP-LEAD, 2023-07-19T19:25:13.161, ubuntu22-c, mtd-zk-1, END
EXP-LOAD, 2023-07-19T19:25:14.206, ubuntu22-c, mtd-zk-1, 0.682210
EXP-LEAD, 2023-07-19T19:25:14.603, ubuntu22-c, mtd-zk-1, START
EXP-LEAD, 2023-07-19T19:25:20.280, ubuntu22-c, mtd-zk-1, END
EXP-LOAD, 2023-07-19T19:25:21.356, ubuntu22-c, mtd-zk-1, 0.675008
EXP-LOAD, 2023-07-19T19:25:28.805, ubuntu22-c, mtd-zk-1, 0.675008
EXP-LOAD, 2023-07-19T19:25:35.933, ubuntu22-c, mtd-zk-1, 0.734409
EXP-LEAD, 2023-07-19T19:25:37.079, ubuntu22-c, mtd-zk-1, START
EXP-LEAD, 2023-07-19T19:25:44.622, ubuntu22-c, mtd-zk-1, END
EXP-LOAD, 2023-07-19T19:25:45.665, ubuntu22-c, mtd-zk-1, 0.734409
EXP-LOAD, 2023-07-19T19:25:53.263, ubuntu22-c, mtd-zk-1, 0.658221
EXP-LEAD, 2023-07-19T19:25:55.440, ubuntu22-c, mtd-zk-1, START
EXP-LEAD, 2023-07-19T19:26:02.980, ubuntu22-c, mtd-zk-1, END
EXP-LOAD, 2023-07-19T19:26:04.081, ubuntu22-c, mtd-zk-1, 0.667225
EXP-LOAD, 2023-07-19T19:26:11.580, ubuntu22-c, mtd-zk-1, 0.667225
EXP-LOAD, 2023-07-19T19:26:19.672, ubuntu22-c, mtd-zk-1, 0.714212
EXP-LOAD, 2023-07-19T19:26:28.835, ubuntu22-c, mtd-zk-1, 0.714212
EXP-LOAD, 2023-07-19T19:26:37.944, ubuntu22-c, mtd-zk-1, 0.721234
EXP-LOAD, 2023-07-19T19:26:45.606, ubuntu22-c, mtd-zk-1, 0.721234
EXP-LEAD, 2023-07-19T19:26:47.624, ubuntu22-c, mtd-zk-1, START
EXP-LEAD, 2023-07-19T19:26:53.183, ubuntu22-c, mtd-zk-1, END
EXP-LOAD, 2023-07-19T19:26:54.245, ubuntu22-c, mtd-zk-1, 0.633404
EXP-LOAD, 2023-07-19T19:27:03.822, ubuntu22-c, mtd-zk-1, 0.633404
EXP-LOAD, 2023-07-19T19:27:11.920, ubuntu22-c, mtd-zk-1, 0.630771
EXP-LEAD, 2023-07-19T19:27:13.939, ubuntu22-c, mtd-zk-1, START
EXP-LEAD, 2023-07-19T19:27:22.607, ubuntu22-c, mtd-zk-1, END
EXP-LOAD, 2023-07-19T19:27:23.689, ubuntu22-c, mtd-zk-1, 0.719804
EXP-LEAD, 2023-07-19T19:27:24.730, ubuntu22-c, mtd-zk-1, START
EXP-LEAD, 2023-07-19T19:27:30.321, ubuntu22-c, mtd-zk-1, END
EXP-LOAD, 2023-07-19T19:27:31.376, ubuntu22-c, mtd-zk-1, 0.719804
EXP-LOAD, 2023-07-19T19:27:38.534, ubuntu22-c, mtd-zk-1, 0.662524
EXP-LOAD, 2023-07-19T19:27:45.596, ubuntu22-c, mtd-zk-1, 0.662524
EXP-LOAD, 2023-07-19T19:27:53.697, ubuntu22-c, mtd-zk-1, 0.714605
EXP-LEAD, 2023-07-19T19:27:55.786, ubuntu22-c, mtd-zk-1, START
EXP-LEAD, 2023-07-19T19:28:00.317, ubuntu22-c, mtd-zk-1, END
EXP-LOAD, 2023-07-19T19:28:01.415, ubuntu22-c, mtd-zk-1, 0.714605
EXP-LOAD, 2023-07-19T19:28:09.933, ubuntu22-c, mtd-zk-1, 0.728526
EXP-LEAD, 2023-07-19T19:28:10.957, ubuntu22-c, mtd-zk-1, START
EXP-LEAD, 2023-07-19T19:28:16.482, ubuntu22-c, mtd-zk-1, END
EXP-LOAD, 2023-07-19T19:28:17.582, ubuntu22-c, mtd-zk-1, 0.728526
EXP-LOAD, 2023-07-19T19:28:25.162, ubuntu22-c, mtd-zk-1, 0.661009
EXP-LOAD, 2023-07-19T19:28:36.205, ubuntu22-c, mtd-zk-1, 0.693509
EXP-LEAD, 2023-07-19T19:28:38.251, ubuntu22-c, mtd-zk-1, START
EXP-LEAD, 2023-07-19T19:28:43.847, ubuntu22-c, mtd-zk-1, END
EXP-LOAD, 2023-07-19T19:28:44.923, ubuntu22-c, mtd-zk-1, 0.693509
EXP-LOAD, 2023-07-19T19:28:51.467, ubuntu22-c, mtd-zk-1, 0.707811
EXP-LOAD, 2023-07-19T19:28:59.536, ubuntu22-c, mtd-zk-1, 0.707811
EXP-LOAD, 2023-07-19T19:29:10.708, ubuntu22-c, mtd-zk-1, 0.658778
EXP-LOAD, 2023-07-19T19:29:17.897, ubuntu22-c, mtd-zk-1, 0.658778
EXP-LOAD, 2023-07-19T19:29:26.095, ubuntu22-c, mtd-zk-1, 0.651206
EXP-LOAD, 2023-07-19T19:29:34.125, ubuntu22-c, mtd-zk-1, 0.730510
EXP-LOAD, 2023-07-19T19:29:43.340, ubuntu22-c, mtd-zk-1, 0.730510
EXP-LEAD, 2023-07-19T19:29:44.310, ubuntu22-c, mtd-zk-1, START
EXP-LEAD, 2023-07-19T19:29:49.847, ubuntu22-c, mtd-zk-1, END
EXP-LOAD, 2023-07-19T19:29:50.906, ubuntu22-c, mtd-zk-1, 0.642822
EXP-LOAD, 2023-07-19T19:29:59.530, ubuntu22-c, mtd-zk-1, 0.642822
EXP-LOAD, 2023-07-19T19:30:10.650, ubuntu22-c, mtd-zk-1, 0.696911
