EXP-LOAD, 2023-07-17T19:39:05.185, ubuntu22-c, mtd-zk-0, 0.084044
EXP-LEAD, 2023-07-17T19:39:06.577, ubuntu22-c, mtd-zk-0, START
EXP-LEAD, 2023-07-17T19:39:12.287, ubuntu22-c, mtd-zk-0, END
EXP-LOAD, 2023-07-17T19:39:13.401, ubuntu22-c, mtd-zk-0, 0.084044
EXP-LOAD, 2023-07-17T19:39:21.902, ubuntu22-c, mtd-zk-0, 0.275229
EXP-LOAD, 2023-07-17T19:39:33.094, ubuntu22-c, mtd-zk-0, 0.275229
EXP-LOAD, 2023-07-17T19:39:40.313, ubuntu22-c, mtd-zk-0, 0.133454
EXP-LOAD, 2023-07-17T19:39:47.490, ubuntu22-c, mtd-zk-0, 0.133454
EXP-LOAD, 2023-07-17T19:39:55.508, ubuntu22-c, mtd-zk-0, 0.228131
EXP-LOAD, 2023-07-17T19:40:02.363, ubuntu22-c, mtd-zk-0, 0.228131
EXP-LOAD, 2023-07-17T19:40:10.538, ubuntu22-c, mtd-zk-0, 0.351405
EXP-LOAD, 2023-07-17T19:40:19.652, ubuntu22-c, mtd-zk-0, 0.236212
EXP-LEAD, 2023-07-17T19:40:20.677, ubuntu22-c, mtd-zk-0, START
EXP-LEAD, 2023-07-17T19:40:25.848, ubuntu22-c, mtd-zk-0, END
EXP-LOAD, 2023-07-17T19:40:26.909, ubuntu22-c, mtd-zk-0, 0.236212
EXP-LOAD, 2023-07-17T19:40:33.060, ubuntu22-c, mtd-zk-0, 0.236212
EXP-LEAD, 2023-07-17T19:40:34.675, ubuntu22-c, mtd-zk-0, START
EXP-LEAD, 2023-07-17T19:40:42.419, ubuntu22-c, mtd-zk-0, END
EXP-LOAD, 2023-07-17T19:40:43.487, ubuntu22-c, mtd-zk-0, 0.307209
EXP-LEAD, 2023-07-17T19:40:45.830, ubuntu22-c, mtd-zk-0, START
EXP-LEAD, 2023-07-17T19:40:51.399, ubuntu22-c, mtd-zk-0, END
EXP-LOAD, 2023-07-17T19:40:52.459, ubuntu22-c, mtd-zk-0, 0.244630
EXP-LOAD, 2023-07-17T19:40:59.078, ubuntu22-c, mtd-zk-0, 0.244630
EXP-LEAD, 2023-07-17T19:41:01.052, ubuntu22-c, mtd-zk-0, START
EXP-LEAD, 2023-07-17T19:41:07.588, ubuntu22-c, mtd-zk-0, END
EXP-LOAD, 2023-07-17T19:41:08.648, ubuntu22-c, mtd-zk-0, 0.256860
EXP-LOAD, 2023-07-17T19:41:17.248, ubuntu22-c, mtd-zk-0, 0.256860
EXP-LOAD, 2023-07-17T19:41:26.401, ubuntu22-c, mtd-zk-0, 0.206910
EXP-LEAD, 2023-07-17T19:41:27.401, ubuntu22-c, mtd-zk-0, START
EXP-LEAD, 2023-07-17T19:41:34.122, ubuntu22-c, mtd-zk-0, END
EXP-LOAD, 2023-07-17T19:41:35.180, ubuntu22-c, mtd-zk-0, 0.224425
EXP-LOAD, 2023-07-17T19:41:41.623, ubuntu22-c, mtd-zk-0, 0.224425
EXP-LOAD, 2023-07-17T19:41:50.688, ubuntu22-c, mtd-zk-0, 0.188422
EXP-LOAD, 2023-07-17T19:41:58.349, ubuntu22-c, mtd-zk-0, 0.188422
EXP-LOAD, 2023-07-17T19:42:07.012, ubuntu22-c, mtd-zk-0, 0.281009
EXP-LOAD, 2023-07-17T19:42:17.081, ubuntu22-c, mtd-zk-0, 0.281009
EXP-LEAD, 2023-07-17T19:42:18.110, ubuntu22-c, mtd-zk-0, START
EXP-LEAD, 2023-07-17T19:42:25.785, ubuntu22-c, mtd-zk-0, END
EXP-LOAD, 2023-07-17T19:42:26.837, ubuntu22-c, mtd-zk-0, 0.183022
EXP-LEAD, 2023-07-17T19:42:28.206, ubuntu22-c, mtd-zk-0, START
EXP-LEAD, 2023-07-17T19:42:33.814, ubuntu22-c, mtd-zk-0, END
EXP-LOAD, 2023-07-17T19:42:34.877, ubuntu22-c, mtd-zk-0, 0.122228
EXP-LOAD, 2023-07-17T19:42:43.363, ubuntu22-c, mtd-zk-0, 0.122228
EXP-LOAD, 2023-07-17T19:42:52.483, ubuntu22-c, mtd-zk-0, 0.201776
EXP-LEAD, 2023-07-17T19:42:54.247, ubuntu22-c, mtd-zk-0, START
EXP-LEAD, 2023-07-17T19:42:59.764, ubuntu22-c, mtd-zk-0, END
EXP-LOAD, 2023-07-17T19:43:00.807, ubuntu22-c, mtd-zk-0, 0.201776
EXP-LOAD, 2023-07-17T19:43:09.392, ubuntu22-c, mtd-zk-0, 0.278250
EXP-LOAD, 2023-07-17T19:43:18.494, ubuntu22-c, mtd-zk-0, 0.278250
EXP-LOAD, 2023-07-17T19:43:27.644, ubuntu22-c, mtd-zk-0, 0.150630
EXP-LOAD, 2023-07-17T19:43:33.754, ubuntu22-c, mtd-zk-0, 0.150630
EXP-LEAD, 2023-07-17T19:43:34.790, ubuntu22-c, mtd-zk-0, START
EXP-LEAD, 2023-07-17T19:43:40.414, ubuntu22-c, mtd-zk-0, END
EXP-LOAD, 2023-07-17T19:43:41.462, ubuntu22-c, mtd-zk-0, 0.113413
EXP-LEAD, 2023-07-17T19:43:42.503, ubuntu22-c, mtd-zk-0, START
EXP-LEAD, 2023-07-17T19:43:49.098, ubuntu22-c, mtd-zk-0, END
EXP-LOAD, 2023-07-17T19:43:50.181, ubuntu22-c, mtd-zk-0, 0.215956
EXP-LOAD, 2023-07-17T19:43:57.779, ubuntu22-c, mtd-zk-0, 0.215956
EXP-LOAD, 2023-07-17T19:44:04.914, ubuntu22-c, mtd-zk-0, 0.294230
EXP-LEAD, 2023-07-17T19:44:06.943, ubuntu22-c, mtd-zk-0, START
EXP-LEAD, 2023-07-17T19:44:12.542, ubuntu22-c, mtd-zk-0, END
EXP-LOAD, 2023-07-17T19:44:13.603, ubuntu22-c, mtd-zk-0, 0.294230
EXP-LOAD, 2023-07-17T19:44:23.088, ubuntu22-c, mtd-zk-0, 0.195528
EXP-LEAD, 2023-07-17T19:44:26.109, ubuntu22-c, mtd-zk-0, START
EXP-LEAD, 2023-07-17T19:44:30.824, ubuntu22-c, mtd-zk-0, END
EXP-LOAD, 2023-07-17T19:44:31.889, ubuntu22-c, mtd-zk-0, 0.195528
EXP-LOAD, 2023-07-17T19:44:41.007, ubuntu22-c, mtd-zk-0, 0.260885
EXP-LOAD, 2023-07-17T19:44:53.103, ubuntu22-c, mtd-zk-0, 0.126722
EXP-LOAD, 2023-07-17T19:45:00.215, ubuntu22-c, mtd-zk-0, 0.126722
EXP-LOAD, 2023-07-17T19:45:09.805, ubuntu22-c, mtd-zk-0, 0.215442
EXP-LOAD, 2023-07-17T19:45:17.873, ubuntu22-c, mtd-zk-0, 0.215442
EXP-LEAD, 2023-07-17T19:45:18.911, ubuntu22-c, mtd-zk-0, START
EXP-LEAD, 2023-07-17T19:45:25.570, ubuntu22-c, mtd-zk-0, END
EXP-LOAD, 2023-07-17T19:45:26.617, ubuntu22-c, mtd-zk-0, 0.127097
EXP-LOAD, 2023-07-17T19:45:36.060, ubuntu22-c, mtd-zk-0, 0.172225
EXP-LEAD, 2023-07-17T19:45:38.085, ubuntu22-c, mtd-zk-0, START
EXP-LEAD, 2023-07-17T19:45:44.693, ubuntu22-c, mtd-zk-0, END
EXP-LOAD, 2023-07-17T19:45:45.771, ubuntu22-c, mtd-zk-0, 0.172225
EXP-LOAD, 2023-07-17T19:45:53.235, ubuntu22-c, mtd-zk-0, 0.169442
EXP-LEAD, 2023-07-17T19:45:54.298, ubuntu22-c, mtd-zk-0, START
EXP-LEAD, 2023-07-17T19:46:00.000, ubuntu22-c, mtd-zk-0, END
EXP-LOAD, 2023-07-17T19:46:01.076, ubuntu22-c, mtd-zk-0, 0.169442
EXP-LEAD, 2023-07-17T19:46:02.385, ubuntu22-c, mtd-zk-0, START
EXP-LEAD, 2023-07-17T19:46:09.946, ubuntu22-c, mtd-zk-0, END
EXP-LOAD, 2023-07-17T19:46:10.995, ubuntu22-c, mtd-zk-0, 0.195614
EXP-LEAD, 2023-07-17T19:46:12.480, ubuntu22-c, mtd-zk-0, START
EXP-LEAD, 2023-07-17T19:46:17.961, ubuntu22-c, mtd-zk-0, END
EXP-LOAD, 2023-07-17T19:46:19.030, ubuntu22-c, mtd-zk-0, 0.195614
EXP-LOAD, 2023-07-17T19:46:25.688, ubuntu22-c, mtd-zk-0, 0.155212
EXP-LOAD, 2023-07-17T19:46:33.202, ubuntu22-c, mtd-zk-0, 0.155212
EXP-LOAD, 2023-07-17T19:46:43.308, ubuntu22-c, mtd-zk-0, 0.255461
EXP-LEAD, 2023-07-17T19:46:44.802, ubuntu22-c, mtd-zk-0, START
EXP-LEAD, 2023-07-17T19:46:49.298, ubuntu22-c, mtd-zk-0, END
EXP-LOAD, 2023-07-17T19:46:50.350, ubuntu22-c, mtd-zk-0, 0.214834
EXP-LOAD, 2023-07-17T19:47:00.182, ubuntu22-c, mtd-zk-0, 0.214834
EXP-LOAD, 2023-07-17T19:47:06.787, ubuntu22-c, mtd-zk-0, 0.163128
EXP-LEAD, 2023-07-17T19:47:07.822, ubuntu22-c, mtd-zk-0, START
EXP-LEAD, 2023-07-17T19:47:13.363, ubuntu22-c, mtd-zk-0, END
EXP-LOAD, 2023-07-17T19:47:14.414, ubuntu22-c, mtd-zk-0, 0.163128
EXP-LOAD, 2023-07-17T19:47:24.533, ubuntu22-c, mtd-zk-0, 0.239619
EXP-LEAD, 2023-07-17T19:47:26.569, ubuntu22-c, mtd-zk-0, START
EXP-LEAD, 2023-07-17T19:47:32.069, ubuntu22-c, mtd-zk-0, END
EXP-LOAD, 2023-07-17T19:47:33.105, ubuntu22-c, mtd-zk-0, 0.239619
EXP-LOAD, 2023-07-17T19:47:44.722, ubuntu22-c, mtd-zk-0, 0.177426
EXP-LOAD, 2023-07-17T19:47:50.832, ubuntu22-c, mtd-zk-0, 0.117856
EXP-LOAD, 2023-07-17T19:48:00.391, ubuntu22-c, mtd-zk-0, 0.117856
EXP-LEAD, 2023-07-17T19:48:01.430, ubuntu22-c, mtd-zk-0, START
EXP-LEAD, 2023-07-17T19:48:05.947, ubuntu22-c, mtd-zk-0, END
EXP-LOAD, 2023-07-17T19:48:06.991, ubuntu22-c, mtd-zk-0, 0.172853
EXP-LEAD, 2023-07-17T19:48:08.050, ubuntu22-c, mtd-zk-0, START
EXP-LEAD, 2023-07-17T19:48:12.549, ubuntu22-c, mtd-zk-0, END
EXP-LOAD, 2023-07-17T19:48:13.595, ubuntu22-c, mtd-zk-0, 0.172853
EXP-LOAD, 2023-07-17T19:48:25.160, ubuntu22-c, mtd-zk-0, 0.269448
EXP-LOAD, 2023-07-17T19:48:31.241, ubuntu22-c, mtd-zk-0, 0.269448
EXP-LOAD, 2023-07-17T19:48:43.375, ubuntu22-c, mtd-zk-0, 0.139607
EXP-LEAD, 2023-07-17T19:48:45.398, ubuntu22-c, mtd-zk-0, START
EXP-LEAD, 2023-07-17T19:48:49.948, ubuntu22-c, mtd-zk-0, END
EXP-LOAD, 2023-07-17T19:48:50.994, ubuntu22-c, mtd-zk-0, 0.141821
EXP-LEAD, 2023-07-17T19:48:52.454, ubuntu22-c, mtd-zk-0, START
EXP-LEAD, 2023-07-17T19:49:00.008, ubuntu22-c, mtd-zk-0, END
EXP-LOAD, 2023-07-17T19:49:01.086, ubuntu22-c, mtd-zk-0, 0.141821
EXP-LOAD, 2023-07-17T19:49:07.614, ubuntu22-c, mtd-zk-0, 0.176030
EXP-LOAD, 2023-07-17T19:49:17.693, ubuntu22-c, mtd-zk-0, 0.176030
EXP-LOAD, 2023-07-17T19:49:25.788, ubuntu22-c, mtd-zk-0, 0.296386
EXP-LOAD, 2023-07-17T19:49:31.551, ubuntu22-c, mtd-zk-0, 0.296386
EXP-LOAD, 2023-07-17T19:49:38.646, ubuntu22-c, mtd-zk-0, 0.136714
EXP-LOAD, 2023-07-17T19:49:50.756, ubuntu22-c, mtd-zk-0, 0.279475
EXP-LOAD, 2023-07-17T19:49:58.817, ubuntu22-c, mtd-zk-0, 0.279475
EXP-LOAD, 2023-07-17T19:50:05.017, ubuntu22-c, mtd-zk-0, 0.132518
EXP-LOAD, 2023-07-17T19:50:12.607, ubuntu22-c, mtd-zk-0, 0.132518
EXP-LEAD, 2023-07-17T19:50:14.637, ubuntu22-c, mtd-zk-0, START
EXP-LEAD, 2023-07-17T19:50:19.356, ubuntu22-c, mtd-zk-0, END
EXP-LOAD, 2023-07-17T19:50:20.412, ubuntu22-c, mtd-zk-0, 0.259424
EXP-LOAD, 2023-07-17T19:50:29.834, ubuntu22-c, mtd-zk-0, 0.259424
EXP-LOAD, 2023-07-17T19:50:36.994, ubuntu22-c, mtd-zk-0, 0.224835
EXP-LOAD, 2023-07-17T19:50:44.447, ubuntu22-c, mtd-zk-0, 0.224835
EXP-LOAD, 2023-07-17T19:50:50.593, ubuntu22-c, mtd-zk-0, 0.192017
EXP-LEAD, 2023-07-17T19:50:52.620, ubuntu22-c, mtd-zk-0, START
EXP-LEAD, 2023-07-17T19:50:57.069, ubuntu22-c, mtd-zk-0, END
EXP-LOAD, 2023-07-17T19:50:58.154, ubuntu22-c, mtd-zk-0, 0.192017
EXP-LOAD, 2023-07-17T19:51:05.825, ubuntu22-c, mtd-zk-0, 0.219695
EXP-LOAD, 2023-07-17T19:51:16.906, ubuntu22-c, mtd-zk-0, 0.219695
EXP-LOAD, 2023-07-17T19:51:23.994, ubuntu22-c, mtd-zk-0, 0.236209
EXP-LOAD, 2023-07-17T19:51:31.094, ubuntu22-c, mtd-zk-0, 0.236209
EXP-LEAD, 2023-07-17T19:51:33.581, ubuntu22-c, mtd-zk-0, START
EXP-LEAD, 2023-07-17T19:51:38.036, ubuntu22-c, mtd-zk-0, END
EXP-LOAD, 2023-07-17T19:51:39.143, ubuntu22-c, mtd-zk-0, 0.166937
EXP-LEAD, 2023-07-17T19:51:40.661, ubuntu22-c, mtd-zk-0, START
EXP-LEAD, 2023-07-17T19:51:46.137, ubuntu22-c, mtd-zk-0, END
EXP-LOAD, 2023-07-17T19:51:47.299, ubuntu22-c, mtd-zk-0, 0.166937
EXP-LOAD, 2023-07-17T19:51:53.837, ubuntu22-c, mtd-zk-0, 0.273844
EXP-LEAD, 2023-07-17T19:51:55.860, ubuntu22-c, mtd-zk-0, START
EXP-LEAD, 2023-07-17T19:52:02.391, ubuntu22-c, mtd-zk-0, END
EXP-LOAD, 2023-07-17T19:52:03.446, ubuntu22-c, mtd-zk-0, 0.273844
EXP-LOAD, 2023-07-17T19:52:11.035, ubuntu22-c, mtd-zk-0, 0.204706
EXP-LOAD, 2023-07-17T19:52:18.095, ubuntu22-c, mtd-zk-0, 0.204706
EXP-LEAD, 2023-07-17T19:52:18.602, ubuntu22-c, mtd-zk-0, START
EXP-LEAD, 2023-07-17T19:52:24.192, ubuntu22-c, mtd-zk-0, END
EXP-LOAD, 2023-07-17T19:52:25.251, ubuntu22-c, mtd-zk-0, 0.265832
EXP-LOAD, 2023-07-17T19:52:31.749, ubuntu22-c, mtd-zk-0, 0.265832
EXP-LEAD, 2023-07-17T19:52:33.242, ubuntu22-c, mtd-zk-0, START
EXP-LEAD, 2023-07-17T19:52:41.888, ubuntu22-c, mtd-zk-0, END
EXP-LOAD, 2023-07-17T19:52:42.940, ubuntu22-c, mtd-zk-0, 0.242321
EXP-LOAD, 2023-07-17T19:52:51.369, ubuntu22-c, mtd-zk-0, 0.182473
EXP-LEAD, 2023-07-17T19:52:53.414, ubuntu22-c, mtd-zk-0, START
EXP-LEAD, 2023-07-17T19:53:01.145, ubuntu22-c, mtd-zk-0, END
EXP-LOAD, 2023-07-17T19:53:02.216, ubuntu22-c, mtd-zk-0, 0.182473
EXP-LOAD, 2023-07-17T19:53:09.313, ubuntu22-c, mtd-zk-0, 0.174114
EXP-LOAD, 2023-07-17T19:53:19.400, ubuntu22-c, mtd-zk-0, 0.240249
EXP-LOAD, 2023-07-17T19:53:26.470, ubuntu22-c, mtd-zk-0, 0.240249
EXP-LOAD, 2023-07-17T19:53:35.603, ubuntu22-c, mtd-zk-0, 0.098713
EXP-LEAD, 2023-07-17T19:53:37.592, ubuntu22-c, mtd-zk-0, START
EXP-LEAD, 2023-07-17T19:53:42.063, ubuntu22-c, mtd-zk-0, END
EXP-LOAD, 2023-07-17T19:53:43.104, ubuntu22-c, mtd-zk-0, 0.098713
EXP-LOAD, 2023-07-17T19:53:54.715, ubuntu22-c, mtd-zk-0, 0.169834
EXP-LOAD, 2023-07-17T19:53:59.807, ubuntu22-c, mtd-zk-0, 0.169834
EXP-LEAD, 2023-07-17T19:54:01.834, ubuntu22-c, mtd-zk-0, START
EXP-LEAD, 2023-07-17T19:54:07.449, ubuntu22-c, mtd-zk-0, END
EXP-LOAD, 2023-07-17T19:54:08.501, ubuntu22-c, mtd-zk-0, 0.132044
EXP-LOAD, 2023-07-17T19:54:14.964, ubuntu22-c, mtd-zk-0, 0.132044
EXP-LOAD, 2023-07-17T19:54:26.046, ubuntu22-c, mtd-zk-0, 0.212840
EXP-LOAD, 2023-07-17T19:54:34.147, ubuntu22-c, mtd-zk-0, 0.202526
EXP-LEAD, 2023-07-17T19:54:36.197, ubuntu22-c, mtd-zk-0, START
EXP-LEAD, 2023-07-17T19:54:43.921, ubuntu22-c, mtd-zk-0, END
EXP-LOAD, 2023-07-17T19:54:45.031, ubuntu22-c, mtd-zk-0, 0.202526
EXP-LOAD, 2023-07-17T19:54:52.351, ubuntu22-c, mtd-zk-0, 0.167217
EXP-LEAD, 2023-07-17T19:54:53.919, ubuntu22-c, mtd-zk-0, START
EXP-LEAD, 2023-07-17T19:54:59.460, ubuntu22-c, mtd-zk-0, END
EXP-LOAD, 2023-07-17T19:55:00.509, ubuntu22-c, mtd-zk-0, 0.167217
EXP-LOAD, 2023-07-17T19:55:08.084, ubuntu22-c, mtd-zk-0, 0.213928
EXP-LEAD, 2023-07-17T19:55:11.108, ubuntu22-c, mtd-zk-0, START
EXP-LEAD, 2023-07-17T19:55:16.822, ubuntu22-c, mtd-zk-0, END
EXP-LOAD, 2023-07-17T19:55:17.919, ubuntu22-c, mtd-zk-0, 0.213928
EXP-LOAD, 2023-07-17T19:55:28.311, ubuntu22-c, mtd-zk-0, 0.261483
EXP-LEAD, 2023-07-17T19:55:29.357, ubuntu22-c, mtd-zk-0, START
EXP-LEAD, 2023-07-17T19:55:33.857, ubuntu22-c, mtd-zk-0, END
EXP-LOAD, 2023-07-17T19:55:34.894, ubuntu22-c, mtd-zk-0, 0.151928
EXP-LOAD, 2023-07-17T19:55:42.478, ubuntu22-c, mtd-zk-0, 0.151928
EXP-LOAD, 2023-07-17T19:55:51.596, ubuntu22-c, mtd-zk-0, 0.205210
EXP-LOAD, 2023-07-17T19:55:59.119, ubuntu22-c, mtd-zk-0, 0.205210
EXP-LOAD, 2023-07-17T19:56:05.658, ubuntu22-c, mtd-zk-0, 0.174527
EXP-LOAD, 2023-07-17T19:56:17.792, ubuntu22-c, mtd-zk-0, 0.174527
EXP-LEAD, 2023-07-17T19:56:19.566, ubuntu22-c, mtd-zk-0, START
EXP-LEAD, 2023-07-17T19:56:25.057, ubuntu22-c, mtd-zk-0, END
EXP-LOAD, 2023-07-17T19:56:26.122, ubuntu22-c, mtd-zk-0, 0.160218
EXP-LOAD, 2023-07-17T19:56:32.686, ubuntu22-c, mtd-zk-0, 0.160218
EXP-LOAD, 2023-07-17T19:56:42.066, ubuntu22-c, mtd-zk-0, 0.204342
EXP-LOAD, 2023-07-17T19:56:48.176, ubuntu22-c, mtd-zk-0, 0.204342
EXP-LOAD, 2023-07-17T19:56:56.292, ubuntu22-c, mtd-zk-0, 0.152828
EXP-LEAD, 2023-07-17T19:56:58.305, ubuntu22-c, mtd-zk-0, START
EXP-LEAD, 2023-07-17T19:57:06.854, ubuntu22-c, mtd-zk-0, END
EXP-LOAD, 2023-07-17T19:57:07.911, ubuntu22-c, mtd-zk-0, 0.183415
EXP-LOAD, 2023-07-17T19:57:15.455, ubuntu22-c, mtd-zk-0, 0.183415
EXP-LOAD, 2023-07-17T19:57:25.564, ubuntu22-c, mtd-zk-0, 0.168016
EXP-LEAD, 2023-07-17T19:57:27.563, ubuntu22-c, mtd-zk-0, START
EXP-LEAD, 2023-07-17T19:57:33.010, ubuntu22-c, mtd-zk-0, END
EXP-LOAD, 2023-07-17T19:57:34.055, ubuntu22-c, mtd-zk-0, 0.212316
EXP-LEAD, 2023-07-17T19:57:34.080, ubuntu22-c, mtd-zk-0, START
EXP-LEAD, 2023-07-17T19:57:42.670, ubuntu22-c, mtd-zk-0, END
EXP-LOAD, 2023-07-17T19:57:43.726, ubuntu22-c, mtd-zk-0, 0.212316
EXP-LEAD, 2023-07-17T19:57:45.170, ubuntu22-c, mtd-zk-0, START
EXP-LEAD, 2023-07-17T19:57:50.782, ubuntu22-c, mtd-zk-0, END
EXP-LOAD, 2023-07-17T19:57:51.819, ubuntu22-c, mtd-zk-0, 0.116603
EXP-LOAD, 2023-07-17T19:57:58.313, ubuntu22-c, mtd-zk-0, 0.116603
EXP-LEAD, 2023-07-17T19:58:01.328, ubuntu22-c, mtd-zk-0, START
EXP-LEAD, 2023-07-17T19:58:08.963, ubuntu22-c, mtd-zk-0, END
EXP-LOAD, 2023-07-17T19:58:10.019, ubuntu22-c, mtd-zk-0, 0.208446
EXP-LOAD, 2023-07-17T19:58:17.487, ubuntu22-c, mtd-zk-0, 0.208446
EXP-LOAD, 2023-07-17T19:58:28.601, ubuntu22-c, mtd-zk-0, 0.153224
EXP-LEAD, 2023-07-17T19:58:30.628, ubuntu22-c, mtd-zk-0, START
EXP-LEAD, 2023-07-17T19:58:35.105, ubuntu22-c, mtd-zk-0, END
EXP-LOAD, 2023-07-17T19:58:36.161, ubuntu22-c, mtd-zk-0, 0.194219
EXP-LOAD, 2023-07-17T19:58:44.786, ubuntu22-c, mtd-zk-0, 0.194219
EXP-LOAD, 2023-07-17T19:58:55.875, ubuntu22-c, mtd-zk-0, 0.149611
EXP-LOAD, 2023-07-17T19:59:05.006, ubuntu22-c, mtd-zk-0, 0.197179
EXP-LOAD, 2023-07-17T19:59:14.082, ubuntu22-c, mtd-zk-0, 0.197179
EXP-LEAD, 2023-07-17T19:59:16.111, ubuntu22-c, mtd-zk-0, START
EXP-LEAD, 2023-07-17T19:59:20.648, ubuntu22-c, mtd-zk-0, END
EXP-LOAD, 2023-07-17T19:59:21.680, ubuntu22-c, mtd-zk-0, 0.139451
EXP-LEAD, 2023-07-17T19:59:23.162, ubuntu22-c, mtd-zk-0, START
EXP-LEAD, 2023-07-17T19:59:29.751, ubuntu22-c, mtd-zk-0, END
EXP-LOAD, 2023-07-17T19:59:30.844, ubuntu22-c, mtd-zk-0, 0.139451
EXP-LEAD, 2023-07-17T19:59:32.243, ubuntu22-c, mtd-zk-0, START
EXP-LEAD, 2023-07-17T19:59:36.817, ubuntu22-c, mtd-zk-0, END
EXP-LOAD, 2023-07-17T19:59:37.855, ubuntu22-c, mtd-zk-0, 0.201515
EXP-LEAD, 2023-07-17T19:59:40.321, ubuntu22-c, mtd-zk-0, START
EXP-LEAD, 2023-07-17T19:59:46.891, ubuntu22-c, mtd-zk-0, END
EXP-LOAD, 2023-07-17T19:59:47.950, ubuntu22-c, mtd-zk-0, 0.201515
EXP-LOAD, 2023-07-17T19:59:54.491, ubuntu22-c, mtd-zk-0, 0.152440
EXP-LEAD, 2023-07-17T19:59:55.986, ubuntu22-c, mtd-zk-0, START
EXP-LEAD, 2023-07-17T20:00:03.594, ubuntu22-c, mtd-zk-0, END
EXP-LOAD, 2023-07-17T20:00:04.657, ubuntu22-c, mtd-zk-0, 0.170621
EXP-LEAD, 2023-07-17T20:00:05.073, ubuntu22-c, mtd-zk-0, START
EXP-LEAD, 2023-07-17T20:00:09.719, ubuntu22-c, mtd-zk-0, END
EXP-LOAD, 2023-07-17T20:00:10.775, ubuntu22-c, mtd-zk-0, 0.170621
EXP-LOAD, 2023-07-17T20:00:24.216, ubuntu22-c, mtd-zk-0, 0.271833
EXP-LOAD, 2023-07-17T20:00:32.283, ubuntu22-c, mtd-zk-0, 0.271833
EXP-LOAD, 2023-07-17T20:00:41.361, ubuntu22-c, mtd-zk-0, 0.121308
EXP-LEAD, 2023-07-17T20:00:42.382, ubuntu22-c, mtd-zk-0, START
EXP-LEAD, 2023-07-17T20:00:48.825, ubuntu22-c, mtd-zk-0, END
EXP-LOAD, 2023-07-17T20:00:49.872, ubuntu22-c, mtd-zk-0, 0.093218
EXP-LEAD, 2023-07-17T20:00:51.469, ubuntu22-c, mtd-zk-0, START
EXP-LEAD, 2023-07-17T20:00:57.012, ubuntu22-c, mtd-zk-0, END
EXP-LOAD, 2023-07-17T20:00:58.056, ubuntu22-c, mtd-zk-0, 0.093218
EXP-LEAD, 2023-07-17T20:00:59.553, ubuntu22-c, mtd-zk-0, START
EXP-LEAD, 2023-07-17T20:01:04.998, ubuntu22-c, mtd-zk-0, END
EXP-LOAD, 2023-07-17T20:01:06.056, ubuntu22-c, mtd-zk-0, 0.172625
EXP-LEAD, 2023-07-17T20:01:07.698, ubuntu22-c, mtd-zk-0, START
EXP-LEAD, 2023-07-17T20:01:16.218, ubuntu22-c, mtd-zk-0, END
EXP-LOAD, 2023-07-17T20:01:17.286, ubuntu22-c, mtd-zk-0, 0.172625
EXP-LOAD, 2023-07-17T20:01:24.387, ubuntu22-c, mtd-zk-0, 0.220216
EXP-LOAD, 2023-07-17T20:01:32.474, ubuntu22-c, mtd-zk-0, 0.220216
EXP-LOAD, 2023-07-17T20:01:43.198, ubuntu22-c, mtd-zk-0, 0.212463
EXP-LEAD, 2023-07-17T20:01:45.214, ubuntu22-c, mtd-zk-0, START
EXP-LEAD, 2023-07-17T20:01:50.710, ubuntu22-c, mtd-zk-0, END
EXP-LOAD, 2023-07-17T20:01:51.750, ubuntu22-c, mtd-zk-0, 0.115606
EXP-LOAD, 2023-07-17T20:01:58.404, ubuntu22-c, mtd-zk-0, 0.115606
EXP-LOAD, 2023-07-17T20:02:06.881, ubuntu22-c, mtd-zk-0, 0.217328
EXP-LOAD, 2023-07-17T20:02:14.968, ubuntu22-c, mtd-zk-0, 0.217328
EXP-LOAD, 2023-07-17T20:02:21.075, ubuntu22-c, mtd-zk-0, 0.217648
EXP-LOAD, 2023-07-17T20:02:32.146, ubuntu22-c, mtd-zk-0, 0.217648
EXP-LEAD, 2023-07-17T20:02:33.169, ubuntu22-c, mtd-zk-0, START
EXP-LEAD, 2023-07-17T20:02:38.657, ubuntu22-c, mtd-zk-0, END
EXP-LOAD, 2023-07-17T20:02:39.697, ubuntu22-c, mtd-zk-0, 0.165922
EXP-LOAD, 2023-07-17T20:02:46.392, ubuntu22-c, mtd-zk-0, 0.165922
EXP-LEAD, 2023-07-17T20:02:48.420, ubuntu22-c, mtd-zk-0, START
EXP-LEAD, 2023-07-17T20:02:54.018, ubuntu22-c, mtd-zk-0, END
EXP-LOAD, 2023-07-17T20:02:55.069, ubuntu22-c, mtd-zk-0, 0.200232
EXP-LOAD, 2023-07-17T20:03:06.651, ubuntu22-c, mtd-zk-0, 0.282450
EXP-LEAD, 2023-07-17T20:03:07.683, ubuntu22-c, mtd-zk-0, START
EXP-LEAD, 2023-07-17T20:03:14.157, ubuntu22-c, mtd-zk-0, END
EXP-LOAD, 2023-07-17T20:03:15.198, ubuntu22-c, mtd-zk-0, 0.282450
EXP-LOAD, 2023-07-17T20:03:22.295, ubuntu22-c, mtd-zk-0, 0.132677
EXP-LEAD, 2023-07-17T20:03:25.293, ubuntu22-c, mtd-zk-0, START
EXP-LEAD, 2023-07-17T20:03:30.745, ubuntu22-c, mtd-zk-0, END
EXP-LOAD, 2023-07-17T20:03:31.785, ubuntu22-c, mtd-zk-0, 0.132677
EXP-LOAD, 2023-07-17T20:03:41.487, ubuntu22-c, mtd-zk-0, 0.300222
EXP-LOAD, 2023-07-17T20:03:48.570, ubuntu22-c, mtd-zk-0, 0.300222
EXP-LOAD, 2023-07-17T20:03:58.633, ubuntu22-c, mtd-zk-0, 0.173117
EXP-LEAD, 2023-07-17T20:04:00.657, ubuntu22-c, mtd-zk-0, START
EXP-LEAD, 2023-07-17T20:04:06.379, ubuntu22-c, mtd-zk-0, END
EXP-LOAD, 2023-07-17T20:04:07.432, ubuntu22-c, mtd-zk-0, 0.170019
EXP-LEAD, 2023-07-17T20:04:08.470, ubuntu22-c, mtd-zk-0, START
EXP-LEAD, 2023-07-17T20:04:16.161, ubuntu22-c, mtd-zk-0, END
EXP-LOAD, 2023-07-17T20:04:17.232, ubuntu22-c, mtd-zk-0, 0.170019
EXP-LOAD, 2023-07-17T20:04:24.308, ubuntu22-c, mtd-zk-0, 0.143413
EXP-LEAD, 2023-07-17T20:04:25.835, ubuntu22-c, mtd-zk-0, START
EXP-LEAD, 2023-07-17T20:04:33.493, ubuntu22-c, mtd-zk-0, END
EXP-LOAD, 2023-07-17T20:04:34.549, ubuntu22-c, mtd-zk-0, 0.147413
EXP-LEAD, 2023-07-17T20:04:35.918, ubuntu22-c, mtd-zk-0, START
EXP-LEAD, 2023-07-17T20:04:40.363, ubuntu22-c, mtd-zk-0, END
EXP-LOAD, 2023-07-17T20:04:41.407, ubuntu22-c, mtd-zk-0, 0.147413
EXP-LOAD, 2023-07-17T20:04:51.071, ubuntu22-c, mtd-zk-0, 0.150740
EXP-LOAD, 2023-07-17T20:04:58.147, ubuntu22-c, mtd-zk-0, 0.150740
EXP-LOAD, 2023-07-17T20:05:07.257, ubuntu22-c, mtd-zk-0, 0.095422
EXP-LOAD, 2023-07-17T20:05:14.741, ubuntu22-c, mtd-zk-0, 0.095422
EXP-LOAD, 2023-07-17T20:05:27.962, ubuntu22-c, mtd-zk-0, 0.155195
EXP-LEAD, 2023-07-17T20:05:28.990, ubuntu22-c, mtd-zk-0, START
EXP-LEAD, 2023-07-17T20:05:34.432, ubuntu22-c, mtd-zk-0, END
EXP-LOAD, 2023-07-17T20:05:35.481, ubuntu22-c, mtd-zk-0, 0.094029
EXP-LOAD, 2023-07-17T20:05:46.131, ubuntu22-c, mtd-zk-0, 0.094029
EXP-LOAD, 2023-07-17T20:05:55.220, ubuntu22-c, mtd-zk-0, 0.195951
EXP-LOAD, 2023-07-17T20:06:02.329, ubuntu22-c, mtd-zk-0, 0.195951
EXP-LOAD, 2023-07-17T20:06:11.388, ubuntu22-c, mtd-zk-0, 0.265829
EXP-LOAD, 2023-07-17T20:06:18.484, ubuntu22-c, mtd-zk-0, 0.265829
EXP-LOAD, 2023-07-17T20:06:28.761, ubuntu22-c, mtd-zk-0, 0.146419
EXP-LEAD, 2023-07-17T20:06:29.811, ubuntu22-c, mtd-zk-0, START
EXP-LEAD, 2023-07-17T20:06:34.270, ubuntu22-c, mtd-zk-0, END
EXP-LOAD, 2023-07-17T20:06:35.312, ubuntu22-c, mtd-zk-0, 0.147046
EXP-LOAD, 2023-07-17T20:06:43.403, ubuntu22-c, mtd-zk-0, 0.147046
EXP-LEAD, 2023-07-17T20:06:43.436, ubuntu22-c, mtd-zk-0, START
EXP-LEAD, 2023-07-17T20:06:48.866, ubuntu22-c, mtd-zk-0, END
EXP-LOAD, 2023-07-17T20:06:49.915, ubuntu22-c, mtd-zk-0, 0.205375
EXP-LEAD, 2023-07-17T20:06:50.955, ubuntu22-c, mtd-zk-0, START
EXP-LEAD, 2023-07-17T20:06:58.505, ubuntu22-c, mtd-zk-0, END
EXP-LOAD, 2023-07-17T20:06:59.615, ubuntu22-c, mtd-zk-0, 0.205375
EXP-LEAD, 2023-07-17T20:07:00.640, ubuntu22-c, mtd-zk-0, START
EXP-LEAD, 2023-07-17T20:07:06.126, ubuntu22-c, mtd-zk-0, END
EXP-LOAD, 2023-07-17T20:07:07.174, ubuntu22-c, mtd-zk-0, 0.157105
EXP-LEAD, 2023-07-17T20:07:09.728, ubuntu22-c, mtd-zk-0, START
EXP-LEAD, 2023-07-17T20:07:14.152, ubuntu22-c, mtd-zk-0, END
EXP-LOAD, 2023-07-17T20:07:15.226, ubuntu22-c, mtd-zk-0, 0.157105
EXP-LEAD, 2023-07-17T20:07:16.833, ubuntu22-c, mtd-zk-0, START
EXP-LEAD, 2023-07-17T20:07:24.510, ubuntu22-c, mtd-zk-0, END
EXP-LOAD, 2023-07-17T20:07:25.562, ubuntu22-c, mtd-zk-0, 0.211640
EXP-LOAD, 2023-07-17T20:07:31.955, ubuntu22-c, mtd-zk-0, 0.211640
EXP-LOAD, 2023-07-17T20:07:43.027, ubuntu22-c, mtd-zk-0, 0.202816
EXP-LEAD, 2023-07-17T20:07:46.064, ubuntu22-c, mtd-zk-0, START
EXP-LEAD, 2023-07-17T20:07:51.514, ubuntu22-c, mtd-zk-0, END
EXP-LOAD, 2023-07-17T20:07:52.560, ubuntu22-c, mtd-zk-0, 0.216232
EXP-LEAD, 2023-07-17T20:07:53.144, ubuntu22-c, mtd-zk-0, START
EXP-LEAD, 2023-07-17T20:07:57.560, ubuntu22-c, mtd-zk-0, END
EXP-LOAD, 2023-07-17T20:07:58.612, ubuntu22-c, mtd-zk-0, 0.216232
EXP-LOAD, 2023-07-17T20:08:08.310, ubuntu22-c, mtd-zk-0, 0.192840
EXP-LOAD, 2023-07-17T20:08:18.414, ubuntu22-c, mtd-zk-0, 0.192840
EXP-LEAD, 2023-07-17T20:08:18.454, ubuntu22-c, mtd-zk-0, START
EXP-LEAD, 2023-07-17T20:08:22.993, ubuntu22-c, mtd-zk-0, END
EXP-LOAD, 2023-07-17T20:08:24.038, ubuntu22-c, mtd-zk-0, 0.140832
EXP-LOAD, 2023-07-17T20:08:30.647, ubuntu22-c, mtd-zk-0, 0.140832
EXP-LEAD, 2023-07-17T20:08:31.660, ubuntu22-c, mtd-zk-0, START
EXP-LEAD, 2023-07-17T20:08:40.366, ubuntu22-c, mtd-zk-0, END
EXP-LOAD, 2023-07-17T20:08:41.409, ubuntu22-c, mtd-zk-0, 0.243636
EXP-LOAD, 2023-07-17T20:08:47.803, ubuntu22-c, mtd-zk-0, 0.243636
EXP-LOAD, 2023-07-17T20:08:54.954, ubuntu22-c, mtd-zk-0, 0.195925
EXP-LOAD, 2023-07-17T20:09:05.103, ubuntu22-c, mtd-zk-0, 0.226006
EXP-LEAD, 2023-07-17T20:09:06.092, ubuntu22-c, mtd-zk-0, START
EXP-LEAD, 2023-07-17T20:09:10.614, ubuntu22-c, mtd-zk-0, END
EXP-LOAD, 2023-07-17T20:09:11.657, ubuntu22-c, mtd-zk-0, 0.226006
EXP-LOAD, 2023-07-17T20:09:19.301, ubuntu22-c, mtd-zk-0, 0.179233
EXP-LEAD, 2023-07-17T20:09:20.855, ubuntu22-c, mtd-zk-0, START
EXP-LEAD, 2023-07-17T20:09:29.414, ubuntu22-c, mtd-zk-0, END
EXP-LOAD, 2023-07-17T20:09:30.527, ubuntu22-c, mtd-zk-0, 0.179233
EXP-LOAD, 2023-07-17T20:09:37.955, ubuntu22-c, mtd-zk-0, 0.182626
EXP-LOAD, 2023-07-17T20:09:47.086, ubuntu22-c, mtd-zk-0, 0.182626
EXP-LOAD, 2023-07-17T20:09:54.128, ubuntu22-c, mtd-zk-0, 0.207023
EXP-LEAD, 2023-07-17T20:09:56.175, ubuntu22-c, mtd-zk-0, START
EXP-LEAD, 2023-07-17T20:10:01.727, ubuntu22-c, mtd-zk-0, END
EXP-LOAD, 2023-07-17T20:10:02.777, ubuntu22-c, mtd-zk-0, 0.207023
EXP-LOAD, 2023-07-17T20:10:11.327, ubuntu22-c, mtd-zk-0, 0.205429
EXP-LOAD, 2023-07-17T20:10:17.408, ubuntu22-c, mtd-zk-0, 0.205429
EXP-LEAD, 2023-07-17T20:10:19.071, ubuntu22-c, mtd-zk-0, START
EXP-LEAD, 2023-07-17T20:10:25.407, ubuntu22-c, mtd-zk-0, END
EXP-LOAD, 2023-07-17T20:10:26.476, ubuntu22-c, mtd-zk-0, 0.210747
EXP-LOAD, 2023-07-17T20:10:33.587, ubuntu22-c, mtd-zk-0, 0.210747
EXP-LEAD, 2023-07-17T20:10:35.073, ubuntu22-c, mtd-zk-0, START
EXP-LEAD, 2023-07-17T20:10:40.559, ubuntu22-c, mtd-zk-0, END
EXP-LOAD, 2023-07-17T20:10:41.611, ubuntu22-c, mtd-zk-0, 0.150064
EXP-LOAD, 2023-07-17T20:10:48.193, ubuntu22-c, mtd-zk-0, 0.150064
EXP-LEAD, 2023-07-17T20:10:51.203, ubuntu22-c, mtd-zk-0, START
EXP-LEAD, 2023-07-17T20:10:56.750, ubuntu22-c, mtd-zk-0, END
EXP-LOAD, 2023-07-17T20:10:57.809, ubuntu22-c, mtd-zk-0, 0.277979
EXP-LOAD, 2023-07-17T20:11:04.354, ubuntu22-c, mtd-zk-0, 0.159412
EXP-LOAD, 2023-07-17T20:11:11.888, ubuntu22-c, mtd-zk-0, 0.159412
EXP-LEAD, 2023-07-17T20:11:12.912, ubuntu22-c, mtd-zk-0, START
EXP-LEAD, 2023-07-17T20:11:21.518, ubuntu22-c, mtd-zk-0, END
EXP-LOAD, 2023-07-17T20:11:22.568, ubuntu22-c, mtd-zk-0, 0.202938
EXP-LEAD, 2023-07-17T20:11:24.077, ubuntu22-c, mtd-zk-0, START
EXP-LEAD, 2023-07-17T20:11:28.455, ubuntu22-c, mtd-zk-0, END
EXP-LOAD, 2023-07-17T20:11:29.488, ubuntu22-c, mtd-zk-0, 0.202938
EXP-LEAD, 2023-07-17T20:11:31.135, ubuntu22-c, mtd-zk-0, START
EXP-LEAD, 2023-07-17T20:11:38.589, ubuntu22-c, mtd-zk-0, END
EXP-LOAD, 2023-07-17T20:11:39.654, ubuntu22-c, mtd-zk-0, 0.142659
EXP-LOAD, 2023-07-17T20:11:46.730, ubuntu22-c, mtd-zk-0, 0.142659
EXP-LOAD, 2023-07-17T20:11:55.852, ubuntu22-c, mtd-zk-0, 0.179228
EXP-LOAD, 2023-07-17T20:12:02.928, ubuntu22-c, mtd-zk-0, 0.179228
EXP-LEAD, 2023-07-17T20:12:04.949, ubuntu22-c, mtd-zk-0, START
EXP-LEAD, 2023-07-17T20:12:10.522, ubuntu22-c, mtd-zk-0, END
EXP-LOAD, 2023-07-17T20:12:11.576, ubuntu22-c, mtd-zk-0, 0.151856
EXP-LEAD, 2023-07-17T20:12:13.108, ubuntu22-c, mtd-zk-0, START
EXP-LEAD, 2023-07-17T20:12:20.581, ubuntu22-c, mtd-zk-0, END
EXP-LOAD, 2023-07-17T20:12:21.623, ubuntu22-c, mtd-zk-0, 0.222733
EXP-LOAD, 2023-07-17T20:12:27.280, ubuntu22-c, mtd-zk-0, 0.222733
EXP-LOAD, 2023-07-17T20:12:33.892, ubuntu22-c, mtd-zk-0, 0.222733
EXP-LEAD, 2023-07-17T20:12:34.933, ubuntu22-c, mtd-zk-0, START
EXP-LEAD, 2023-07-17T20:12:44.684, ubuntu22-c, mtd-zk-0, END
EXP-LOAD, 2023-07-17T20:12:45.760, ubuntu22-c, mtd-zk-0, 0.124814
EXP-LOAD, 2023-07-17T20:12:53.139, ubuntu22-c, mtd-zk-0, 0.227239
EXP-LOAD, 2023-07-17T20:13:04.237, ubuntu22-c, mtd-zk-0, 0.244039
EXP-LEAD, 2023-07-17T20:13:05.269, ubuntu22-c, mtd-zk-0, START
EXP-LEAD, 2023-07-17T20:13:10.755, ubuntu22-c, mtd-zk-0, END
EXP-LOAD, 2023-07-17T20:13:11.800, ubuntu22-c, mtd-zk-0, 0.244039
EXP-LOAD, 2023-07-17T20:13:17.398, ubuntu22-c, mtd-zk-0, 0.244039
EXP-LEAD, 2023-07-17T20:13:19.948, ubuntu22-c, mtd-zk-0, START
EXP-LEAD, 2023-07-17T20:13:27.580, ubuntu22-c, mtd-zk-0, END
EXP-LOAD, 2023-07-17T20:13:28.623, ubuntu22-c, mtd-zk-0, 0.173933
EXP-LOAD, 2023-07-17T20:13:36.115, ubuntu22-c, mtd-zk-0, 0.204211
EXP-LEAD, 2023-07-17T20:13:38.138, ubuntu22-c, mtd-zk-0, START
EXP-LEAD, 2023-07-17T20:13:43.686, ubuntu22-c, mtd-zk-0, END
EXP-LOAD, 2023-07-17T20:13:44.732, ubuntu22-c, mtd-zk-0, 0.204211
EXP-LOAD, 2023-07-17T20:13:53.348, ubuntu22-c, mtd-zk-0, 0.227133
EXP-LEAD, 2023-07-17T20:13:54.104, ubuntu22-c, mtd-zk-0, START
EXP-LEAD, 2023-07-17T20:13:58.559, ubuntu22-c, mtd-zk-0, END
EXP-LOAD, 2023-07-17T20:13:59.621, ubuntu22-c, mtd-zk-0, 0.227133
EXP-LOAD, 2023-07-17T20:14:07.724, ubuntu22-c, mtd-zk-0, 0.220401
EXP-LEAD, 2023-07-17T20:14:09.763, ubuntu22-c, mtd-zk-0, START
EXP-LEAD, 2023-07-17T20:14:15.391, ubuntu22-c, mtd-zk-0, END
EXP-LOAD, 2023-07-17T20:14:16.501, ubuntu22-c, mtd-zk-0, 0.220401
EXP-LOAD, 2023-07-17T20:14:25.916, ubuntu22-c, mtd-zk-0, 0.249145
EXP-LOAD, 2023-07-17T20:14:33.961, ubuntu22-c, mtd-zk-0, 0.249145
EXP-LOAD, 2023-07-17T20:14:41.062, ubuntu22-c, mtd-zk-0, 0.195631
EXP-LOAD, 2023-07-17T20:14:52.048, ubuntu22-c, mtd-zk-0, 0.274523
EXP-LOAD, 2023-07-17T20:14:59.159, ubuntu22-c, mtd-zk-0, 0.274523
EXP-LEAD, 2023-07-17T20:15:00.637, ubuntu22-c, mtd-zk-0, START
EXP-LEAD, 2023-07-17T20:15:05.173, ubuntu22-c, mtd-zk-0, END
EXP-LOAD, 2023-07-17T20:15:06.218, ubuntu22-c, mtd-zk-0, 0.099035
EXP-LOAD, 2023-07-17T20:15:16.828, ubuntu22-c, mtd-zk-0, 0.099035
EXP-LEAD, 2023-07-17T20:15:17.860, ubuntu22-c, mtd-zk-0, START
EXP-LEAD, 2023-07-17T20:15:22.325, ubuntu22-c, mtd-zk-0, END
EXP-LOAD, 2023-07-17T20:15:23.359, ubuntu22-c, mtd-zk-0, 0.185632
EXP-LOAD, 2023-07-17T20:15:31.490, ubuntu22-c, mtd-zk-0, 0.185632
EXP-LOAD, 2023-07-17T20:15:40.592, ubuntu22-c, mtd-zk-0, 0.183819
EXP-LEAD, 2023-07-17T20:15:43.029, ubuntu22-c, mtd-zk-0, START
EXP-LEAD, 2023-07-17T20:15:47.453, ubuntu22-c, mtd-zk-0, END
EXP-LOAD, 2023-07-17T20:15:48.495, ubuntu22-c, mtd-zk-0, 0.183819
EXP-LEAD, 2023-07-17T20:15:50.133, ubuntu22-c, mtd-zk-0, START
EXP-LEAD, 2023-07-17T20:15:58.617, ubuntu22-c, mtd-zk-0, END
EXP-LOAD, 2023-07-17T20:15:59.665, ubuntu22-c, mtd-zk-0, 0.186013
EXP-LOAD, 2023-07-17T20:16:06.283, ubuntu22-c, mtd-zk-0, 0.129216
EXP-LOAD, 2023-07-17T20:16:13.386, ubuntu22-c, mtd-zk-0, 0.129216
EXP-LOAD, 2023-07-17T20:16:20.476, ubuntu22-c, mtd-zk-0, 0.210616
EXP-LOAD, 2023-07-17T20:16:29.568, ubuntu22-c, mtd-zk-0, 0.210616
EXP-LOAD, 2023-07-17T20:16:38.658, ubuntu22-c, mtd-zk-0, 0.146038
EXP-LOAD, 2023-07-17T20:16:44.749, ubuntu22-c, mtd-zk-0, 0.146038
EXP-LOAD, 2023-07-17T20:16:52.824, ubuntu22-c, mtd-zk-0, 0.246561
EXP-LOAD, 2023-07-17T20:17:03.500, ubuntu22-c, mtd-zk-0, 0.246561
EXP-LEAD, 2023-07-17T20:17:05.534, ubuntu22-c, mtd-zk-0, START
EXP-LEAD, 2023-07-17T20:17:09.933, ubuntu22-c, mtd-zk-0, END
EXP-LOAD, 2023-07-17T20:17:10.980, ubuntu22-c, mtd-zk-0, 0.188827
EXP-LEAD, 2023-07-17T20:17:11.013, ubuntu22-c, mtd-zk-0, START
EXP-LEAD, 2023-07-17T20:17:18.476, ubuntu22-c, mtd-zk-0, END
EXP-LOAD, 2023-07-17T20:17:19.512, ubuntu22-c, mtd-zk-0, 0.153016
EXP-LOAD, 2023-07-17T20:17:27.607, ubuntu22-c, mtd-zk-0, 0.153016
EXP-LEAD, 2023-07-17T20:17:28.639, ubuntu22-c, mtd-zk-0, START
EXP-LEAD, 2023-07-17T20:17:36.213, ubuntu22-c, mtd-zk-0, END
EXP-LOAD, 2023-07-17T20:17:37.261, ubuntu22-c, mtd-zk-0, 0.094611
EXP-LOAD, 2023-07-17T20:17:42.782, ubuntu22-c, mtd-zk-0, 0.094611
EXP-LEAD, 2023-07-17T20:17:44.873, ubuntu22-c, mtd-zk-0, START
EXP-LEAD, 2023-07-17T20:17:50.281, ubuntu22-c, mtd-zk-0, END
EXP-LOAD, 2023-07-17T20:17:51.329, ubuntu22-c, mtd-zk-0, 0.193021
EXP-LEAD, 2023-07-17T20:17:53.356, ubuntu22-c, mtd-zk-0, START
EXP-LEAD, 2023-07-17T20:18:00.887, ubuntu22-c, mtd-zk-0, END
EXP-LOAD, 2023-07-17T20:18:01.938, ubuntu22-c, mtd-zk-0, 0.193021
EXP-LOAD, 2023-07-17T20:18:09.488, ubuntu22-c, mtd-zk-0, 0.101641
EXP-LOAD, 2023-07-17T20:18:19.584, ubuntu22-c, mtd-zk-0, 0.123128
EXP-LEAD, 2023-07-17T20:18:20.616, ubuntu22-c, mtd-zk-0, START
EXP-LEAD, 2023-07-17T20:18:25.054, ubuntu22-c, mtd-zk-0, END
EXP-LOAD, 2023-07-17T20:18:26.111, ubuntu22-c, mtd-zk-0, 0.123128
EXP-LEAD, 2023-07-17T20:18:27.708, ubuntu22-c, mtd-zk-0, START
EXP-LEAD, 2023-07-17T20:18:32.173, ubuntu22-c, mtd-zk-0, END
EXP-LOAD, 2023-07-17T20:18:33.224, ubuntu22-c, mtd-zk-0, 0.123128
EXP-LOAD, 2023-07-17T20:18:43.322, ubuntu22-c, mtd-zk-0, 0.231417
EXP-LEAD, 2023-07-17T20:18:43.874, ubuntu22-c, mtd-zk-0, START
EXP-LEAD, 2023-07-17T20:18:48.332, ubuntu22-c, mtd-zk-0, END
EXP-LOAD, 2023-07-17T20:18:49.363, ubuntu22-c, mtd-zk-0, 0.194929
EXP-LOAD, 2023-07-17T20:19:00.021, ubuntu22-c, mtd-zk-0, 0.194929
EXP-LOAD, 2023-07-17T20:19:06.088, ubuntu22-c, mtd-zk-0, 0.124221
EXP-LOAD, 2023-07-17T20:19:14.324, ubuntu22-c, mtd-zk-0, 0.124221
EXP-LOAD, 2023-07-17T20:19:22.410, ubuntu22-c, mtd-zk-0, 0.172743
EXP-LOAD, 2023-07-17T20:19:30.493, ubuntu22-c, mtd-zk-0, 0.172743
EXP-LOAD, 2023-07-17T20:19:40.580, ubuntu22-c, mtd-zk-0, 0.255613
EXP-LOAD, 2023-07-17T20:19:48.650, ubuntu22-c, mtd-zk-0, 0.255613
EXP-LOAD, 2023-07-17T20:19:57.755, ubuntu22-c, mtd-zk-0, 0.201432
EXP-LEAD, 2023-07-17T20:19:57.791, ubuntu22-c, mtd-zk-0, START
EXP-LEAD, 2023-07-17T20:20:03.299, ubuntu22-c, mtd-zk-0, END
EXP-LOAD, 2023-07-17T20:20:04.341, ubuntu22-c, mtd-zk-0, 0.114631
EXP-LOAD, 2023-07-17T20:20:11.969, ubuntu22-c, mtd-zk-0, 0.114631
EXP-LOAD, 2023-07-17T20:20:19.067, ubuntu22-c, mtd-zk-0, 0.249353
EXP-LEAD, 2023-07-17T20:20:20.494, ubuntu22-c, mtd-zk-0, START
EXP-LEAD, 2023-07-17T20:20:25.978, ubuntu22-c, mtd-zk-0, END
EXP-LOAD, 2023-07-17T20:20:27.028, ubuntu22-c, mtd-zk-0, 0.249353
EXP-LEAD, 2023-07-17T20:20:28.614, ubuntu22-c, mtd-zk-0, START
EXP-LEAD, 2023-07-17T20:20:35.103, ubuntu22-c, mtd-zk-0, END
EXP-LOAD, 2023-07-17T20:20:36.147, ubuntu22-c, mtd-zk-0, 0.216439
EXP-LEAD, 2023-07-17T20:20:37.686, ubuntu22-c, mtd-zk-0, START
EXP-LEAD, 2023-07-17T20:20:45.139, ubuntu22-c, mtd-zk-0, END
EXP-LOAD, 2023-07-17T20:20:46.187, ubuntu22-c, mtd-zk-0, 0.216439
EXP-LOAD, 2023-07-17T20:20:52.825, ubuntu22-c, mtd-zk-0, 0.244839
EXP-LOAD, 2023-07-17T20:21:01.940, ubuntu22-c, mtd-zk-0, 0.244839
EXP-LOAD, 2023-07-17T20:21:08.999, ubuntu22-c, mtd-zk-0, 0.185028
EXP-LOAD, 2023-07-17T20:21:16.434, ubuntu22-c, mtd-zk-0, 0.185028
EXP-LOAD, 2023-07-17T20:21:23.512, ubuntu22-c, mtd-zk-0, 0.254246
EXP-LEAD, 2023-07-17T20:21:24.981, ubuntu22-c, mtd-zk-0, START
EXP-LEAD, 2023-07-17T20:21:33.467, ubuntu22-c, mtd-zk-0, END
EXP-LOAD, 2023-07-17T20:21:34.505, ubuntu22-c, mtd-zk-0, 0.181844
EXP-LOAD, 2023-07-17T20:21:43.116, ubuntu22-c, mtd-zk-0, 0.181844
EXP-LOAD, 2023-07-17T20:21:53.245, ubuntu22-c, mtd-zk-0, 0.220414
EXP-LOAD, 2023-07-17T20:22:00.273, ubuntu22-c, mtd-zk-0, 0.220414
EXP-LOAD, 2023-07-17T20:22:09.352, ubuntu22-c, mtd-zk-0, 0.224327
EXP-LOAD, 2023-07-17T20:22:15.425, ubuntu22-c, mtd-zk-0, 0.224327
EXP-LOAD, 2023-07-17T20:22:23.518, ubuntu22-c, mtd-zk-0, 0.084835
EXP-LEAD, 2023-07-17T20:22:24.554, ubuntu22-c, mtd-zk-0, START
EXP-LEAD, 2023-07-17T20:22:32.100, ubuntu22-c, mtd-zk-0, END
EXP-LOAD, 2023-07-17T20:22:33.141, ubuntu22-c, mtd-zk-0, 0.084835
EXP-LEAD, 2023-07-17T20:22:34.162, ubuntu22-c, mtd-zk-0, START
EXP-LEAD, 2023-07-17T20:22:39.637, ubuntu22-c, mtd-zk-0, END
EXP-LOAD, 2023-07-17T20:22:40.683, ubuntu22-c, mtd-zk-0, 0.147920
EXP-LEAD, 2023-07-17T20:22:42.250, ubuntu22-c, mtd-zk-0, START
EXP-LEAD, 2023-07-17T20:22:47.811, ubuntu22-c, mtd-zk-0, END
EXP-LOAD, 2023-07-17T20:22:48.859, ubuntu22-c, mtd-zk-0, 0.147920
EXP-LEAD, 2023-07-17T20:22:50.340, ubuntu22-c, mtd-zk-0, START
EXP-LEAD, 2023-07-17T20:22:58.924, ubuntu22-c, mtd-zk-0, END
EXP-LOAD, 2023-07-17T20:22:59.964, ubuntu22-c, mtd-zk-0, 0.226434
EXP-LOAD, 2023-07-17T20:23:07.504, ubuntu22-c, mtd-zk-0, 0.170310
EXP-LEAD, 2023-07-17T20:23:10.013, ubuntu22-c, mtd-zk-0, START
EXP-LEAD, 2023-07-17T20:23:14.453, ubuntu22-c, mtd-zk-0, END
EXP-LOAD, 2023-07-17T20:23:15.499, ubuntu22-c, mtd-zk-0, 0.170310
EXP-LOAD, 2023-07-17T20:23:21.154, ubuntu22-c, mtd-zk-0, 0.227445
EXP-LEAD, 2023-07-17T20:23:23.172, ubuntu22-c, mtd-zk-0, START
EXP-LEAD, 2023-07-17T20:23:32.757, ubuntu22-c, mtd-zk-0, END
EXP-LOAD, 2023-07-17T20:23:33.808, ubuntu22-c, mtd-zk-0, 0.227445
EXP-LEAD, 2023-07-17T20:23:35.271, ubuntu22-c, mtd-zk-0, START
EXP-LEAD, 2023-07-17T20:23:39.703, ubuntu22-c, mtd-zk-0, END
EXP-LOAD, 2023-07-17T20:23:40.759, ubuntu22-c, mtd-zk-0, 0.211748
EXP-LOAD, 2023-07-17T20:23:49.407, ubuntu22-c, mtd-zk-0, 0.253629
EXP-LOAD, 2023-07-17T20:23:57.476, ubuntu22-c, mtd-zk-0, 0.253629
EXP-LOAD, 2023-07-17T20:24:07.585, ubuntu22-c, mtd-zk-0, 0.223224
EXP-LOAD, 2023-07-17T20:24:15.693, ubuntu22-c, mtd-zk-0, 0.223224
EXP-LEAD, 2023-07-17T20:24:17.714, ubuntu22-c, mtd-zk-0, START
EXP-LEAD, 2023-07-17T20:24:27.768, ubuntu22-c, mtd-zk-0, END
EXP-LOAD, 2023-07-17T20:24:28.812, ubuntu22-c, mtd-zk-0, 0.172419
EXP-LOAD, 2023-07-17T20:24:37.853, ubuntu22-c, mtd-zk-0, 0.188686
EXP-LEAD, 2023-07-17T20:24:39.887, ubuntu22-c, mtd-zk-0, START
EXP-LEAD, 2023-07-17T20:24:44.474, ubuntu22-c, mtd-zk-0, END
EXP-LOAD, 2023-07-17T20:24:45.524, ubuntu22-c, mtd-zk-0, 0.188686
EXP-LEAD, 2023-07-17T20:24:47.010, ubuntu22-c, mtd-zk-0, START
EXP-LEAD, 2023-07-17T20:24:52.640, ubuntu22-c, mtd-zk-0, END
EXP-LOAD, 2023-07-17T20:24:53.676, ubuntu22-c, mtd-zk-0, 0.166631
EXP-LOAD, 2023-07-17T20:25:01.185, ubuntu22-c, mtd-zk-0, 0.166631
EXP-LOAD, 2023-07-17T20:25:09.198, ubuntu22-c, mtd-zk-0, 0.223450
EXP-LOAD, 2023-07-17T20:25:24.286, ubuntu22-c, mtd-zk-0, 0.308217
EXP-LOAD, 2023-07-17T20:25:32.368, ubuntu22-c, mtd-zk-0, 0.308217
EXP-LOAD, 2023-07-17T20:25:41.471, ubuntu22-c, mtd-zk-0, 0.159084
EXP-LOAD, 2023-07-17T20:25:48.542, ubuntu22-c, mtd-zk-0, 0.159084
EXP-LOAD, 2023-07-17T20:25:57.639, ubuntu22-c, mtd-zk-0, 0.094417
EXP-LOAD, 2023-07-17T20:26:05.169, ubuntu22-c, mtd-zk-0, 0.201439
EXP-LEAD, 2023-07-17T20:26:07.220, ubuntu22-c, mtd-zk-0, START
EXP-LEAD, 2023-07-17T20:26:13.085, ubuntu22-c, mtd-zk-0, END
EXP-LOAD, 2023-07-17T20:26:14.126, ubuntu22-c, mtd-zk-0, 0.201439
EXP-LOAD, 2023-07-17T20:26:22.399, ubuntu22-c, mtd-zk-0, 0.233702
EXP-LOAD, 2023-07-17T20:26:29.915, ubuntu22-c, mtd-zk-0, 0.233702
EXP-LOAD, 2023-07-17T20:26:38.003, ubuntu22-c, mtd-zk-0, 0.156919
EXP-LOAD, 2023-07-17T20:26:45.121, ubuntu22-c, mtd-zk-0, 0.156919
EXP-LEAD, 2023-07-17T20:26:46.519, ubuntu22-c, mtd-zk-0, START
EXP-LEAD, 2023-07-17T20:26:52.059, ubuntu22-c, mtd-zk-0, END
EXP-LOAD, 2023-07-17T20:26:53.094, ubuntu22-c, mtd-zk-0, 0.180631
EXP-LOAD, 2023-07-17T20:27:03.165, ubuntu22-c, mtd-zk-0, 0.180631
EXP-LEAD, 2023-07-17T20:27:04.188, ubuntu22-c, mtd-zk-0, START
EXP-LEAD, 2023-07-17T20:27:09.948, ubuntu22-c, mtd-zk-0, END
EXP-LOAD, 2023-07-17T20:27:10.982, ubuntu22-c, mtd-zk-0, 0.185143
EXP-LOAD, 2023-07-17T20:27:20.318, ubuntu22-c, mtd-zk-0, 0.172417
EXP-LOAD, 2023-07-17T20:27:27.393, ubuntu22-c, mtd-zk-0, 0.172417
EXP-LEAD, 2023-07-17T20:27:29.427, ubuntu22-c, mtd-zk-0, START
EXP-LEAD, 2023-07-17T20:27:37.963, ubuntu22-c, mtd-zk-0, END
EXP-LOAD, 2023-07-17T20:27:39.010, ubuntu22-c, mtd-zk-0, 0.123116
EXP-LEAD, 2023-07-17T20:27:40.505, ubuntu22-c, mtd-zk-0, START
EXP-LEAD, 2023-07-17T20:27:45.960, ubuntu22-c, mtd-zk-0, END
EXP-LOAD, 2023-07-17T20:27:46.999, ubuntu22-c, mtd-zk-0, 0.123116
EXP-LEAD, 2023-07-17T20:27:48.576, ubuntu22-c, mtd-zk-0, START
EXP-LEAD, 2023-07-17T20:27:54.174, ubuntu22-c, mtd-zk-0, END
EXP-LOAD, 2023-07-17T20:27:55.215, ubuntu22-c, mtd-zk-0, 0.122612
EXP-LEAD, 2023-07-17T20:27:56.664, ubuntu22-c, mtd-zk-0, START
EXP-LEAD, 2023-07-17T20:28:02.091, ubuntu22-c, mtd-zk-0, END
EXP-LOAD, 2023-07-17T20:28:03.126, ubuntu22-c, mtd-zk-0, 0.122612
EXP-LEAD, 2023-07-17T20:28:04.752, ubuntu22-c, mtd-zk-0, START
EXP-LEAD, 2023-07-17T20:28:09.182, ubuntu22-c, mtd-zk-0, END
EXP-LOAD, 2023-07-17T20:28:10.224, ubuntu22-c, mtd-zk-0, 0.172120
EXP-LOAD, 2023-07-17T20:28:18.882, ubuntu22-c, mtd-zk-0, 0.172120
EXP-LOAD, 2023-07-17T20:28:27.961, ubuntu22-c, mtd-zk-0, 0.276035
EXP-LOAD, 2023-07-17T20:28:34.044, ubuntu22-c, mtd-zk-0, 0.182045
EXP-LOAD, 2023-07-17T20:28:44.619, ubuntu22-c, mtd-zk-0, 0.182045
EXP-LOAD, 2023-07-17T20:28:50.698, ubuntu22-c, mtd-zk-0, 0.154215
EXP-LEAD, 2023-07-17T20:28:52.072, ubuntu22-c, mtd-zk-0, START
EXP-LEAD, 2023-07-17T20:28:58.886, ubuntu22-c, mtd-zk-0, END
EXP-LOAD, 2023-07-17T20:28:59.927, ubuntu22-c, mtd-zk-0, 0.154215
EXP-LOAD, 2023-07-17T20:29:08.211, ubuntu22-c, mtd-zk-0, 0.207818
EXP-LOAD, 2023-07-17T20:29:16.308, ubuntu22-c, mtd-zk-0, 0.207818
EXP-LOAD, 2023-07-17T20:29:25.364, ubuntu22-c, mtd-zk-0, 0.146013
EXP-LOAD, 2023-07-17T20:29:33.474, ubuntu22-c, mtd-zk-0, 0.146013
EXP-LOAD, 2023-07-17T20:29:44.586, ubuntu22-c, mtd-zk-0, 0.194424
EXP-LOAD, 2023-07-17T20:29:54.218, ubuntu22-c, mtd-zk-0, 0.140413
EXP-LOAD, 2023-07-17T20:30:03.323, ubuntu22-c, mtd-zk-0, 0.140413
EXP-LEAD, 2023-07-17T20:30:04.847, ubuntu22-c, mtd-zk-0, START
EXP-LEAD, 2023-07-17T20:30:09.382, ubuntu22-c, mtd-zk-0, END
EXP-LOAD, 2023-07-17T20:30:10.444, ubuntu22-c, mtd-zk-0, 0.155016
EXP-LOAD, 2023-07-17T20:30:24.972, ubuntu22-c, mtd-zk-0, 0.150214
EXP-LOAD, 2023-07-17T20:30:33.054, ubuntu22-c, mtd-zk-0, 0.150214
EXP-LOAD, 2023-07-17T20:30:40.172, ubuntu22-c, mtd-zk-0, 0.117929
EXP-LEAD, 2023-07-17T20:30:41.668, ubuntu22-c, mtd-zk-0, START
EXP-LEAD, 2023-07-17T20:30:46.075, ubuntu22-c, mtd-zk-0, END
EXP-LOAD, 2023-07-17T20:30:47.114, ubuntu22-c, mtd-zk-0, 0.117929
EXP-LOAD, 2023-07-17T20:30:56.815, ubuntu22-c, mtd-zk-0, 0.220009
EXP-LOAD, 2023-07-17T20:31:04.395, ubuntu22-c, mtd-zk-0, 0.201552
EXP-LOAD, 2023-07-17T20:31:14.483, ubuntu22-c, mtd-zk-0, 0.201552
EXP-LOAD, 2023-07-17T20:31:22.242, ubuntu22-c, mtd-zk-0, 0.141812
EXP-LOAD, 2023-07-17T20:31:31.338, ubuntu22-c, mtd-zk-0, 0.141812
EXP-LOAD, 2023-07-17T20:31:36.924, ubuntu22-c, mtd-zk-0, 0.123047
EXP-LOAD, 2023-07-17T20:31:47.474, ubuntu22-c, mtd-zk-0, 0.123047
EXP-LOAD, 2023-07-17T20:31:55.542, ubuntu22-c, mtd-zk-0, 0.115675
EXP-LOAD, 2023-07-17T20:32:01.626, ubuntu22-c, mtd-zk-0, 0.115675
EXP-LOAD, 2023-07-17T20:32:08.718, ubuntu22-c, mtd-zk-0, 0.159137
EXP-LOAD, 2023-07-17T20:32:17.133, ubuntu22-c, mtd-zk-0, 0.159137
EXP-LEAD, 2023-07-17T20:32:18.162, ubuntu22-c, mtd-zk-0, START
EXP-LEAD, 2023-07-17T20:32:26.646, ubuntu22-c, mtd-zk-0, END
EXP-LOAD, 2023-07-17T20:32:27.709, ubuntu22-c, mtd-zk-0, 0.196444
EXP-LEAD, 2023-07-17T20:32:28.235, ubuntu22-c, mtd-zk-0, START
EXP-LEAD, 2023-07-17T20:32:33.720, ubuntu22-c, mtd-zk-0, END
EXP-LOAD, 2023-07-17T20:32:34.759, ubuntu22-c, mtd-zk-0, 0.189421
EXP-LEAD, 2023-07-17T20:32:35.790, ubuntu22-c, mtd-zk-0, START
EXP-LEAD, 2023-07-17T20:32:41.307, ubuntu22-c, mtd-zk-0, END
EXP-LOAD, 2023-07-17T20:32:42.347, ubuntu22-c, mtd-zk-0, 0.189421
EXP-LOAD, 2023-07-17T20:32:48.931, ubuntu22-c, mtd-zk-0, 0.189421
EXP-LOAD, 2023-07-17T20:32:57.014, ubuntu22-c, mtd-zk-0, 0.169431
EXP-LOAD, 2023-07-17T20:33:08.135, ubuntu22-c, mtd-zk-0, 0.242432
EXP-LOAD, 2023-07-17T20:33:16.225, ubuntu22-c, mtd-zk-0, 0.242432
EXP-LOAD, 2023-07-17T20:33:23.299, ubuntu22-c, mtd-zk-0, 0.140828
EXP-LOAD, 2023-07-17T20:33:32.814, ubuntu22-c, mtd-zk-0, 0.140828
EXP-LOAD, 2023-07-17T20:33:40.475, ubuntu22-c, mtd-zk-0, 0.173651
EXP-LOAD, 2023-07-17T20:33:48.227, ubuntu22-c, mtd-zk-0, 0.173651
EXP-LOAD, 2023-07-17T20:33:57.863, ubuntu22-c, mtd-zk-0, 0.220820
EXP-LOAD, 2023-07-17T20:34:03.015, ubuntu22-c, mtd-zk-0, 0.220820
EXP-LOAD, 2023-07-17T20:34:08.852, ubuntu22-c, mtd-zk-0, 0.200839
EXP-LOAD, 2023-07-17T20:34:16.424, ubuntu22-c, mtd-zk-0, 0.200839
EXP-LEAD, 2023-07-17T20:34:18.436, ubuntu22-c, mtd-zk-0, START
EXP-LEAD, 2023-07-17T20:34:26.984, ubuntu22-c, mtd-zk-0, END
EXP-LOAD, 2023-07-17T20:34:28.105, ubuntu22-c, mtd-zk-0, 0.239658
EXP-LOAD, 2023-07-17T20:34:34.205, ubuntu22-c, mtd-zk-0, 0.188951
EXP-LEAD, 2023-07-17T20:34:36.195, ubuntu22-c, mtd-zk-0, START
EXP-LEAD, 2023-07-17T20:34:41.868, ubuntu22-c, mtd-zk-0, END
EXP-LOAD, 2023-07-17T20:34:42.918, ubuntu22-c, mtd-zk-0, 0.188951
EXP-LOAD, 2023-07-17T20:34:49.343, ubuntu22-c, mtd-zk-0, 0.217213
EXP-LEAD, 2023-07-17T20:34:49.867, ubuntu22-c, mtd-zk-0, START
EXP-LEAD, 2023-07-17T20:34:59.475, ubuntu22-c, mtd-zk-0, END
EXP-LOAD, 2023-07-17T20:35:00.522, ubuntu22-c, mtd-zk-0, 0.217213
EXP-LEAD, 2023-07-17T20:35:01.963, ubuntu22-c, mtd-zk-0, START
EXP-LEAD, 2023-07-17T20:35:07.505, ubuntu22-c, mtd-zk-0, END
EXP-LOAD, 2023-07-17T20:35:08.560, ubuntu22-c, mtd-zk-0, 0.220227
EXP-LOAD, 2023-07-17T20:35:22.145, ubuntu22-c, mtd-zk-0, 0.210237
EXP-LOAD, 2023-07-17T20:35:28.220, ubuntu22-c, mtd-zk-0, 0.210237
EXP-LOAD, 2023-07-17T20:35:40.417, ubuntu22-c, mtd-zk-0, 0.142021
EXP-LOAD, 2023-07-17T20:35:46.535, ubuntu22-c, mtd-zk-0, 0.142021
EXP-LEAD, 2023-07-17T20:35:47.582, ubuntu22-c, mtd-zk-0, START
EXP-LEAD, 2023-07-17T20:35:51.987, ubuntu22-c, mtd-zk-0, END
EXP-LOAD, 2023-07-17T20:35:53.043, ubuntu22-c, mtd-zk-0, 0.159637
EXP-LOAD, 2023-07-17T20:36:02.735, ubuntu22-c, mtd-zk-0, 0.159637
EXP-LEAD, 2023-07-17T20:36:04.752, ubuntu22-c, mtd-zk-0, START
EXP-LEAD, 2023-07-17T20:36:09.169, ubuntu22-c, mtd-zk-0, END
EXP-LOAD, 2023-07-17T20:36:10.222, ubuntu22-c, mtd-zk-0, 0.192914
EXP-LEAD, 2023-07-17T20:36:11.831, ubuntu22-c, mtd-zk-0, START
EXP-LEAD, 2023-07-17T20:36:17.399, ubuntu22-c, mtd-zk-0, END
EXP-LOAD, 2023-07-17T20:36:18.448, ubuntu22-c, mtd-zk-0, 0.192914
EXP-LOAD, 2023-07-17T20:36:24.944, ubuntu22-c, mtd-zk-0, 0.238014
EXP-LOAD, 2023-07-17T20:36:36.008, ubuntu22-c, mtd-zk-0, 0.227430
EXP-LOAD, 2023-07-17T20:36:43.066, ubuntu22-c, mtd-zk-0, 0.227430
EXP-LOAD, 2023-07-17T20:36:51.172, ubuntu22-c, mtd-zk-0, 0.220135
EXP-LEAD, 2023-07-17T20:36:52.161, ubuntu22-c, mtd-zk-0, START
EXP-LEAD, 2023-07-17T20:36:58.765, ubuntu22-c, mtd-zk-0, END
EXP-LOAD, 2023-07-17T20:36:59.807, ubuntu22-c, mtd-zk-0, 0.220135
EXP-LOAD, 2023-07-17T20:37:08.300, ubuntu22-c, mtd-zk-0, 0.209477
EXP-LOAD, 2023-07-17T20:37:20.645, ubuntu22-c, mtd-zk-0, 0.220223
EXP-LOAD, 2023-07-17T20:37:29.232, ubuntu22-c, mtd-zk-0, 0.220223
EXP-LOAD, 2023-07-17T20:37:37.328, ubuntu22-c, mtd-zk-0, 0.112618
EXP-LOAD, 2023-07-17T20:37:46.434, ubuntu22-c, mtd-zk-0, 0.112618
EXP-LOAD, 2023-07-17T20:37:56.552, ubuntu22-c, mtd-zk-0, 0.135144
EXP-LOAD, 2023-07-17T20:38:03.659, ubuntu22-c, mtd-zk-0, 0.135144
EXP-LOAD, 2023-07-17T20:38:14.752, ubuntu22-c, mtd-zk-0, 0.257236
EXP-LOAD, 2023-07-17T20:38:21.304, ubuntu22-c, mtd-zk-0, 0.175553
EXP-LOAD, 2023-07-17T20:38:31.386, ubuntu22-c, mtd-zk-0, 0.175553
EXP-LOAD, 2023-07-17T20:38:38.468, ubuntu22-c, mtd-zk-0, 0.231278
EXP-LEAD, 2023-07-17T20:38:38.492, ubuntu22-c, mtd-zk-0, START
EXP-LEAD, 2023-07-17T20:38:44.022, ubuntu22-c, mtd-zk-0, END
EXP-LOAD, 2023-07-17T20:38:45.083, ubuntu22-c, mtd-zk-0, 0.231278
EXP-LOAD, 2023-07-17T20:38:51.663, ubuntu22-c, mtd-zk-0, 0.173332
EXP-LOAD, 2023-07-17T20:39:01.692, ubuntu22-c, mtd-zk-0, 0.173332
EXP-LEAD, 2023-07-17T20:39:03.713, ubuntu22-c, mtd-zk-0, START
EXP-LEAD, 2023-07-17T20:39:09.360, ubuntu22-c, mtd-zk-0, END
EXP-LOAD, 2023-07-17T20:39:10.397, ubuntu22-c, mtd-zk-0, 0.258257
