EXP-LOAD, 2023-07-17T16:31:20.924, ubuntu22-d, mtd-zk-2, 0.056370
EXP-LOAD, 2023-07-17T16:31:29.183, ubuntu22-d, mtd-zk-2, 0.056370
EXP-LOAD, 2023-07-17T16:31:37.412, ubuntu22-d, mtd-zk-2, 0.201106
EXP-LOAD, 2023-07-17T16:31:48.575, ubuntu22-d, mtd-zk-2, 0.201106
EXP-LOAD, 2023-07-17T16:31:55.699, ubuntu22-d, mtd-zk-2, 0.302231
EXP-LOAD, 2023-07-17T16:32:04.875, ubuntu22-d, mtd-zk-2, 0.191724
EXP-LOAD, 2023-07-17T16:32:11.016, ubuntu22-d, mtd-zk-2, 0.191724
EXP-LOAD, 2023-07-17T16:32:19.170, ubuntu22-d, mtd-zk-2, 0.387405
EXP-LOAD, 2023-07-17T16:32:26.289, ubuntu22-d, mtd-zk-2, 0.387405
EXP-LOAD, 2023-07-17T16:32:35.449, ubuntu22-d, mtd-zk-2, 0.215118
EXP-LOAD, 2023-07-17T16:32:44.674, ubuntu22-d, mtd-zk-2, 0.215118
EXP-LEAD, 2023-07-17T16:32:45.724, ubuntu22-d, mtd-zk-2, START
EXP-LEAD, 2023-07-17T16:32:51.340, ubuntu22-d, mtd-zk-2, END
EXP-LOAD, 2023-07-17T16:32:52.417, ubuntu22-d, mtd-zk-2, 0.255225
EXP-LEAD, 2023-07-17T16:32:53.859, ubuntu22-d, mtd-zk-2, START
EXP-LEAD, 2023-07-17T16:32:59.694, ubuntu22-d, mtd-zk-2, END
EXP-LOAD, 2023-07-17T16:33:00.748, ubuntu22-d, mtd-zk-2, 0.255225
EXP-LOAD, 2023-07-17T16:33:10.089, ubuntu22-d, mtd-zk-2, 0.304933
EXP-LEAD, 2023-07-17T16:33:13.133, ubuntu22-d, mtd-zk-2, START
EXP-LEAD, 2023-07-17T16:33:18.733, ubuntu22-d, mtd-zk-2, END
EXP-LOAD, 2023-07-17T16:33:19.792, ubuntu22-d, mtd-zk-2, 0.186621
EXP-LEAD, 2023-07-17T16:33:20.288, ubuntu22-d, mtd-zk-2, START
EXP-LEAD, 2023-07-17T16:33:26.024, ubuntu22-d, mtd-zk-2, END
EXP-LOAD, 2023-07-17T16:33:27.108, ubuntu22-d, mtd-zk-2, 0.186621
EXP-LOAD, 2023-07-17T16:33:35.508, ubuntu22-d, mtd-zk-2, 0.284229
EXP-LOAD, 2023-07-17T16:33:42.627, ubuntu22-d, mtd-zk-2, 0.284229
EXP-LOAD, 2023-07-17T16:33:49.737, ubuntu22-d, mtd-zk-2, 0.120011
EXP-LOAD, 2023-07-17T16:34:01.826, ubuntu22-d, mtd-zk-2, 0.120011
EXP-LEAD, 2023-07-17T16:34:02.922, ubuntu22-d, mtd-zk-2, START
EXP-LEAD, 2023-07-17T16:34:07.536, ubuntu22-d, mtd-zk-2, END
EXP-LOAD, 2023-07-17T16:34:08.587, ubuntu22-d, mtd-zk-2, 0.237227
EXP-LOAD, 2023-07-17T16:34:18.037, ubuntu22-d, mtd-zk-2, 0.237227
EXP-LOAD, 2023-07-17T16:34:24.586, ubuntu22-d, mtd-zk-2, 0.214434
EXP-LOAD, 2023-07-17T16:34:35.247, ubuntu22-d, mtd-zk-2, 0.186521
EXP-LOAD, 2023-07-17T16:34:41.350, ubuntu22-d, mtd-zk-2, 0.186521
EXP-LEAD, 2023-07-17T16:34:43.032, ubuntu22-d, mtd-zk-2, START
EXP-LEAD, 2023-07-17T16:34:50.709, ubuntu22-d, mtd-zk-2, END
EXP-LOAD, 2023-07-17T16:34:51.777, ubuntu22-d, mtd-zk-2, 0.119302
EXP-LEAD, 2023-07-17T16:34:53.189, ubuntu22-d, mtd-zk-2, START
EXP-LEAD, 2023-07-17T16:34:57.963, ubuntu22-d, mtd-zk-2, END
EXP-LOAD, 2023-07-17T16:34:59.012, ubuntu22-d, mtd-zk-2, 0.119302
EXP-LEAD, 2023-07-17T16:35:00.279, ubuntu22-d, mtd-zk-2, START
EXP-LEAD, 2023-07-17T16:35:04.880, ubuntu22-d, mtd-zk-2, END
EXP-LOAD, 2023-07-17T16:35:05.978, ubuntu22-d, mtd-zk-2, 0.208613
EXP-LOAD, 2023-07-17T16:35:13.505, ubuntu22-d, mtd-zk-2, 0.208613
EXP-LOAD, 2023-07-17T16:35:24.111, ubuntu22-d, mtd-zk-2, 0.144431
EXP-LEAD, 2023-07-17T16:35:25.038, ubuntu22-d, mtd-zk-2, START
EXP-LEAD, 2023-07-17T16:35:29.534, ubuntu22-d, mtd-zk-2, END
EXP-LOAD, 2023-07-17T16:35:30.677, ubuntu22-d, mtd-zk-2, 0.144431
EXP-LOAD, 2023-07-17T16:35:40.793, ubuntu22-d, mtd-zk-2, 0.189733
EXP-LEAD, 2023-07-17T16:35:41.836, ubuntu22-d, mtd-zk-2, START
EXP-LEAD, 2023-07-17T16:35:47.599, ubuntu22-d, mtd-zk-2, END
EXP-LOAD, 2023-07-17T16:35:48.641, ubuntu22-d, mtd-zk-2, 0.189733
EXP-LOAD, 2023-07-17T16:35:58.005, ubuntu22-d, mtd-zk-2, 0.206829
EXP-LOAD, 2023-07-17T16:36:05.790, ubuntu22-d, mtd-zk-2, 0.177642
EXP-LOAD, 2023-07-17T16:36:16.869, ubuntu22-d, mtd-zk-2, 0.177642
EXP-LOAD, 2023-07-17T16:36:22.971, ubuntu22-d, mtd-zk-2, 0.131456
EXP-LEAD, 2023-07-17T16:36:24.002, ubuntu22-d, mtd-zk-2, START
EXP-LEAD, 2023-07-17T16:36:29.547, ubuntu22-d, mtd-zk-2, END
EXP-LOAD, 2023-07-17T16:36:30.633, ubuntu22-d, mtd-zk-2, 0.131456
EXP-LOAD, 2023-07-17T16:36:35.822, ubuntu22-d, mtd-zk-2, 0.173034
EXP-LOAD, 2023-07-17T16:36:47.864, ubuntu22-d, mtd-zk-2, 0.173034
EXP-LEAD, 2023-07-17T16:36:49.859, ubuntu22-d, mtd-zk-2, START
EXP-LEAD, 2023-07-17T16:36:55.342, ubuntu22-d, mtd-zk-2, END
EXP-LOAD, 2023-07-17T16:36:56.381, ubuntu22-d, mtd-zk-2, 0.172418
EXP-LOAD, 2023-07-17T16:37:04.015, ubuntu22-d, mtd-zk-2, 0.188011
EXP-LEAD, 2023-07-17T16:37:06.031, ubuntu22-d, mtd-zk-2, START
EXP-LEAD, 2023-07-17T16:37:11.603, ubuntu22-d, mtd-zk-2, END
EXP-LOAD, 2023-07-17T16:37:12.656, ubuntu22-d, mtd-zk-2, 0.188011
EXP-LEAD, 2023-07-17T16:37:14.122, ubuntu22-d, mtd-zk-2, START
EXP-LEAD, 2023-07-17T16:37:18.544, ubuntu22-d, mtd-zk-2, END
EXP-LOAD, 2023-07-17T16:37:19.591, ubuntu22-d, mtd-zk-2, 0.230234
EXP-LOAD, 2023-07-17T16:37:26.334, ubuntu22-d, mtd-zk-2, 0.230234
EXP-LEAD, 2023-07-17T16:37:26.693, ubuntu22-d, mtd-zk-2, START
EXP-LEAD, 2023-07-17T16:37:32.767, ubuntu22-d, mtd-zk-2, END
EXP-LOAD, 2023-07-17T16:37:33.816, ubuntu22-d, mtd-zk-2, 0.230234
EXP-LOAD, 2023-07-17T16:37:43.900, ubuntu22-d, mtd-zk-2, 0.247421
EXP-LOAD, 2023-07-17T16:37:51.969, ubuntu22-d, mtd-zk-2, 0.224220
EXP-LOAD, 2023-07-17T16:38:02.171, ubuntu22-d, mtd-zk-2, 0.224220
EXP-LOAD, 2023-07-17T16:38:09.250, ubuntu22-d, mtd-zk-2, 0.150022
EXP-LOAD, 2023-07-17T16:38:15.826, ubuntu22-d, mtd-zk-2, 0.150022
EXP-LOAD, 2023-07-17T16:38:26.920, ubuntu22-d, mtd-zk-2, 0.141922
EXP-LEAD, 2023-07-17T16:38:28.947, ubuntu22-d, mtd-zk-2, START
EXP-LEAD, 2023-07-17T16:38:33.360, ubuntu22-d, mtd-zk-2, END
EXP-LOAD, 2023-07-17T16:38:34.392, ubuntu22-d, mtd-zk-2, 0.147631
EXP-LOAD, 2023-07-17T16:38:43.104, ubuntu22-d, mtd-zk-2, 0.147631
EXP-LOAD, 2023-07-17T16:38:51.783, ubuntu22-d, mtd-zk-2, 0.205521
EXP-LOAD, 2023-07-17T16:39:02.880, ubuntu22-d, mtd-zk-2, 0.205521
EXP-LOAD, 2023-07-17T16:39:09.965, ubuntu22-d, mtd-zk-2, 0.151615
EXP-LOAD, 2023-07-17T16:39:19.051, ubuntu22-d, mtd-zk-2, 0.177125
EXP-LOAD, 2023-07-17T16:39:27.757, ubuntu22-d, mtd-zk-2, 0.177125
EXP-LOAD, 2023-07-17T16:39:34.868, ubuntu22-d, mtd-zk-2, 0.171613
EXP-LOAD, 2023-07-17T16:39:46.480, ubuntu22-d, mtd-zk-2, 0.171613
EXP-LOAD, 2023-07-17T16:39:54.563, ubuntu22-d, mtd-zk-2, 0.159827
EXP-LOAD, 2023-07-17T16:39:59.665, ubuntu22-d, mtd-zk-2, 0.159827
EXP-LOAD, 2023-07-17T16:40:10.303, ubuntu22-d, mtd-zk-2, 0.156029
EXP-LEAD, 2023-07-17T16:40:12.321, ubuntu22-d, mtd-zk-2, START
EXP-LEAD, 2023-07-17T16:40:16.849, ubuntu22-d, mtd-zk-2, END
EXP-LOAD, 2023-07-17T16:40:17.903, ubuntu22-d, mtd-zk-2, 0.156029
EXP-LEAD, 2023-07-17T16:40:18.399, ubuntu22-d, mtd-zk-2, START
EXP-LEAD, 2023-07-17T16:40:24.187, ubuntu22-d, mtd-zk-2, END
EXP-LOAD, 2023-07-17T16:40:25.245, ubuntu22-d, mtd-zk-2, 0.208448
EXP-LOAD, 2023-07-17T16:40:33.569, ubuntu22-d, mtd-zk-2, 0.208448
EXP-LEAD, 2023-07-17T16:40:34.608, ubuntu22-d, mtd-zk-2, START
EXP-LEAD, 2023-07-17T16:40:39.087, ubuntu22-d, mtd-zk-2, END
EXP-LOAD, 2023-07-17T16:40:40.129, ubuntu22-d, mtd-zk-2, 0.218026
EXP-LEAD, 2023-07-17T16:40:41.766, ubuntu22-d, mtd-zk-2, START
EXP-LEAD, 2023-07-17T16:40:49.437, ubuntu22-d, mtd-zk-2, END
EXP-LOAD, 2023-07-17T16:40:50.475, ubuntu22-d, mtd-zk-2, 0.209323
EXP-LOAD, 2023-07-17T16:40:56.880, ubuntu22-d, mtd-zk-2, 0.209323
EXP-LEAD, 2023-07-17T16:40:58.902, ubuntu22-d, mtd-zk-2, START
EXP-LEAD, 2023-07-17T16:41:04.456, ubuntu22-d, mtd-zk-2, END
EXP-LOAD, 2023-07-17T16:41:05.497, ubuntu22-d, mtd-zk-2, 0.168842
EXP-LOAD, 2023-07-17T16:41:15.605, ubuntu22-d, mtd-zk-2, 0.168842
EXP-LOAD, 2023-07-17T16:41:23.412, ubuntu22-d, mtd-zk-2, 0.168027
EXP-LOAD, 2023-07-17T16:41:30.535, ubuntu22-d, mtd-zk-2, 0.168027
EXP-LOAD, 2023-07-17T16:41:38.681, ubuntu22-d, mtd-zk-2, 0.265242
EXP-LOAD, 2023-07-17T16:41:45.229, ubuntu22-d, mtd-zk-2, 0.265242
EXP-LOAD, 2023-07-17T16:41:57.304, ubuntu22-d, mtd-zk-2, 0.224998
EXP-LEAD, 2023-07-17T16:41:57.926, ubuntu22-d, mtd-zk-2, START
EXP-LEAD, 2023-07-17T16:42:02.399, ubuntu22-d, mtd-zk-2, END
EXP-LOAD, 2023-07-17T16:42:03.451, ubuntu22-d, mtd-zk-2, 0.224998
EXP-LOAD, 2023-07-17T16:42:11.577, ubuntu22-d, mtd-zk-2, 0.151410
EXP-LOAD, 2023-07-17T16:42:18.260, ubuntu22-d, mtd-zk-2, 0.151410
EXP-LOAD, 2023-07-17T16:42:28.303, ubuntu22-d, mtd-zk-2, 0.187339
EXP-LOAD, 2023-07-17T16:42:35.451, ubuntu22-d, mtd-zk-2, 0.173616
EXP-LEAD, 2023-07-17T16:42:37.452, ubuntu22-d, mtd-zk-2, START
EXP-LEAD, 2023-07-17T16:42:45.152, ubuntu22-d, mtd-zk-2, END
EXP-LOAD, 2023-07-17T16:42:46.223, ubuntu22-d, mtd-zk-2, 0.173616
EXP-LOAD, 2023-07-17T16:42:53.300, ubuntu22-d, mtd-zk-2, 0.175730
EXP-LOAD, 2023-07-17T16:43:00.411, ubuntu22-d, mtd-zk-2, 0.175730
EXP-LEAD, 2023-07-17T16:43:01.984, ubuntu22-d, mtd-zk-2, START
EXP-LEAD, 2023-07-17T16:43:10.534, ubuntu22-d, mtd-zk-2, END
EXP-LOAD, 2023-07-17T16:43:11.596, ubuntu22-d, mtd-zk-2, 0.140431
EXP-LEAD, 2023-07-17T16:43:13.105, ubuntu22-d, mtd-zk-2, START
EXP-LEAD, 2023-07-17T16:43:18.642, ubuntu22-d, mtd-zk-2, END
EXP-LOAD, 2023-07-17T16:43:19.690, ubuntu22-d, mtd-zk-2, 0.218541
EXP-LOAD, 2023-07-17T16:43:30.247, ubuntu22-d, mtd-zk-2, 0.218541
EXP-LEAD, 2023-07-17T16:43:31.327, ubuntu22-d, mtd-zk-2, START
EXP-LEAD, 2023-07-17T16:43:35.876, ubuntu22-d, mtd-zk-2, END
EXP-LOAD, 2023-07-17T16:43:36.917, ubuntu22-d, mtd-zk-2, 0.153861
EXP-LEAD, 2023-07-17T16:43:37.393, ubuntu22-d, mtd-zk-2, START
EXP-LEAD, 2023-07-17T16:43:44.916, ubuntu22-d, mtd-zk-2, END
EXP-LOAD, 2023-07-17T16:43:45.957, ubuntu22-d, mtd-zk-2, 0.153861
EXP-LOAD, 2023-07-17T16:43:53.546, ubuntu22-d, mtd-zk-2, 0.220034
EXP-LOAD, 2023-07-17T16:43:59.655, ubuntu22-d, mtd-zk-2, 0.220034
EXP-LOAD, 2023-07-17T16:44:10.762, ubuntu22-d, mtd-zk-2, 0.162015
EXP-LOAD, 2023-07-17T16:44:18.847, ubuntu22-d, mtd-zk-2, 0.162015
EXP-LEAD, 2023-07-17T16:44:19.884, ubuntu22-d, mtd-zk-2, START
EXP-LEAD, 2023-07-17T16:44:26.498, ubuntu22-d, mtd-zk-2, END
EXP-LOAD, 2023-07-17T16:44:27.551, ubuntu22-d, mtd-zk-2, 0.222425
EXP-LOAD, 2023-07-17T16:44:34.657, ubuntu22-d, mtd-zk-2, 0.125628
EXP-LEAD, 2023-07-17T16:44:36.705, ubuntu22-d, mtd-zk-2, START
EXP-LEAD, 2023-07-17T16:44:41.438, ubuntu22-d, mtd-zk-2, END
EXP-LOAD, 2023-07-17T16:44:42.589, ubuntu22-d, mtd-zk-2, 0.125628
EXP-LOAD, 2023-07-17T16:44:52.871, ubuntu22-d, mtd-zk-2, 0.234743
EXP-LOAD, 2023-07-17T16:45:01.944, ubuntu22-d, mtd-zk-2, 0.234743
EXP-LOAD, 2023-07-17T16:45:12.046, ubuntu22-d, mtd-zk-2, 0.154935
EXP-LOAD, 2023-07-17T16:45:20.132, ubuntu22-d, mtd-zk-2, 0.105623
EXP-LOAD, 2023-07-17T16:45:27.277, ubuntu22-d, mtd-zk-2, 0.105623
EXP-LOAD, 2023-07-17T16:45:34.354, ubuntu22-d, mtd-zk-2, 0.154631
EXP-LEAD, 2023-07-17T16:45:35.349, ubuntu22-d, mtd-zk-2, START
EXP-LEAD, 2023-07-17T16:45:40.897, ubuntu22-d, mtd-zk-2, END
EXP-LOAD, 2023-07-17T16:45:41.946, ubuntu22-d, mtd-zk-2, 0.154631
EXP-LOAD, 2023-07-17T16:45:53.505, ubuntu22-d, mtd-zk-2, 0.247446
EXP-LEAD, 2023-07-17T16:45:54.011, ubuntu22-d, mtd-zk-2, START
EXP-LEAD, 2023-07-17T16:46:00.569, ubuntu22-d, mtd-zk-2, END
EXP-LOAD, 2023-07-17T16:46:01.607, ubuntu22-d, mtd-zk-2, 0.247446
EXP-LEAD, 2023-07-17T16:46:03.589, ubuntu22-d, mtd-zk-2, START
EXP-LEAD, 2023-07-17T16:46:08.045, ubuntu22-d, mtd-zk-2, END
EXP-LOAD, 2023-07-17T16:46:09.088, ubuntu22-d, mtd-zk-2, 0.163869
EXP-LEAD, 2023-07-17T16:46:10.190, ubuntu22-d, mtd-zk-2, START
EXP-LEAD, 2023-07-17T16:46:17.790, ubuntu22-d, mtd-zk-2, END
EXP-LOAD, 2023-07-17T16:46:18.841, ubuntu22-d, mtd-zk-2, 0.163869
EXP-LOAD, 2023-07-17T16:46:25.317, ubuntu22-d, mtd-zk-2, 0.167533
EXP-LEAD, 2023-07-17T16:46:26.339, ubuntu22-d, mtd-zk-2, START
EXP-LEAD, 2023-07-17T16:46:30.941, ubuntu22-d, mtd-zk-2, END
EXP-LOAD, 2023-07-17T16:46:31.982, ubuntu22-d, mtd-zk-2, 0.167533
EXP-LOAD, 2023-07-17T16:46:42.518, ubuntu22-d, mtd-zk-2, 0.178408
EXP-LEAD, 2023-07-17T16:46:42.545, ubuntu22-d, mtd-zk-2, START
EXP-LEAD, 2023-07-17T16:46:48.166, ubuntu22-d, mtd-zk-2, END
EXP-LOAD, 2023-07-17T16:46:49.210, ubuntu22-d, mtd-zk-2, 0.231923
EXP-LEAD, 2023-07-17T16:46:50.633, ubuntu22-d, mtd-zk-2, START
EXP-LEAD, 2023-07-17T16:46:58.327, ubuntu22-d, mtd-zk-2, END
EXP-LOAD, 2023-07-17T16:46:59.370, ubuntu22-d, mtd-zk-2, 0.231923
EXP-LOAD, 2023-07-17T16:47:04.759, ubuntu22-d, mtd-zk-2, 0.136627
EXP-LEAD, 2023-07-17T16:47:06.810, ubuntu22-d, mtd-zk-2, START
EXP-LEAD, 2023-07-17T16:47:12.324, ubuntu22-d, mtd-zk-2, END
EXP-LOAD, 2023-07-17T16:47:13.372, ubuntu22-d, mtd-zk-2, 0.136627
EXP-LOAD, 2023-07-17T16:47:23.915, ubuntu22-d, mtd-zk-2, 0.229362
EXP-LOAD, 2023-07-17T16:47:32.974, ubuntu22-d, mtd-zk-2, 0.229362
EXP-LEAD, 2023-07-17T16:47:34.007, ubuntu22-d, mtd-zk-2, START
EXP-LEAD, 2023-07-17T16:47:39.501, ubuntu22-d, mtd-zk-2, END
EXP-LOAD, 2023-07-17T16:47:40.546, ubuntu22-d, mtd-zk-2, 0.139629
EXP-LEAD, 2023-07-17T16:47:42.104, ubuntu22-d, mtd-zk-2, START
EXP-LEAD, 2023-07-17T16:47:49.591, ubuntu22-d, mtd-zk-2, END
EXP-LOAD, 2023-07-17T16:47:50.635, ubuntu22-d, mtd-zk-2, 0.166125
EXP-LEAD, 2023-07-17T16:47:53.237, ubuntu22-d, mtd-zk-2, START
EXP-LEAD, 2023-07-17T16:47:58.687, ubuntu22-d, mtd-zk-2, END
EXP-LOAD, 2023-07-17T16:47:59.720, ubuntu22-d, mtd-zk-2, 0.166125
EXP-LOAD, 2023-07-17T16:48:10.376, ubuntu22-d, mtd-zk-2, 0.179220
EXP-LOAD, 2023-07-17T16:48:16.479, ubuntu22-d, mtd-zk-2, 0.179220
EXP-LOAD, 2023-07-17T16:48:28.549, ubuntu22-d, mtd-zk-2, 0.115059
EXP-LOAD, 2023-07-17T16:48:35.644, ubuntu22-d, mtd-zk-2, 0.103837
EXP-LOAD, 2023-07-17T16:48:43.293, ubuntu22-d, mtd-zk-2, 0.103837
EXP-LEAD, 2023-07-17T16:48:46.315, ubuntu22-d, mtd-zk-2, START
EXP-LEAD, 2023-07-17T16:48:51.763, ubuntu22-d, mtd-zk-2, END
EXP-LOAD, 2023-07-17T16:48:52.805, ubuntu22-d, mtd-zk-2, 0.212960
EXP-LOAD, 2023-07-17T16:49:00.486, ubuntu22-d, mtd-zk-2, 0.212960
EXP-LOAD, 2023-07-17T16:49:08.578, ubuntu22-d, mtd-zk-2, 0.232424
EXP-LOAD, 2023-07-17T16:49:19.689, ubuntu22-d, mtd-zk-2, 0.163411
EXP-LEAD, 2023-07-17T16:49:20.687, ubuntu22-d, mtd-zk-2, START
EXP-LEAD, 2023-07-17T16:49:26.157, ubuntu22-d, mtd-zk-2, END
EXP-LOAD, 2023-07-17T16:49:27.214, ubuntu22-d, mtd-zk-2, 0.163411
EXP-LEAD, 2023-07-17T16:49:28.238, ubuntu22-d, mtd-zk-2, START
EXP-LEAD, 2023-07-17T16:49:34.740, ubuntu22-d, mtd-zk-2, END
EXP-LOAD, 2023-07-17T16:49:35.802, ubuntu22-d, mtd-zk-2, 0.168420
EXP-LOAD, 2023-07-17T16:49:44.377, ubuntu22-d, mtd-zk-2, 0.168420
EXP-LEAD, 2023-07-17T16:49:44.401, ubuntu22-d, mtd-zk-2, START
EXP-LEAD, 2023-07-17T16:49:50.959, ubuntu22-d, mtd-zk-2, END
EXP-LOAD, 2023-07-17T16:49:52.005, ubuntu22-d, mtd-zk-2, 0.139517
EXP-LEAD, 2023-07-17T16:49:53.046, ubuntu22-d, mtd-zk-2, START
EXP-LEAD, 2023-07-17T16:49:57.576, ubuntu22-d, mtd-zk-2, END
EXP-LOAD, 2023-07-17T16:49:58.618, ubuntu22-d, mtd-zk-2, 0.139517
EXP-LEAD, 2023-07-17T16:49:59.157, ubuntu22-d, mtd-zk-2, START
EXP-LEAD, 2023-07-17T16:50:08.924, ubuntu22-d, mtd-zk-2, END
EXP-LOAD, 2023-07-17T16:50:09.973, ubuntu22-d, mtd-zk-2, 0.171413
EXP-LEAD, 2023-07-17T16:50:10.011, ubuntu22-d, mtd-zk-2, START
EXP-LEAD, 2023-07-17T16:50:14.586, ubuntu22-d, mtd-zk-2, END
EXP-LOAD, 2023-07-17T16:50:15.623, ubuntu22-d, mtd-zk-2, 0.171413
EXP-LEAD, 2023-07-17T16:50:16.119, ubuntu22-d, mtd-zk-2, START
EXP-LEAD, 2023-07-17T16:50:20.680, ubuntu22-d, mtd-zk-2, END
EXP-LOAD, 2023-07-17T16:50:21.752, ubuntu22-d, mtd-zk-2, 0.173232
EXP-LOAD, 2023-07-17T16:50:28.265, ubuntu22-d, mtd-zk-2, 0.173232
EXP-LOAD, 2023-07-17T16:50:35.351, ubuntu22-d, mtd-zk-2, 0.188637
EXP-LOAD, 2023-07-17T16:50:44.475, ubuntu22-d, mtd-zk-2, 0.188637
EXP-LOAD, 2023-07-17T16:50:52.546, ubuntu22-d, mtd-zk-2, 0.279519
EXP-LOAD, 2023-07-17T16:51:00.630, ubuntu22-d, mtd-zk-2, 0.279519
EXP-LOAD, 2023-07-17T16:51:08.726, ubuntu22-d, mtd-zk-2, 0.163226
EXP-LOAD, 2023-07-17T16:51:18.868, ubuntu22-d, mtd-zk-2, 0.163226
EXP-LOAD, 2023-07-17T16:51:25.954, ubuntu22-d, mtd-zk-2, 0.139810
EXP-LEAD, 2023-07-17T16:51:27.990, ubuntu22-d, mtd-zk-2, START
EXP-LEAD, 2023-07-17T16:51:33.594, ubuntu22-d, mtd-zk-2, END
EXP-LOAD, 2023-07-17T16:51:34.639, ubuntu22-d, mtd-zk-2, 0.209827
EXP-LEAD, 2023-07-17T16:51:37.065, ubuntu22-d, mtd-zk-2, START
EXP-LEAD, 2023-07-17T16:51:43.573, ubuntu22-d, mtd-zk-2, END
EXP-LOAD, 2023-07-17T16:51:44.608, ubuntu22-d, mtd-zk-2, 0.209827
EXP-LOAD, 2023-07-17T16:51:51.702, ubuntu22-d, mtd-zk-2, 0.165439
EXP-LOAD, 2023-07-17T16:52:01.203, ubuntu22-d, mtd-zk-2, 0.165439
EXP-LOAD, 2023-07-17T16:52:09.285, ubuntu22-d, mtd-zk-2, 0.208610
EXP-LOAD, 2023-07-17T16:52:19.393, ubuntu22-d, mtd-zk-2, 0.184492
EXP-LOAD, 2023-07-17T16:52:29.110, ubuntu22-d, mtd-zk-2, 0.184492
EXP-LOAD, 2023-07-17T16:52:34.195, ubuntu22-d, mtd-zk-2, 0.240239
EXP-LEAD, 2023-07-17T16:52:36.256, ubuntu22-d, mtd-zk-2, START
EXP-LEAD, 2023-07-17T16:52:43.787, ubuntu22-d, mtd-zk-2, END
EXP-LOAD, 2023-07-17T16:52:44.841, ubuntu22-d, mtd-zk-2, 0.240239
EXP-LOAD, 2023-07-17T16:52:52.374, ubuntu22-d, mtd-zk-2, 0.192922
EXP-LOAD, 2023-07-17T16:53:02.456, ubuntu22-d, mtd-zk-2, 0.192922
EXP-LEAD, 2023-07-17T16:53:04.483, ubuntu22-d, mtd-zk-2, START
EXP-LEAD, 2023-07-17T16:53:09.954, ubuntu22-d, mtd-zk-2, END
EXP-LOAD, 2023-07-17T16:53:10.993, ubuntu22-d, mtd-zk-2, 0.170012
EXP-LOAD, 2023-07-17T16:53:20.651, ubuntu22-d, mtd-zk-2, 0.166920
EXP-LOAD, 2023-07-17T16:53:29.402, ubuntu22-d, mtd-zk-2, 0.166920
EXP-LEAD, 2023-07-17T16:53:31.436, ubuntu22-d, mtd-zk-2, START
EXP-LEAD, 2023-07-17T16:53:35.916, ubuntu22-d, mtd-zk-2, END
EXP-LOAD, 2023-07-17T16:53:36.960, ubuntu22-d, mtd-zk-2, 0.176018
EXP-LEAD, 2023-07-17T16:53:36.992, ubuntu22-d, mtd-zk-2, START
EXP-LEAD, 2023-07-17T16:53:41.497, ubuntu22-d, mtd-zk-2, END
EXP-LOAD, 2023-07-17T16:53:42.529, ubuntu22-d, mtd-zk-2, 0.176018
EXP-LOAD, 2023-07-17T16:53:51.120, ubuntu22-d, mtd-zk-2, 0.217442
EXP-LOAD, 2023-07-17T16:54:00.212, ubuntu22-d, mtd-zk-2, 0.217442
EXP-LOAD, 2023-07-17T16:54:06.309, ubuntu22-d, mtd-zk-2, 0.155039
EXP-LOAD, 2023-07-17T16:54:16.024, ubuntu22-d, mtd-zk-2, 0.155039
EXP-LEAD, 2023-07-17T16:54:17.703, ubuntu22-d, mtd-zk-2, START
EXP-LEAD, 2023-07-17T16:54:23.207, ubuntu22-d, mtd-zk-2, END
EXP-LOAD, 2023-07-17T16:54:24.254, ubuntu22-d, mtd-zk-2, 0.178536
EXP-LOAD, 2023-07-17T16:54:31.852, ubuntu22-d, mtd-zk-2, 0.178536
EXP-LEAD, 2023-07-17T16:54:33.919, ubuntu22-d, mtd-zk-2, START
EXP-LEAD, 2023-07-17T16:54:41.484, ubuntu22-d, mtd-zk-2, END
EXP-LOAD, 2023-07-17T16:54:42.531, ubuntu22-d, mtd-zk-2, 0.184230
EXP-LOAD, 2023-07-17T16:54:55.055, ubuntu22-d, mtd-zk-2, 0.174119
EXP-LEAD, 2023-07-17T16:54:56.097, ubuntu22-d, mtd-zk-2, START
EXP-LEAD, 2023-07-17T16:55:03.641, ubuntu22-d, mtd-zk-2, END
EXP-LOAD, 2023-07-17T16:55:04.683, ubuntu22-d, mtd-zk-2, 0.143629
EXP-LOAD, 2023-07-17T16:55:13.257, ubuntu22-d, mtd-zk-2, 0.143629
EXP-LOAD, 2023-07-17T16:55:23.345, ubuntu22-d, mtd-zk-2, 0.109822
EXP-LOAD, 2023-07-17T16:55:32.114, ubuntu22-d, mtd-zk-2, 0.109822
EXP-LEAD, 2023-07-17T16:55:32.140, ubuntu22-d, mtd-zk-2, START
EXP-LEAD, 2023-07-17T16:55:37.565, ubuntu22-d, mtd-zk-2, END
EXP-LOAD, 2023-07-17T16:55:38.596, ubuntu22-d, mtd-zk-2, 0.107646
EXP-LOAD, 2023-07-17T16:55:45.291, ubuntu22-d, mtd-zk-2, 0.107646
EXP-LEAD, 2023-07-17T16:55:47.308, ubuntu22-d, mtd-zk-2, START
EXP-LEAD, 2023-07-17T16:55:54.915, ubuntu22-d, mtd-zk-2, END
EXP-LOAD, 2023-07-17T16:55:55.964, ubuntu22-d, mtd-zk-2, 0.185126
EXP-LOAD, 2023-07-17T16:56:04.442, ubuntu22-d, mtd-zk-2, 0.162528
EXP-LEAD, 2023-07-17T16:56:05.968, ubuntu22-d, mtd-zk-2, START
EXP-LEAD, 2023-07-17T16:56:11.498, ubuntu22-d, mtd-zk-2, END
EXP-LOAD, 2023-07-17T16:56:12.547, ubuntu22-d, mtd-zk-2, 0.162528
EXP-LOAD, 2023-07-17T16:56:20.087, ubuntu22-d, mtd-zk-2, 0.188442
EXP-LEAD, 2023-07-17T16:56:22.114, ubuntu22-d, mtd-zk-2, START
EXP-LEAD, 2023-07-17T16:56:29.591, ubuntu22-d, mtd-zk-2, END
EXP-LOAD, 2023-07-17T16:56:30.636, ubuntu22-d, mtd-zk-2, 0.188442
EXP-LOAD, 2023-07-17T16:56:39.244, ubuntu22-d, mtd-zk-2, 0.140536
EXP-LEAD, 2023-07-17T16:56:41.270, ubuntu22-d, mtd-zk-2, START
EXP-LEAD, 2023-07-17T16:56:47.770, ubuntu22-d, mtd-zk-2, END
EXP-LOAD, 2023-07-17T16:56:48.815, ubuntu22-d, mtd-zk-2, 0.140536
EXP-LOAD, 2023-07-17T16:56:54.894, ubuntu22-d, mtd-zk-2, 0.199053
EXP-LOAD, 2023-07-17T16:57:05.400, ubuntu22-d, mtd-zk-2, 0.199657
EXP-LOAD, 2023-07-17T16:57:13.484, ubuntu22-d, mtd-zk-2, 0.199657
EXP-LOAD, 2023-07-17T16:57:19.606, ubuntu22-d, mtd-zk-2, 0.193038
EXP-LOAD, 2023-07-17T16:57:28.701, ubuntu22-d, mtd-zk-2, 0.193038
EXP-LOAD, 2023-07-17T16:57:37.838, ubuntu22-d, mtd-zk-2, 0.177236
EXP-LOAD, 2023-07-17T16:57:47.920, ubuntu22-d, mtd-zk-2, 0.177236
EXP-LOAD, 2023-07-17T16:57:54.015, ubuntu22-d, mtd-zk-2, 0.220884
EXP-LOAD, 2023-07-17T16:58:03.124, ubuntu22-d, mtd-zk-2, 0.220884
EXP-LOAD, 2023-07-17T16:58:09.178, ubuntu22-d, mtd-zk-2, 0.222165
EXP-LOAD, 2023-07-17T16:58:17.764, ubuntu22-d, mtd-zk-2, 0.222165
EXP-LOAD, 2023-07-17T16:58:26.832, ubuntu22-d, mtd-zk-2, 0.279837
EXP-LOAD, 2023-07-17T16:58:36.931, ubuntu22-d, mtd-zk-2, 0.177325
EXP-LOAD, 2023-07-17T16:58:46.496, ubuntu22-d, mtd-zk-2, 0.177325
EXP-LEAD, 2023-07-17T16:58:46.534, ubuntu22-d, mtd-zk-2, START
EXP-LEAD, 2023-07-17T16:58:54.405, ubuntu22-d, mtd-zk-2, END
EXP-LOAD, 2023-07-17T16:58:55.456, ubuntu22-d, mtd-zk-2, 0.164230
EXP-LEAD, 2023-07-17T16:58:55.768, ubuntu22-d, mtd-zk-2, START
EXP-LEAD, 2023-07-17T16:59:03.356, ubuntu22-d, mtd-zk-2, END
EXP-LOAD, 2023-07-17T16:59:04.391, ubuntu22-d, mtd-zk-2, 0.125817
EXP-LOAD, 2023-07-17T16:59:10.955, ubuntu22-d, mtd-zk-2, 0.125817
EXP-LOAD, 2023-07-17T16:59:19.046, ubuntu22-d, mtd-zk-2, 0.125817
EXP-LOAD, 2023-07-17T16:59:25.144, ubuntu22-d, mtd-zk-2, 0.167350
EXP-LOAD, 2023-07-17T16:59:32.207, ubuntu22-d, mtd-zk-2, 0.167350
EXP-LEAD, 2023-07-17T16:59:33.267, ubuntu22-d, mtd-zk-2, START
EXP-LEAD, 2023-07-17T16:59:42.942, ubuntu22-d, mtd-zk-2, END
EXP-LOAD, 2023-07-17T16:59:43.982, ubuntu22-d, mtd-zk-2, 0.210638
EXP-LOAD, 2023-07-17T16:59:51.415, ubuntu22-d, mtd-zk-2, 0.201816
EXP-LEAD, 2023-07-17T16:59:53.442, ubuntu22-d, mtd-zk-2, START
EXP-LEAD, 2023-07-17T16:59:58.986, ubuntu22-d, mtd-zk-2, END
EXP-LOAD, 2023-07-17T17:00:00.034, ubuntu22-d, mtd-zk-2, 0.201816
EXP-LEAD, 2023-07-17T17:00:01.525, ubuntu22-d, mtd-zk-2, START
EXP-LEAD, 2023-07-17T17:00:10.178, ubuntu22-d, mtd-zk-2, END
EXP-LOAD, 2023-07-17T17:00:11.228, ubuntu22-d, mtd-zk-2, 0.213139
EXP-LEAD, 2023-07-17T17:00:11.615, ubuntu22-d, mtd-zk-2, START
EXP-LEAD, 2023-07-17T17:00:17.323, ubuntu22-d, mtd-zk-2, END
EXP-LOAD, 2023-07-17T17:00:18.363, ubuntu22-d, mtd-zk-2, 0.213139
EXP-LOAD, 2023-07-17T17:00:28.452, ubuntu22-d, mtd-zk-2, 0.143609
EXP-LOAD, 2023-07-17T17:00:34.524, ubuntu22-d, mtd-zk-2, 0.142954
EXP-LOAD, 2023-07-17T17:00:42.612, ubuntu22-d, mtd-zk-2, 0.142954
EXP-LOAD, 2023-07-17T17:00:54.139, ubuntu22-d, mtd-zk-2, 0.215816
EXP-LOAD, 2023-07-17T17:01:02.226, ubuntu22-d, mtd-zk-2, 0.215816
EXP-LOAD, 2023-07-17T17:01:09.338, ubuntu22-d, mtd-zk-2, 0.147940
EXP-LEAD, 2023-07-17T17:01:10.376, ubuntu22-d, mtd-zk-2, START
EXP-LEAD, 2023-07-17T17:01:19.886, ubuntu22-d, mtd-zk-2, END
EXP-LOAD, 2023-07-17T17:01:21.016, ubuntu22-d, mtd-zk-2, 0.234632
EXP-LEAD, 2023-07-17T17:01:22.662, ubuntu22-d, mtd-zk-2, START
EXP-LEAD, 2023-07-17T17:01:27.121, ubuntu22-d, mtd-zk-2, END
EXP-LOAD, 2023-07-17T17:01:28.163, ubuntu22-d, mtd-zk-2, 0.234632
EXP-LEAD, 2023-07-17T17:01:28.742, ubuntu22-d, mtd-zk-2, START
EXP-LEAD, 2023-07-17T17:01:34.317, ubuntu22-d, mtd-zk-2, END
EXP-LOAD, 2023-07-17T17:01:35.354, ubuntu22-d, mtd-zk-2, 0.182925
EXP-LEAD, 2023-07-17T17:01:35.846, ubuntu22-d, mtd-zk-2, START
EXP-LEAD, 2023-07-17T17:01:44.434, ubuntu22-d, mtd-zk-2, END
EXP-LOAD, 2023-07-17T17:01:45.491, ubuntu22-d, mtd-zk-2, 0.182925
EXP-LOAD, 2023-07-17T17:01:53.014, ubuntu22-d, mtd-zk-2, 0.171615
EXP-LOAD, 2023-07-17T17:02:05.080, ubuntu22-d, mtd-zk-2, 0.192542
EXP-LEAD, 2023-07-17T17:02:07.104, ubuntu22-d, mtd-zk-2, START
EXP-LEAD, 2023-07-17T17:02:11.663, ubuntu22-d, mtd-zk-2, END
EXP-LOAD, 2023-07-17T17:02:12.704, ubuntu22-d, mtd-zk-2, 0.192542
EXP-LEAD, 2023-07-17T17:02:14.174, ubuntu22-d, mtd-zk-2, START
EXP-LEAD, 2023-07-17T17:02:19.888, ubuntu22-d, mtd-zk-2, END
EXP-LOAD, 2023-07-17T17:02:20.936, ubuntu22-d, mtd-zk-2, 0.273260
EXP-LOAD, 2023-07-17T17:02:27.319, ubuntu22-d, mtd-zk-2, 0.273260
EXP-LOAD, 2023-07-17T17:02:36.395, ubuntu22-d, mtd-zk-2, 0.204129
EXP-LOAD, 2023-07-17T17:02:42.999, ubuntu22-d, mtd-zk-2, 0.204129
EXP-LEAD, 2023-07-17T17:02:44.419, ubuntu22-d, mtd-zk-2, START
EXP-LEAD, 2023-07-17T17:02:51.964, ubuntu22-d, mtd-zk-2, END
EXP-LOAD, 2023-07-17T17:02:53.005, ubuntu22-d, mtd-zk-2, 0.206196
EXP-LEAD, 2023-07-17T17:02:53.513, ubuntu22-d, mtd-zk-2, START
EXP-LEAD, 2023-07-17T17:02:58.961, ubuntu22-d, mtd-zk-2, END
EXP-LOAD, 2023-07-17T17:03:00.008, ubuntu22-d, mtd-zk-2, 0.206196
EXP-LOAD, 2023-07-17T17:03:07.887, ubuntu22-d, mtd-zk-2, 0.160735
EXP-LOAD, 2023-07-17T17:03:14.319, ubuntu22-d, mtd-zk-2, 0.160735
EXP-LOAD, 2023-07-17T17:03:22.402, ubuntu22-d, mtd-zk-2, 0.293654
EXP-LOAD, 2023-07-17T17:03:34.498, ubuntu22-d, mtd-zk-2, 0.199450
EXP-LOAD, 2023-07-17T17:03:41.603, ubuntu22-d, mtd-zk-2, 0.199450
EXP-LOAD, 2023-07-17T17:03:53.677, ubuntu22-d, mtd-zk-2, 0.200438
EXP-LOAD, 2023-07-17T17:04:02.745, ubuntu22-d, mtd-zk-2, 0.200438
EXP-LEAD, 2023-07-17T17:04:03.773, ubuntu22-d, mtd-zk-2, START
EXP-LEAD, 2023-07-17T17:04:08.268, ubuntu22-d, mtd-zk-2, END
EXP-LOAD, 2023-07-17T17:04:09.314, ubuntu22-d, mtd-zk-2, 0.153720
EXP-LEAD, 2023-07-17T17:04:10.864, ubuntu22-d, mtd-zk-2, START
EXP-LEAD, 2023-07-17T17:04:19.399, ubuntu22-d, mtd-zk-2, END
EXP-LOAD, 2023-07-17T17:04:20.467, ubuntu22-d, mtd-zk-2, 0.282833
EXP-LEAD, 2023-07-17T17:04:21.962, ubuntu22-d, mtd-zk-2, START
EXP-LEAD, 2023-07-17T17:04:27.468, ubuntu22-d, mtd-zk-2, END
EXP-LOAD, 2023-07-17T17:04:28.512, ubuntu22-d, mtd-zk-2, 0.282833
EXP-LOAD, 2023-07-17T17:04:38.137, ubuntu22-d, mtd-zk-2, 0.142537
EXP-LOAD, 2023-07-17T17:04:46.228, ubuntu22-d, mtd-zk-2, 0.142537
EXP-LEAD, 2023-07-17T17:04:48.249, ubuntu22-d, mtd-zk-2, START
EXP-LEAD, 2023-07-17T17:04:52.751, ubuntu22-d, mtd-zk-2, END
EXP-LOAD, 2023-07-17T17:04:53.793, ubuntu22-d, mtd-zk-2, 0.168432
EXP-LOAD, 2023-07-17T17:05:01.385, ubuntu22-d, mtd-zk-2, 0.168432
EXP-LOAD, 2023-07-17T17:05:10.480, ubuntu22-d, mtd-zk-2, 0.191055
EXP-LOAD, 2023-07-17T17:05:17.122, ubuntu22-d, mtd-zk-2, 0.191055
EXP-LEAD, 2023-07-17T17:05:17.155, ubuntu22-d, mtd-zk-2, START
EXP-LEAD, 2023-07-17T17:05:22.674, ubuntu22-d, mtd-zk-2, END
EXP-LOAD, 2023-07-17T17:05:23.715, ubuntu22-d, mtd-zk-2, 0.240223
EXP-LOAD, 2023-07-17T17:05:31.270, ubuntu22-d, mtd-zk-2, 0.240223
EXP-LOAD, 2023-07-17T17:05:40.387, ubuntu22-d, mtd-zk-2, 0.227959
EXP-LOAD, 2023-07-17T17:05:47.921, ubuntu22-d, mtd-zk-2, 0.227959
EXP-LOAD, 2023-07-17T17:05:55.395, ubuntu22-d, mtd-zk-2, 0.151610
EXP-LOAD, 2023-07-17T17:06:05.493, ubuntu22-d, mtd-zk-2, 0.185945
EXP-LOAD, 2023-07-17T17:06:13.052, ubuntu22-d, mtd-zk-2, 0.185945
EXP-LOAD, 2023-07-17T17:06:21.181, ubuntu22-d, mtd-zk-2, 0.276312
EXP-LOAD, 2023-07-17T17:06:29.253, ubuntu22-d, mtd-zk-2, 0.276312
EXP-LOAD, 2023-07-17T17:06:36.478, ubuntu22-d, mtd-zk-2, 0.219930
EXP-LOAD, 2023-07-17T17:06:44.508, ubuntu22-d, mtd-zk-2, 0.219930
EXP-LOAD, 2023-07-17T17:06:51.687, ubuntu22-d, mtd-zk-2, 0.245021
EXP-LOAD, 2023-07-17T17:07:03.774, ubuntu22-d, mtd-zk-2, 0.245021
EXP-LEAD, 2023-07-17T17:07:05.817, ubuntu22-d, mtd-zk-2, START
EXP-LEAD, 2023-07-17T17:07:11.271, ubuntu22-d, mtd-zk-2, END
EXP-LOAD, 2023-07-17T17:07:12.304, ubuntu22-d, mtd-zk-2, 0.140316
EXP-LOAD, 2023-07-17T17:07:22.969, ubuntu22-d, mtd-zk-2, 0.242247
EXP-LOAD, 2023-07-17T17:07:29.086, ubuntu22-d, mtd-zk-2, 0.242247
EXP-LOAD, 2023-07-17T17:07:39.167, ubuntu22-d, mtd-zk-2, 0.166125
EXP-LEAD, 2023-07-17T17:07:40.182, ubuntu22-d, mtd-zk-2, START
EXP-LEAD, 2023-07-17T17:07:44.650, ubuntu22-d, mtd-zk-2, END
EXP-LOAD, 2023-07-17T17:07:45.680, ubuntu22-d, mtd-zk-2, 0.166125
EXP-LOAD, 2023-07-17T17:07:51.786, ubuntu22-d, mtd-zk-2, 0.185214
EXP-LEAD, 2023-07-17T17:07:52.811, ubuntu22-d, mtd-zk-2, START
EXP-LEAD, 2023-07-17T17:07:57.232, ubuntu22-d, mtd-zk-2, END
EXP-LOAD, 2023-07-17T17:07:58.282, ubuntu22-d, mtd-zk-2, 0.185214
EXP-LOAD, 2023-07-17T17:08:05.951, ubuntu22-d, mtd-zk-2, 0.198427
EXP-LOAD, 2023-07-17T17:08:16.478, ubuntu22-d, mtd-zk-2, 0.198427
EXP-LOAD, 2023-07-17T17:08:25.542, ubuntu22-d, mtd-zk-2, 0.182846
EXP-LOAD, 2023-07-17T17:08:32.657, ubuntu22-d, mtd-zk-2, 0.182846
EXP-LOAD, 2023-07-17T17:08:40.740, ubuntu22-d, mtd-zk-2, 0.221128
EXP-LOAD, 2023-07-17T17:08:47.830, ubuntu22-d, mtd-zk-2, 0.221128
EXP-LOAD, 2023-07-17T17:08:59.897, ubuntu22-d, mtd-zk-2, 0.274826
EXP-LEAD, 2023-07-17T17:09:00.915, ubuntu22-d, mtd-zk-2, START
EXP-LEAD, 2023-07-17T17:09:05.567, ubuntu22-d, mtd-zk-2, END
EXP-LOAD, 2023-07-17T17:09:06.611, ubuntu22-d, mtd-zk-2, 0.167542
EXP-LOAD, 2023-07-17T17:09:14.091, ubuntu22-d, mtd-zk-2, 0.167542
EXP-LEAD, 2023-07-17T17:09:15.583, ubuntu22-d, mtd-zk-2, START
EXP-LEAD, 2023-07-17T17:09:26.445, ubuntu22-d, mtd-zk-2, END
EXP-LOAD, 2023-07-17T17:09:27.488, ubuntu22-d, mtd-zk-2, 0.151823
EXP-LEAD, 2023-07-17T17:09:28.684, ubuntu22-d, mtd-zk-2, START
EXP-LEAD, 2023-07-17T17:09:34.260, ubuntu22-d, mtd-zk-2, END
EXP-LOAD, 2023-07-17T17:09:35.299, ubuntu22-d, mtd-zk-2, 0.196826
EXP-LEAD, 2023-07-17T17:09:35.796, ubuntu22-d, mtd-zk-2, START
EXP-LEAD, 2023-07-17T17:09:40.446, ubuntu22-d, mtd-zk-2, END
EXP-LOAD, 2023-07-17T17:09:41.523, ubuntu22-d, mtd-zk-2, 0.196826
EXP-LEAD, 2023-07-17T17:09:42.898, ubuntu22-d, mtd-zk-2, START
EXP-LEAD, 2023-07-17T17:09:47.333, ubuntu22-d, mtd-zk-2, END
EXP-LOAD, 2023-07-17T17:09:48.371, ubuntu22-d, mtd-zk-2, 0.196826
EXP-LEAD, 2023-07-17T17:09:50.001, ubuntu22-d, mtd-zk-2, START
EXP-LEAD, 2023-07-17T17:09:54.424, ubuntu22-d, mtd-zk-2, END
EXP-LOAD, 2023-07-17T17:09:55.473, ubuntu22-d, mtd-zk-2, 0.200373
EXP-LOAD, 2023-07-17T17:10:06.143, ubuntu22-d, mtd-zk-2, 0.180021
EXP-LOAD, 2023-07-17T17:10:12.227, ubuntu22-d, mtd-zk-2, 0.180021
EXP-LOAD, 2023-07-17T17:10:20.573, ubuntu22-d, mtd-zk-2, 0.221675
EXP-LEAD, 2023-07-17T17:10:22.709, ubuntu22-d, mtd-zk-2, START
EXP-LEAD, 2023-07-17T17:10:30.206, ubuntu22-d, mtd-zk-2, END
EXP-LOAD, 2023-07-17T17:10:31.261, ubuntu22-d, mtd-zk-2, 0.221675
EXP-LOAD, 2023-07-17T17:10:39.849, ubuntu22-d, mtd-zk-2, 0.183422
EXP-LOAD, 2023-07-17T17:10:48.965, ubuntu22-d, mtd-zk-2, 0.183422
EXP-LOAD, 2023-07-17T17:10:54.718, ubuntu22-d, mtd-zk-2, 0.095455
EXP-LOAD, 2023-07-17T17:11:02.726, ubuntu22-d, mtd-zk-2, 0.095455
EXP-LOAD, 2023-07-17T17:11:09.821, ubuntu22-d, mtd-zk-2, 0.201685
EXP-LOAD, 2023-07-17T17:11:20.378, ubuntu22-d, mtd-zk-2, 0.208065
EXP-LEAD, 2023-07-17T17:11:22.435, ubuntu22-d, mtd-zk-2, START
EXP-LEAD, 2023-07-17T17:11:27.898, ubuntu22-d, mtd-zk-2, END
EXP-LOAD, 2023-07-17T17:11:28.933, ubuntu22-d, mtd-zk-2, 0.208065
EXP-LEAD, 2023-07-17T17:11:30.496, ubuntu22-d, mtd-zk-2, START
EXP-LEAD, 2023-07-17T17:11:36.972, ubuntu22-d, mtd-zk-2, END
EXP-LOAD, 2023-07-17T17:11:38.020, ubuntu22-d, mtd-zk-2, 0.219035
EXP-LOAD, 2023-07-17T17:11:45.623, ubuntu22-d, mtd-zk-2, 0.219035
EXP-LOAD, 2023-07-17T17:11:56.804, ubuntu22-d, mtd-zk-2, 0.248429
EXP-LEAD, 2023-07-17T17:11:57.887, ubuntu22-d, mtd-zk-2, START
EXP-LEAD, 2023-07-17T17:12:02.449, ubuntu22-d, mtd-zk-2, END
EXP-LOAD, 2023-07-17T17:12:03.488, ubuntu22-d, mtd-zk-2, 0.248429
EXP-LEAD, 2023-07-17T17:12:04.964, ubuntu22-d, mtd-zk-2, START
EXP-LEAD, 2023-07-17T17:12:12.443, ubuntu22-d, mtd-zk-2, END
EXP-LOAD, 2023-07-17T17:12:13.481, ubuntu22-d, mtd-zk-2, 0.180436
EXP-LEAD, 2023-07-17T17:12:14.498, ubuntu22-d, mtd-zk-2, START
EXP-LEAD, 2023-07-17T17:12:20.063, ubuntu22-d, mtd-zk-2, END
EXP-LOAD, 2023-07-17T17:12:21.106, ubuntu22-d, mtd-zk-2, 0.138632
EXP-LEAD, 2023-07-17T17:12:23.576, ubuntu22-d, mtd-zk-2, START
EXP-LEAD, 2023-07-17T17:12:29.006, ubuntu22-d, mtd-zk-2, END
EXP-LOAD, 2023-07-17T17:12:30.056, ubuntu22-d, mtd-zk-2, 0.138632
EXP-LEAD, 2023-07-17T17:12:31.082, ubuntu22-d, mtd-zk-2, START
EXP-LEAD, 2023-07-17T17:12:40.741, ubuntu22-d, mtd-zk-2, END
EXP-LOAD, 2023-07-17T17:12:41.806, ubuntu22-d, mtd-zk-2, 0.236537
EXP-LEAD, 2023-07-17T17:12:43.217, ubuntu22-d, mtd-zk-2, START
EXP-LEAD, 2023-07-17T17:12:47.596, ubuntu22-d, mtd-zk-2, END
EXP-LOAD, 2023-07-17T17:12:48.638, ubuntu22-d, mtd-zk-2, 0.236537
EXP-LEAD, 2023-07-17T17:12:50.355, ubuntu22-d, mtd-zk-2, START
EXP-LEAD, 2023-07-17T17:12:57.944, ubuntu22-d, mtd-zk-2, END
EXP-LOAD, 2023-07-17T17:12:58.984, ubuntu22-d, mtd-zk-2, 0.116426
EXP-LEAD, 2023-07-17T17:13:01.373, ubuntu22-d, mtd-zk-2, START
EXP-LEAD, 2023-07-17T17:13:05.892, ubuntu22-d, mtd-zk-2, END
EXP-LOAD, 2023-07-17T17:13:06.938, ubuntu22-d, mtd-zk-2, 0.161072
EXP-LOAD, 2023-07-17T17:13:18.489, ubuntu22-d, mtd-zk-2, 0.161072
EXP-LOAD, 2023-07-17T17:13:24.590, ubuntu22-d, mtd-zk-2, 0.118014
EXP-LOAD, 2023-07-17T17:13:35.686, ubuntu22-d, mtd-zk-2, 0.217495
EXP-LOAD, 2023-07-17T17:13:43.732, ubuntu22-d, mtd-zk-2, 0.217495
EXP-LOAD, 2023-07-17T17:13:53.836, ubuntu22-d, mtd-zk-2, 0.198321
EXP-LEAD, 2023-07-17T17:13:54.853, ubuntu22-d, mtd-zk-2, START
EXP-LEAD, 2023-07-17T17:14:00.379, ubuntu22-d, mtd-zk-2, END
EXP-LOAD, 2023-07-17T17:14:01.422, ubuntu22-d, mtd-zk-2, 0.198321
EXP-LOAD, 2023-07-17T17:14:09.268, ubuntu22-d, mtd-zk-2, 0.137252
EXP-LOAD, 2023-07-17T17:14:16.118, ubuntu22-d, mtd-zk-2, 0.137252
EXP-LOAD, 2023-07-17T17:14:24.185, ubuntu22-d, mtd-zk-2, 0.226713
EXP-LOAD, 2023-07-17T17:14:34.283, ubuntu22-d, mtd-zk-2, 0.253635
EXP-LEAD, 2023-07-17T17:14:35.900, ubuntu22-d, mtd-zk-2, START
EXP-LEAD, 2023-07-17T17:14:41.409, ubuntu22-d, mtd-zk-2, END
EXP-LOAD, 2023-07-17T17:14:42.444, ubuntu22-d, mtd-zk-2, 0.253635
EXP-LOAD, 2023-07-17T17:14:52.068, ubuntu22-d, mtd-zk-2, 0.114625
EXP-LEAD, 2023-07-17T17:14:52.988, ubuntu22-d, mtd-zk-2, START
EXP-LEAD, 2023-07-17T17:14:57.532, ubuntu22-d, mtd-zk-2, END
EXP-LOAD, 2023-07-17T17:14:58.573, ubuntu22-d, mtd-zk-2, 0.114625
EXP-LEAD, 2023-07-17T17:15:00.085, ubuntu22-d, mtd-zk-2, START
EXP-LEAD, 2023-07-17T17:15:05.556, ubuntu22-d, mtd-zk-2, END
EXP-LOAD, 2023-07-17T17:15:06.604, ubuntu22-d, mtd-zk-2, 0.177015
EXP-LOAD, 2023-07-17T17:15:20.265, ubuntu22-d, mtd-zk-2, 0.168946
EXP-LOAD, 2023-07-17T17:15:27.320, ubuntu22-d, mtd-zk-2, 0.168946
EXP-LOAD, 2023-07-17T17:15:34.408, ubuntu22-d, mtd-zk-2, 0.135638
EXP-LOAD, 2023-07-17T17:15:40.489, ubuntu22-d, mtd-zk-2, 0.135638
EXP-LOAD, 2023-07-17T17:15:52.161, ubuntu22-d, mtd-zk-2, 0.169927
EXP-LOAD, 2023-07-17T17:16:01.231, ubuntu22-d, mtd-zk-2, 0.169927
EXP-LOAD, 2023-07-17T17:16:07.399, ubuntu22-d, mtd-zk-2, 0.141019
EXP-LEAD, 2023-07-17T17:16:08.328, ubuntu22-d, mtd-zk-2, START
EXP-LEAD, 2023-07-17T17:16:13.766, ubuntu22-d, mtd-zk-2, END
EXP-LOAD, 2023-07-17T17:16:14.805, ubuntu22-d, mtd-zk-2, 0.141019
EXP-LOAD, 2023-07-17T17:16:25.885, ubuntu22-d, mtd-zk-2, 0.183037
EXP-LOAD, 2023-07-17T17:16:34.425, ubuntu22-d, mtd-zk-2, 0.126020
EXP-LEAD, 2023-07-17T17:16:35.457, ubuntu22-d, mtd-zk-2, START
EXP-LEAD, 2023-07-17T17:16:43.025, ubuntu22-d, mtd-zk-2, END
EXP-LOAD, 2023-07-17T17:16:44.067, ubuntu22-d, mtd-zk-2, 0.126020
EXP-LEAD, 2023-07-17T17:16:45.549, ubuntu22-d, mtd-zk-2, START
EXP-LEAD, 2023-07-17T17:16:51.058, ubuntu22-d, mtd-zk-2, END
EXP-LOAD, 2023-07-17T17:16:52.103, ubuntu22-d, mtd-zk-2, 0.129842
EXP-LOAD, 2023-07-17T17:16:58.262, ubuntu22-d, mtd-zk-2, 0.129842
EXP-LEAD, 2023-07-17T17:16:59.847, ubuntu22-d, mtd-zk-2, START
EXP-LEAD, 2023-07-17T17:17:05.373, ubuntu22-d, mtd-zk-2, END
EXP-LOAD, 2023-07-17T17:17:06.414, ubuntu22-d, mtd-zk-2, 0.158630
EXP-LEAD, 2023-07-17T17:17:07.932, ubuntu22-d, mtd-zk-2, START
EXP-LEAD, 2023-07-17T17:17:13.377, ubuntu22-d, mtd-zk-2, END
EXP-LOAD, 2023-07-17T17:17:14.444, ubuntu22-d, mtd-zk-2, 0.158630
EXP-LOAD, 2023-07-17T17:17:22.096, ubuntu22-d, mtd-zk-2, 0.215534
EXP-LOAD, 2023-07-17T17:17:33.137, ubuntu22-d, mtd-zk-2, 0.215534
EXP-LOAD, 2023-07-17T17:17:39.226, ubuntu22-d, mtd-zk-2, 0.222629
EXP-LOAD, 2023-07-17T17:17:50.309, ubuntu22-d, mtd-zk-2, 0.134240
EXP-LEAD, 2023-07-17T17:17:51.323, ubuntu22-d, mtd-zk-2, START
EXP-LEAD, 2023-07-17T17:17:55.766, ubuntu22-d, mtd-zk-2, END
EXP-LOAD, 2023-07-17T17:17:56.814, ubuntu22-d, mtd-zk-2, 0.134240
EXP-LOAD, 2023-07-17T17:18:03.493, ubuntu22-d, mtd-zk-2, 0.134240
EXP-LEAD, 2023-07-17T17:18:04.509, ubuntu22-d, mtd-zk-2, START
EXP-LEAD, 2023-07-17T17:18:12.195, ubuntu22-d, mtd-zk-2, END
EXP-LOAD, 2023-07-17T17:18:13.237, ubuntu22-d, mtd-zk-2, 0.106446
EXP-LEAD, 2023-07-17T17:18:14.640, ubuntu22-d, mtd-zk-2, START
EXP-LEAD, 2023-07-17T17:18:19.155, ubuntu22-d, mtd-zk-2, END
EXP-LOAD, 2023-07-17T17:18:20.199, ubuntu22-d, mtd-zk-2, 0.210338
EXP-LEAD, 2023-07-17T17:18:21.694, ubuntu22-d, mtd-zk-2, START
EXP-LEAD, 2023-07-17T17:18:28.212, ubuntu22-d, mtd-zk-2, END
EXP-LOAD, 2023-07-17T17:18:29.261, ubuntu22-d, mtd-zk-2, 0.210338
EXP-LEAD, 2023-07-17T17:18:30.771, ubuntu22-d, mtd-zk-2, START
EXP-LEAD, 2023-07-17T17:18:35.203, ubuntu22-d, mtd-zk-2, END
EXP-LOAD, 2023-07-17T17:18:36.256, ubuntu22-d, mtd-zk-2, 0.215425
EXP-LOAD, 2023-07-17T17:18:46.905, ubuntu22-d, mtd-zk-2, 0.215425
EXP-LEAD, 2023-07-17T17:18:48.955, ubuntu22-d, mtd-zk-2, START
EXP-LEAD, 2023-07-17T17:18:53.420, ubuntu22-d, mtd-zk-2, END
EXP-LOAD, 2023-07-17T17:18:54.453, ubuntu22-d, mtd-zk-2, 0.185130
EXP-LEAD, 2023-07-17T17:18:56.011, ubuntu22-d, mtd-zk-2, START
EXP-LEAD, 2023-07-17T17:19:00.514, ubuntu22-d, mtd-zk-2, END
EXP-LOAD, 2023-07-17T17:19:01.553, ubuntu22-d, mtd-zk-2, 0.185130
EXP-LOAD, 2023-07-17T17:19:10.629, ubuntu22-d, mtd-zk-2, 0.209619
EXP-LOAD, 2023-07-17T17:19:17.720, ubuntu22-d, mtd-zk-2, 0.209619
EXP-LOAD, 2023-07-17T17:19:28.286, ubuntu22-d, mtd-zk-2, 0.158731
EXP-LEAD, 2023-07-17T17:19:30.324, ubuntu22-d, mtd-zk-2, START
EXP-LEAD, 2023-07-17T17:19:35.963, ubuntu22-d, mtd-zk-2, END
EXP-LOAD, 2023-07-17T17:19:37.011, ubuntu22-d, mtd-zk-2, 0.117639
EXP-LEAD, 2023-07-17T17:19:38.406, ubuntu22-d, mtd-zk-2, START
EXP-LEAD, 2023-07-17T17:19:43.941, ubuntu22-d, mtd-zk-2, END
EXP-LOAD, 2023-07-17T17:19:44.988, ubuntu22-d, mtd-zk-2, 0.117639
EXP-LEAD, 2023-07-17T17:19:46.490, ubuntu22-d, mtd-zk-2, START
EXP-LEAD, 2023-07-17T17:19:55.152, ubuntu22-d, mtd-zk-2, END
EXP-LOAD, 2023-07-17T17:19:56.203, ubuntu22-d, mtd-zk-2, 0.253127
EXP-LEAD, 2023-07-17T17:19:58.625, ubuntu22-d, mtd-zk-2, START
EXP-LEAD, 2023-07-17T17:20:04.146, ubuntu22-d, mtd-zk-2, END
EXP-LOAD, 2023-07-17T17:20:05.325, ubuntu22-d, mtd-zk-2, 0.091639
EXP-LOAD, 2023-07-17T17:20:18.832, ubuntu22-d, mtd-zk-2, 0.091639
EXP-LOAD, 2023-07-17T17:20:24.898, ubuntu22-d, mtd-zk-2, 0.154760
EXP-LEAD, 2023-07-17T17:20:26.930, ubuntu22-d, mtd-zk-2, START
EXP-LEAD, 2023-07-17T17:20:32.425, ubuntu22-d, mtd-zk-2, END
EXP-LOAD, 2023-07-17T17:20:33.470, ubuntu22-d, mtd-zk-2, 0.154760
EXP-LEAD, 2023-07-17T17:20:34.004, ubuntu22-d, mtd-zk-2, START
EXP-LEAD, 2023-07-17T17:20:38.460, ubuntu22-d, mtd-zk-2, END
EXP-LOAD, 2023-07-17T17:20:39.495, ubuntu22-d, mtd-zk-2, 0.201026
EXP-LEAD, 2023-07-17T17:20:40.524, ubuntu22-d, mtd-zk-2, START
EXP-LEAD, 2023-07-17T17:20:48.027, ubuntu22-d, mtd-zk-2, END
EXP-LOAD, 2023-07-17T17:20:49.120, ubuntu22-d, mtd-zk-2, 0.203740
EXP-LOAD, 2023-07-17T17:20:56.823, ubuntu22-d, mtd-zk-2, 0.203740
EXP-LOAD, 2023-07-17T17:21:03.885, ubuntu22-d, mtd-zk-2, 0.203740
EXP-LOAD, 2023-07-17T17:21:12.970, ubuntu22-d, mtd-zk-2, 0.114812
EXP-LEAD, 2023-07-17T17:21:13.999, ubuntu22-d, mtd-zk-2, START
EXP-LEAD, 2023-07-17T17:21:19.620, ubuntu22-d, mtd-zk-2, END
EXP-LOAD, 2023-07-17T17:21:20.662, ubuntu22-d, mtd-zk-2, 0.220998
EXP-LOAD, 2023-07-17T17:21:30.153, ubuntu22-d, mtd-zk-2, 0.220998
EXP-LOAD, 2023-07-17T17:21:38.713, ubuntu22-d, mtd-zk-2, 0.167035
EXP-LOAD, 2023-07-17T17:21:43.836, ubuntu22-d, mtd-zk-2, 0.167035
EXP-LOAD, 2023-07-17T17:21:50.885, ubuntu22-d, mtd-zk-2, 0.251821
EXP-LOAD, 2023-07-17T17:22:01.973, ubuntu22-d, mtd-zk-2, 0.251821
EXP-LOAD, 2023-07-17T17:22:08.050, ubuntu22-d, mtd-zk-2, 0.158021
EXP-LEAD, 2023-07-17T17:22:08.604, ubuntu22-d, mtd-zk-2, START
EXP-LEAD, 2023-07-17T17:22:13.121, ubuntu22-d, mtd-zk-2, END
EXP-LOAD, 2023-07-17T17:22:14.170, ubuntu22-d, mtd-zk-2, 0.158021
EXP-LOAD, 2023-07-17T17:22:23.778, ubuntu22-d, mtd-zk-2, 0.186145
EXP-LOAD, 2023-07-17T17:22:30.876, ubuntu22-d, mtd-zk-2, 0.186145
EXP-LOAD, 2023-07-17T17:22:39.333, ubuntu22-d, mtd-zk-2, 0.180024
EXP-LOAD, 2023-07-17T17:22:47.416, ubuntu22-d, mtd-zk-2, 0.180024
EXP-LOAD, 2023-07-17T17:22:54.494, ubuntu22-d, mtd-zk-2, 0.267346
EXP-LOAD, 2023-07-17T17:23:02.134, ubuntu22-d, mtd-zk-2, 0.267346
EXP-LOAD, 2023-07-17T17:23:11.227, ubuntu22-d, mtd-zk-2, 0.173026
EXP-LEAD, 2023-07-17T17:23:12.265, ubuntu22-d, mtd-zk-2, START
EXP-LEAD, 2023-07-17T17:23:17.786, ubuntu22-d, mtd-zk-2, END
EXP-LOAD, 2023-07-17T17:23:18.833, ubuntu22-d, mtd-zk-2, 0.173026
EXP-LOAD, 2023-07-17T17:23:27.926, ubuntu22-d, mtd-zk-2, 0.174134
EXP-LOAD, 2023-07-17T17:23:34.040, ubuntu22-d, mtd-zk-2, 0.100624
EXP-LOAD, 2023-07-17T17:23:41.599, ubuntu22-d, mtd-zk-2, 0.100624
EXP-LOAD, 2023-07-17T17:23:51.178, ubuntu22-d, mtd-zk-2, 0.222255
EXP-LOAD, 2023-07-17T17:23:58.260, ubuntu22-d, mtd-zk-2, 0.222255
EXP-LEAD, 2023-07-17T17:24:00.351, ubuntu22-d, mtd-zk-2, START
EXP-LEAD, 2023-07-17T17:24:07.914, ubuntu22-d, mtd-zk-2, END
EXP-LOAD, 2023-07-17T17:24:08.960, ubuntu22-d, mtd-zk-2, 0.152837
EXP-LOAD, 2023-07-17T17:24:17.468, ubuntu22-d, mtd-zk-2, 0.152837
EXP-LEAD, 2023-07-17T17:24:18.926, ubuntu22-d, mtd-zk-2, START
EXP-LEAD, 2023-07-17T17:24:25.475, ubuntu22-d, mtd-zk-2, END
EXP-LOAD, 2023-07-17T17:24:26.522, ubuntu22-d, mtd-zk-2, 0.159636
EXP-LOAD, 2023-07-17T17:24:33.072, ubuntu22-d, mtd-zk-2, 0.159636
EXP-LEAD, 2023-07-17T17:24:36.106, ubuntu22-d, mtd-zk-2, START
EXP-LEAD, 2023-07-17T17:24:40.650, ubuntu22-d, mtd-zk-2, END
EXP-LOAD, 2023-07-17T17:24:41.779, ubuntu22-d, mtd-zk-2, 0.193416
EXP-LEAD, 2023-07-17T17:24:43.187, ubuntu22-d, mtd-zk-2, START
EXP-LEAD, 2023-07-17T17:24:48.637, ubuntu22-d, mtd-zk-2, END
EXP-LOAD, 2023-07-17T17:24:49.706, ubuntu22-d, mtd-zk-2, 0.239771
EXP-LOAD, 2023-07-17T17:24:57.320, ubuntu22-d, mtd-zk-2, 0.239771
EXP-LEAD, 2023-07-17T17:24:59.344, ubuntu22-d, mtd-zk-2, START
EXP-LEAD, 2023-07-17T17:25:07.878, ubuntu22-d, mtd-zk-2, END
EXP-LOAD, 2023-07-17T17:25:08.920, ubuntu22-d, mtd-zk-2, 0.164023
EXP-LOAD, 2023-07-17T17:25:15.516, ubuntu22-d, mtd-zk-2, 0.164023
EXP-LOAD, 2023-07-17T17:25:25.095, ubuntu22-d, mtd-zk-2, 0.119482
EXP-LOAD, 2023-07-17T17:25:31.720, ubuntu22-d, mtd-zk-2, 0.119482
EXP-LOAD, 2023-07-17T17:25:40.215, ubuntu22-d, mtd-zk-2, 0.126637
EXP-LOAD, 2023-07-17T17:25:49.293, ubuntu22-d, mtd-zk-2, 0.161141
EXP-LOAD, 2023-07-17T17:25:58.354, ubuntu22-d, mtd-zk-2, 0.161141
EXP-LOAD, 2023-07-17T17:26:07.470, ubuntu22-d, mtd-zk-2, 0.237688
EXP-LOAD, 2023-07-17T17:26:15.542, ubuntu22-d, mtd-zk-2, 0.237688
EXP-LOAD, 2023-07-17T17:26:26.617, ubuntu22-d, mtd-zk-2, 0.201212
EXP-LOAD, 2023-07-17T17:26:34.758, ubuntu22-d, mtd-zk-2, 0.151031
EXP-LOAD, 2023-07-17T17:26:40.867, ubuntu22-d, mtd-zk-2, 0.151031
EXP-LEAD, 2023-07-17T17:26:41.271, ubuntu22-d, mtd-zk-2, START
EXP-LEAD, 2023-07-17T17:26:48.800, ubuntu22-d, mtd-zk-2, END
EXP-LOAD, 2023-07-17T17:26:49.840, ubuntu22-d, mtd-zk-2, 0.196940
EXP-LEAD, 2023-07-17T17:26:50.368, ubuntu22-d, mtd-zk-2, START
EXP-LEAD, 2023-07-17T17:26:54.908, ubuntu22-d, mtd-zk-2, END
EXP-LOAD, 2023-07-17T17:26:55.945, ubuntu22-d, mtd-zk-2, 0.196940
EXP-LOAD, 2023-07-17T17:27:04.519, ubuntu22-d, mtd-zk-2, 0.145822
EXP-LOAD, 2023-07-17T17:27:13.695, ubuntu22-d, mtd-zk-2, 0.145822
EXP-LEAD, 2023-07-17T17:27:16.160, ubuntu22-d, mtd-zk-2, START
EXP-LEAD, 2023-07-17T17:27:20.592, ubuntu22-d, mtd-zk-2, END
EXP-LOAD, 2023-07-17T17:27:21.627, ubuntu22-d, mtd-zk-2, 0.165921
EXP-LOAD, 2023-07-17T17:27:30.305, ubuntu22-d, mtd-zk-2, 0.165921
EXP-LOAD, 2023-07-17T17:27:37.386, ubuntu22-d, mtd-zk-2, 0.137034
EXP-LEAD, 2023-07-17T17:27:38.874, ubuntu22-d, mtd-zk-2, START
EXP-LEAD, 2023-07-17T17:27:44.298, ubuntu22-d, mtd-zk-2, END
EXP-LOAD, 2023-07-17T17:27:45.338, ubuntu22-d, mtd-zk-2, 0.137034
EXP-LOAD, 2023-07-17T17:27:53.029, ubuntu22-d, mtd-zk-2, 0.212927
EXP-LEAD, 2023-07-17T17:27:54.466, ubuntu22-d, mtd-zk-2, START
EXP-LEAD, 2023-07-17T17:27:58.958, ubuntu22-d, mtd-zk-2, END
EXP-LOAD, 2023-07-17T17:28:00.012, ubuntu22-d, mtd-zk-2, 0.212927
EXP-LOAD, 2023-07-17T17:28:07.111, ubuntu22-d, mtd-zk-2, 0.245051
EXP-LOAD, 2023-07-17T17:28:20.631, ubuntu22-d, mtd-zk-2, 0.124016
EXP-LOAD, 2023-07-17T17:28:26.746, ubuntu22-d, mtd-zk-2, 0.124016
EXP-LOAD, 2023-07-17T17:28:34.840, ubuntu22-d, mtd-zk-2, 0.154411
EXP-LOAD, 2023-07-17T17:28:42.917, ubuntu22-d, mtd-zk-2, 0.154411
EXP-LEAD, 2023-07-17T17:28:44.939, ubuntu22-d, mtd-zk-2, START
EXP-LEAD, 2023-07-17T17:28:52.500, ubuntu22-d, mtd-zk-2, END
EXP-LOAD, 2023-07-17T17:28:53.540, ubuntu22-d, mtd-zk-2, 0.188422
EXP-LOAD, 2023-07-17T17:29:03.122, ubuntu22-d, mtd-zk-2, 0.188422
EXP-LOAD, 2023-07-17T17:29:13.195, ubuntu22-d, mtd-zk-2, 0.107422
EXP-LOAD, 2023-07-17T17:29:19.278, ubuntu22-d, mtd-zk-2, 0.123341
EXP-LOAD, 2023-07-17T17:29:26.418, ubuntu22-d, mtd-zk-2, 0.123341
EXP-LOAD, 2023-07-17T17:29:34.466, ubuntu22-d, mtd-zk-2, 0.245427
EXP-LEAD, 2023-07-17T17:29:36.486, ubuntu22-d, mtd-zk-2, START
EXP-LEAD, 2023-07-17T17:29:45.108, ubuntu22-d, mtd-zk-2, END
EXP-LOAD, 2023-07-17T17:29:46.184, ubuntu22-d, mtd-zk-2, 0.245427
EXP-LOAD, 2023-07-17T17:29:53.632, ubuntu22-d, mtd-zk-2, 0.213853
EXP-LOAD, 2023-07-17T17:30:03.771, ubuntu22-d, mtd-zk-2, 0.213853
EXP-LOAD, 2023-07-17T17:30:11.805, ubuntu22-d, mtd-zk-2, 0.136416
EXP-LEAD, 2023-07-17T17:30:13.836, ubuntu22-d, mtd-zk-2, START
EXP-LEAD, 2023-07-17T17:30:19.358, ubuntu22-d, mtd-zk-2, END
EXP-LOAD, 2023-07-17T17:30:20.413, ubuntu22-d, mtd-zk-2, 0.185241
EXP-LOAD, 2023-07-17T17:30:28.023, ubuntu22-d, mtd-zk-2, 0.185241
EXP-LOAD, 2023-07-17T17:30:35.499, ubuntu22-d, mtd-zk-2, 0.181231
EXP-LEAD, 2023-07-17T17:30:36.519, ubuntu22-d, mtd-zk-2, START
EXP-LEAD, 2023-07-17T17:30:42.117, ubuntu22-d, mtd-zk-2, END
EXP-LOAD, 2023-07-17T17:30:43.154, ubuntu22-d, mtd-zk-2, 0.181231
EXP-LEAD, 2023-07-17T17:30:45.181, ubuntu22-d, mtd-zk-2, START
EXP-LEAD, 2023-07-17T17:30:52.761, ubuntu22-d, mtd-zk-2, END
EXP-LOAD, 2023-07-17T17:30:53.797, ubuntu22-d, mtd-zk-2, 0.213523
EXP-LOAD, 2023-07-17T17:31:00.301, ubuntu22-d, mtd-zk-2, 0.213523
EXP-LOAD, 2023-07-17T17:31:07.423, ubuntu22-d, mtd-zk-2, 0.197431
EXP-LOAD, 2023-07-17T17:31:16.929, ubuntu22-d, mtd-zk-2, 0.197431
EXP-LOAD, 2023-07-17T17:31:22.590, ubuntu22-d, mtd-zk-2, 0.169646
EXP-LEAD, 2023-07-17T17:31:24.199, ubuntu22-d, mtd-zk-2, START
EXP-LEAD, 2023-07-17T17:31:28.751, ubuntu22-d, mtd-zk-2, END
