EXP-LOAD, 2023-07-19T01:30:04.333, ubuntu22-d, mtd-zk-2, 0.229817
EXP-LOAD, 2023-07-19T01:30:13.159, ubuntu22-d, mtd-zk-2, 0.062629
EXP-LEAD, 2023-07-19T01:30:14.250, ubuntu22-d, mtd-zk-2, START
EXP-LEAD, 2023-07-19T01:30:20.695, ubuntu22-d, mtd-zk-2, END
EXP-LOAD, 2023-07-19T01:30:21.806, ubuntu22-d, mtd-zk-2, 0.241410
EXP-LEAD, 2023-07-19T01:30:23.481, ubuntu22-d, mtd-zk-2, START
EXP-LEAD, 2023-07-19T01:30:28.362, ubuntu22-d, mtd-zk-2, END
EXP-LOAD, 2023-07-19T01:30:29.424, ubuntu22-d, mtd-zk-2, 0.241410
EXP-LEAD, 2023-07-19T01:30:30.604, ubuntu22-d, mtd-zk-2, START
EXP-LEAD, 2023-07-19T01:30:36.223, ubuntu22-d, mtd-zk-2, END
EXP-LOAD, 2023-07-19T01:30:37.329, ubuntu22-d, mtd-zk-2, 0.370019
EXP-LEAD, 2023-07-19T01:30:38.762, ubuntu22-d, mtd-zk-2, START
EXP-LEAD, 2023-07-19T01:30:43.353, ubuntu22-d, mtd-zk-2, END
EXP-LOAD, 2023-07-19T01:30:44.429, ubuntu22-d, mtd-zk-2, 0.370019
EXP-LEAD, 2023-07-19T01:30:45.917, ubuntu22-d, mtd-zk-2, START
EXP-LEAD, 2023-07-19T01:30:51.663, ubuntu22-d, mtd-zk-2, END
EXP-LOAD, 2023-07-19T01:30:52.744, ubuntu22-d, mtd-zk-2, 0.308336
EXP-LOAD, 2023-07-19T01:31:03.193, ubuntu22-d, mtd-zk-2, 0.308336
EXP-LOAD, 2023-07-19T01:31:11.322, ubuntu22-d, mtd-zk-2, 0.289834
EXP-LEAD, 2023-07-19T01:31:12.927, ubuntu22-d, mtd-zk-2, START
EXP-LEAD, 2023-07-19T01:31:21.630, ubuntu22-d, mtd-zk-2, END
EXP-LOAD, 2023-07-19T01:31:22.690, ubuntu22-d, mtd-zk-2, 0.153261
EXP-LOAD, 2023-07-19T01:31:30.177, ubuntu22-d, mtd-zk-2, 0.153261
EXP-LOAD, 2023-07-19T01:31:38.546, ubuntu22-d, mtd-zk-2, 0.273247
EXP-LOAD, 2023-07-19T01:31:48.760, ubuntu22-d, mtd-zk-2, 0.273247
EXP-LEAD, 2023-07-19T01:31:50.818, ubuntu22-d, mtd-zk-2, START
EXP-LEAD, 2023-07-19T01:31:56.328, ubuntu22-d, mtd-zk-2, END
EXP-LOAD, 2023-07-19T01:31:57.375, ubuntu22-d, mtd-zk-2, 0.149639
EXP-LEAD, 2023-07-19T01:31:59.053, ubuntu22-d, mtd-zk-2, START
EXP-LEAD, 2023-07-19T01:32:03.960, ubuntu22-d, mtd-zk-2, END
EXP-LOAD, 2023-07-19T01:32:05.025, ubuntu22-d, mtd-zk-2, 0.141432
EXP-LOAD, 2023-07-19T01:32:16.163, ubuntu22-d, mtd-zk-2, 0.141432
EXP-LOAD, 2023-07-19T01:32:22.340, ubuntu22-d, mtd-zk-2, 0.297735
EXP-LOAD, 2023-07-19T01:32:32.474, ubuntu22-d, mtd-zk-2, 0.297735
EXP-LOAD, 2023-07-19T01:32:43.609, ubuntu22-d, mtd-zk-2, 0.318417
EXP-LOAD, 2023-07-19T01:32:50.700, ubuntu22-d, mtd-zk-2, 0.120220
EXP-LEAD, 2023-07-19T01:32:51.754, ubuntu22-d, mtd-zk-2, START
EXP-LEAD, 2023-07-19T01:32:57.325, ubuntu22-d, mtd-zk-2, END
EXP-LOAD, 2023-07-19T01:32:58.406, ubuntu22-d, mtd-zk-2, 0.120220
EXP-LOAD, 2023-07-19T01:33:04.954, ubuntu22-d, mtd-zk-2, 0.188838
EXP-LEAD, 2023-07-19T01:33:05.976, ubuntu22-d, mtd-zk-2, START
EXP-LEAD, 2023-07-19T01:33:11.608, ubuntu22-d, mtd-zk-2, END
EXP-LOAD, 2023-07-19T01:33:12.691, ubuntu22-d, mtd-zk-2, 0.188838
EXP-LOAD, 2023-07-19T01:33:20.201, ubuntu22-d, mtd-zk-2, 0.226955
EXP-LOAD, 2023-07-19T01:33:28.318, ubuntu22-d, mtd-zk-2, 0.226955
EXP-LEAD, 2023-07-19T01:33:29.364, ubuntu22-d, mtd-zk-2, START
EXP-LEAD, 2023-07-19T01:33:38.004, ubuntu22-d, mtd-zk-2, END
EXP-LOAD, 2023-07-19T01:33:39.068, ubuntu22-d, mtd-zk-2, 0.269251
EXP-LEAD, 2023-07-19T01:33:41.523, ubuntu22-d, mtd-zk-2, START
EXP-LEAD, 2023-07-19T01:33:47.023, ubuntu22-d, mtd-zk-2, END
EXP-LOAD, 2023-07-19T01:33:48.073, ubuntu22-d, mtd-zk-2, 0.269251
EXP-LOAD, 2023-07-19T01:33:57.740, ubuntu22-d, mtd-zk-2, 0.191134
EXP-LOAD, 2023-07-19T01:34:05.861, ubuntu22-d, mtd-zk-2, 0.118384
EXP-LOAD, 2023-07-19T01:34:12.977, ubuntu22-d, mtd-zk-2, 0.118384
EXP-LOAD, 2023-07-19T01:34:24.097, ubuntu22-d, mtd-zk-2, 0.209535
EXP-LOAD, 2023-07-19T01:34:30.199, ubuntu22-d, mtd-zk-2, 0.209535
EXP-LOAD, 2023-07-19T01:34:41.130, ubuntu22-d, mtd-zk-2, 0.178825
EXP-LEAD, 2023-07-19T01:34:42.161, ubuntu22-d, mtd-zk-2, START
EXP-LEAD, 2023-07-19T01:34:46.659, ubuntu22-d, mtd-zk-2, END
EXP-LOAD, 2023-07-19T01:34:47.701, ubuntu22-d, mtd-zk-2, 0.178825
EXP-LEAD, 2023-07-19T01:34:49.338, ubuntu22-d, mtd-zk-2, START
EXP-LEAD, 2023-07-19T01:34:55.040, ubuntu22-d, mtd-zk-2, END
EXP-LOAD, 2023-07-19T01:34:56.112, ubuntu22-d, mtd-zk-2, 0.220048
EXP-LOAD, 2023-07-19T01:35:07.754, ubuntu22-d, mtd-zk-2, 0.241043
EXP-LEAD, 2023-07-19T01:35:09.789, ubuntu22-d, mtd-zk-2, START
EXP-LEAD, 2023-07-19T01:35:15.333, ubuntu22-d, mtd-zk-2, END
EXP-LOAD, 2023-07-19T01:35:16.386, ubuntu22-d, mtd-zk-2, 0.241043
EXP-LEAD, 2023-07-19T01:35:17.887, ubuntu22-d, mtd-zk-2, START
EXP-LEAD, 2023-07-19T01:35:23.455, ubuntu22-d, mtd-zk-2, END
EXP-LOAD, 2023-07-19T01:35:24.517, ubuntu22-d, mtd-zk-2, 0.155840
EXP-LOAD, 2023-07-19T01:35:36.113, ubuntu22-d, mtd-zk-2, 0.271617
EXP-LEAD, 2023-07-19T01:35:36.162, ubuntu22-d, mtd-zk-2, START
EXP-LEAD, 2023-07-19T01:35:40.665, ubuntu22-d, mtd-zk-2, END
EXP-LOAD, 2023-07-19T01:35:41.714, ubuntu22-d, mtd-zk-2, 0.271617
EXP-LOAD, 2023-07-19T01:35:50.366, ubuntu22-d, mtd-zk-2, 0.113820
EXP-LOAD, 2023-07-19T01:35:58.018, ubuntu22-d, mtd-zk-2, 0.113820
EXP-LOAD, 2023-07-19T01:36:08.112, ubuntu22-d, mtd-zk-2, 0.153033
EXP-LOAD, 2023-07-19T01:36:16.243, ubuntu22-d, mtd-zk-2, 0.153033
EXP-LOAD, 2023-07-19T01:36:25.348, ubuntu22-d, mtd-zk-2, 0.091133
EXP-LOAD, 2023-07-19T01:36:34.502, ubuntu22-d, mtd-zk-2, 0.173221
EXP-LEAD, 2023-07-19T01:36:35.533, ubuntu22-d, mtd-zk-2, START
EXP-LEAD, 2023-07-19T01:36:39.989, ubuntu22-d, mtd-zk-2, END
EXP-LOAD, 2023-07-19T01:36:41.060, ubuntu22-d, mtd-zk-2, 0.173221
EXP-LOAD, 2023-07-19T01:36:51.723, ubuntu22-d, mtd-zk-2, 0.184416
EXP-LEAD, 2023-07-19T01:36:52.415, ubuntu22-d, mtd-zk-2, START
EXP-LEAD, 2023-07-19T01:36:57.030, ubuntu22-d, mtd-zk-2, END
EXP-LOAD, 2023-07-19T01:36:58.074, ubuntu22-d, mtd-zk-2, 0.184416
EXP-LEAD, 2023-07-19T01:37:00.542, ubuntu22-d, mtd-zk-2, START
EXP-LEAD, 2023-07-19T01:37:08.142, ubuntu22-d, mtd-zk-2, END
EXP-LOAD, 2023-07-19T01:37:09.198, ubuntu22-d, mtd-zk-2, 0.218649
EXP-LEAD, 2023-07-19T01:37:09.805, ubuntu22-d, mtd-zk-2, START
EXP-LEAD, 2023-07-19T01:37:14.323, ubuntu22-d, mtd-zk-2, END
EXP-LOAD, 2023-07-19T01:37:15.366, ubuntu22-d, mtd-zk-2, 0.218649
EXP-LOAD, 2023-07-19T01:37:22.352, ubuntu22-d, mtd-zk-2, 0.214500
EXP-LEAD, 2023-07-19T01:37:24.109, ubuntu22-d, mtd-zk-2, START
EXP-LEAD, 2023-07-19T01:37:29.782, ubuntu22-d, mtd-zk-2, END
EXP-LOAD, 2023-07-19T01:37:30.854, ubuntu22-d, mtd-zk-2, 0.214500
EXP-LOAD, 2023-07-19T01:37:41.997, ubuntu22-d, mtd-zk-2, 0.357071
EXP-LOAD, 2023-07-19T01:37:49.118, ubuntu22-d, mtd-zk-2, 0.155231
EXP-LOAD, 2023-07-19T01:37:57.334, ubuntu22-d, mtd-zk-2, 0.155231
EXP-LEAD, 2023-07-19T01:37:59.367, ubuntu22-d, mtd-zk-2, START
EXP-LEAD, 2023-07-19T01:38:03.831, ubuntu22-d, mtd-zk-2, END
EXP-LOAD, 2023-07-19T01:38:04.874, ubuntu22-d, mtd-zk-2, 0.167460
EXP-LOAD, 2023-07-19T01:38:16.647, ubuntu22-d, mtd-zk-2, 0.167460
EXP-LEAD, 2023-07-19T01:38:18.672, ubuntu22-d, mtd-zk-2, START
EXP-LEAD, 2023-07-19T01:38:24.248, ubuntu22-d, mtd-zk-2, END
EXP-LOAD, 2023-07-19T01:38:25.295, ubuntu22-d, mtd-zk-2, 0.141113
EXP-LEAD, 2023-07-19T01:38:27.800, ubuntu22-d, mtd-zk-2, START
EXP-LEAD, 2023-07-19T01:38:35.453, ubuntu22-d, mtd-zk-2, END
EXP-LOAD, 2023-07-19T01:38:36.630, ubuntu22-d, mtd-zk-2, 0.257861
EXP-LOAD, 2023-07-19T01:38:44.977, ubuntu22-d, mtd-zk-2, 0.257861
EXP-LEAD, 2023-07-19T01:38:47.009, ubuntu22-d, mtd-zk-2, START
EXP-LEAD, 2023-07-19T01:38:55.652, ubuntu22-d, mtd-zk-2, END
EXP-LOAD, 2023-07-19T01:38:56.704, ubuntu22-d, mtd-zk-2, 0.136821
EXP-LOAD, 2023-07-19T01:39:04.189, ubuntu22-d, mtd-zk-2, 0.113417
EXP-LEAD, 2023-07-19T01:39:05.223, ubuntu22-d, mtd-zk-2, START
EXP-LEAD, 2023-07-19T01:39:09.785, ubuntu22-d, mtd-zk-2, END
EXP-LOAD, 2023-07-19T01:39:10.823, ubuntu22-d, mtd-zk-2, 0.113417
EXP-LOAD, 2023-07-19T01:39:20.423, ubuntu22-d, mtd-zk-2, 0.184346
EXP-LEAD, 2023-07-19T01:39:23.220, ubuntu22-d, mtd-zk-2, START
EXP-LEAD, 2023-07-19T01:39:28.707, ubuntu22-d, mtd-zk-2, END
EXP-LOAD, 2023-07-19T01:39:29.759, ubuntu22-d, mtd-zk-2, 0.184346
EXP-LOAD, 2023-07-19T01:39:41.437, ubuntu22-d, mtd-zk-2, 0.179655
EXP-LOAD, 2023-07-19T01:39:48.587, ubuntu22-d, mtd-zk-2, 0.179655
EXP-LOAD, 2023-07-19T01:39:54.719, ubuntu22-d, mtd-zk-2, 0.139853
EXP-LOAD, 2023-07-19T01:40:05.403, ubuntu22-d, mtd-zk-2, 0.177214
EXP-LOAD, 2023-07-19T01:40:12.503, ubuntu22-d, mtd-zk-2, 0.177214
EXP-LOAD, 2023-07-19T01:40:18.656, ubuntu22-d, mtd-zk-2, 0.177214
EXP-LEAD, 2023-07-19T01:40:19.366, ubuntu22-d, mtd-zk-2, START
EXP-LEAD, 2023-07-19T01:40:23.933, ubuntu22-d, mtd-zk-2, END
EXP-LOAD, 2023-07-19T01:40:24.981, ubuntu22-d, mtd-zk-2, 0.132216
EXP-LOAD, 2023-07-19T01:40:36.083, ubuntu22-d, mtd-zk-2, 0.313446
EXP-LOAD, 2023-07-19T01:40:43.748, ubuntu22-d, mtd-zk-2, 0.313446
EXP-LOAD, 2023-07-19T01:40:52.310, ubuntu22-d, mtd-zk-2, 0.158974
EXP-LEAD, 2023-07-19T01:40:53.337, ubuntu22-d, mtd-zk-2, START
EXP-LEAD, 2023-07-19T01:40:57.720, ubuntu22-d, mtd-zk-2, END
EXP-LOAD, 2023-07-19T01:40:58.781, ubuntu22-d, mtd-zk-2, 0.158974
EXP-LEAD, 2023-07-19T01:40:59.823, ubuntu22-d, mtd-zk-2, START
EXP-LEAD, 2023-07-19T01:41:08.530, ubuntu22-d, mtd-zk-2, END
EXP-LOAD, 2023-07-19T01:41:09.609, ubuntu22-d, mtd-zk-2, 0.150232
EXP-LOAD, 2023-07-19T01:41:15.983, ubuntu22-d, mtd-zk-2, 0.150232
EXP-LEAD, 2023-07-19T01:41:18.038, ubuntu22-d, mtd-zk-2, START
EXP-LEAD, 2023-07-19T01:41:22.625, ubuntu22-d, mtd-zk-2, END
EXP-LOAD, 2023-07-19T01:41:23.708, ubuntu22-d, mtd-zk-2, 0.199926
EXP-LOAD, 2023-07-19T01:41:29.836, ubuntu22-d, mtd-zk-2, 0.199926
EXP-LEAD, 2023-07-19T01:41:31.853, ubuntu22-d, mtd-zk-2, START
EXP-LEAD, 2023-07-19T01:41:41.440, ubuntu22-d, mtd-zk-2, END
EXP-LOAD, 2023-07-19T01:41:42.516, ubuntu22-d, mtd-zk-2, 0.258854
EXP-LEAD, 2023-07-19T01:41:43.984, ubuntu22-d, mtd-zk-2, START
EXP-LEAD, 2023-07-19T01:41:48.439, ubuntu22-d, mtd-zk-2, END
EXP-LOAD, 2023-07-19T01:41:49.483, ubuntu22-d, mtd-zk-2, 0.242345
EXP-LOAD, 2023-07-19T01:42:01.180, ubuntu22-d, mtd-zk-2, 0.242345
EXP-LOAD, 2023-07-19T01:42:08.270, ubuntu22-d, mtd-zk-2, 0.127629
EXP-LOAD, 2023-07-19T01:42:15.889, ubuntu22-d, mtd-zk-2, 0.127629
EXP-LOAD, 2023-07-19T01:42:26.607, ubuntu22-d, mtd-zk-2, 0.215425
EXP-LOAD, 2023-07-19T01:42:38.703, ubuntu22-d, mtd-zk-2, 0.136425
EXP-LOAD, 2023-07-19T01:42:44.800, ubuntu22-d, mtd-zk-2, 0.136425
EXP-LOAD, 2023-07-19T01:42:55.931, ubuntu22-d, mtd-zk-2, 0.185729
EXP-LOAD, 2023-07-19T01:43:02.786, ubuntu22-d, mtd-zk-2, 0.185729
EXP-LOAD, 2023-07-19T01:43:12.873, ubuntu22-d, mtd-zk-2, 0.168825
EXP-LOAD, 2023-07-19T01:43:21.974, ubuntu22-d, mtd-zk-2, 0.127321
EXP-LOAD, 2023-07-19T01:43:30.094, ubuntu22-d, mtd-zk-2, 0.127321
EXP-LOAD, 2023-07-19T01:43:40.196, ubuntu22-d, mtd-zk-2, 0.096218
EXP-LOAD, 2023-07-19T01:43:47.829, ubuntu22-d, mtd-zk-2, 0.096218
EXP-LEAD, 2023-07-19T01:43:49.350, ubuntu22-d, mtd-zk-2, START
EXP-LEAD, 2023-07-19T01:43:54.872, ubuntu22-d, mtd-zk-2, END
EXP-LOAD, 2023-07-19T01:43:55.926, ubuntu22-d, mtd-zk-2, 0.166220
EXP-LEAD, 2023-07-19T01:43:57.496, ubuntu22-d, mtd-zk-2, START
EXP-LEAD, 2023-07-19T01:44:02.066, ubuntu22-d, mtd-zk-2, END
EXP-LOAD, 2023-07-19T01:44:03.124, ubuntu22-d, mtd-zk-2, 0.166220
EXP-LOAD, 2023-07-19T01:44:14.717, ubuntu22-d, mtd-zk-2, 0.224856
EXP-LEAD, 2023-07-19T01:44:14.794, ubuntu22-d, mtd-zk-2, START
EXP-LEAD, 2023-07-19T01:44:20.561, ubuntu22-d, mtd-zk-2, END
EXP-LOAD, 2023-07-19T01:44:21.606, ubuntu22-d, mtd-zk-2, 0.149480
EXP-LOAD, 2023-07-19T01:44:29.980, ubuntu22-d, mtd-zk-2, 0.149480
EXP-LOAD, 2023-07-19T01:44:39.087, ubuntu22-d, mtd-zk-2, 0.201555
EXP-LOAD, 2023-07-19T01:44:45.908, ubuntu22-d, mtd-zk-2, 0.201555
EXP-LEAD, 2023-07-19T01:44:47.934, ubuntu22-d, mtd-zk-2, START
EXP-LEAD, 2023-07-19T01:44:57.507, ubuntu22-d, mtd-zk-2, END
EXP-LOAD, 2023-07-19T01:44:58.586, ubuntu22-d, mtd-zk-2, 0.182655
EXP-LEAD, 2023-07-19T01:45:00.091, ubuntu22-d, mtd-zk-2, START
EXP-LEAD, 2023-07-19T01:45:04.625, ubuntu22-d, mtd-zk-2, END
EXP-LOAD, 2023-07-19T01:45:05.664, ubuntu22-d, mtd-zk-2, 0.208757
EXP-LOAD, 2023-07-19T01:45:12.299, ubuntu22-d, mtd-zk-2, 0.208757
EXP-LEAD, 2023-07-19T01:45:13.971, ubuntu22-d, mtd-zk-2, START
EXP-LEAD, 2023-07-19T01:45:23.580, ubuntu22-d, mtd-zk-2, END
EXP-LOAD, 2023-07-19T01:45:24.647, ubuntu22-d, mtd-zk-2, 0.190426
EXP-LOAD, 2023-07-19T01:45:31.130, ubuntu22-d, mtd-zk-2, 0.190426
EXP-LEAD, 2023-07-19T01:45:33.192, ubuntu22-d, mtd-zk-2, START
EXP-LEAD, 2023-07-19T01:45:38.666, ubuntu22-d, mtd-zk-2, END
EXP-LOAD, 2023-07-19T01:45:39.710, ubuntu22-d, mtd-zk-2, 0.150537
EXP-LOAD, 2023-07-19T01:45:49.329, ubuntu22-d, mtd-zk-2, 0.281063
EXP-LOAD, 2023-07-19T01:45:57.485, ubuntu22-d, mtd-zk-2, 0.281063
EXP-LEAD, 2023-07-19T01:45:59.500, ubuntu22-d, mtd-zk-2, START
EXP-LEAD, 2023-07-19T01:46:07.099, ubuntu22-d, mtd-zk-2, END
EXP-LOAD, 2023-07-19T01:46:08.167, ubuntu22-d, mtd-zk-2, 0.210759
EXP-LEAD, 2023-07-19T01:46:09.209, ubuntu22-d, mtd-zk-2, START
EXP-LEAD, 2023-07-19T01:46:13.798, ubuntu22-d, mtd-zk-2, END
EXP-LOAD, 2023-07-19T01:46:14.911, ubuntu22-d, mtd-zk-2, 0.210759
EXP-LOAD, 2023-07-19T01:46:21.334, ubuntu22-d, mtd-zk-2, 0.209021
EXP-LOAD, 2023-07-19T01:46:29.454, ubuntu22-d, mtd-zk-2, 0.209021
EXP-LOAD, 2023-07-19T01:46:39.583, ubuntu22-d, mtd-zk-2, 0.232543
EXP-LOAD, 2023-07-19T01:46:47.714, ubuntu22-d, mtd-zk-2, 0.232543
EXP-LOAD, 2023-07-19T01:46:58.873, ubuntu22-d, mtd-zk-2, 0.186238
EXP-LOAD, 2023-07-19T01:47:07.960, ubuntu22-d, mtd-zk-2, 0.216324
EXP-LOAD, 2023-07-19T01:47:19.102, ubuntu22-d, mtd-zk-2, 0.142072
EXP-LOAD, 2023-07-19T01:47:27.202, ubuntu22-d, mtd-zk-2, 0.142072
EXP-LOAD, 2023-07-19T01:47:37.320, ubuntu22-d, mtd-zk-2, 0.152425
EXP-LEAD, 2023-07-19T01:47:38.347, ubuntu22-d, mtd-zk-2, START
EXP-LEAD, 2023-07-19T01:47:42.821, ubuntu22-d, mtd-zk-2, END
EXP-LOAD, 2023-07-19T01:47:43.864, ubuntu22-d, mtd-zk-2, 0.152425
EXP-LOAD, 2023-07-19T01:47:51.501, ubuntu22-d, mtd-zk-2, 0.259841
EXP-LEAD, 2023-07-19T01:47:51.551, ubuntu22-d, mtd-zk-2, START
EXP-LEAD, 2023-07-19T01:47:56.173, ubuntu22-d, mtd-zk-2, END
EXP-LOAD, 2023-07-19T01:47:57.235, ubuntu22-d, mtd-zk-2, 0.259841
EXP-LEAD, 2023-07-19T01:47:59.258, ubuntu22-d, mtd-zk-2, START
EXP-LEAD, 2023-07-19T01:48:07.793, ubuntu22-d, mtd-zk-2, END
EXP-LOAD, 2023-07-19T01:48:08.865, ubuntu22-d, mtd-zk-2, 0.198473
EXP-LOAD, 2023-07-19T01:48:16.485, ubuntu22-d, mtd-zk-2, 0.198473
EXP-LOAD, 2023-07-19T01:48:24.088, ubuntu22-d, mtd-zk-2, 0.161408
EXP-LEAD, 2023-07-19T01:48:25.152, ubuntu22-d, mtd-zk-2, START
EXP-LEAD, 2023-07-19T01:48:33.698, ubuntu22-d, mtd-zk-2, END
EXP-LOAD, 2023-07-19T01:48:34.757, ubuntu22-d, mtd-zk-2, 0.167837
EXP-LOAD, 2023-07-19T01:48:41.310, ubuntu22-d, mtd-zk-2, 0.167837
EXP-LOAD, 2023-07-19T01:48:52.419, ubuntu22-d, mtd-zk-2, 0.201614
EXP-LOAD, 2023-07-19T01:49:01.538, ubuntu22-d, mtd-zk-2, 0.201614
EXP-LOAD, 2023-07-19T01:49:09.640, ubuntu22-d, mtd-zk-2, 0.137631
EXP-LOAD, 2023-07-19T01:49:15.741, ubuntu22-d, mtd-zk-2, 0.137631
EXP-LOAD, 2023-07-19T01:49:26.849, ubuntu22-d, mtd-zk-2, 0.174051
EXP-LOAD, 2023-07-19T01:49:34.932, ubuntu22-d, mtd-zk-2, 0.181220
EXP-LOAD, 2023-07-19T01:49:46.030, ubuntu22-d, mtd-zk-2, 0.181220
EXP-LEAD, 2023-07-19T01:49:47.061, ubuntu22-d, mtd-zk-2, START
EXP-LEAD, 2023-07-19T01:49:51.545, ubuntu22-d, mtd-zk-2, END
EXP-LOAD, 2023-07-19T01:49:52.603, ubuntu22-d, mtd-zk-2, 0.145415
EXP-LOAD, 2023-07-19T01:49:59.778, ubuntu22-d, mtd-zk-2, 0.145415
EXP-LOAD, 2023-07-19T01:50:10.869, ubuntu22-d, mtd-zk-2, 0.198634
EXP-LEAD, 2023-07-19T01:50:11.926, ubuntu22-d, mtd-zk-2, START
EXP-LEAD, 2023-07-19T01:50:16.830, ubuntu22-d, mtd-zk-2, END
EXP-LOAD, 2023-07-19T01:50:17.876, ubuntu22-d, mtd-zk-2, 0.198634
EXP-LOAD, 2023-07-19T01:50:28.076, ubuntu22-d, mtd-zk-2, 0.089625
EXP-LOAD, 2023-07-19T01:50:37.143, ubuntu22-d, mtd-zk-2, 0.133751
EXP-LOAD, 2023-07-19T01:50:43.256, ubuntu22-d, mtd-zk-2, 0.133751
EXP-LOAD, 2023-07-19T01:50:48.906, ubuntu22-d, mtd-zk-2, 0.133751
EXP-LOAD, 2023-07-19T01:50:54.571, ubuntu22-d, mtd-zk-2, 0.166573
EXP-LOAD, 2023-07-19T01:51:08.198, ubuntu22-d, mtd-zk-2, 0.214028
EXP-LOAD, 2023-07-19T01:51:14.292, ubuntu22-d, mtd-zk-2, 0.214028
EXP-LOAD, 2023-07-19T01:51:23.426, ubuntu22-d, mtd-zk-2, 0.193236
EXP-LOAD, 2023-07-19T01:51:35.065, ubuntu22-d, mtd-zk-2, 0.166638
EXP-LOAD, 2023-07-19T01:51:42.177, ubuntu22-d, mtd-zk-2, 0.166638
EXP-LOAD, 2023-07-19T01:51:54.751, ubuntu22-d, mtd-zk-2, 0.152816
EXP-LEAD, 2023-07-19T01:51:55.794, ubuntu22-d, mtd-zk-2, START
EXP-LEAD, 2023-07-19T01:52:01.299, ubuntu22-d, mtd-zk-2, END
EXP-LOAD, 2023-07-19T01:52:02.345, ubuntu22-d, mtd-zk-2, 0.152816
EXP-LOAD, 2023-07-19T01:52:09.968, ubuntu22-d, mtd-zk-2, 0.135013
EXP-LOAD, 2023-07-19T01:52:22.085, ubuntu22-d, mtd-zk-2, 0.287854
EXP-LOAD, 2023-07-19T01:52:29.249, ubuntu22-d, mtd-zk-2, 0.287854
EXP-LOAD, 2023-07-19T01:52:36.383, ubuntu22-d, mtd-zk-2, 0.213529
EXP-LEAD, 2023-07-19T01:52:37.970, ubuntu22-d, mtd-zk-2, START
EXP-LEAD, 2023-07-19T01:52:42.410, ubuntu22-d, mtd-zk-2, END
EXP-LOAD, 2023-07-19T01:52:43.452, ubuntu22-d, mtd-zk-2, 0.213529
EXP-LOAD, 2023-07-19T01:52:52.178, ubuntu22-d, mtd-zk-2, 0.255432
EXP-LOAD, 2023-07-19T01:53:00.319, ubuntu22-d, mtd-zk-2, 0.255432
EXP-LOAD, 2023-07-19T01:53:06.439, ubuntu22-d, mtd-zk-2, 0.197524
EXP-LOAD, 2023-07-19T01:53:17.582, ubuntu22-d, mtd-zk-2, 0.197524
EXP-LOAD, 2023-07-19T01:53:25.669, ubuntu22-d, mtd-zk-2, 0.183613
EXP-LOAD, 2023-07-19T01:53:32.811, ubuntu22-d, mtd-zk-2, 0.183613
EXP-LEAD, 2023-07-19T01:53:34.289, ubuntu22-d, mtd-zk-2, START
EXP-LEAD, 2023-07-19T01:53:42.918, ubuntu22-d, mtd-zk-2, END
EXP-LOAD, 2023-07-19T01:53:44.013, ubuntu22-d, mtd-zk-2, 0.134434
EXP-LEAD, 2023-07-19T01:53:45.434, ubuntu22-d, mtd-zk-2, START
EXP-LEAD, 2023-07-19T01:53:50.983, ubuntu22-d, mtd-zk-2, END
EXP-LOAD, 2023-07-19T01:53:52.027, ubuntu22-d, mtd-zk-2, 0.170832
EXP-LOAD, 2023-07-19T01:54:03.635, ubuntu22-d, mtd-zk-2, 0.170832
EXP-LEAD, 2023-07-19T01:54:04.666, ubuntu22-d, mtd-zk-2, START
EXP-LEAD, 2023-07-19T01:54:10.128, ubuntu22-d, mtd-zk-2, END
EXP-LOAD, 2023-07-19T01:54:11.173, ubuntu22-d, mtd-zk-2, 0.146823
EXP-LOAD, 2023-07-19T01:54:21.873, ubuntu22-d, mtd-zk-2, 0.186779
EXP-LOAD, 2023-07-19T01:54:28.949, ubuntu22-d, mtd-zk-2, 0.186779
EXP-LOAD, 2023-07-19T01:54:39.072, ubuntu22-d, mtd-zk-2, 0.122435
EXP-LOAD, 2023-07-19T01:54:46.945, ubuntu22-d, mtd-zk-2, 0.122435
EXP-LOAD, 2023-07-19T01:54:58.057, ubuntu22-d, mtd-zk-2, 0.144038
EXP-LOAD, 2023-07-19T01:55:04.799, ubuntu22-d, mtd-zk-2, 0.217960
EXP-LEAD, 2023-07-19T01:55:06.268, ubuntu22-d, mtd-zk-2, START
EXP-LEAD, 2023-07-19T01:55:15.937, ubuntu22-d, mtd-zk-2, END
EXP-LOAD, 2023-07-19T01:55:17.028, ubuntu22-d, mtd-zk-2, 0.217960
EXP-LOAD, 2023-07-19T01:55:23.457, ubuntu22-d, mtd-zk-2, 0.176896
EXP-LEAD, 2023-07-19T01:55:25.491, ubuntu22-d, mtd-zk-2, START
EXP-LEAD, 2023-07-19T01:55:29.917, ubuntu22-d, mtd-zk-2, END
EXP-LOAD, 2023-07-19T01:55:30.975, ubuntu22-d, mtd-zk-2, 0.176896
EXP-LOAD, 2023-07-19T01:55:38.062, ubuntu22-d, mtd-zk-2, 0.205023
EXP-LEAD, 2023-07-19T01:55:39.141, ubuntu22-d, mtd-zk-2, START
EXP-LEAD, 2023-07-19T01:55:44.631, ubuntu22-d, mtd-zk-2, END
EXP-LOAD, 2023-07-19T01:55:45.685, ubuntu22-d, mtd-zk-2, 0.205023
EXP-LOAD, 2023-07-19T01:55:56.404, ubuntu22-d, mtd-zk-2, 0.228045
EXP-LEAD, 2023-07-19T01:55:58.372, ubuntu22-d, mtd-zk-2, START
EXP-LEAD, 2023-07-19T01:56:02.911, ubuntu22-d, mtd-zk-2, END
EXP-LOAD, 2023-07-19T01:56:03.969, ubuntu22-d, mtd-zk-2, 0.228045
EXP-LOAD, 2023-07-19T01:56:10.522, ubuntu22-d, mtd-zk-2, 0.189425
EXP-LOAD, 2023-07-19T01:56:18.593, ubuntu22-d, mtd-zk-2, 0.189425
EXP-LOAD, 2023-07-19T01:56:29.720, ubuntu22-d, mtd-zk-2, 0.261655
EXP-LEAD, 2023-07-19T01:56:30.749, ubuntu22-d, mtd-zk-2, START
EXP-LEAD, 2023-07-19T01:56:35.216, ubuntu22-d, mtd-zk-2, END
EXP-LOAD, 2023-07-19T01:56:36.287, ubuntu22-d, mtd-zk-2, 0.154635
EXP-LEAD, 2023-07-19T01:56:37.835, ubuntu22-d, mtd-zk-2, START
EXP-LEAD, 2023-07-19T01:56:42.228, ubuntu22-d, mtd-zk-2, END
EXP-LOAD, 2023-07-19T01:56:43.294, ubuntu22-d, mtd-zk-2, 0.154635
EXP-LOAD, 2023-07-19T01:56:50.396, ubuntu22-d, mtd-zk-2, 0.183443
EXP-LOAD, 2023-07-19T01:56:56.540, ubuntu22-d, mtd-zk-2, 0.183443
EXP-LEAD, 2023-07-19T01:56:58.517, ubuntu22-d, mtd-zk-2, START
EXP-LEAD, 2023-07-19T01:57:04.083, ubuntu22-d, mtd-zk-2, END
EXP-LOAD, 2023-07-19T01:57:05.136, ubuntu22-d, mtd-zk-2, 0.269737
EXP-LOAD, 2023-07-19T01:57:13.247, ubuntu22-d, mtd-zk-2, 0.269737
EXP-LEAD, 2023-07-19T01:57:15.308, ubuntu22-d, mtd-zk-2, START
EXP-LEAD, 2023-07-19T01:57:22.916, ubuntu22-d, mtd-zk-2, END
EXP-LOAD, 2023-07-19T01:57:23.993, ubuntu22-d, mtd-zk-2, 0.119834
EXP-LEAD, 2023-07-19T01:57:25.026, ubuntu22-d, mtd-zk-2, START
EXP-LEAD, 2023-07-19T01:57:29.499, ubuntu22-d, mtd-zk-2, END
EXP-LOAD, 2023-07-19T01:57:30.651, ubuntu22-d, mtd-zk-2, 0.119834
EXP-LEAD, 2023-07-19T01:57:33.724, ubuntu22-d, mtd-zk-2, START
EXP-LEAD, 2023-07-19T01:57:42.370, ubuntu22-d, mtd-zk-2, END
EXP-LOAD, 2023-07-19T01:57:43.451, ubuntu22-d, mtd-zk-2, 0.207424
EXP-LOAD, 2023-07-19T01:57:49.922, ubuntu22-d, mtd-zk-2, 0.146042
EXP-LOAD, 2023-07-19T01:57:57.783, ubuntu22-d, mtd-zk-2, 0.146042
EXP-LOAD, 2023-07-19T01:58:09.934, ubuntu22-d, mtd-zk-2, 0.217107
EXP-LEAD, 2023-07-19T01:58:10.971, ubuntu22-d, mtd-zk-2, START
EXP-LEAD, 2023-07-19T01:58:16.466, ubuntu22-d, mtd-zk-2, END
EXP-LOAD, 2023-07-19T01:58:17.529, ubuntu22-d, mtd-zk-2, 0.217107
EXP-LEAD, 2023-07-19T01:58:19.082, ubuntu22-d, mtd-zk-2, START
EXP-LEAD, 2023-07-19T01:58:26.658, ubuntu22-d, mtd-zk-2, END
EXP-LOAD, 2023-07-19T01:58:27.719, ubuntu22-d, mtd-zk-2, 0.145431
EXP-LEAD, 2023-07-19T01:58:29.189, ubuntu22-d, mtd-zk-2, START
EXP-LEAD, 2023-07-19T01:58:33.646, ubuntu22-d, mtd-zk-2, END
EXP-LOAD, 2023-07-19T01:58:34.694, ubuntu22-d, mtd-zk-2, 0.184519
EXP-LEAD, 2023-07-19T01:58:35.284, ubuntu22-d, mtd-zk-2, START
EXP-LEAD, 2023-07-19T01:58:43.946, ubuntu22-d, mtd-zk-2, END
EXP-LOAD, 2023-07-19T01:58:44.995, ubuntu22-d, mtd-zk-2, 0.184519
EXP-LEAD, 2023-07-19T01:58:45.376, ubuntu22-d, mtd-zk-2, START
EXP-LEAD, 2023-07-19T01:58:51.027, ubuntu22-d, mtd-zk-2, END
EXP-LOAD, 2023-07-19T01:58:52.088, ubuntu22-d, mtd-zk-2, 0.140620
EXP-LOAD, 2023-07-19T01:59:02.591, ubuntu22-d, mtd-zk-2, 0.140620
EXP-LEAD, 2023-07-19T01:59:03.609, ubuntu22-d, mtd-zk-2, START
EXP-LEAD, 2023-07-19T01:59:09.074, ubuntu22-d, mtd-zk-2, END
EXP-LOAD, 2023-07-19T01:59:10.113, ubuntu22-d, mtd-zk-2, 0.140168
EXP-LOAD, 2023-07-19T01:59:17.786, ubuntu22-d, mtd-zk-2, 0.140168
EXP-LOAD, 2023-07-19T01:59:28.881, ubuntu22-d, mtd-zk-2, 0.168828
EXP-LEAD, 2023-07-19T01:59:30.928, ubuntu22-d, mtd-zk-2, START
EXP-LEAD, 2023-07-19T01:59:36.408, ubuntu22-d, mtd-zk-2, END
EXP-LOAD, 2023-07-19T01:59:37.476, ubuntu22-d, mtd-zk-2, 0.167326
EXP-LOAD, 2023-07-19T01:59:47.192, ubuntu22-d, mtd-zk-2, 0.167326
EXP-LOAD, 2023-07-19T01:59:58.328, ubuntu22-d, mtd-zk-2, 0.205657
EXP-LOAD, 2023-07-19T02:00:05.502, ubuntu22-d, mtd-zk-2, 0.168447
EXP-LEAD, 2023-07-19T02:00:07.545, ubuntu22-d, mtd-zk-2, START
EXP-LEAD, 2023-07-19T02:00:16.222, ubuntu22-d, mtd-zk-2, END
EXP-LOAD, 2023-07-19T02:00:17.283, ubuntu22-d, mtd-zk-2, 0.168447
EXP-LEAD, 2023-07-19T02:00:18.693, ubuntu22-d, mtd-zk-2, START
EXP-LEAD, 2023-07-19T02:00:23.250, ubuntu22-d, mtd-zk-2, END
EXP-LOAD, 2023-07-19T02:00:24.298, ubuntu22-d, mtd-zk-2, 0.147241
EXP-LEAD, 2023-07-19T02:00:25.772, ubuntu22-d, mtd-zk-2, START
EXP-LEAD, 2023-07-19T02:00:30.217, ubuntu22-d, mtd-zk-2, END
EXP-LOAD, 2023-07-19T02:00:31.284, ubuntu22-d, mtd-zk-2, 0.147241
EXP-LOAD, 2023-07-19T02:00:42.440, ubuntu22-d, mtd-zk-2, 0.248449
EXP-LEAD, 2023-07-19T02:00:43.465, ubuntu22-d, mtd-zk-2, START
EXP-LEAD, 2023-07-19T02:00:49.853, ubuntu22-d, mtd-zk-2, END
EXP-LOAD, 2023-07-19T02:00:50.890, ubuntu22-d, mtd-zk-2, 0.143937
EXP-LOAD, 2023-07-19T02:01:00.643, ubuntu22-d, mtd-zk-2, 0.143937
EXP-LOAD, 2023-07-19T02:01:09.730, ubuntu22-d, mtd-zk-2, 0.146742
EXP-LOAD, 2023-07-19T02:01:16.813, ubuntu22-d, mtd-zk-2, 0.146742
EXP-LEAD, 2023-07-19T02:01:18.894, ubuntu22-d, mtd-zk-2, START
EXP-LEAD, 2023-07-19T02:01:27.434, ubuntu22-d, mtd-zk-2, END
EXP-LOAD, 2023-07-19T02:01:28.482, ubuntu22-d, mtd-zk-2, 0.182845
EXP-LOAD, 2023-07-19T02:01:37.060, ubuntu22-d, mtd-zk-2, 0.158042
EXP-LEAD, 2023-07-19T02:01:39.092, ubuntu22-d, mtd-zk-2, START
EXP-LEAD, 2023-07-19T02:01:46.638, ubuntu22-d, mtd-zk-2, END
EXP-LOAD, 2023-07-19T02:01:47.713, ubuntu22-d, mtd-zk-2, 0.158042
EXP-LEAD, 2023-07-19T02:01:48.242, ubuntu22-d, mtd-zk-2, START
EXP-LEAD, 2023-07-19T02:01:53.699, ubuntu22-d, mtd-zk-2, END
EXP-LOAD, 2023-07-19T02:01:54.754, ubuntu22-d, mtd-zk-2, 0.150234
EXP-LEAD, 2023-07-19T02:01:56.614, ubuntu22-d, mtd-zk-2, START
EXP-LEAD, 2023-07-19T02:02:01.087, ubuntu22-d, mtd-zk-2, END
EXP-LOAD, 2023-07-19T02:02:02.482, ubuntu22-d, mtd-zk-2, 0.150234
EXP-LOAD, 2023-07-19T02:02:13.418, ubuntu22-d, mtd-zk-2, 0.185816
EXP-LOAD, 2023-07-19T02:02:24.472, ubuntu22-d, mtd-zk-2, 0.208318
EXP-LOAD, 2023-07-19T02:02:33.558, ubuntu22-d, mtd-zk-2, 0.208318
EXP-LOAD, 2023-07-19T02:02:40.697, ubuntu22-d, mtd-zk-2, 0.102020
EXP-LOAD, 2023-07-19T02:02:46.786, ubuntu22-d, mtd-zk-2, 0.102020
EXP-LOAD, 2023-07-19T02:02:59.899, ubuntu22-d, mtd-zk-2, 0.143864
EXP-LEAD, 2023-07-19T02:02:59.928, ubuntu22-d, mtd-zk-2, START
EXP-LEAD, 2023-07-19T02:03:05.456, ubuntu22-d, mtd-zk-2, END
EXP-LOAD, 2023-07-19T02:03:06.526, ubuntu22-d, mtd-zk-2, 0.205642
EXP-LEAD, 2023-07-19T02:03:08.010, ubuntu22-d, mtd-zk-2, START
EXP-LEAD, 2023-07-19T02:03:16.627, ubuntu22-d, mtd-zk-2, END
EXP-LOAD, 2023-07-19T02:03:17.690, ubuntu22-d, mtd-zk-2, 0.205642
EXP-LOAD, 2023-07-19T02:03:27.323, ubuntu22-d, mtd-zk-2, 0.125118
EXP-LOAD, 2023-07-19T02:03:35.397, ubuntu22-d, mtd-zk-2, 0.249215
EXP-LOAD, 2023-07-19T02:03:41.939, ubuntu22-d, mtd-zk-2, 0.249215
EXP-LEAD, 2023-07-19T02:03:43.985, ubuntu22-d, mtd-zk-2, START
EXP-LEAD, 2023-07-19T02:03:49.449, ubuntu22-d, mtd-zk-2, END
EXP-LOAD, 2023-07-19T02:03:50.516, ubuntu22-d, mtd-zk-2, 0.195430
EXP-LEAD, 2023-07-19T02:03:52.085, ubuntu22-d, mtd-zk-2, START
EXP-LEAD, 2023-07-19T02:04:01.935, ubuntu22-d, mtd-zk-2, END
EXP-LOAD, 2023-07-19T02:04:03.010, ubuntu22-d, mtd-zk-2, 0.195430
EXP-LEAD, 2023-07-19T02:04:04.179, ubuntu22-d, mtd-zk-2, START
EXP-LEAD, 2023-07-19T02:04:09.678, ubuntu22-d, mtd-zk-2, END
EXP-LOAD, 2023-07-19T02:04:10.739, ubuntu22-d, mtd-zk-2, 0.176049
EXP-LOAD, 2023-07-19T02:04:22.393, ubuntu22-d, mtd-zk-2, 0.168625
EXP-LOAD, 2023-07-19T02:04:33.492, ubuntu22-d, mtd-zk-2, 0.168625
EXP-LEAD, 2023-07-19T02:04:34.538, ubuntu22-d, mtd-zk-2, START
EXP-LEAD, 2023-07-19T02:04:39.966, ubuntu22-d, mtd-zk-2, END
EXP-LOAD, 2023-07-19T02:04:41.020, ubuntu22-d, mtd-zk-2, 0.273816
EXP-LOAD, 2023-07-19T02:04:50.701, ubuntu22-d, mtd-zk-2, 0.182416
EXP-LOAD, 2023-07-19T02:04:56.951, ubuntu22-d, mtd-zk-2, 0.182416
EXP-LOAD, 2023-07-19T02:05:09.061, ubuntu22-d, mtd-zk-2, 0.231631
EXP-LEAD, 2023-07-19T02:05:11.070, ubuntu22-d, mtd-zk-2, START
EXP-LEAD, 2023-07-19T02:05:16.549, ubuntu22-d, mtd-zk-2, END
EXP-LOAD, 2023-07-19T02:05:17.601, ubuntu22-d, mtd-zk-2, 0.231631
EXP-LOAD, 2023-07-19T02:05:29.227, ubuntu22-d, mtd-zk-2, 0.210433
EXP-LEAD, 2023-07-19T02:05:31.270, ubuntu22-d, mtd-zk-2, START
EXP-LEAD, 2023-07-19T02:05:35.677, ubuntu22-d, mtd-zk-2, END
EXP-LOAD, 2023-07-19T02:05:36.711, ubuntu22-d, mtd-zk-2, 0.107613
EXP-LEAD, 2023-07-19T02:05:38.372, ubuntu22-d, mtd-zk-2, START
EXP-LEAD, 2023-07-19T02:05:42.738, ubuntu22-d, mtd-zk-2, END
EXP-LOAD, 2023-07-19T02:05:43.801, ubuntu22-d, mtd-zk-2, 0.107613
EXP-LOAD, 2023-07-19T02:05:56.571, ubuntu22-d, mtd-zk-2, 0.193813
EXP-LOAD, 2023-07-19T02:06:02.674, ubuntu22-d, mtd-zk-2, 0.193813
EXP-LOAD, 2023-07-19T02:06:14.808, ubuntu22-d, mtd-zk-2, 0.098618
EXP-LOAD, 2023-07-19T02:06:22.869, ubuntu22-d, mtd-zk-2, 0.263813
EXP-LOAD, 2023-07-19T02:06:28.942, ubuntu22-d, mtd-zk-2, 0.263813
EXP-LEAD, 2023-07-19T02:06:30.015, ubuntu22-d, mtd-zk-2, START
EXP-LEAD, 2023-07-19T02:06:35.436, ubuntu22-d, mtd-zk-2, END
EXP-LOAD, 2023-07-19T02:06:36.509, ubuntu22-d, mtd-zk-2, 0.136817
EXP-LEAD, 2023-07-19T02:06:39.134, ubuntu22-d, mtd-zk-2, START
EXP-LEAD, 2023-07-19T02:06:44.643, ubuntu22-d, mtd-zk-2, END
EXP-LOAD, 2023-07-19T02:06:45.690, ubuntu22-d, mtd-zk-2, 0.136817
EXP-LEAD, 2023-07-19T02:06:47.245, ubuntu22-d, mtd-zk-2, START
EXP-LEAD, 2023-07-19T02:06:52.670, ubuntu22-d, mtd-zk-2, END
EXP-LOAD, 2023-07-19T02:06:53.733, ubuntu22-d, mtd-zk-2, 0.223114
EXP-LOAD, 2023-07-19T02:07:02.394, ubuntu22-d, mtd-zk-2, 0.223114
EXP-LEAD, 2023-07-19T02:07:03.425, ubuntu22-d, mtd-zk-2, START
EXP-LEAD, 2023-07-19T02:07:11.949, ubuntu22-d, mtd-zk-2, END
EXP-LOAD, 2023-07-19T02:07:13.027, ubuntu22-d, mtd-zk-2, 0.213642
EXP-LOAD, 2023-07-19T02:07:19.669, ubuntu22-d, mtd-zk-2, 0.209633
EXP-LOAD, 2023-07-19T02:07:28.756, ubuntu22-d, mtd-zk-2, 0.209633
EXP-LOAD, 2023-07-19T02:07:38.413, ubuntu22-d, mtd-zk-2, 0.200036
EXP-LOAD, 2023-07-19T02:07:49.579, ubuntu22-d, mtd-zk-2, 0.145244
EXP-LOAD, 2023-07-19T02:07:56.686, ubuntu22-d, mtd-zk-2, 0.145244
EXP-LEAD, 2023-07-19T02:07:58.719, ubuntu22-d, mtd-zk-2, START
EXP-LEAD, 2023-07-19T02:08:07.800, ubuntu22-d, mtd-zk-2, END
EXP-LOAD, 2023-07-19T02:08:09.534, ubuntu22-d, mtd-zk-2, 0.165055
EXP-LEAD, 2023-07-19T02:08:10.081, ubuntu22-d, mtd-zk-2, START
EXP-LEAD, 2023-07-19T02:08:21.470, ubuntu22-d, mtd-zk-2, END
EXP-LOAD, 2023-07-19T02:08:22.516, ubuntu22-d, mtd-zk-2, 0.475620
EXP-LOAD, 2023-07-19T02:08:34.345, ubuntu22-d, mtd-zk-2, 0.238052
EXP-LOAD, 2023-07-19T02:08:41.448, ubuntu22-d, mtd-zk-2, 0.238052
EXP-LOAD, 2023-07-19T02:08:50.527, ubuntu22-d, mtd-zk-2, 0.122213
EXP-LOAD, 2023-07-19T02:08:59.281, ubuntu22-d, mtd-zk-2, 0.122213
EXP-LOAD, 2023-07-19T02:09:08.821, ubuntu22-d, mtd-zk-2, 0.197448
EXP-LOAD, 2023-07-19T02:09:15.474, ubuntu22-d, mtd-zk-2, 0.197448
EXP-LEAD, 2023-07-19T02:09:18.510, ubuntu22-d, mtd-zk-2, START
EXP-LEAD, 2023-07-19T02:09:26.211, ubuntu22-d, mtd-zk-2, END
EXP-LOAD, 2023-07-19T02:09:27.272, ubuntu22-d, mtd-zk-2, 0.173731
EXP-LEAD, 2023-07-19T02:09:28.683, ubuntu22-d, mtd-zk-2, START
EXP-LEAD, 2023-07-19T02:09:33.161, ubuntu22-d, mtd-zk-2, END
EXP-LOAD, 2023-07-19T02:09:34.217, ubuntu22-d, mtd-zk-2, 0.148217
EXP-LOAD, 2023-07-19T02:09:45.848, ubuntu22-d, mtd-zk-2, 0.148217
EXP-LEAD, 2023-07-19T02:09:47.889, ubuntu22-d, mtd-zk-2, START
EXP-LEAD, 2023-07-19T02:09:53.299, ubuntu22-d, mtd-zk-2, END
EXP-LOAD, 2023-07-19T02:09:54.332, ubuntu22-d, mtd-zk-2, 0.181646
EXP-LOAD, 2023-07-19T02:10:05.046, ubuntu22-d, mtd-zk-2, 0.129018
EXP-LEAD, 2023-07-19T02:10:07.079, ubuntu22-d, mtd-zk-2, START
EXP-LEAD, 2023-07-19T02:10:13.629, ubuntu22-d, mtd-zk-2, END
EXP-LOAD, 2023-07-19T02:10:14.670, ubuntu22-d, mtd-zk-2, 0.129018
EXP-LOAD, 2023-07-19T02:10:29.346, ubuntu22-d, mtd-zk-2, 0.104127
EXP-LEAD, 2023-07-19T02:10:29.374, ubuntu22-d, mtd-zk-2, START
EXP-LEAD, 2023-07-19T02:10:34.815, ubuntu22-d, mtd-zk-2, END
EXP-LOAD, 2023-07-19T02:10:35.854, ubuntu22-d, mtd-zk-2, 0.112637
EXP-LOAD, 2023-07-19T02:10:43.540, ubuntu22-d, mtd-zk-2, 0.112637
EXP-LOAD, 2023-07-19T02:10:54.631, ubuntu22-d, mtd-zk-2, 0.164610
EXP-LOAD, 2023-07-19T02:11:01.715, ubuntu22-d, mtd-zk-2, 0.164610
EXP-LOAD, 2023-07-19T02:11:09.253, ubuntu22-d, mtd-zk-2, 0.170476
EXP-LEAD, 2023-07-19T02:11:12.272, ubuntu22-d, mtd-zk-2, START
EXP-LEAD, 2023-07-19T02:11:16.731, ubuntu22-d, mtd-zk-2, END
EXP-LOAD, 2023-07-19T02:11:17.768, ubuntu22-d, mtd-zk-2, 0.170476
EXP-LOAD, 2023-07-19T02:11:36.463, ubuntu22-d, mtd-zk-2, 0.129631
EXP-LOAD, 2023-07-19T02:11:47.571, ubuntu22-d, mtd-zk-2, 0.129631
EXP-LOAD, 2023-07-19T02:11:54.693, ubuntu22-d, mtd-zk-2, 0.162935
EXP-LOAD, 2023-07-19T02:12:04.815, ubuntu22-d, mtd-zk-2, 0.293424
EXP-LEAD, 2023-07-19T02:12:06.826, ubuntu22-d, mtd-zk-2, START
EXP-LEAD, 2023-07-19T02:12:11.246, ubuntu22-d, mtd-zk-2, END
EXP-LOAD, 2023-07-19T02:12:12.297, ubuntu22-d, mtd-zk-2, 0.293424
EXP-LEAD, 2023-07-19T02:12:14.325, ubuntu22-d, mtd-zk-2, START
EXP-LEAD, 2023-07-19T02:12:24.957, ubuntu22-d, mtd-zk-2, END
EXP-LOAD, 2023-07-19T02:12:26.004, ubuntu22-d, mtd-zk-2, 0.186817
EXP-LOAD, 2023-07-19T02:12:32.498, ubuntu22-d, mtd-zk-2, 0.186817
EXP-LOAD, 2023-07-19T02:12:42.601, ubuntu22-d, mtd-zk-2, 0.189231
EXP-LEAD, 2023-07-19T02:12:44.113, ubuntu22-d, mtd-zk-2, START
EXP-LEAD, 2023-07-19T02:12:51.645, ubuntu22-d, mtd-zk-2, END
EXP-LOAD, 2023-07-19T02:12:52.730, ubuntu22-d, mtd-zk-2, 0.257241
EXP-LOAD, 2023-07-19T02:12:59.291, ubuntu22-d, mtd-zk-2, 0.257241
EXP-LOAD, 2023-07-19T02:13:06.794, ubuntu22-d, mtd-zk-2, 0.217431
EXP-LOAD, 2023-07-19T02:13:16.977, ubuntu22-d, mtd-zk-2, 0.217431
EXP-LEAD, 2023-07-19T02:13:19.015, ubuntu22-d, mtd-zk-2, START
EXP-LEAD, 2023-07-19T02:13:24.599, ubuntu22-d, mtd-zk-2, END
EXP-LOAD, 2023-07-19T02:13:25.647, ubuntu22-d, mtd-zk-2, 0.194416
EXP-LEAD, 2023-07-19T02:13:26.669, ubuntu22-d, mtd-zk-2, START
EXP-LEAD, 2023-07-19T02:13:34.161, ubuntu22-d, mtd-zk-2, END
EXP-LOAD, 2023-07-19T02:13:35.202, ubuntu22-d, mtd-zk-2, 0.288426
EXP-LOAD, 2023-07-19T02:13:41.820, ubuntu22-d, mtd-zk-2, 0.288426
EXP-LEAD, 2023-07-19T02:13:42.857, ubuntu22-d, mtd-zk-2, START
EXP-LEAD, 2023-07-19T02:13:47.321, ubuntu22-d, mtd-zk-2, END
EXP-LOAD, 2023-07-19T02:13:48.365, ubuntu22-d, mtd-zk-2, 0.288426
EXP-LEAD, 2023-07-19T02:13:48.954, ubuntu22-d, mtd-zk-2, START
EXP-LEAD, 2023-07-19T02:13:57.794, ubuntu22-d, mtd-zk-2, END
EXP-LOAD, 2023-07-19T02:13:58.872, ubuntu22-d, mtd-zk-2, 0.194398
EXP-LEAD, 2023-07-19T02:13:59.899, ubuntu22-d, mtd-zk-2, START
EXP-LEAD, 2023-07-19T02:14:04.361, ubuntu22-d, mtd-zk-2, END
EXP-LOAD, 2023-07-19T02:14:05.411, ubuntu22-d, mtd-zk-2, 0.152250
EXP-LEAD, 2023-07-19T02:14:06.994, ubuntu22-d, mtd-zk-2, START
EXP-LEAD, 2023-07-19T02:14:12.481, ubuntu22-d, mtd-zk-2, END
EXP-LOAD, 2023-07-19T02:14:13.543, ubuntu22-d, mtd-zk-2, 0.152250
EXP-LOAD, 2023-07-19T02:14:22.642, ubuntu22-d, mtd-zk-2, 0.210934
EXP-LEAD, 2023-07-19T02:14:24.689, ubuntu22-d, mtd-zk-2, START
EXP-LEAD, 2023-07-19T02:14:30.143, ubuntu22-d, mtd-zk-2, END
EXP-LOAD, 2023-07-19T02:14:31.196, ubuntu22-d, mtd-zk-2, 0.210934
EXP-LEAD, 2023-07-19T02:14:32.784, ubuntu22-d, mtd-zk-2, START
EXP-LEAD, 2023-07-19T02:14:38.364, ubuntu22-d, mtd-zk-2, END
EXP-LOAD, 2023-07-19T02:14:39.439, ubuntu22-d, mtd-zk-2, 0.284658
EXP-LOAD, 2023-07-19T02:14:49.031, ubuntu22-d, mtd-zk-2, 0.284658
EXP-LEAD, 2023-07-19T02:14:50.064, ubuntu22-d, mtd-zk-2, START
EXP-LEAD, 2023-07-19T02:14:54.666, ubuntu22-d, mtd-zk-2, END
EXP-LOAD, 2023-07-19T02:14:55.709, ubuntu22-d, mtd-zk-2, 0.192525
EXP-LOAD, 2023-07-19T02:15:02.210, ubuntu22-d, mtd-zk-2, 0.192525
EXP-LOAD, 2023-07-19T02:15:09.730, ubuntu22-d, mtd-zk-2, 0.188677
EXP-LOAD, 2023-07-19T02:15:17.858, ubuntu22-d, mtd-zk-2, 0.188677
EXP-LOAD, 2023-07-19T02:15:24.511, ubuntu22-d, mtd-zk-2, 0.216395
EXP-LEAD, 2023-07-19T02:15:26.165, ubuntu22-d, mtd-zk-2, START
EXP-LEAD, 2023-07-19T02:15:36.787, ubuntu22-d, mtd-zk-2, END
EXP-LOAD, 2023-07-19T02:15:37.860, ubuntu22-d, mtd-zk-2, 0.295211
EXP-LEAD, 2023-07-19T02:15:39.288, ubuntu22-d, mtd-zk-2, START
EXP-LEAD, 2023-07-19T02:15:43.729, ubuntu22-d, mtd-zk-2, END
EXP-LOAD, 2023-07-19T02:15:44.787, ubuntu22-d, mtd-zk-2, 0.295211
EXP-LOAD, 2023-07-19T02:15:51.419, ubuntu22-d, mtd-zk-2, 0.180932
EXP-LOAD, 2023-07-19T02:16:00.914, ubuntu22-d, mtd-zk-2, 0.180932
EXP-LOAD, 2023-07-19T02:16:12.033, ubuntu22-d, mtd-zk-2, 0.129047
EXP-LOAD, 2023-07-19T02:16:20.109, ubuntu22-d, mtd-zk-2, 0.132821
EXP-LEAD, 2023-07-19T02:16:22.141, ubuntu22-d, mtd-zk-2, START
EXP-LEAD, 2023-07-19T02:16:27.706, ubuntu22-d, mtd-zk-2, END
EXP-LOAD, 2023-07-19T02:16:28.749, ubuntu22-d, mtd-zk-2, 0.132821
EXP-LEAD, 2023-07-19T02:16:30.258, ubuntu22-d, mtd-zk-2, START
EXP-LEAD, 2023-07-19T02:16:35.656, ubuntu22-d, mtd-zk-2, END
EXP-LOAD, 2023-07-19T02:16:36.700, ubuntu22-d, mtd-zk-2, 0.159241
EXP-LOAD, 2023-07-19T02:16:45.407, ubuntu22-d, mtd-zk-2, 0.159241
EXP-LOAD, 2023-07-19T02:16:54.494, ubuntu22-d, mtd-zk-2, 0.184225
EXP-LOAD, 2023-07-19T02:17:05.597, ubuntu22-d, mtd-zk-2, 0.145231
EXP-LEAD, 2023-07-19T02:17:08.247, ubuntu22-d, mtd-zk-2, START
EXP-LEAD, 2023-07-19T02:17:14.718, ubuntu22-d, mtd-zk-2, END
EXP-LOAD, 2023-07-19T02:17:15.773, ubuntu22-d, mtd-zk-2, 0.145231
EXP-LOAD, 2023-07-19T02:17:23.890, ubuntu22-d, mtd-zk-2, 0.121059
EXP-LEAD, 2023-07-19T02:17:23.918, ubuntu22-d, mtd-zk-2, START
EXP-LEAD, 2023-07-19T02:17:28.458, ubuntu22-d, mtd-zk-2, END
EXP-LOAD, 2023-07-19T02:17:29.509, ubuntu22-d, mtd-zk-2, 0.121059
EXP-LOAD, 2023-07-19T02:17:41.043, ubuntu22-d, mtd-zk-2, 0.233558
EXP-LOAD, 2023-07-19T02:17:48.142, ubuntu22-d, mtd-zk-2, 0.233558
EXP-LOAD, 2023-07-19T02:17:58.244, ubuntu22-d, mtd-zk-2, 0.114614
EXP-LOAD, 2023-07-19T02:18:05.335, ubuntu22-d, mtd-zk-2, 0.114014
EXP-LOAD, 2023-07-19T02:18:13.445, ubuntu22-d, mtd-zk-2, 0.114014
EXP-LOAD, 2023-07-19T02:18:24.193, ubuntu22-d, mtd-zk-2, 0.163826
EXP-LEAD, 2023-07-19T02:18:26.862, ubuntu22-d, mtd-zk-2, START
EXP-LEAD, 2023-07-19T02:18:32.474, ubuntu22-d, mtd-zk-2, END
EXP-LOAD, 2023-07-19T02:18:33.507, ubuntu22-d, mtd-zk-2, 0.163826
EXP-LEAD, 2023-07-19T02:18:34.944, ubuntu22-d, mtd-zk-2, START
EXP-LEAD, 2023-07-19T02:18:40.414, ubuntu22-d, mtd-zk-2, END
EXP-LOAD, 2023-07-19T02:18:41.504, ubuntu22-d, mtd-zk-2, 0.138329
EXP-LEAD, 2023-07-19T02:18:43.075, ubuntu22-d, mtd-zk-2, START
EXP-LEAD, 2023-07-19T02:18:48.711, ubuntu22-d, mtd-zk-2, END
EXP-LOAD, 2023-07-19T02:18:49.750, ubuntu22-d, mtd-zk-2, 0.242439
EXP-LOAD, 2023-07-19T02:19:00.209, ubuntu22-d, mtd-zk-2, 0.242439
EXP-LOAD, 2023-07-19T02:19:08.297, ubuntu22-d, mtd-zk-2, 0.139324
EXP-LEAD, 2023-07-19T02:19:10.370, ubuntu22-d, mtd-zk-2, START
EXP-LEAD, 2023-07-19T02:19:17.881, ubuntu22-d, mtd-zk-2, END
EXP-LOAD, 2023-07-19T02:19:18.968, ubuntu22-d, mtd-zk-2, 0.139324
EXP-LOAD, 2023-07-19T02:19:25.496, ubuntu22-d, mtd-zk-2, 0.266426
EXP-LEAD, 2023-07-19T02:19:27.013, ubuntu22-d, mtd-zk-2, START
EXP-LEAD, 2023-07-19T02:19:32.628, ubuntu22-d, mtd-zk-2, END
EXP-LOAD, 2023-07-19T02:19:33.705, ubuntu22-d, mtd-zk-2, 0.266426
EXP-LOAD, 2023-07-19T02:19:40.804, ubuntu22-d, mtd-zk-2, 0.190536
EXP-LOAD, 2023-07-19T02:19:47.870, ubuntu22-d, mtd-zk-2, 0.190536
EXP-LOAD, 2023-07-19T02:19:54.936, ubuntu22-d, mtd-zk-2, 0.271850
EXP-LOAD, 2023-07-19T02:20:03.038, ubuntu22-d, mtd-zk-2, 0.271850
EXP-LOAD, 2023-07-19T02:20:14.159, ubuntu22-d, mtd-zk-2, 0.235434
EXP-LOAD, 2023-07-19T02:20:22.256, ubuntu22-d, mtd-zk-2, 0.121124
EXP-LOAD, 2023-07-19T02:20:29.353, ubuntu22-d, mtd-zk-2, 0.121124
EXP-LOAD, 2023-07-19T02:20:37.487, ubuntu22-d, mtd-zk-2, 0.153660
EXP-LOAD, 2023-07-19T02:20:44.582, ubuntu22-d, mtd-zk-2, 0.153660
EXP-LOAD, 2023-07-19T02:20:58.688, ubuntu22-d, mtd-zk-2, 0.280034
EXP-LOAD, 2023-07-19T02:21:05.784, ubuntu22-d, mtd-zk-2, 0.175333
EXP-LOAD, 2023-07-19T02:21:16.309, ubuntu22-d, mtd-zk-2, 0.175333
EXP-LOAD, 2023-07-19T02:21:23.528, ubuntu22-d, mtd-zk-2, 0.188708
EXP-LOAD, 2023-07-19T02:21:34.646, ubuntu22-d, mtd-zk-2, 0.183335
EXP-LEAD, 2023-07-19T02:21:35.680, ubuntu22-d, mtd-zk-2, START
EXP-LEAD, 2023-07-19T02:21:41.218, ubuntu22-d, mtd-zk-2, END
EXP-LOAD, 2023-07-19T02:21:42.257, ubuntu22-d, mtd-zk-2, 0.183335
EXP-LEAD, 2023-07-19T02:21:43.287, ubuntu22-d, mtd-zk-2, START
EXP-LEAD, 2023-07-19T02:21:52.840, ubuntu22-d, mtd-zk-2, END
EXP-LOAD, 2023-07-19T02:21:53.893, ubuntu22-d, mtd-zk-2, 0.283637
EXP-LOAD, 2023-07-19T02:22:02.445, ubuntu22-d, mtd-zk-2, 0.283637
EXP-LEAD, 2023-07-19T02:22:04.471, ubuntu22-d, mtd-zk-2, START
EXP-LEAD, 2023-07-19T02:22:09.927, ubuntu22-d, mtd-zk-2, END
EXP-LOAD, 2023-07-19T02:22:10.993, ubuntu22-d, mtd-zk-2, 0.132522
EXP-LOAD, 2023-07-19T02:22:18.102, ubuntu22-d, mtd-zk-2, 0.132522
EXP-LOAD, 2023-07-19T02:22:28.223, ubuntu22-d, mtd-zk-2, 0.183646
EXP-LOAD, 2023-07-19T02:22:35.321, ubuntu22-d, mtd-zk-2, 0.161635
EXP-LOAD, 2023-07-19T02:22:41.426, ubuntu22-d, mtd-zk-2, 0.161635
EXP-LEAD, 2023-07-19T02:22:42.982, ubuntu22-d, mtd-zk-2, START
EXP-LEAD, 2023-07-19T02:22:48.417, ubuntu22-d, mtd-zk-2, END
EXP-LOAD, 2023-07-19T02:22:49.455, ubuntu22-d, mtd-zk-2, 0.206859
EXP-LEAD, 2023-07-19T02:22:52.081, ubuntu22-d, mtd-zk-2, START
EXP-LEAD, 2023-07-19T02:22:59.596, ubuntu22-d, mtd-zk-2, END
EXP-LOAD, 2023-07-19T02:23:00.674, ubuntu22-d, mtd-zk-2, 0.206859
EXP-LOAD, 2023-07-19T02:23:08.266, ubuntu22-d, mtd-zk-2, 0.207746
EXP-LOAD, 2023-07-19T02:23:15.899, ubuntu22-d, mtd-zk-2, 0.207746
EXP-LOAD, 2023-07-19T02:23:23.010, ubuntu22-d, mtd-zk-2, 0.160257
EXP-LOAD, 2023-07-19T02:23:31.607, ubuntu22-d, mtd-zk-2, 0.160257
EXP-LEAD, 2023-07-19T02:23:32.636, ubuntu22-d, mtd-zk-2, START
EXP-LEAD, 2023-07-19T02:23:37.139, ubuntu22-d, mtd-zk-2, END
EXP-LOAD, 2023-07-19T02:23:38.177, ubuntu22-d, mtd-zk-2, 0.220714
EXP-LEAD, 2023-07-19T02:23:39.203, ubuntu22-d, mtd-zk-2, START
EXP-LEAD, 2023-07-19T02:23:44.651, ubuntu22-d, mtd-zk-2, END
EXP-LOAD, 2023-07-19T02:23:45.722, ubuntu22-d, mtd-zk-2, 0.220714
EXP-LOAD, 2023-07-19T02:23:55.812, ubuntu22-d, mtd-zk-2, 0.268060
EXP-LOAD, 2023-07-19T02:24:03.918, ubuntu22-d, mtd-zk-2, 0.268060
EXP-LOAD, 2023-07-19T02:24:10.077, ubuntu22-d, mtd-zk-2, 0.180145
EXP-LEAD, 2023-07-19T02:24:11.551, ubuntu22-d, mtd-zk-2, START
EXP-LEAD, 2023-07-19T02:24:20.105, ubuntu22-d, mtd-zk-2, END
EXP-LOAD, 2023-07-19T02:24:21.170, ubuntu22-d, mtd-zk-2, 0.220037
EXP-LOAD, 2023-07-19T02:24:28.751, ubuntu22-d, mtd-zk-2, 0.220037
EXP-LOAD, 2023-07-19T02:24:34.838, ubuntu22-d, mtd-zk-2, 0.129320
EXP-LEAD, 2023-07-19T02:24:36.870, ubuntu22-d, mtd-zk-2, START
EXP-LEAD, 2023-07-19T02:24:45.482, ubuntu22-d, mtd-zk-2, END
EXP-LOAD, 2023-07-19T02:24:46.528, ubuntu22-d, mtd-zk-2, 0.129320
EXP-LEAD, 2023-07-19T02:24:47.958, ubuntu22-d, mtd-zk-2, START
EXP-LEAD, 2023-07-19T02:24:54.522, ubuntu22-d, mtd-zk-2, END
EXP-LOAD, 2023-07-19T02:24:55.561, ubuntu22-d, mtd-zk-2, 0.256250
EXP-LOAD, 2023-07-19T02:25:04.136, ubuntu22-d, mtd-zk-2, 0.183224
EXP-LOAD, 2023-07-19T02:25:16.252, ubuntu22-d, mtd-zk-2, 0.183224
EXP-LOAD, 2023-07-19T02:25:25.332, ubuntu22-d, mtd-zk-2, 0.095895
EXP-LOAD, 2023-07-19T02:25:35.431, ubuntu22-d, mtd-zk-2, 0.178642
EXP-LEAD, 2023-07-19T02:25:37.456, ubuntu22-d, mtd-zk-2, START
EXP-LEAD, 2023-07-19T02:25:41.911, ubuntu22-d, mtd-zk-2, END
EXP-LOAD, 2023-07-19T02:25:42.952, ubuntu22-d, mtd-zk-2, 0.178642
EXP-LOAD, 2023-07-19T02:25:53.576, ubuntu22-d, mtd-zk-2, 0.318611
EXP-LEAD, 2023-07-19T02:25:56.259, ubuntu22-d, mtd-zk-2, START
EXP-LEAD, 2023-07-19T02:26:00.682, ubuntu22-d, mtd-zk-2, END
EXP-LOAD, 2023-07-19T02:26:01.725, ubuntu22-d, mtd-zk-2, 0.318611
EXP-LOAD, 2023-07-19T02:26:09.447, ubuntu22-d, mtd-zk-2, 0.185314
EXP-LOAD, 2023-07-19T02:26:17.529, ubuntu22-d, mtd-zk-2, 0.185314
EXP-LEAD, 2023-07-19T02:26:18.639, ubuntu22-d, mtd-zk-2, START
EXP-LEAD, 2023-07-19T02:26:26.125, ubuntu22-d, mtd-zk-2, END
EXP-LOAD, 2023-07-19T02:26:27.189, ubuntu22-d, mtd-zk-2, 0.190020
EXP-LEAD, 2023-07-19T02:26:28.742, ubuntu22-d, mtd-zk-2, START
EXP-LEAD, 2023-07-19T02:26:33.131, ubuntu22-d, mtd-zk-2, END
EXP-LOAD, 2023-07-19T02:26:34.177, ubuntu22-d, mtd-zk-2, 0.157082
EXP-LOAD, 2023-07-19T02:26:41.917, ubuntu22-d, mtd-zk-2, 0.157082
EXP-LOAD, 2023-07-19T02:26:49.046, ubuntu22-d, mtd-zk-2, 0.157082
EXP-LOAD, 2023-07-19T02:26:59.498, ubuntu22-d, mtd-zk-2, 0.229275
EXP-LOAD, 2023-07-19T02:27:06.603, ubuntu22-d, mtd-zk-2, 0.190833
EXP-LEAD, 2023-07-19T02:27:09.624, ubuntu22-d, mtd-zk-2, START
EXP-LEAD, 2023-07-19T02:27:18.176, ubuntu22-d, mtd-zk-2, END
EXP-LOAD, 2023-07-19T02:27:19.263, ubuntu22-d, mtd-zk-2, 0.204826
EXP-LOAD, 2023-07-19T02:27:26.776, ubuntu22-d, mtd-zk-2, 0.204826
EXP-LEAD, 2023-07-19T02:27:28.808, ubuntu22-d, mtd-zk-2, START
EXP-LEAD, 2023-07-19T02:27:33.231, ubuntu22-d, mtd-zk-2, END
EXP-LOAD, 2023-07-19T02:27:34.271, ubuntu22-d, mtd-zk-2, 0.165711
EXP-LOAD, 2023-07-19T02:27:45.005, ubuntu22-d, mtd-zk-2, 0.165711
EXP-LEAD, 2023-07-19T02:27:46.029, ubuntu22-d, mtd-zk-2, START
EXP-LEAD, 2023-07-19T02:27:50.442, ubuntu22-d, mtd-zk-2, END
EXP-LOAD, 2023-07-19T02:27:51.491, ubuntu22-d, mtd-zk-2, 0.129409
EXP-LEAD, 2023-07-19T02:27:53.529, ubuntu22-d, mtd-zk-2, START
EXP-LEAD, 2023-07-19T02:27:58.134, ubuntu22-d, mtd-zk-2, END
EXP-LOAD, 2023-07-19T02:27:59.218, ubuntu22-d, mtd-zk-2, 0.129409
EXP-LOAD, 2023-07-19T02:28:09.678, ubuntu22-d, mtd-zk-2, 0.207634
EXP-LOAD, 2023-07-19T02:28:17.371, ubuntu22-d, mtd-zk-2, 0.207634
EXP-LOAD, 2023-07-19T02:28:27.470, ubuntu22-d, mtd-zk-2, 0.174231
EXP-LOAD, 2023-07-19T02:28:35.288, ubuntu22-d, mtd-zk-2, 0.221835
EXP-LEAD, 2023-07-19T02:28:36.309, ubuntu22-d, mtd-zk-2, START
EXP-LEAD, 2023-07-19T02:28:44.840, ubuntu22-d, mtd-zk-2, END
EXP-LOAD, 2023-07-19T02:28:45.925, ubuntu22-d, mtd-zk-2, 0.221835
EXP-LOAD, 2023-07-19T02:28:54.491, ubuntu22-d, mtd-zk-2, 0.093850
EXP-LEAD, 2023-07-19T02:28:55.523, ubuntu22-d, mtd-zk-2, START
EXP-LEAD, 2023-07-19T02:29:05.255, ubuntu22-d, mtd-zk-2, END
EXP-LOAD, 2023-07-19T02:29:06.320, ubuntu22-d, mtd-zk-2, 0.194001
EXP-LOAD, 2023-07-19T02:29:12.384, ubuntu22-d, mtd-zk-2, 0.194001
EXP-LOAD, 2023-07-19T02:29:22.474, ubuntu22-d, mtd-zk-2, 0.152617
EXP-LOAD, 2023-07-19T02:29:29.557, ubuntu22-d, mtd-zk-2, 0.152617
EXP-LOAD, 2023-07-19T02:29:36.247, ubuntu22-d, mtd-zk-2, 0.151816
EXP-LEAD, 2023-07-19T02:29:37.799, ubuntu22-d, mtd-zk-2, START
EXP-LEAD, 2023-07-19T02:29:46.582, ubuntu22-d, mtd-zk-2, END
EXP-LOAD, 2023-07-19T02:29:47.633, ubuntu22-d, mtd-zk-2, 0.151816
EXP-LEAD, 2023-07-19T02:29:48.923, ubuntu22-d, mtd-zk-2, START
EXP-LEAD, 2023-07-19T02:29:54.379, ubuntu22-d, mtd-zk-2, END
EXP-LOAD, 2023-07-19T02:29:55.426, ubuntu22-d, mtd-zk-2, 0.200443
EXP-LOAD, 2023-07-19T02:30:04.070, ubuntu22-d, mtd-zk-2, 0.185557
EXP-LOAD, 2023-07-19T02:30:11.358, ubuntu22-d, mtd-zk-2, 0.185557
EXP-LEAD, 2023-07-19T02:30:12.396, ubuntu22-d, mtd-zk-2, START
EXP-LEAD, 2023-07-19T02:30:12.616, ubuntu22-d, mtd-zk-2, END
