EXP-LOAD, 2023-07-18T15:03:16.087, ubuntu22-b, mtd-zk-0, 0.574111
EXP-LOAD, 2023-07-18T15:03:26.563, ubuntu22-b, mtd-zk-0, 0.624007
EXP-LEAD, 2023-07-18T15:03:28.535, ubuntu22-b, mtd-zk-0, START
EXP-LEAD, 2023-07-18T15:03:35.108, ubuntu22-b, mtd-zk-0, END
EXP-LOAD, 2023-07-18T15:03:36.293, ubuntu22-b, mtd-zk-0, 0.756605
EXP-LOAD, 2023-07-18T15:03:43.844, ubuntu22-b, mtd-zk-0, 0.756605
EXP-LOAD, 2023-07-18T15:03:54.085, ubuntu22-b, mtd-zk-0, 0.677435
EXP-LOAD, 2023-07-18T15:04:02.250, ubuntu22-b, mtd-zk-0, 0.677435
EXP-LOAD, 2023-07-18T15:04:09.408, ubuntu22-b, mtd-zk-0, 0.691017
EXP-LEAD, 2023-07-18T15:04:10.455, ubuntu22-b, mtd-zk-0, START
EXP-LEAD, 2023-07-18T15:04:16.502, ubuntu22-b, mtd-zk-0, END
EXP-LOAD, 2023-07-18T15:04:17.731, ubuntu22-b, mtd-zk-0, 0.691017
EXP-LEAD, 2023-07-18T15:04:19.592, ubuntu22-b, mtd-zk-0, START
EXP-LEAD, 2023-07-18T15:04:27.450, ubuntu22-b, mtd-zk-0, END
EXP-LOAD, 2023-07-18T15:04:28.581, ubuntu22-b, mtd-zk-0, 0.740007
EXP-LOAD, 2023-07-18T15:04:35.804, ubuntu22-b, mtd-zk-0, 0.730872
EXP-LOAD, 2023-07-18T15:04:43.955, ubuntu22-b, mtd-zk-0, 0.730872
EXP-LOAD, 2023-07-18T15:04:54.226, ubuntu22-b, mtd-zk-0, 0.687914
EXP-LOAD, 2023-07-18T15:05:01.357, ubuntu22-b, mtd-zk-0, 0.687914
EXP-LOAD, 2023-07-18T15:05:11.672, ubuntu22-b, mtd-zk-0, 0.609016
EXP-LOAD, 2023-07-18T15:05:18.720, ubuntu22-b, mtd-zk-0, 0.609016
EXP-LOAD, 2023-07-18T15:05:27.777, ubuntu22-b, mtd-zk-0, 0.717309
EXP-LEAD, 2023-07-18T15:05:28.768, ubuntu22-b, mtd-zk-0, START
EXP-LEAD, 2023-07-18T15:05:34.613, ubuntu22-b, mtd-zk-0, END
EXP-LOAD, 2023-07-18T15:05:35.672, ubuntu22-b, mtd-zk-0, 0.733610
EXP-LOAD, 2023-07-18T15:05:46.948, ubuntu22-b, mtd-zk-0, 0.733610
EXP-LOAD, 2023-07-18T15:05:53.794, ubuntu22-b, mtd-zk-0, 0.680203
EXP-LOAD, 2023-07-18T15:06:02.872, ubuntu22-b, mtd-zk-0, 0.680203
EXP-LOAD, 2023-07-18T15:06:12.023, ubuntu22-b, mtd-zk-0, 0.690206
EXP-LOAD, 2023-07-18T15:06:20.195, ubuntu22-b, mtd-zk-0, 0.675923
EXP-LOAD, 2023-07-18T15:06:27.271, ubuntu22-b, mtd-zk-0, 0.675923
EXP-LOAD, 2023-07-18T15:06:38.446, ubuntu22-b, mtd-zk-0, 0.683607
EXP-LOAD, 2023-07-18T15:06:44.566, ubuntu22-b, mtd-zk-0, 0.683607
EXP-LOAD, 2023-07-18T15:06:51.719, ubuntu22-b, mtd-zk-0, 0.678915
EXP-LEAD, 2023-07-18T15:06:52.735, ubuntu22-b, mtd-zk-0, START
EXP-LEAD, 2023-07-18T15:07:00.517, ubuntu22-b, mtd-zk-0, END
EXP-LOAD, 2023-07-18T15:07:01.582, ubuntu22-b, mtd-zk-0, 0.678915
EXP-LOAD, 2023-07-18T15:07:07.957, ubuntu22-b, mtd-zk-0, 0.723014
EXP-LOAD, 2023-07-18T15:07:16.129, ubuntu22-b, mtd-zk-0, 0.723014
EXP-LOAD, 2023-07-18T15:07:23.244, ubuntu22-b, mtd-zk-0, 0.666816
EXP-LOAD, 2023-07-18T15:07:29.931, ubuntu22-b, mtd-zk-0, 0.666816
EXP-LOAD, 2023-07-18T15:07:38.484, ubuntu22-b, mtd-zk-0, 0.715620
EXP-LOAD, 2023-07-18T15:07:45.552, ubuntu22-b, mtd-zk-0, 0.715620
EXP-LOAD, 2023-07-18T15:07:56.112, ubuntu22-b, mtd-zk-0, 0.717113
EXP-LOAD, 2023-07-18T15:08:05.242, ubuntu22-b, mtd-zk-0, 0.660015
EXP-LEAD, 2023-07-18T15:08:07.302, ubuntu22-b, mtd-zk-0, START
EXP-LEAD, 2023-07-18T15:08:13.205, ubuntu22-b, mtd-zk-0, END
EXP-LOAD, 2023-07-18T15:08:14.266, ubuntu22-b, mtd-zk-0, 0.660015
EXP-LOAD, 2023-07-18T15:08:23.417, ubuntu22-b, mtd-zk-0, 0.685709
EXP-LOAD, 2023-07-18T15:08:31.091, ubuntu22-b, mtd-zk-0, 0.685709
EXP-LOAD, 2023-07-18T15:08:39.163, ubuntu22-b, mtd-zk-0, 0.617103
EXP-LEAD, 2023-07-18T15:08:40.204, ubuntu22-b, mtd-zk-0, START
EXP-LEAD, 2023-07-18T15:08:48.181, ubuntu22-b, mtd-zk-0, END
EXP-LOAD, 2023-07-18T15:08:49.258, ubuntu22-b, mtd-zk-0, 0.707306
EXP-LOAD, 2023-07-18T15:08:55.386, ubuntu22-b, mtd-zk-0, 0.707306
EXP-LOAD, 2023-07-18T15:09:04.486, ubuntu22-b, mtd-zk-0, 0.677237
EXP-LOAD, 2023-07-18T15:09:11.588, ubuntu22-b, mtd-zk-0, 0.677237
EXP-LOAD, 2023-07-18T15:09:19.692, ubuntu22-b, mtd-zk-0, 0.710116
EXP-LOAD, 2023-07-18T15:09:30.285, ubuntu22-b, mtd-zk-0, 0.710116
EXP-LOAD, 2023-07-18T15:09:38.427, ubuntu22-b, mtd-zk-0, 0.661013
EXP-LOAD, 2023-07-18T15:09:49.510, ubuntu22-b, mtd-zk-0, 0.726010
EXP-LOAD, 2023-07-18T15:09:57.620, ubuntu22-b, mtd-zk-0, 0.726010
EXP-LOAD, 2023-07-18T15:10:07.796, ubuntu22-b, mtd-zk-0, 0.599647
EXP-LEAD, 2023-07-18T15:10:10.107, ubuntu22-b, mtd-zk-0, START
EXP-LEAD, 2023-07-18T15:10:15.915, ubuntu22-b, mtd-zk-0, END
EXP-LOAD, 2023-07-18T15:10:16.977, ubuntu22-b, mtd-zk-0, 0.599647
EXP-LOAD, 2023-07-18T15:10:24.057, ubuntu22-b, mtd-zk-0, 0.704225
EXP-LOAD, 2023-07-18T15:10:35.211, ubuntu22-b, mtd-zk-0, 0.705011
EXP-LOAD, 2023-07-18T15:10:43.373, ubuntu22-b, mtd-zk-0, 0.705011
EXP-LOAD, 2023-07-18T15:10:51.499, ubuntu22-b, mtd-zk-0, 0.676012
EXP-LOAD, 2023-07-18T15:11:01.660, ubuntu22-b, mtd-zk-0, 0.676012
EXP-LOAD, 2023-07-18T15:11:08.874, ubuntu22-b, mtd-zk-0, 0.673608
EXP-LOAD, 2023-07-18T15:11:16.924, ubuntu22-b, mtd-zk-0, 0.673608
EXP-LOAD, 2023-07-18T15:11:27.143, ubuntu22-b, mtd-zk-0, 0.658221
EXP-LEAD, 2023-07-18T15:11:29.155, ubuntu22-b, mtd-zk-0, START
EXP-LEAD, 2023-07-18T15:11:33.678, ubuntu22-b, mtd-zk-0, END
EXP-LOAD, 2023-07-18T15:11:34.772, ubuntu22-b, mtd-zk-0, 0.698608
EXP-LOAD, 2023-07-18T15:11:43.337, ubuntu22-b, mtd-zk-0, 0.698608
EXP-LOAD, 2023-07-18T15:11:50.488, ubuntu22-b, mtd-zk-0, 0.706314
EXP-LOAD, 2023-07-18T15:11:58.985, ubuntu22-b, mtd-zk-0, 0.706314
EXP-LOAD, 2023-07-18T15:12:07.079, ubuntu22-b, mtd-zk-0, 0.753204
EXP-LOAD, 2023-07-18T15:12:15.232, ubuntu22-b, mtd-zk-0, 0.753204
EXP-LOAD, 2023-07-18T15:12:24.324, ubuntu22-b, mtd-zk-0, 0.650579
EXP-LOAD, 2023-07-18T15:12:31.894, ubuntu22-b, mtd-zk-0, 0.650579
EXP-LOAD, 2023-07-18T15:12:41.994, ubuntu22-b, mtd-zk-0, 0.689492
EXP-LOAD, 2023-07-18T15:12:50.131, ubuntu22-b, mtd-zk-0, 0.690309
EXP-LOAD, 2023-07-18T15:12:57.283, ubuntu22-b, mtd-zk-0, 0.690309
EXP-LOAD, 2023-07-18T15:13:05.370, ubuntu22-b, mtd-zk-0, 0.746605
EXP-LOAD, 2023-07-18T15:13:13.610, ubuntu22-b, mtd-zk-0, 0.746605
EXP-LOAD, 2023-07-18T15:13:21.826, ubuntu22-b, mtd-zk-0, 0.648310
EXP-LOAD, 2023-07-18T15:13:32.442, ubuntu22-b, mtd-zk-0, 0.648310
EXP-LOAD, 2023-07-18T15:13:39.540, ubuntu22-b, mtd-zk-0, 0.688232
EXP-LOAD, 2023-07-18T15:13:46.665, ubuntu22-b, mtd-zk-0, 0.688232
EXP-LOAD, 2023-07-18T15:13:53.269, ubuntu22-b, mtd-zk-0, 0.639903
EXP-LOAD, 2023-07-18T15:14:01.371, ubuntu22-b, mtd-zk-0, 0.639903
EXP-LOAD, 2023-07-18T15:14:09.519, ubuntu22-b, mtd-zk-0, 0.666205
EXP-LOAD, 2023-07-18T15:14:20.653, ubuntu22-b, mtd-zk-0, 0.675119
EXP-LOAD, 2023-07-18T15:14:26.799, ubuntu22-b, mtd-zk-0, 0.675119
EXP-LOAD, 2023-07-18T15:14:37.533, ubuntu22-b, mtd-zk-0, 0.697808
EXP-LOAD, 2023-07-18T15:14:44.266, ubuntu22-b, mtd-zk-0, 0.697808
EXP-LEAD, 2023-07-18T15:14:47.323, ubuntu22-b, mtd-zk-0, START
EXP-LEAD, 2023-07-18T15:14:53.935, ubuntu22-b, mtd-zk-0, END
EXP-LOAD, 2023-07-18T15:14:54.991, ubuntu22-b, mtd-zk-0, 0.691031
EXP-LEAD, 2023-07-18T15:14:56.515, ubuntu22-b, mtd-zk-0, START
EXP-LEAD, 2023-07-18T15:15:02.155, ubuntu22-b, mtd-zk-0, END
EXP-LOAD, 2023-07-18T15:15:03.206, ubuntu22-b, mtd-zk-0, 0.691031
EXP-LEAD, 2023-07-18T15:15:04.550, ubuntu22-b, mtd-zk-0, START
EXP-LEAD, 2023-07-18T15:15:13.487, ubuntu22-b, mtd-zk-0, END
EXP-LOAD, 2023-07-18T15:15:14.588, ubuntu22-b, mtd-zk-0, 0.727821
EXP-LOAD, 2023-07-18T15:15:19.766, ubuntu22-b, mtd-zk-0, 0.701626
EXP-LOAD, 2023-07-18T15:15:31.042, ubuntu22-b, mtd-zk-0, 0.701626
EXP-LOAD, 2023-07-18T15:15:39.145, ubuntu22-b, mtd-zk-0, 0.646391
EXP-LEAD, 2023-07-18T15:15:42.164, ubuntu22-b, mtd-zk-0, START
EXP-LEAD, 2023-07-18T15:15:46.713, ubuntu22-b, mtd-zk-0, END
EXP-LOAD, 2023-07-18T15:15:47.781, ubuntu22-b, mtd-zk-0, 0.646391
EXP-LEAD, 2023-07-18T15:15:49.294, ubuntu22-b, mtd-zk-0, START
EXP-LEAD, 2023-07-18T15:15:55.891, ubuntu22-b, mtd-zk-0, END
EXP-LOAD, 2023-07-18T15:15:56.942, ubuntu22-b, mtd-zk-0, 0.662811
EXP-LOAD, 2023-07-18T15:16:07.488, ubuntu22-b, mtd-zk-0, 0.677114
EXP-LOAD, 2023-07-18T15:16:15.595, ubuntu22-b, mtd-zk-0, 0.677114
EXP-LOAD, 2023-07-18T15:16:22.703, ubuntu22-b, mtd-zk-0, 0.708203
EXP-LEAD, 2023-07-18T15:16:24.163, ubuntu22-b, mtd-zk-0, START
EXP-LEAD, 2023-07-18T15:16:28.708, ubuntu22-b, mtd-zk-0, END
EXP-LOAD, 2023-07-18T15:16:29.746, ubuntu22-b, mtd-zk-0, 0.708203
EXP-LOAD, 2023-07-18T15:16:40.332, ubuntu22-b, mtd-zk-0, 0.653106
EXP-LOAD, 2023-07-18T15:16:47.909, ubuntu22-b, mtd-zk-0, 0.653106
EXP-LOAD, 2023-07-18T15:16:56.225, ubuntu22-b, mtd-zk-0, 0.661604
EXP-LOAD, 2023-07-18T15:17:04.302, ubuntu22-b, mtd-zk-0, 0.673308
EXP-LOAD, 2023-07-18T15:17:11.469, ubuntu22-b, mtd-zk-0, 0.673308
EXP-LEAD, 2023-07-18T15:17:13.503, ubuntu22-b, mtd-zk-0, START
EXP-LEAD, 2023-07-18T15:17:19.077, ubuntu22-b, mtd-zk-0, END
EXP-LOAD, 2023-07-18T15:17:20.155, ubuntu22-b, mtd-zk-0, 0.642419
EXP-LOAD, 2023-07-18T15:17:26.683, ubuntu22-b, mtd-zk-0, 0.642419
EXP-LOAD, 2023-07-18T15:17:35.805, ubuntu22-b, mtd-zk-0, 0.659604
EXP-LOAD, 2023-07-18T15:17:46.894, ubuntu22-b, mtd-zk-0, 0.659604
EXP-LEAD, 2023-07-18T15:17:48.096, ubuntu22-b, mtd-zk-0, START
EXP-LEAD, 2023-07-18T15:17:53.682, ubuntu22-b, mtd-zk-0, END
EXP-LOAD, 2023-07-18T15:17:54.730, ubuntu22-b, mtd-zk-0, 0.652404
EXP-LOAD, 2023-07-18T15:18:04.344, ubuntu22-b, mtd-zk-0, 0.682922
EXP-LOAD, 2023-07-18T15:18:12.364, ubuntu22-b, mtd-zk-0, 0.682922
EXP-LOAD, 2023-07-18T15:18:19.458, ubuntu22-b, mtd-zk-0, 0.660011
EXP-LOAD, 2023-07-18T15:18:28.560, ubuntu22-b, mtd-zk-0, 0.660011
EXP-LEAD, 2023-07-18T15:18:30.587, ubuntu22-b, mtd-zk-0, START
EXP-LEAD, 2023-07-18T15:18:36.183, ubuntu22-b, mtd-zk-0, END
EXP-LOAD, 2023-07-18T15:18:37.235, ubuntu22-b, mtd-zk-0, 0.687508
EXP-LOAD, 2023-07-18T15:18:45.791, ubuntu22-b, mtd-zk-0, 0.687508
EXP-LOAD, 2023-07-18T15:18:53.398, ubuntu22-b, mtd-zk-0, 0.672814
EXP-LOAD, 2023-07-18T15:19:03.529, ubuntu22-b, mtd-zk-0, 0.672814
EXP-LOAD, 2023-07-18T15:19:10.671, ubuntu22-b, mtd-zk-0, 0.651644
EXP-LOAD, 2023-07-18T15:19:19.768, ubuntu22-b, mtd-zk-0, 0.677416
EXP-LOAD, 2023-07-18T15:19:30.876, ubuntu22-b, mtd-zk-0, 0.677416
EXP-LEAD, 2023-07-18T15:19:32.903, ubuntu22-b, mtd-zk-0, START
EXP-LEAD, 2023-07-18T15:19:37.552, ubuntu22-b, mtd-zk-0, END
EXP-LOAD, 2023-07-18T15:19:38.695, ubuntu22-b, mtd-zk-0, 0.690724
EXP-LOAD, 2023-07-18T15:19:47.129, ubuntu22-b, mtd-zk-0, 0.690724
EXP-LOAD, 2023-07-18T15:19:57.864, ubuntu22-b, mtd-zk-0, 0.696203
EXP-LOAD, 2023-07-18T15:20:04.959, ubuntu22-b, mtd-zk-0, 0.672415
EXP-LOAD, 2023-07-18T15:20:16.056, ubuntu22-b, mtd-zk-0, 0.672415
EXP-LOAD, 2023-07-18T15:20:24.272, ubuntu22-b, mtd-zk-0, 0.742204
EXP-LOAD, 2023-07-18T15:20:32.303, ubuntu22-b, mtd-zk-0, 0.742204
EXP-LOAD, 2023-07-18T15:20:41.419, ubuntu22-b, mtd-zk-0, 0.672515
EXP-LOAD, 2023-07-18T15:20:50.579, ubuntu22-b, mtd-zk-0, 0.667821
EXP-LOAD, 2023-07-18T15:20:58.648, ubuntu22-b, mtd-zk-0, 0.667821
EXP-LOAD, 2023-07-18T15:21:10.245, ubuntu22-b, mtd-zk-0, 0.683122
EXP-LEAD, 2023-07-18T15:21:11.284, ubuntu22-b, mtd-zk-0, START
EXP-LEAD, 2023-07-18T15:21:15.895, ubuntu22-b, mtd-zk-0, END
EXP-LOAD, 2023-07-18T15:21:16.943, ubuntu22-b, mtd-zk-0, 0.683122
EXP-LOAD, 2023-07-18T15:21:24.477, ubuntu22-b, mtd-zk-0, 0.664640
EXP-LOAD, 2023-07-18T15:21:33.030, ubuntu22-b, mtd-zk-0, 0.664640
EXP-LOAD, 2023-07-18T15:21:40.116, ubuntu22-b, mtd-zk-0, 0.661440
EXP-LOAD, 2023-07-18T15:21:47.213, ubuntu22-b, mtd-zk-0, 0.661440
EXP-LOAD, 2023-07-18T15:21:59.317, ubuntu22-b, mtd-zk-0, 0.607209
EXP-LOAD, 2023-07-18T15:22:07.398, ubuntu22-b, mtd-zk-0, 0.654216
EXP-LEAD, 2023-07-18T15:22:08.438, ubuntu22-b, mtd-zk-0, START
EXP-LEAD, 2023-07-18T15:22:13.120, ubuntu22-b, mtd-zk-0, END
EXP-LOAD, 2023-07-18T15:22:14.166, ubuntu22-b, mtd-zk-0, 0.654216
EXP-LOAD, 2023-07-18T15:22:21.637, ubuntu22-b, mtd-zk-0, 0.677411
EXP-LOAD, 2023-07-18T15:22:27.740, ubuntu22-b, mtd-zk-0, 0.677411
EXP-LOAD, 2023-07-18T15:22:37.273, ubuntu22-b, mtd-zk-0, 0.660428
EXP-LOAD, 2023-07-18T15:22:45.374, ubuntu22-b, mtd-zk-0, 0.660428
EXP-LOAD, 2023-07-18T15:22:55.493, ubuntu22-b, mtd-zk-0, 0.658205
EXP-LOAD, 2023-07-18T15:23:02.619, ubuntu22-b, mtd-zk-0, 0.658205
EXP-LOAD, 2023-07-18T15:23:10.244, ubuntu22-b, mtd-zk-0, 0.685807
EXP-LEAD, 2023-07-18T15:23:11.325, ubuntu22-b, mtd-zk-0, START
EXP-LEAD, 2023-07-18T15:23:15.950, ubuntu22-b, mtd-zk-0, END
EXP-LOAD, 2023-07-18T15:23:17.015, ubuntu22-b, mtd-zk-0, 0.685807
EXP-LOAD, 2023-07-18T15:23:26.567, ubuntu22-b, mtd-zk-0, 0.682204
EXP-LOAD, 2023-07-18T15:23:32.588, ubuntu22-b, mtd-zk-0, 0.682204
EXP-LOAD, 2023-07-18T15:23:43.705, ubuntu22-b, mtd-zk-0, 0.641254
EXP-LOAD, 2023-07-18T15:23:52.777, ubuntu22-b, mtd-zk-0, 0.732020
EXP-LOAD, 2023-07-18T15:24:00.899, ubuntu22-b, mtd-zk-0, 0.732020
EXP-LOAD, 2023-07-18T15:24:08.454, ubuntu22-b, mtd-zk-0, 0.674205
EXP-LOAD, 2023-07-18T15:24:15.567, ubuntu22-b, mtd-zk-0, 0.674205
EXP-LEAD, 2023-07-18T15:24:17.632, ubuntu22-b, mtd-zk-0, START
EXP-LEAD, 2023-07-18T15:24:23.273, ubuntu22-b, mtd-zk-0, END
EXP-LOAD, 2023-07-18T15:24:24.339, ubuntu22-b, mtd-zk-0, 0.634006
EXP-LOAD, 2023-07-18T15:24:34.830, ubuntu22-b, mtd-zk-0, 0.687409
EXP-LOAD, 2023-07-18T15:24:40.913, ubuntu22-b, mtd-zk-0, 0.687409
EXP-LOAD, 2023-07-18T15:24:50.015, ubuntu22-b, mtd-zk-0, 0.648809
EXP-LOAD, 2023-07-18T15:25:01.134, ubuntu22-b, mtd-zk-0, 0.648809
EXP-LOAD, 2023-07-18T15:25:08.254, ubuntu22-b, mtd-zk-0, 0.653910
EXP-LOAD, 2023-07-18T15:25:18.844, ubuntu22-b, mtd-zk-0, 0.653910
EXP-LOAD, 2023-07-18T15:25:28.915, ubuntu22-b, mtd-zk-0, 0.680032
EXP-LOAD, 2023-07-18T15:25:38.010, ubuntu22-b, mtd-zk-0, 0.680618
EXP-LOAD, 2023-07-18T15:25:46.169, ubuntu22-b, mtd-zk-0, 0.680618
EXP-LEAD, 2023-07-18T15:25:47.200, ubuntu22-b, mtd-zk-0, START
EXP-LEAD, 2023-07-18T15:25:51.777, ubuntu22-b, mtd-zk-0, END
EXP-LOAD, 2023-07-18T15:25:52.822, ubuntu22-b, mtd-zk-0, 0.694018
EXP-LOAD, 2023-07-18T15:26:02.419, ubuntu22-b, mtd-zk-0, 0.694018
EXP-LOAD, 2023-07-18T15:26:11.523, ubuntu22-b, mtd-zk-0, 0.672106
EXP-LEAD, 2023-07-18T15:26:13.575, ubuntu22-b, mtd-zk-0, START
EXP-LEAD, 2023-07-18T15:26:18.106, ubuntu22-b, mtd-zk-0, END
EXP-LOAD, 2023-07-18T15:26:19.158, ubuntu22-b, mtd-zk-0, 0.694820
EXP-LOAD, 2023-07-18T15:26:26.726, ubuntu22-b, mtd-zk-0, 0.694820
EXP-LOAD, 2023-07-18T15:26:36.380, ubuntu22-b, mtd-zk-0, 0.690510
EXP-LOAD, 2023-07-18T15:26:43.522, ubuntu22-b, mtd-zk-0, 0.690510
EXP-LOAD, 2023-07-18T15:26:52.644, ubuntu22-b, mtd-zk-0, 0.612927
EXP-LOAD, 2023-07-18T15:27:00.744, ubuntu22-b, mtd-zk-0, 0.612927
EXP-LOAD, 2023-07-18T15:27:09.916, ubuntu22-b, mtd-zk-0, 0.700813
EXP-LOAD, 2023-07-18T15:27:16.949, ubuntu22-b, mtd-zk-0, 0.700813
EXP-LOAD, 2023-07-18T15:27:28.460, ubuntu22-b, mtd-zk-0, 0.700611
EXP-LOAD, 2023-07-18T15:27:34.625, ubuntu22-b, mtd-zk-0, 0.694110
EXP-LOAD, 2023-07-18T15:27:46.754, ubuntu22-b, mtd-zk-0, 0.694110
EXP-LOAD, 2023-07-18T15:27:53.842, ubuntu22-b, mtd-zk-0, 0.720612
EXP-LOAD, 2023-07-18T15:28:02.929, ubuntu22-b, mtd-zk-0, 0.720612
EXP-LOAD, 2023-07-18T15:28:09.034, ubuntu22-b, mtd-zk-0, 0.640731
EXP-LOAD, 2023-07-18T15:28:17.146, ubuntu22-b, mtd-zk-0, 0.640731
EXP-LEAD, 2023-07-18T15:28:20.206, ubuntu22-b, mtd-zk-0, START
EXP-LEAD, 2023-07-18T15:28:24.734, ubuntu22-b, mtd-zk-0, END
EXP-LOAD, 2023-07-18T15:28:25.795, ubuntu22-b, mtd-zk-0, 0.644019
EXP-LOAD, 2023-07-18T15:28:33.930, ubuntu22-b, mtd-zk-0, 0.644019
EXP-LOAD, 2023-07-18T15:28:40.056, ubuntu22-b, mtd-zk-0, 0.650210
EXP-LOAD, 2023-07-18T15:28:49.624, ubuntu22-b, mtd-zk-0, 0.652211
EXP-LOAD, 2023-07-18T15:28:58.665, ubuntu22-b, mtd-zk-0, 0.652211
EXP-LOAD, 2023-07-18T15:29:08.300, ubuntu22-b, mtd-zk-0, 0.690014
EXP-LOAD, 2023-07-18T15:29:15.423, ubuntu22-b, mtd-zk-0, 0.690014
EXP-LOAD, 2023-07-18T15:29:23.999, ubuntu22-b, mtd-zk-0, 0.674410
EXP-LOAD, 2023-07-18T15:29:32.068, ubuntu22-b, mtd-zk-0, 0.674410
EXP-LOAD, 2023-07-18T15:29:40.145, ubuntu22-b, mtd-zk-0, 0.678214
EXP-LOAD, 2023-07-18T15:29:50.252, ubuntu22-b, mtd-zk-0, 0.629005
EXP-LOAD, 2023-07-18T15:29:56.339, ubuntu22-b, mtd-zk-0, 0.629005
EXP-LOAD, 2023-07-18T15:30:04.446, ubuntu22-b, mtd-zk-0, 0.580015
EXP-LEAD, 2023-07-18T15:30:06.465, ubuntu22-b, mtd-zk-0, START
EXP-LEAD, 2023-07-18T15:30:11.109, ubuntu22-b, mtd-zk-0, END
EXP-LOAD, 2023-07-18T15:30:12.146, ubuntu22-b, mtd-zk-0, 0.580015
EXP-LOAD, 2023-07-18T15:30:20.639, ubuntu22-b, mtd-zk-0, 0.668827
EXP-LOAD, 2023-07-18T15:30:34.382, ubuntu22-b, mtd-zk-0, 0.620212
EXP-LOAD, 2023-07-18T15:30:42.491, ubuntu22-b, mtd-zk-0, 0.620212
EXP-LOAD, 2023-07-18T15:30:49.580, ubuntu22-b, mtd-zk-0, 0.664214
EXP-LOAD, 2023-07-18T15:30:57.244, ubuntu22-b, mtd-zk-0, 0.664214
EXP-LOAD, 2023-07-18T15:31:07.349, ubuntu22-b, mtd-zk-0, 0.633809
EXP-LOAD, 2023-07-18T15:31:16.420, ubuntu22-b, mtd-zk-0, 0.633809
EXP-LOAD, 2023-07-18T15:31:25.934, ubuntu22-b, mtd-zk-0, 0.657406
EXP-LOAD, 2023-07-18T15:31:35.034, ubuntu22-b, mtd-zk-0, 0.645213
EXP-LOAD, 2023-07-18T15:31:41.164, ubuntu22-b, mtd-zk-0, 0.645213
EXP-LOAD, 2023-07-18T15:31:50.864, ubuntu22-b, mtd-zk-0, 0.691412
EXP-LOAD, 2023-07-18T15:31:58.780, ubuntu22-b, mtd-zk-0, 0.691412
EXP-LOAD, 2023-07-18T15:32:09.039, ubuntu22-b, mtd-zk-0, 0.690809
EXP-LOAD, 2023-07-18T15:32:16.001, ubuntu22-b, mtd-zk-0, 0.690809
EXP-LOAD, 2023-07-18T15:32:24.109, ubuntu22-b, mtd-zk-0, 0.678319
EXP-LEAD, 2023-07-18T15:32:25.556, ubuntu22-b, mtd-zk-0, START
EXP-LEAD, 2023-07-18T15:32:31.070, ubuntu22-b, mtd-zk-0, END
EXP-LOAD, 2023-07-18T15:32:32.154, ubuntu22-b, mtd-zk-0, 0.678319
EXP-LEAD, 2023-07-18T15:32:33.658, ubuntu22-b, mtd-zk-0, START
EXP-LEAD, 2023-07-18T15:32:39.165, ubuntu22-b, mtd-zk-0, END
EXP-LOAD, 2023-07-18T15:32:40.206, ubuntu22-b, mtd-zk-0, 0.684006
EXP-LOAD, 2023-07-18T15:32:49.817, ubuntu22-b, mtd-zk-0, 0.651628
EXP-LOAD, 2023-07-18T15:32:58.897, ubuntu22-b, mtd-zk-0, 0.651628
EXP-LOAD, 2023-07-18T15:33:06.027, ubuntu22-b, mtd-zk-0, 0.654419
EXP-LOAD, 2023-07-18T15:33:17.254, ubuntu22-b, mtd-zk-0, 0.654419
EXP-LOAD, 2023-07-18T15:33:23.307, ubuntu22-b, mtd-zk-0, 0.663510
EXP-LOAD, 2023-07-18T15:33:31.913, ubuntu22-b, mtd-zk-0, 0.663510
EXP-LOAD, 2023-07-18T15:33:41.005, ubuntu22-b, mtd-zk-0, 0.701215
EXP-LOAD, 2023-07-18T15:33:51.198, ubuntu22-b, mtd-zk-0, 0.668127
EXP-LEAD, 2023-07-18T15:33:53.172, ubuntu22-b, mtd-zk-0, START
EXP-LEAD, 2023-07-18T15:33:57.731, ubuntu22-b, mtd-zk-0, END
EXP-LOAD, 2023-07-18T15:33:58.782, ubuntu22-b, mtd-zk-0, 0.668127
EXP-LEAD, 2023-07-18T15:34:01.238, ubuntu22-b, mtd-zk-0, START
EXP-LEAD, 2023-07-18T15:34:09.130, ubuntu22-b, mtd-zk-0, END
EXP-LOAD, 2023-07-18T15:34:10.179, ubuntu22-b, mtd-zk-0, 0.679043
EXP-LEAD, 2023-07-18T15:34:10.224, ubuntu22-b, mtd-zk-0, START
EXP-LEAD, 2023-07-18T15:34:15.104, ubuntu22-b, mtd-zk-0, END
EXP-LOAD, 2023-07-18T15:34:16.152, ubuntu22-b, mtd-zk-0, 0.679043
EXP-LOAD, 2023-07-18T15:34:25.394, ubuntu22-b, mtd-zk-0, 0.687208
EXP-LOAD, 2023-07-18T15:34:32.532, ubuntu22-b, mtd-zk-0, 0.687208
EXP-LEAD, 2023-07-18T15:34:34.536, ubuntu22-b, mtd-zk-0, START
EXP-LEAD, 2023-07-18T15:34:39.042, ubuntu22-b, mtd-zk-0, END
EXP-LOAD, 2023-07-18T15:34:40.083, ubuntu22-b, mtd-zk-0, 0.684443
EXP-LOAD, 2023-07-18T15:34:46.743, ubuntu22-b, mtd-zk-0, 0.684443
EXP-LOAD, 2023-07-18T15:34:53.222, ubuntu22-b, mtd-zk-0, 0.703412
EXP-LOAD, 2023-07-18T15:35:01.328, ubuntu22-b, mtd-zk-0, 0.703412
EXP-LEAD, 2023-07-18T15:35:01.363, ubuntu22-b, mtd-zk-0, START
EXP-LEAD, 2023-07-18T15:35:07.064, ubuntu22-b, mtd-zk-0, END
EXP-LOAD, 2023-07-18T15:35:08.134, ubuntu22-b, mtd-zk-0, 0.667601
EXP-LEAD, 2023-07-18T15:35:09.203, ubuntu22-b, mtd-zk-0, START
EXP-LEAD, 2023-07-18T15:35:18.985, ubuntu22-b, mtd-zk-0, END
EXP-LOAD, 2023-07-18T15:35:20.046, ubuntu22-b, mtd-zk-0, 0.640619
EXP-LOAD, 2023-07-18T15:35:27.137, ubuntu22-b, mtd-zk-0, 0.640619
EXP-LOAD, 2023-07-18T15:35:35.285, ubuntu22-b, mtd-zk-0, 0.616635
EXP-LOAD, 2023-07-18T15:35:42.361, ubuntu22-b, mtd-zk-0, 0.616635
EXP-LOAD, 2023-07-18T15:35:51.411, ubuntu22-b, mtd-zk-0, 0.708913
EXP-LOAD, 2023-07-18T15:35:58.492, ubuntu22-b, mtd-zk-0, 0.708913
EXP-LOAD, 2023-07-18T15:36:05.560, ubuntu22-b, mtd-zk-0, 0.579475
EXP-LEAD, 2023-07-18T15:36:06.607, ubuntu22-b, mtd-zk-0, START
EXP-LEAD, 2023-07-18T15:36:15.388, ubuntu22-b, mtd-zk-0, END
EXP-LOAD, 2023-07-18T15:36:16.461, ubuntu22-b, mtd-zk-0, 0.579475
EXP-LOAD, 2023-07-18T15:36:23.761, ubuntu22-b, mtd-zk-0, 0.635421
EXP-LOAD, 2023-07-18T15:36:32.908, ubuntu22-b, mtd-zk-0, 0.635421
EXP-LOAD, 2023-07-18T15:36:41.002, ubuntu22-b, mtd-zk-0, 0.691203
EXP-LOAD, 2023-07-18T15:36:49.125, ubuntu22-b, mtd-zk-0, 0.697111
EXP-LOAD, 2023-07-18T15:36:56.184, ubuntu22-b, mtd-zk-0, 0.697111
EXP-LOAD, 2023-07-18T15:37:04.289, ubuntu22-b, mtd-zk-0, 0.665209
EXP-LOAD, 2023-07-18T15:37:12.868, ubuntu22-b, mtd-zk-0, 0.665209
EXP-LOAD, 2023-07-18T15:37:20.964, ubuntu22-b, mtd-zk-0, 0.659907
EXP-LOAD, 2023-07-18T15:37:31.047, ubuntu22-b, mtd-zk-0, 0.659907
EXP-LOAD, 2023-07-18T15:37:37.194, ubuntu22-b, mtd-zk-0, 0.651608
EXP-LOAD, 2023-07-18T15:37:45.748, ubuntu22-b, mtd-zk-0, 0.651608
EXP-LOAD, 2023-07-18T15:37:54.867, ubuntu22-b, mtd-zk-0, 0.675310
EXP-LEAD, 2023-07-18T15:37:56.915, ubuntu22-b, mtd-zk-0, START
EXP-LEAD, 2023-07-18T15:38:02.192, ubuntu22-b, mtd-zk-0, END
EXP-LOAD, 2023-07-18T15:38:03.248, ubuntu22-b, mtd-zk-0, 0.675310
EXP-LOAD, 2023-07-18T15:38:11.134, ubuntu22-b, mtd-zk-0, 0.707204
EXP-LOAD, 2023-07-18T15:38:22.218, ubuntu22-b, mtd-zk-0, 0.649509
EXP-LOAD, 2023-07-18T15:38:30.284, ubuntu22-b, mtd-zk-0, 0.649509
EXP-LOAD, 2023-07-18T15:38:39.398, ubuntu22-b, mtd-zk-0, 0.611211
EXP-LOAD, 2023-07-18T15:38:48.483, ubuntu22-b, mtd-zk-0, 0.611211
EXP-LOAD, 2023-07-18T15:38:56.616, ubuntu22-b, mtd-zk-0, 0.673329
EXP-LOAD, 2023-07-18T15:39:06.731, ubuntu22-b, mtd-zk-0, 0.644370
EXP-LOAD, 2023-07-18T15:39:15.396, ubuntu22-b, mtd-zk-0, 0.644370
EXP-LOAD, 2023-07-18T15:39:24.556, ubuntu22-b, mtd-zk-0, 0.688310
EXP-LOAD, 2023-07-18T15:39:32.726, ubuntu22-b, mtd-zk-0, 0.688310
EXP-LOAD, 2023-07-18T15:39:42.794, ubuntu22-b, mtd-zk-0, 0.710213
EXP-LOAD, 2023-07-18T15:39:48.862, ubuntu22-b, mtd-zk-0, 0.710213
EXP-LOAD, 2023-07-18T15:39:54.947, ubuntu22-b, mtd-zk-0, 0.634824
EXP-LOAD, 2023-07-18T15:40:02.043, ubuntu22-b, mtd-zk-0, 0.634824
EXP-LOAD, 2023-07-18T15:40:13.147, ubuntu22-b, mtd-zk-0, 0.644418
EXP-LOAD, 2023-07-18T15:40:22.028, ubuntu22-b, mtd-zk-0, 0.642238
EXP-LOAD, 2023-07-18T15:40:33.796, ubuntu22-b, mtd-zk-0, 0.642238
EXP-LOAD, 2023-07-18T15:40:40.741, ubuntu22-b, mtd-zk-0, 0.696871
EXP-LOAD, 2023-07-18T15:40:48.865, ubuntu22-b, mtd-zk-0, 0.696871
EXP-LOAD, 2023-07-18T15:40:55.949, ubuntu22-b, mtd-zk-0, 0.675621
EXP-LOAD, 2023-07-18T15:41:02.442, ubuntu22-b, mtd-zk-0, 0.675621
EXP-LOAD, 2023-07-18T15:41:09.538, ubuntu22-b, mtd-zk-0, 0.628011
EXP-LEAD, 2023-07-18T15:41:11.015, ubuntu22-b, mtd-zk-0, START
EXP-LEAD, 2023-07-18T15:41:16.625, ubuntu22-b, mtd-zk-0, END
EXP-LOAD, 2023-07-18T15:41:17.707, ubuntu22-b, mtd-zk-0, 0.628011
EXP-LOAD, 2023-07-18T15:41:27.155, ubuntu22-b, mtd-zk-0, 0.673613
EXP-LOAD, 2023-07-18T15:41:33.789, ubuntu22-b, mtd-zk-0, 0.673613
EXP-LOAD, 2023-07-18T15:41:43.952, ubuntu22-b, mtd-zk-0, 0.629107
EXP-LOAD, 2023-07-18T15:41:51.949, ubuntu22-b, mtd-zk-0, 0.686615
EXP-LOAD, 2023-07-18T15:42:01.039, ubuntu22-b, mtd-zk-0, 0.686615
EXP-LOAD, 2023-07-18T15:42:07.124, ubuntu22-b, mtd-zk-0, 0.696404
EXP-LOAD, 2023-07-18T15:42:13.691, ubuntu22-b, mtd-zk-0, 0.696404
EXP-LOAD, 2023-07-18T15:42:24.455, ubuntu22-b, mtd-zk-0, 0.678607
EXP-LOAD, 2023-07-18T15:42:32.552, ubuntu22-b, mtd-zk-0, 0.678607
EXP-LOAD, 2023-07-18T15:42:42.632, ubuntu22-b, mtd-zk-0, 0.634610
EXP-LEAD, 2023-07-18T15:42:45.473, ubuntu22-b, mtd-zk-0, START
EXP-LEAD, 2023-07-18T15:42:52.010, ubuntu22-b, mtd-zk-0, END
EXP-LOAD, 2023-07-18T15:42:53.062, ubuntu22-b, mtd-zk-0, 0.692805
EXP-LOAD, 2023-07-18T15:43:03.792, ubuntu22-b, mtd-zk-0, 0.692805
EXP-LOAD, 2023-07-18T15:43:10.948, ubuntu22-b, mtd-zk-0, 0.688230
EXP-LOAD, 2023-07-18T15:43:18.560, ubuntu22-b, mtd-zk-0, 0.688230
EXP-LOAD, 2023-07-18T15:43:25.190, ubuntu22-b, mtd-zk-0, 0.702614
EXP-LOAD, 2023-07-18T15:43:33.721, ubuntu22-b, mtd-zk-0, 0.702614
EXP-LOAD, 2023-07-18T15:43:44.829, ubuntu22-b, mtd-zk-0, 0.642837
EXP-LOAD, 2023-07-18T15:43:51.922, ubuntu22-b, mtd-zk-0, 0.574918
EXP-LOAD, 2023-07-18T15:44:02.999, ubuntu22-b, mtd-zk-0, 0.574918
EXP-LOAD, 2023-07-18T15:44:10.089, ubuntu22-b, mtd-zk-0, 0.661828
EXP-LOAD, 2023-07-18T15:44:19.180, ubuntu22-b, mtd-zk-0, 0.666207
EXP-LOAD, 2023-07-18T15:44:26.265, ubuntu22-b, mtd-zk-0, 0.666207
EXP-LOAD, 2023-07-18T15:44:35.351, ubuntu22-b, mtd-zk-0, 0.667225
EXP-LOAD, 2023-07-18T15:44:46.452, ubuntu22-b, mtd-zk-0, 0.667225
EXP-LOAD, 2023-07-18T15:44:53.556, ubuntu22-b, mtd-zk-0, 0.631802
EXP-LOAD, 2023-07-18T15:45:03.626, ubuntu22-b, mtd-zk-0, 0.631802
EXP-LOAD, 2023-07-18T15:45:11.743, ubuntu22-b, mtd-zk-0, 0.672227
EXP-LOAD, 2023-07-18T15:45:22.892, ubuntu22-b, mtd-zk-0, 0.726006
EXP-LOAD, 2023-07-18T15:45:29.968, ubuntu22-b, mtd-zk-0, 0.726006
EXP-LOAD, 2023-07-18T15:45:36.985, ubuntu22-b, mtd-zk-0, 0.668110
EXP-LOAD, 2023-07-18T15:45:46.099, ubuntu22-b, mtd-zk-0, 0.668110
EXP-LOAD, 2023-07-18T15:45:54.183, ubuntu22-b, mtd-zk-0, 0.701418
EXP-LOAD, 2023-07-18T15:46:03.276, ubuntu22-b, mtd-zk-0, 0.701418
EXP-LOAD, 2023-07-18T15:46:09.371, ubuntu22-b, mtd-zk-0, 0.625608
EXP-LOAD, 2023-07-18T15:46:17.055, ubuntu22-b, mtd-zk-0, 0.625608
EXP-LOAD, 2023-07-18T15:46:28.189, ubuntu22-b, mtd-zk-0, 0.686616
EXP-LOAD, 2023-07-18T15:46:36.265, ubuntu22-b, mtd-zk-0, 0.692716
EXP-LOAD, 2023-07-18T15:46:46.356, ubuntu22-b, mtd-zk-0, 0.692716
EXP-LOAD, 2023-07-18T15:46:54.427, ubuntu22-b, mtd-zk-0, 0.684606
EXP-LEAD, 2023-07-18T15:46:56.479, ubuntu22-b, mtd-zk-0, START
EXP-LEAD, 2023-07-18T15:47:05.075, ubuntu22-b, mtd-zk-0, END
EXP-LOAD, 2023-07-18T15:47:06.127, ubuntu22-b, mtd-zk-0, 0.692200
EXP-LOAD, 2023-07-18T15:47:14.636, ubuntu22-b, mtd-zk-0, 0.692200
EXP-LOAD, 2023-07-18T15:47:24.770, ubuntu22-b, mtd-zk-0, 0.638801
EXP-LEAD, 2023-07-18T15:47:26.786, ubuntu22-b, mtd-zk-0, START
EXP-LEAD, 2023-07-18T15:47:31.313, ubuntu22-b, mtd-zk-0, END
EXP-LOAD, 2023-07-18T15:47:32.355, ubuntu22-b, mtd-zk-0, 0.638801
EXP-LOAD, 2023-07-18T15:47:39.923, ubuntu22-b, mtd-zk-0, 0.715409
EXP-LEAD, 2023-07-18T15:47:41.495, ubuntu22-b, mtd-zk-0, START
EXP-LEAD, 2023-07-18T15:47:48.056, ubuntu22-b, mtd-zk-0, END
EXP-LOAD, 2023-07-18T15:47:49.110, ubuntu22-b, mtd-zk-0, 0.671415
EXP-LOAD, 2023-07-18T15:47:58.641, ubuntu22-b, mtd-zk-0, 0.671415
EXP-LOAD, 2023-07-18T15:48:07.793, ubuntu22-b, mtd-zk-0, 0.675129
EXP-LOAD, 2023-07-18T15:48:14.860, ubuntu22-b, mtd-zk-0, 0.675129
EXP-LOAD, 2023-07-18T15:48:23.330, ubuntu22-b, mtd-zk-0, 0.690803
EXP-LEAD, 2023-07-18T15:48:24.360, ubuntu22-b, mtd-zk-0, START
EXP-LEAD, 2023-07-18T15:48:28.961, ubuntu22-b, mtd-zk-0, END
EXP-LOAD, 2023-07-18T15:48:30.026, ubuntu22-b, mtd-zk-0, 0.690803
EXP-LOAD, 2023-07-18T15:48:36.573, ubuntu22-b, mtd-zk-0, 0.686114
EXP-LOAD, 2023-07-18T15:48:43.677, ubuntu22-b, mtd-zk-0, 0.686114
EXP-LOAD, 2023-07-18T15:48:54.196, ubuntu22-b, mtd-zk-0, 0.585456
EXP-LOAD, 2023-07-18T15:49:01.276, ubuntu22-b, mtd-zk-0, 0.585456
EXP-LOAD, 2023-07-18T15:49:11.356, ubuntu22-b, mtd-zk-0, 0.610931
EXP-LEAD, 2023-07-18T15:49:12.388, ubuntu22-b, mtd-zk-0, START
EXP-LEAD, 2023-07-18T15:49:17.904, ubuntu22-b, mtd-zk-0, END
EXP-LOAD, 2023-07-18T15:49:18.949, ubuntu22-b, mtd-zk-0, 0.610931
EXP-LOAD, 2023-07-18T15:49:27.528, ubuntu22-b, mtd-zk-0, 0.651817
EXP-LOAD, 2023-07-18T15:49:33.594, ubuntu22-b, mtd-zk-0, 0.651817
EXP-LOAD, 2023-07-18T15:49:39.696, ubuntu22-b, mtd-zk-0, 0.649305
EXP-LOAD, 2023-07-18T15:49:46.816, ubuntu22-b, mtd-zk-0, 0.649305
EXP-LOAD, 2023-07-18T15:49:56.426, ubuntu22-b, mtd-zk-0, 0.645605
EXP-LEAD, 2023-07-18T15:49:58.449, ubuntu22-b, mtd-zk-0, START
EXP-LEAD, 2023-07-18T15:50:03.125, ubuntu22-b, mtd-zk-0, END
EXP-LOAD, 2023-07-18T15:50:04.197, ubuntu22-b, mtd-zk-0, 0.682115
EXP-LEAD, 2023-07-18T15:50:05.543, ubuntu22-b, mtd-zk-0, START
EXP-LEAD, 2023-07-18T15:50:14.264, ubuntu22-b, mtd-zk-0, END
EXP-LOAD, 2023-07-18T15:50:15.301, ubuntu22-b, mtd-zk-0, 0.682115
EXP-LOAD, 2023-07-18T15:50:21.713, ubuntu22-b, mtd-zk-0, 0.714039
EXP-LOAD, 2023-07-18T15:50:29.795, ubuntu22-b, mtd-zk-0, 0.714039
EXP-LOAD, 2023-07-18T15:50:40.331, ubuntu22-b, mtd-zk-0, 0.703109
EXP-LEAD, 2023-07-18T15:50:42.344, ubuntu22-b, mtd-zk-0, START
EXP-LEAD, 2023-07-18T15:50:47.870, ubuntu22-b, mtd-zk-0, END
EXP-LOAD, 2023-07-18T15:50:48.917, ubuntu22-b, mtd-zk-0, 0.703109
EXP-LOAD, 2023-07-18T15:50:58.520, ubuntu22-b, mtd-zk-0, 0.701405
EXP-LOAD, 2023-07-18T15:51:08.619, ubuntu22-b, mtd-zk-0, 0.682111
EXP-LEAD, 2023-07-18T15:51:09.650, ubuntu22-b, mtd-zk-0, START
EXP-LEAD, 2023-07-18T15:51:14.273, ubuntu22-b, mtd-zk-0, END
EXP-LOAD, 2023-07-18T15:51:15.332, ubuntu22-b, mtd-zk-0, 0.682111
EXP-LOAD, 2023-07-18T15:51:22.832, ubuntu22-b, mtd-zk-0, 0.631607
EXP-LEAD, 2023-07-18T15:51:24.864, ubuntu22-b, mtd-zk-0, START
EXP-LEAD, 2023-07-18T15:51:33.458, ubuntu22-b, mtd-zk-0, END
EXP-LOAD, 2023-07-18T15:51:34.551, ubuntu22-b, mtd-zk-0, 0.690306
EXP-LOAD, 2023-07-18T15:51:43.040, ubuntu22-b, mtd-zk-0, 0.690306
EXP-LEAD, 2023-07-18T15:51:45.035, ubuntu22-b, mtd-zk-0, START
EXP-LEAD, 2023-07-18T15:51:52.609, ubuntu22-b, mtd-zk-0, END
EXP-LOAD, 2023-07-18T15:51:53.654, ubuntu22-b, mtd-zk-0, 0.552912
EXP-LEAD, 2023-07-18T15:51:54.124, ubuntu22-b, mtd-zk-0, START
EXP-LEAD, 2023-07-18T15:52:00.613, ubuntu22-b, mtd-zk-0, END
EXP-LOAD, 2023-07-18T15:52:01.656, ubuntu22-b, mtd-zk-0, 0.552912
EXP-LOAD, 2023-07-18T15:52:08.281, ubuntu22-b, mtd-zk-0, 0.700109
EXP-LOAD, 2023-07-18T15:52:17.816, ubuntu22-b, mtd-zk-0, 0.700109
EXP-LOAD, 2023-07-18T15:52:25.903, ubuntu22-b, mtd-zk-0, 0.681010
EXP-LOAD, 2023-07-18T15:52:35.008, ubuntu22-b, mtd-zk-0, 0.679715
EXP-LOAD, 2023-07-18T15:52:46.690, ubuntu22-b, mtd-zk-0, 0.679715
EXP-LOAD, 2023-07-18T15:52:53.672, ubuntu22-b, mtd-zk-0, 0.686024
EXP-LOAD, 2023-07-18T15:53:03.764, ubuntu22-b, mtd-zk-0, 0.686024
EXP-LOAD, 2023-07-18T15:53:11.934, ubuntu22-b, mtd-zk-0, 0.689710
EXP-LOAD, 2023-07-18T15:53:22.026, ubuntu22-b, mtd-zk-0, 0.678409
EXP-LOAD, 2023-07-18T15:53:29.069, ubuntu22-b, mtd-zk-0, 0.678409
EXP-LEAD, 2023-07-18T15:53:31.097, ubuntu22-b, mtd-zk-0, START
EXP-LEAD, 2023-07-18T15:53:35.682, ubuntu22-b, mtd-zk-0, END
EXP-LOAD, 2023-07-18T15:53:36.834, ubuntu22-b, mtd-zk-0, 0.709116
EXP-LOAD, 2023-07-18T15:53:46.257, ubuntu22-b, mtd-zk-0, 0.709116
EXP-LOAD, 2023-07-18T15:53:57.390, ubuntu22-b, mtd-zk-0, 0.674808
EXP-LEAD, 2023-07-18T15:53:57.971, ubuntu22-b, mtd-zk-0, START
EXP-LEAD, 2023-07-18T15:54:02.415, ubuntu22-b, mtd-zk-0, END
EXP-LOAD, 2023-07-18T15:54:03.465, ubuntu22-b, mtd-zk-0, 0.674808
EXP-LOAD, 2023-07-18T15:54:10.147, ubuntu22-b, mtd-zk-0, 0.649414
EXP-LOAD, 2023-07-18T15:54:23.287, ubuntu22-b, mtd-zk-0, 0.708218
EXP-LOAD, 2023-07-18T15:54:31.370, ubuntu22-b, mtd-zk-0, 0.708218
EXP-LOAD, 2023-07-18T15:54:43.485, ubuntu22-b, mtd-zk-0, 0.648406
EXP-LOAD, 2023-07-18T15:54:51.585, ubuntu22-b, mtd-zk-0, 0.690230
EXP-LOAD, 2023-07-18T15:55:02.673, ubuntu22-b, mtd-zk-0, 0.690230
EXP-LOAD, 2023-07-18T15:55:10.805, ubuntu22-b, mtd-zk-0, 0.664964
EXP-LOAD, 2023-07-18T15:55:17.455, ubuntu22-b, mtd-zk-0, 0.664964
EXP-LOAD, 2023-07-18T15:55:25.560, ubuntu22-b, mtd-zk-0, 0.677206
EXP-LEAD, 2023-07-18T15:55:27.606, ubuntu22-b, mtd-zk-0, START
EXP-LEAD, 2023-07-18T15:55:34.170, ubuntu22-b, mtd-zk-0, END
EXP-LOAD, 2023-07-18T15:55:35.209, ubuntu22-b, mtd-zk-0, 0.693026
EXP-LEAD, 2023-07-18T15:55:36.709, ubuntu22-b, mtd-zk-0, START
EXP-LEAD, 2023-07-18T15:55:41.126, ubuntu22-b, mtd-zk-0, END
EXP-LOAD, 2023-07-18T15:55:42.171, ubuntu22-b, mtd-zk-0, 0.693026
EXP-LOAD, 2023-07-18T15:55:52.840, ubuntu22-b, mtd-zk-0, 0.679428
EXP-LEAD, 2023-07-18T15:55:53.859, ubuntu22-b, mtd-zk-0, START
EXP-LEAD, 2023-07-18T15:55:59.319, ubuntu22-b, mtd-zk-0, END
EXP-LOAD, 2023-07-18T15:56:00.370, ubuntu22-b, mtd-zk-0, 0.679428
EXP-LEAD, 2023-07-18T15:56:02.392, ubuntu22-b, mtd-zk-0, START
EXP-LEAD, 2023-07-18T15:56:08.104, ubuntu22-b, mtd-zk-0, END
EXP-LOAD, 2023-07-18T15:56:09.150, ubuntu22-b, mtd-zk-0, 0.683416
EXP-LOAD, 2023-07-18T15:56:16.616, ubuntu22-b, mtd-zk-0, 0.683416
EXP-LOAD, 2023-07-18T15:56:25.114, ubuntu22-b, mtd-zk-0, 0.615812
EXP-LOAD, 2023-07-18T15:56:32.813, ubuntu22-b, mtd-zk-0, 0.615812
EXP-LOAD, 2023-07-18T15:56:40.932, ubuntu22-b, mtd-zk-0, 0.690313
EXP-LOAD, 2023-07-18T15:56:54.044, ubuntu22-b, mtd-zk-0, 0.673205
EXP-LOAD, 2023-07-18T15:57:02.120, ubuntu22-b, mtd-zk-0, 0.673205
EXP-LOAD, 2023-07-18T15:57:08.230, ubuntu22-b, mtd-zk-0, 0.705616
EXP-LOAD, 2023-07-18T15:57:15.395, ubuntu22-b, mtd-zk-0, 0.705616
EXP-LOAD, 2023-07-18T15:57:24.552, ubuntu22-b, mtd-zk-0, 0.612556
EXP-LEAD, 2023-07-18T15:57:25.530, ubuntu22-b, mtd-zk-0, START
EXP-LEAD, 2023-07-18T15:57:30.161, ubuntu22-b, mtd-zk-0, END
EXP-LOAD, 2023-07-18T15:57:31.220, ubuntu22-b, mtd-zk-0, 0.612556
EXP-LOAD, 2023-07-18T15:57:38.685, ubuntu22-b, mtd-zk-0, 0.634615
EXP-LOAD, 2023-07-18T15:57:47.791, ubuntu22-b, mtd-zk-0, 0.634615
EXP-LEAD, 2023-07-18T15:57:49.276, ubuntu22-b, mtd-zk-0, START
EXP-LEAD, 2023-07-18T15:57:55.827, ubuntu22-b, mtd-zk-0, END
EXP-LOAD, 2023-07-18T15:57:56.872, ubuntu22-b, mtd-zk-0, 0.677606
EXP-LOAD, 2023-07-18T15:58:06.956, ubuntu22-b, mtd-zk-0, 0.670018
EXP-LOAD, 2023-07-18T15:58:14.031, ubuntu22-b, mtd-zk-0, 0.670018
EXP-LEAD, 2023-07-18T15:58:17.113, ubuntu22-b, mtd-zk-0, START
EXP-LEAD, 2023-07-18T15:58:21.521, ubuntu22-b, mtd-zk-0, END
EXP-LOAD, 2023-07-18T15:58:22.575, ubuntu22-b, mtd-zk-0, 0.657708
EXP-LOAD, 2023-07-18T15:58:29.746, ubuntu22-b, mtd-zk-0, 0.657708
EXP-LOAD, 2023-07-18T15:58:37.794, ubuntu22-b, mtd-zk-0, 0.669206
EXP-LOAD, 2023-07-18T15:58:47.896, ubuntu22-b, mtd-zk-0, 0.669206
EXP-LEAD, 2023-07-18T15:58:49.524, ubuntu22-b, mtd-zk-0, START
EXP-LEAD, 2023-07-18T15:58:55.041, ubuntu22-b, mtd-zk-0, END
EXP-LOAD, 2023-07-18T15:58:56.081, ubuntu22-b, mtd-zk-0, 0.663109
EXP-LOAD, 2023-07-18T15:59:06.155, ubuntu22-b, mtd-zk-0, 0.703809
EXP-LOAD, 2023-07-18T15:59:14.236, ubuntu22-b, mtd-zk-0, 0.703809
EXP-LOAD, 2023-07-18T15:59:24.322, ubuntu22-b, mtd-zk-0, 0.654007
EXP-LOAD, 2023-07-18T15:59:30.422, ubuntu22-b, mtd-zk-0, 0.654007
EXP-LEAD, 2023-07-18T15:59:31.479, ubuntu22-b, mtd-zk-0, START
EXP-LEAD, 2023-07-18T15:59:39.256, ubuntu22-b, mtd-zk-0, END
EXP-LOAD, 2023-07-18T15:59:40.295, ubuntu22-b, mtd-zk-0, 0.682009
EXP-LOAD, 2023-07-18T15:59:46.680, ubuntu22-b, mtd-zk-0, 0.682009
EXP-LEAD, 2023-07-18T15:59:48.206, ubuntu22-b, mtd-zk-0, START
EXP-LEAD, 2023-07-18T15:59:52.899, ubuntu22-b, mtd-zk-0, END
EXP-LOAD, 2023-07-18T15:59:53.968, ubuntu22-b, mtd-zk-0, 0.694914
EXP-LOAD, 2023-07-18T16:00:01.356, ubuntu22-b, mtd-zk-0, 0.694914
EXP-LOAD, 2023-07-18T16:00:13.466, ubuntu22-b, mtd-zk-0, 0.666552
EXP-LOAD, 2023-07-18T16:00:20.616, ubuntu22-b, mtd-zk-0, 0.700250
EXP-LEAD, 2023-07-18T16:00:22.648, ubuntu22-b, mtd-zk-0, START
EXP-LEAD, 2023-07-18T16:00:31.182, ubuntu22-b, mtd-zk-0, END
EXP-LOAD, 2023-07-18T16:00:32.226, ubuntu22-b, mtd-zk-0, 0.700250
EXP-LOAD, 2023-07-18T16:00:38.804, ubuntu22-b, mtd-zk-0, 0.708217
EXP-LOAD, 2023-07-18T16:00:44.898, ubuntu22-b, mtd-zk-0, 0.708217
EXP-LOAD, 2023-07-18T16:00:55.989, ubuntu22-b, mtd-zk-0, 0.683209
EXP-LOAD, 2023-07-18T16:01:02.845, ubuntu22-b, mtd-zk-0, 0.683209
EXP-LOAD, 2023-07-18T16:01:09.061, ubuntu22-b, mtd-zk-0, 0.669407
EXP-LEAD, 2023-07-18T16:01:10.040, ubuntu22-b, mtd-zk-0, START
EXP-LEAD, 2023-07-18T16:01:15.566, ubuntu22-b, mtd-zk-0, END
EXP-LOAD, 2023-07-18T16:01:16.621, ubuntu22-b, mtd-zk-0, 0.669407
EXP-LOAD, 2023-07-18T16:01:23.177, ubuntu22-b, mtd-zk-0, 0.684118
EXP-LOAD, 2023-07-18T16:01:32.716, ubuntu22-b, mtd-zk-0, 0.684118
EXP-LOAD, 2023-07-18T16:01:39.815, ubuntu22-b, mtd-zk-0, 0.696417
EXP-LOAD, 2023-07-18T16:01:49.902, ubuntu22-b, mtd-zk-0, 0.697417
EXP-LOAD, 2023-07-18T16:01:57.433, ubuntu22-b, mtd-zk-0, 0.697417
EXP-LOAD, 2023-07-18T16:02:06.011, ubuntu22-b, mtd-zk-0, 0.582003
EXP-LOAD, 2023-07-18T16:02:16.193, ubuntu22-b, mtd-zk-0, 0.582003
EXP-LOAD, 2023-07-18T16:02:23.231, ubuntu22-b, mtd-zk-0, 0.707335
EXP-LEAD, 2023-07-18T16:02:24.707, ubuntu22-b, mtd-zk-0, START
EXP-LEAD, 2023-07-18T16:02:29.214, ubuntu22-b, mtd-zk-0, END
EXP-LOAD, 2023-07-18T16:02:30.255, ubuntu22-b, mtd-zk-0, 0.707335
EXP-LOAD, 2023-07-18T16:02:40.897, ubuntu22-b, mtd-zk-0, 0.704606
EXP-LOAD, 2023-07-18T16:02:48.027, ubuntu22-b, mtd-zk-0, 0.704606
EXP-LEAD, 2023-07-18T16:02:51.087, ubuntu22-b, mtd-zk-0, START
EXP-LEAD, 2023-07-18T16:02:58.621, ubuntu22-b, mtd-zk-0, END
EXP-LOAD, 2023-07-18T16:02:59.670, ubuntu22-b, mtd-zk-0, 0.666314
EXP-LOAD, 2023-07-18T16:03:07.222, ubuntu22-b, mtd-zk-0, 0.725818
EXP-LOAD, 2023-07-18T16:03:17.405, ubuntu22-b, mtd-zk-0, 0.725818
EXP-LOAD, 2023-07-18T16:03:23.591, ubuntu22-b, mtd-zk-0, 0.687515
EXP-LOAD, 2023-07-18T16:03:27.736, ubuntu22-b, mtd-zk-0, -1.000000
