EXP-LOAD, 2023-07-17T15:28:47.468, ubuntu22-c, mtd-zk-0, 0.067413
EXP-LEAD, 2023-07-17T15:28:50.187, ubuntu22-c, mtd-zk-0, START
EXP-LEAD, 2023-07-17T15:28:58.894, ubuntu22-c, mtd-zk-0, END
EXP-LOAD, 2023-07-17T15:28:59.985, ubuntu22-c, mtd-zk-0, 0.096316
EXP-LOAD, 2023-07-17T15:29:08.515, ubuntu22-c, mtd-zk-0, 0.351212
EXP-LOAD, 2023-07-17T15:29:15.718, ubuntu22-c, mtd-zk-0, 0.351212
EXP-LOAD, 2023-07-17T15:29:25.555, ubuntu22-c, mtd-zk-0, 0.190709
EXP-LEAD, 2023-07-17T15:29:27.077, ubuntu22-c, mtd-zk-0, START
EXP-LEAD, 2023-07-17T15:29:31.948, ubuntu22-c, mtd-zk-0, END
EXP-LOAD, 2023-07-17T15:29:33.013, ubuntu22-c, mtd-zk-0, 0.190709
EXP-LEAD, 2023-07-17T15:29:35.249, ubuntu22-c, mtd-zk-0, START
EXP-LEAD, 2023-07-17T15:29:42.990, ubuntu22-c, mtd-zk-0, END
EXP-LOAD, 2023-07-17T15:29:44.063, ubuntu22-c, mtd-zk-0, 0.172816
EXP-LOAD, 2023-07-17T15:29:50.266, ubuntu22-c, mtd-zk-0, 0.285444
EXP-LEAD, 2023-07-17T15:29:51.915, ubuntu22-c, mtd-zk-0, START
EXP-LEAD, 2023-07-17T15:29:59.670, ubuntu22-c, mtd-zk-0, END
EXP-LOAD, 2023-07-17T15:30:00.758, ubuntu22-c, mtd-zk-0, 0.285444
EXP-LOAD, 2023-07-17T15:30:09.136, ubuntu22-c, mtd-zk-0, 0.242261
EXP-LOAD, 2023-07-17T15:30:19.282, ubuntu22-c, mtd-zk-0, 0.147019
EXP-LOAD, 2023-07-17T15:30:27.437, ubuntu22-c, mtd-zk-0, 0.147019
EXP-LOAD, 2023-07-17T15:30:37.655, ubuntu22-c, mtd-zk-0, 0.228814
EXP-LOAD, 2023-07-17T15:30:46.728, ubuntu22-c, mtd-zk-0, 0.228814
EXP-LOAD, 2023-07-17T15:30:55.886, ubuntu22-c, mtd-zk-0, 0.216622
EXP-LOAD, 2023-07-17T15:31:03.980, ubuntu22-c, mtd-zk-0, 0.216622
EXP-LEAD, 2023-07-17T15:31:05.990, ubuntu22-c, mtd-zk-0, START
EXP-LEAD, 2023-07-17T15:31:12.702, ubuntu22-c, mtd-zk-0, END
EXP-LOAD, 2023-07-17T15:31:13.757, ubuntu22-c, mtd-zk-0, 0.294433
EXP-LEAD, 2023-07-17T15:31:15.122, ubuntu22-c, mtd-zk-0, START
EXP-LEAD, 2023-07-17T15:31:19.652, ubuntu22-c, mtd-zk-0, END
EXP-LOAD, 2023-07-17T15:31:20.687, ubuntu22-c, mtd-zk-0, 0.157284
EXP-LEAD, 2023-07-17T15:31:22.231, ubuntu22-c, mtd-zk-0, START
EXP-LEAD, 2023-07-17T15:31:29.949, ubuntu22-c, mtd-zk-0, END
EXP-LOAD, 2023-07-17T15:31:30.999, ubuntu22-c, mtd-zk-0, 0.157284
EXP-LEAD, 2023-07-17T15:31:31.324, ubuntu22-c, mtd-zk-0, START
EXP-LEAD, 2023-07-17T15:31:35.989, ubuntu22-c, mtd-zk-0, END
EXP-LOAD, 2023-07-17T15:31:37.032, ubuntu22-c, mtd-zk-0, 0.177624
EXP-LOAD, 2023-07-17T15:31:46.503, ubuntu22-c, mtd-zk-0, 0.177624
EXP-LOAD, 2023-07-17T15:31:54.202, ubuntu22-c, mtd-zk-0, 0.153516
EXP-LOAD, 2023-07-17T15:32:03.406, ubuntu22-c, mtd-zk-0, 0.153516
EXP-LOAD, 2023-07-17T15:32:10.926, ubuntu22-c, mtd-zk-0, 0.190034
EXP-LOAD, 2023-07-17T15:32:21.045, ubuntu22-c, mtd-zk-0, 0.152448
EXP-LOAD, 2023-07-17T15:32:28.145, ubuntu22-c, mtd-zk-0, 0.152448
EXP-LOAD, 2023-07-17T15:32:35.291, ubuntu22-c, mtd-zk-0, 0.129418
EXP-LEAD, 2023-07-17T15:32:37.293, ubuntu22-c, mtd-zk-0, START
EXP-LEAD, 2023-07-17T15:32:45.899, ubuntu22-c, mtd-zk-0, END
EXP-LOAD, 2023-07-17T15:32:46.949, ubuntu22-c, mtd-zk-0, 0.129418
EXP-LOAD, 2023-07-17T15:32:56.440, ubuntu22-c, mtd-zk-0, 0.200354
EXP-LEAD, 2023-07-17T15:32:58.108, ubuntu22-c, mtd-zk-0, START
EXP-LEAD, 2023-07-17T15:33:06.758, ubuntu22-c, mtd-zk-0, END
EXP-LOAD, 2023-07-17T15:33:07.807, ubuntu22-c, mtd-zk-0, 0.126608
EXP-LEAD, 2023-07-17T15:33:10.217, ubuntu22-c, mtd-zk-0, START
EXP-LEAD, 2023-07-17T15:33:15.735, ubuntu22-c, mtd-zk-0, END
EXP-LOAD, 2023-07-17T15:33:16.777, ubuntu22-c, mtd-zk-0, 0.126608
EXP-LOAD, 2023-07-17T15:33:21.894, ubuntu22-c, mtd-zk-0, 0.185045
EXP-LEAD, 2023-07-17T15:33:24.618, ubuntu22-c, mtd-zk-0, START
EXP-LEAD, 2023-07-17T15:33:31.172, ubuntu22-c, mtd-zk-0, END
EXP-LOAD, 2023-07-17T15:33:32.291, ubuntu22-c, mtd-zk-0, 0.185045
EXP-LOAD, 2023-07-17T15:33:42.827, ubuntu22-c, mtd-zk-0, 0.357605
EXP-LOAD, 2023-07-17T15:33:51.514, ubuntu22-c, mtd-zk-0, 0.175353
EXP-LOAD, 2023-07-17T15:33:58.629, ubuntu22-c, mtd-zk-0, 0.175353
EXP-LEAD, 2023-07-17T15:34:00.132, ubuntu22-c, mtd-zk-0, START
EXP-LEAD, 2023-07-17T15:34:07.753, ubuntu22-c, mtd-zk-0, END
EXP-LOAD, 2023-07-17T15:34:08.813, ubuntu22-c, mtd-zk-0, 0.169664
EXP-LEAD, 2023-07-17T15:34:09.847, ubuntu22-c, mtd-zk-0, START
EXP-LEAD, 2023-07-17T15:34:15.387, ubuntu22-c, mtd-zk-0, END
EXP-LOAD, 2023-07-17T15:34:16.441, ubuntu22-c, mtd-zk-0, 0.169664
EXP-LOAD, 2023-07-17T15:34:23.570, ubuntu22-c, mtd-zk-0, 0.190847
EXP-LOAD, 2023-07-17T15:34:30.232, ubuntu22-c, mtd-zk-0, 0.190847
EXP-LOAD, 2023-07-17T15:34:42.325, ubuntu22-c, mtd-zk-0, 0.267246
EXP-LOAD, 2023-07-17T15:34:49.443, ubuntu22-c, mtd-zk-0, 0.212518
EXP-LOAD, 2023-07-17T15:34:58.810, ubuntu22-c, mtd-zk-0, 0.212518
EXP-LOAD, 2023-07-17T15:35:07.919, ubuntu22-c, mtd-zk-0, 0.227816
EXP-LOAD, 2023-07-17T15:35:15.782, ubuntu22-c, mtd-zk-0, 0.227816
EXP-LOAD, 2023-07-17T15:35:24.919, ubuntu22-c, mtd-zk-0, 0.181861
EXP-LOAD, 2023-07-17T15:35:32.936, ubuntu22-c, mtd-zk-0, 0.181861
EXP-LOAD, 2023-07-17T15:35:40.073, ubuntu22-c, mtd-zk-0, 0.226883
EXP-LOAD, 2023-07-17T15:35:48.159, ubuntu22-c, mtd-zk-0, 0.226883
EXP-LOAD, 2023-07-17T15:35:57.236, ubuntu22-c, mtd-zk-0, 0.175059
EXP-LEAD, 2023-07-17T15:35:58.814, ubuntu22-c, mtd-zk-0, START
EXP-LEAD, 2023-07-17T15:36:03.331, ubuntu22-c, mtd-zk-0, END
EXP-LOAD, 2023-07-17T15:36:04.376, ubuntu22-c, mtd-zk-0, 0.188497
EXP-LOAD, 2023-07-17T15:36:15.018, ubuntu22-c, mtd-zk-0, 0.188497
EXP-LOAD, 2023-07-17T15:36:21.110, ubuntu22-c, mtd-zk-0, 0.125015
EXP-LOAD, 2023-07-17T15:36:31.208, ubuntu22-c, mtd-zk-0, 0.125015
EXP-LOAD, 2023-07-17T15:36:39.269, ubuntu22-c, mtd-zk-0, 0.179120
EXP-LEAD, 2023-07-17T15:36:40.308, ubuntu22-c, mtd-zk-0, START
EXP-LEAD, 2023-07-17T15:36:45.765, ubuntu22-c, mtd-zk-0, END
EXP-LOAD, 2023-07-17T15:36:46.809, ubuntu22-c, mtd-zk-0, 0.179120
EXP-LOAD, 2023-07-17T15:36:56.477, ubuntu22-c, mtd-zk-0, 0.206478
EXP-LOAD, 2023-07-17T15:37:04.558, ubuntu22-c, mtd-zk-0, 0.199450
EXP-LOAD, 2023-07-17T15:37:16.648, ubuntu22-c, mtd-zk-0, 0.199450
EXP-LOAD, 2023-07-17T15:37:22.968, ubuntu22-c, mtd-zk-0, 0.210852
EXP-LEAD, 2023-07-17T15:37:24.448, ubuntu22-c, mtd-zk-0, START
EXP-LEAD, 2023-07-17T15:37:30.167, ubuntu22-c, mtd-zk-0, END
EXP-LOAD, 2023-07-17T15:37:31.221, ubuntu22-c, mtd-zk-0, 0.210852
EXP-LOAD, 2023-07-17T15:37:38.585, ubuntu22-c, mtd-zk-0, 0.209240
EXP-LEAD, 2023-07-17T15:37:39.198, ubuntu22-c, mtd-zk-0, START
EXP-LEAD, 2023-07-17T15:37:44.915, ubuntu22-c, mtd-zk-0, END
EXP-LOAD, 2023-07-17T15:37:45.965, ubuntu22-c, mtd-zk-0, 0.209240
EXP-LEAD, 2023-07-17T15:37:47.005, ubuntu22-c, mtd-zk-0, START
EXP-LEAD, 2023-07-17T15:37:55.693, ubuntu22-c, mtd-zk-0, END
EXP-LOAD, 2023-07-17T15:37:56.772, ubuntu22-c, mtd-zk-0, 0.207035
EXP-LOAD, 2023-07-17T15:38:04.175, ubuntu22-c, mtd-zk-0, 0.182630
EXP-LEAD, 2023-07-17T15:38:06.216, ubuntu22-c, mtd-zk-0, START
EXP-LEAD, 2023-07-17T15:38:10.781, ubuntu22-c, mtd-zk-0, END
EXP-LOAD, 2023-07-17T15:38:11.851, ubuntu22-c, mtd-zk-0, 0.182630
EXP-LEAD, 2023-07-17T15:38:13.325, ubuntu22-c, mtd-zk-0, START
EXP-LEAD, 2023-07-17T15:38:20.915, ubuntu22-c, mtd-zk-0, END
EXP-LOAD, 2023-07-17T15:38:21.997, ubuntu22-c, mtd-zk-0, 0.232421
EXP-LOAD, 2023-07-17T15:38:28.467, ubuntu22-c, mtd-zk-0, 0.232421
EXP-LOAD, 2023-07-17T15:38:36.589, ubuntu22-c, mtd-zk-0, 0.207731
EXP-LOAD, 2023-07-17T15:38:45.667, ubuntu22-c, mtd-zk-0, 0.207731
EXP-LEAD, 2023-07-17T15:38:47.473, ubuntu22-c, mtd-zk-0, START
EXP-LEAD, 2023-07-17T15:38:52.051, ubuntu22-c, mtd-zk-0, END
EXP-LOAD, 2023-07-17T15:38:53.089, ubuntu22-c, mtd-zk-0, 0.228035
EXP-LOAD, 2023-07-17T15:39:02.605, ubuntu22-c, mtd-zk-0, 0.228035
EXP-LEAD, 2023-07-17T15:39:05.653, ubuntu22-c, mtd-zk-0, START
EXP-LEAD, 2023-07-17T15:39:10.082, ubuntu22-c, mtd-zk-0, END
EXP-LOAD, 2023-07-17T15:39:11.130, ubuntu22-c, mtd-zk-0, 0.154722
EXP-LOAD, 2023-07-17T15:39:20.810, ubuntu22-c, mtd-zk-0, 0.153011
EXP-LEAD, 2023-07-17T15:39:21.848, ubuntu22-c, mtd-zk-0, START
EXP-LEAD, 2023-07-17T15:39:27.327, ubuntu22-c, mtd-zk-0, END
EXP-LOAD, 2023-07-17T15:39:28.397, ubuntu22-c, mtd-zk-0, 0.153011
EXP-LOAD, 2023-07-17T15:39:39.080, ubuntu22-c, mtd-zk-0, 0.143830
EXP-LEAD, 2023-07-17T15:39:40.121, ubuntu22-c, mtd-zk-0, START
EXP-LEAD, 2023-07-17T15:39:45.616, ubuntu22-c, mtd-zk-0, END
EXP-LOAD, 2023-07-17T15:39:46.652, ubuntu22-c, mtd-zk-0, 0.143830
EXP-LOAD, 2023-07-17T15:39:55.311, ubuntu22-c, mtd-zk-0, 0.111222
EXP-LEAD, 2023-07-17T15:39:57.289, ubuntu22-c, mtd-zk-0, START
EXP-LEAD, 2023-07-17T15:40:04.854, ubuntu22-c, mtd-zk-0, END
EXP-LOAD, 2023-07-17T15:40:05.916, ubuntu22-c, mtd-zk-0, 0.188427
EXP-LOAD, 2023-07-17T15:40:14.447, ubuntu22-c, mtd-zk-0, 0.188427
EXP-LEAD, 2023-07-17T15:40:15.520, ubuntu22-c, mtd-zk-0, START
EXP-LEAD, 2023-07-17T15:40:23.052, ubuntu22-c, mtd-zk-0, END
EXP-LOAD, 2023-07-17T15:40:24.094, ubuntu22-c, mtd-zk-0, 0.202819
EXP-LOAD, 2023-07-17T15:40:32.630, ubuntu22-c, mtd-zk-0, 0.202819
EXP-LEAD, 2023-07-17T15:40:34.680, ubuntu22-c, mtd-zk-0, START
EXP-LEAD, 2023-07-17T15:40:39.159, ubuntu22-c, mtd-zk-0, END
EXP-LOAD, 2023-07-17T15:40:40.258, ubuntu22-c, mtd-zk-0, 0.205624
EXP-LOAD, 2023-07-17T15:40:50.818, ubuntu22-c, mtd-zk-0, 0.191416
EXP-LEAD, 2023-07-17T15:40:51.845, ubuntu22-c, mtd-zk-0, START
EXP-LEAD, 2023-07-17T15:40:56.352, ubuntu22-c, mtd-zk-0, END
EXP-LOAD, 2023-07-17T15:40:57.382, ubuntu22-c, mtd-zk-0, 0.191416
EXP-LOAD, 2023-07-17T15:41:05.017, ubuntu22-c, mtd-zk-0, 0.184130
EXP-LOAD, 2023-07-17T15:41:15.120, ubuntu22-c, mtd-zk-0, 0.184130
EXP-LEAD, 2023-07-17T15:41:16.578, ubuntu22-c, mtd-zk-0, START
EXP-LEAD, 2023-07-17T15:41:22.101, ubuntu22-c, mtd-zk-0, END
EXP-LOAD, 2023-07-17T15:41:23.145, ubuntu22-c, mtd-zk-0, 0.221040
EXP-LEAD, 2023-07-17T15:41:24.174, ubuntu22-c, mtd-zk-0, START
EXP-LEAD, 2023-07-17T15:41:31.641, ubuntu22-c, mtd-zk-0, END
EXP-LOAD, 2023-07-17T15:41:32.699, ubuntu22-c, mtd-zk-0, 0.221040
EXP-LOAD, 2023-07-17T15:41:39.335, ubuntu22-c, mtd-zk-0, 0.197045
EXP-LOAD, 2023-07-17T15:41:48.445, ubuntu22-c, mtd-zk-0, 0.197045
EXP-LEAD, 2023-07-17T15:41:49.504, ubuntu22-c, mtd-zk-0, START
EXP-LEAD, 2023-07-17T15:41:57.118, ubuntu22-c, mtd-zk-0, END
EXP-LOAD, 2023-07-17T15:41:58.172, ubuntu22-c, mtd-zk-0, 0.283066
EXP-LEAD, 2023-07-17T15:41:59.205, ubuntu22-c, mtd-zk-0, START
EXP-LEAD, 2023-07-17T15:42:03.651, ubuntu22-c, mtd-zk-0, END
EXP-LOAD, 2023-07-17T15:42:04.707, ubuntu22-c, mtd-zk-0, 0.159610
EXP-LOAD, 2023-07-17T15:42:13.350, ubuntu22-c, mtd-zk-0, 0.159610
EXP-LOAD, 2023-07-17T15:42:23.598, ubuntu22-c, mtd-zk-0, 0.167030
EXP-LOAD, 2023-07-17T15:42:32.690, ubuntu22-c, mtd-zk-0, 0.167030
EXP-LEAD, 2023-07-17T15:42:32.737, ubuntu22-c, mtd-zk-0, START
EXP-LEAD, 2023-07-17T15:42:42.650, ubuntu22-c, mtd-zk-0, END
EXP-LOAD, 2023-07-17T15:42:43.702, ubuntu22-c, mtd-zk-0, 0.163928
EXP-LOAD, 2023-07-17T15:42:53.308, ubuntu22-c, mtd-zk-0, 0.124634
EXP-LEAD, 2023-07-17T15:42:54.350, ubuntu22-c, mtd-zk-0, START
EXP-LEAD, 2023-07-17T15:42:58.840, ubuntu22-c, mtd-zk-0, END
EXP-LOAD, 2023-07-17T15:42:59.891, ubuntu22-c, mtd-zk-0, 0.124634
EXP-LEAD, 2023-07-17T15:43:01.904, ubuntu22-c, mtd-zk-0, START
EXP-LEAD, 2023-07-17T15:43:09.484, ubuntu22-c, mtd-zk-0, END
EXP-LOAD, 2023-07-17T15:43:10.549, ubuntu22-c, mtd-zk-0, 0.189133
EXP-LOAD, 2023-07-17T15:43:17.094, ubuntu22-c, mtd-zk-0, 0.189133
EXP-LOAD, 2023-07-17T15:43:26.177, ubuntu22-c, mtd-zk-0, 0.131809
EXP-LOAD, 2023-07-17T15:43:33.286, ubuntu22-c, mtd-zk-0, 0.131809
EXP-LOAD, 2023-07-17T15:43:42.380, ubuntu22-c, mtd-zk-0, 0.208698
EXP-LOAD, 2023-07-17T15:43:52.987, ubuntu22-c, mtd-zk-0, 0.179024
EXP-LEAD, 2023-07-17T15:43:53.035, ubuntu22-c, mtd-zk-0, START
EXP-LEAD, 2023-07-17T15:43:58.608, ubuntu22-c, mtd-zk-0, END
EXP-LOAD, 2023-07-17T15:43:59.644, ubuntu22-c, mtd-zk-0, 0.179024
EXP-LOAD, 2023-07-17T15:44:09.215, ubuntu22-c, mtd-zk-0, 0.187930
EXP-LEAD, 2023-07-17T15:44:10.220, ubuntu22-c, mtd-zk-0, START
EXP-LEAD, 2023-07-17T15:44:14.675, ubuntu22-c, mtd-zk-0, END
EXP-LOAD, 2023-07-17T15:44:15.719, ubuntu22-c, mtd-zk-0, 0.187930
EXP-LOAD, 2023-07-17T15:44:25.386, ubuntu22-c, mtd-zk-0, 0.199008
EXP-LOAD, 2023-07-17T15:44:33.011, ubuntu22-c, mtd-zk-0, 0.199008
EXP-LEAD, 2023-07-17T15:44:34.065, ubuntu22-c, mtd-zk-0, START
EXP-LEAD, 2023-07-17T15:44:41.620, ubuntu22-c, mtd-zk-0, END
EXP-LOAD, 2023-07-17T15:44:42.665, ubuntu22-c, mtd-zk-0, 0.125728
EXP-LOAD, 2023-07-17T15:44:50.210, ubuntu22-c, mtd-zk-0, 0.139418
EXP-LOAD, 2023-07-17T15:44:58.316, ubuntu22-c, mtd-zk-0, 0.139418
EXP-LEAD, 2023-07-17T15:44:58.343, ubuntu22-c, mtd-zk-0, START
EXP-LEAD, 2023-07-17T15:45:03.971, ubuntu22-c, mtd-zk-0, END
EXP-LOAD, 2023-07-17T15:45:05.015, ubuntu22-c, mtd-zk-0, 0.247039
EXP-LEAD, 2023-07-17T15:45:05.445, ubuntu22-c, mtd-zk-0, START
EXP-LEAD, 2023-07-17T15:45:17.256, ubuntu22-c, mtd-zk-0, END
EXP-LOAD, 2023-07-17T15:45:18.334, ubuntu22-c, mtd-zk-0, 0.247039
EXP-LOAD, 2023-07-17T15:45:24.414, ubuntu22-c, mtd-zk-0, 0.159226
EXP-LEAD, 2023-07-17T15:45:25.447, ubuntu22-c, mtd-zk-0, START
EXP-LEAD, 2023-07-17T15:45:32.956, ubuntu22-c, mtd-zk-0, END
EXP-LOAD, 2023-07-17T15:45:34.009, ubuntu22-c, mtd-zk-0, 0.192631
EXP-LEAD, 2023-07-17T15:45:35.530, ubuntu22-c, mtd-zk-0, START
EXP-LEAD, 2023-07-17T15:45:39.949, ubuntu22-c, mtd-zk-0, END
EXP-LOAD, 2023-07-17T15:45:40.981, ubuntu22-c, mtd-zk-0, 0.192631
EXP-LOAD, 2023-07-17T15:45:52.652, ubuntu22-c, mtd-zk-0, 0.252612
EXP-LOAD, 2023-07-17T15:45:59.725, ubuntu22-c, mtd-zk-0, 0.252612
EXP-LOAD, 2023-07-17T15:46:09.312, ubuntu22-c, mtd-zk-0, 0.143520
EXP-LEAD, 2023-07-17T15:46:10.352, ubuntu22-c, mtd-zk-0, START
EXP-LEAD, 2023-07-17T15:46:14.797, ubuntu22-c, mtd-zk-0, END
EXP-LOAD, 2023-07-17T15:46:15.845, ubuntu22-c, mtd-zk-0, 0.143520
EXP-LOAD, 2023-07-17T15:46:25.516, ubuntu22-c, mtd-zk-0, 0.205048
EXP-LOAD, 2023-07-17T15:46:31.632, ubuntu22-c, mtd-zk-0, 0.205048
EXP-LOAD, 2023-07-17T15:46:39.712, ubuntu22-c, mtd-zk-0, 0.173048
EXP-LEAD, 2023-07-17T15:46:41.162, ubuntu22-c, mtd-zk-0, START
EXP-LEAD, 2023-07-17T15:46:46.638, ubuntu22-c, mtd-zk-0, END
EXP-LOAD, 2023-07-17T15:46:47.680, ubuntu22-c, mtd-zk-0, 0.173048
EXP-LOAD, 2023-07-17T15:46:58.294, ubuntu22-c, mtd-zk-0, 0.315036
EXP-LOAD, 2023-07-17T15:47:05.955, ubuntu22-c, mtd-zk-0, 0.142589
EXP-LEAD, 2023-07-17T15:47:06.996, ubuntu22-c, mtd-zk-0, START
EXP-LEAD, 2023-07-17T15:47:14.550, ubuntu22-c, mtd-zk-0, END
EXP-LOAD, 2023-07-17T15:47:15.593, ubuntu22-c, mtd-zk-0, 0.142589
EXP-LEAD, 2023-07-17T15:47:18.122, ubuntu22-c, mtd-zk-0, START
EXP-LEAD, 2023-07-17T15:47:23.621, ubuntu22-c, mtd-zk-0, END
EXP-LOAD, 2023-07-17T15:47:24.657, ubuntu22-c, mtd-zk-0, 0.103047
EXP-LEAD, 2023-07-17T15:47:25.680, ubuntu22-c, mtd-zk-0, START
EXP-LEAD, 2023-07-17T15:47:30.147, ubuntu22-c, mtd-zk-0, END
EXP-LOAD, 2023-07-17T15:47:31.210, ubuntu22-c, mtd-zk-0, 0.103047
EXP-LEAD, 2023-07-17T15:47:32.782, ubuntu22-c, mtd-zk-0, START
EXP-LEAD, 2023-07-17T15:47:37.260, ubuntu22-c, mtd-zk-0, END
EXP-LOAD, 2023-07-17T15:47:38.357, ubuntu22-c, mtd-zk-0, 0.169230
EXP-LOAD, 2023-07-17T15:47:49.930, ubuntu22-c, mtd-zk-0, 0.221038
EXP-LOAD, 2023-07-17T15:47:57.499, ubuntu22-c, mtd-zk-0, 0.221038
EXP-LEAD, 2023-07-17T15:47:58.548, ubuntu22-c, mtd-zk-0, START
EXP-LEAD, 2023-07-17T15:48:06.284, ubuntu22-c, mtd-zk-0, END
EXP-LOAD, 2023-07-17T15:48:07.333, ubuntu22-c, mtd-zk-0, 0.162529
EXP-LEAD, 2023-07-17T15:48:07.630, ubuntu22-c, mtd-zk-0, START
EXP-LEAD, 2023-07-17T15:48:13.126, ubuntu22-c, mtd-zk-0, END
EXP-LOAD, 2023-07-17T15:48:14.164, ubuntu22-c, mtd-zk-0, 0.162529
EXP-LEAD, 2023-07-17T15:48:15.700, ubuntu22-c, mtd-zk-0, START
EXP-LEAD, 2023-07-17T15:48:21.587, ubuntu22-c, mtd-zk-0, END
EXP-LOAD, 2023-07-17T15:48:22.648, ubuntu22-c, mtd-zk-0, 0.245626
EXP-LOAD, 2023-07-17T15:48:33.781, ubuntu22-c, mtd-zk-0, 0.245626
EXP-LOAD, 2023-07-17T15:48:43.878, ubuntu22-c, mtd-zk-0, 0.250333
EXP-LOAD, 2023-07-17T15:48:50.961, ubuntu22-c, mtd-zk-0, 0.167230
EXP-LEAD, 2023-07-17T15:48:53.023, ubuntu22-c, mtd-zk-0, START
EXP-LEAD, 2023-07-17T15:49:00.483, ubuntu22-c, mtd-zk-0, END
EXP-LOAD, 2023-07-17T15:49:01.544, ubuntu22-c, mtd-zk-0, 0.167230
EXP-LEAD, 2023-07-17T15:49:02.104, ubuntu22-c, mtd-zk-0, START
EXP-LEAD, 2023-07-17T15:49:07.194, ubuntu22-c, mtd-zk-0, END
EXP-LOAD, 2023-07-17T15:49:08.245, ubuntu22-c, mtd-zk-0, 0.166148
EXP-LEAD, 2023-07-17T15:49:09.227, ubuntu22-c, mtd-zk-0, START
EXP-LEAD, 2023-07-17T15:49:16.794, ubuntu22-c, mtd-zk-0, END
EXP-LOAD, 2023-07-17T15:49:17.845, ubuntu22-c, mtd-zk-0, 0.166148
EXP-LEAD, 2023-07-17T15:49:19.310, ubuntu22-c, mtd-zk-0, START
EXP-LEAD, 2023-07-17T15:49:23.838, ubuntu22-c, mtd-zk-0, END
EXP-LOAD, 2023-07-17T15:49:24.883, ubuntu22-c, mtd-zk-0, 0.277835
EXP-LOAD, 2023-07-17T15:49:33.447, ubuntu22-c, mtd-zk-0, 0.277835
EXP-LOAD, 2023-07-17T15:49:40.540, ubuntu22-c, mtd-zk-0, 0.218028
EXP-LOAD, 2023-07-17T15:49:50.999, ubuntu22-c, mtd-zk-0, 0.332025
EXP-LEAD, 2023-07-17T15:49:52.026, ubuntu22-c, mtd-zk-0, START
EXP-LEAD, 2023-07-17T15:49:57.581, ubuntu22-c, mtd-zk-0, END
EXP-LOAD, 2023-07-17T15:49:58.625, ubuntu22-c, mtd-zk-0, 0.332025
EXP-LOAD, 2023-07-17T15:50:06.197, ubuntu22-c, mtd-zk-0, 0.159265
EXP-LOAD, 2023-07-17T15:50:18.329, ubuntu22-c, mtd-zk-0, 0.159265
EXP-LOAD, 2023-07-17T15:50:26.280, ubuntu22-c, mtd-zk-0, 0.168609
EXP-LEAD, 2023-07-17T15:50:28.667, ubuntu22-c, mtd-zk-0, START
EXP-LEAD, 2023-07-17T15:50:36.272, ubuntu22-c, mtd-zk-0, END
EXP-LOAD, 2023-07-17T15:50:37.323, ubuntu22-c, mtd-zk-0, 0.132947
EXP-LOAD, 2023-07-17T15:50:43.840, ubuntu22-c, mtd-zk-0, 0.132947
EXP-LEAD, 2023-07-17T15:50:45.852, ubuntu22-c, mtd-zk-0, START
EXP-LEAD, 2023-07-17T15:50:53.425, ubuntu22-c, mtd-zk-0, END
EXP-LOAD, 2023-07-17T15:50:54.473, ubuntu22-c, mtd-zk-0, 0.239067
EXP-LOAD, 2023-07-17T15:51:01.987, ubuntu22-c, mtd-zk-0, 0.239067
EXP-LOAD, 2023-07-17T15:51:11.120, ubuntu22-c, mtd-zk-0, 0.231152
EXP-LOAD, 2023-07-17T15:51:21.558, ubuntu22-c, mtd-zk-0, 0.155643
EXP-LOAD, 2023-07-17T15:51:28.161, ubuntu22-c, mtd-zk-0, 0.155643
EXP-LOAD, 2023-07-17T15:51:37.260, ubuntu22-c, mtd-zk-0, 0.165820
EXP-LEAD, 2023-07-17T15:51:39.278, ubuntu22-c, mtd-zk-0, START
EXP-LEAD, 2023-07-17T15:51:43.758, ubuntu22-c, mtd-zk-0, END
EXP-LOAD, 2023-07-17T15:51:44.802, ubuntu22-c, mtd-zk-0, 0.165820
EXP-LEAD, 2023-07-17T15:51:45.328, ubuntu22-c, mtd-zk-0, START
EXP-LEAD, 2023-07-17T15:51:50.911, ubuntu22-c, mtd-zk-0, END
EXP-LOAD, 2023-07-17T15:51:51.957, ubuntu22-c, mtd-zk-0, 0.326450
EXP-LOAD, 2023-07-17T15:51:57.468, ubuntu22-c, mtd-zk-0, 0.326450
EXP-LOAD, 2023-07-17T15:52:07.529, ubuntu22-c, mtd-zk-0, 0.213328
EXP-LOAD, 2023-07-17T15:52:16.629, ubuntu22-c, mtd-zk-0, 0.213328
EXP-LOAD, 2023-07-17T15:52:25.755, ubuntu22-c, mtd-zk-0, 0.196834
EXP-LOAD, 2023-07-17T15:52:32.354, ubuntu22-c, mtd-zk-0, 0.196834
EXP-LOAD, 2023-07-17T15:52:39.402, ubuntu22-c, mtd-zk-0, 0.161937
EXP-LOAD, 2023-07-17T15:52:52.463, ubuntu22-c, mtd-zk-0, 0.224241
EXP-LOAD, 2023-07-17T15:52:58.554, ubuntu22-c, mtd-zk-0, 0.224241
EXP-LOAD, 2023-07-17T15:53:08.011, ubuntu22-c, mtd-zk-0, 0.113643
EXP-LOAD, 2023-07-17T15:53:14.551, ubuntu22-c, mtd-zk-0, 0.113643
EXP-LEAD, 2023-07-17T15:53:16.549, ubuntu22-c, mtd-zk-0, START
EXP-LEAD, 2023-07-17T15:53:25.119, ubuntu22-c, mtd-zk-0, END
EXP-LOAD, 2023-07-17T15:53:26.173, ubuntu22-c, mtd-zk-0, 0.199221
EXP-LOAD, 2023-07-17T15:53:33.732, ubuntu22-c, mtd-zk-0, 0.199221
EXP-LOAD, 2023-07-17T15:53:42.901, ubuntu22-c, mtd-zk-0, 0.192725
EXP-LOAD, 2023-07-17T15:53:49.981, ubuntu22-c, mtd-zk-0, 0.142217
EXP-LOAD, 2023-07-17T15:54:02.113, ubuntu22-c, mtd-zk-0, 0.142217
EXP-LOAD, 2023-07-17T15:54:08.626, ubuntu22-c, mtd-zk-0, 0.263424
EXP-LOAD, 2023-07-17T15:54:17.293, ubuntu22-c, mtd-zk-0, 0.263424
EXP-LOAD, 2023-07-17T15:54:26.353, ubuntu22-c, mtd-zk-0, 0.175827
EXP-LOAD, 2023-07-17T15:54:36.467, ubuntu22-c, mtd-zk-0, 0.255638
EXP-LOAD, 2023-07-17T15:54:46.169, ubuntu22-c, mtd-zk-0, 0.255638
EXP-LOAD, 2023-07-17T15:54:54.283, ubuntu22-c, mtd-zk-0, 0.161447
EXP-LEAD, 2023-07-17T15:54:55.313, ubuntu22-c, mtd-zk-0, START
EXP-LEAD, 2023-07-17T15:55:04.005, ubuntu22-c, mtd-zk-0, END
EXP-LOAD, 2023-07-17T15:55:05.046, ubuntu22-c, mtd-zk-0, 0.212284
EXP-LOAD, 2023-07-17T15:55:12.462, ubuntu22-c, mtd-zk-0, 0.212284
EXP-LEAD, 2023-07-17T15:55:14.489, ubuntu22-c, mtd-zk-0, START
EXP-LEAD, 2023-07-17T15:55:22.083, ubuntu22-c, mtd-zk-0, END
EXP-LOAD, 2023-07-17T15:55:23.115, ubuntu22-c, mtd-zk-0, 0.173132
EXP-LEAD, 2023-07-17T15:55:24.137, ubuntu22-c, mtd-zk-0, START
EXP-LEAD, 2023-07-17T15:55:28.536, ubuntu22-c, mtd-zk-0, END
EXP-LOAD, 2023-07-17T15:55:29.607, ubuntu22-c, mtd-zk-0, 0.173132
EXP-LOAD, 2023-07-17T15:55:38.318, ubuntu22-c, mtd-zk-0, 0.176428
EXP-LOAD, 2023-07-17T15:55:45.897, ubuntu22-c, mtd-zk-0, 0.176428
EXP-LOAD, 2023-07-17T15:55:57.010, ubuntu22-c, mtd-zk-0, 0.164035
EXP-LOAD, 2023-07-17T15:56:03.180, ubuntu22-c, mtd-zk-0, 0.164035
EXP-LOAD, 2023-07-17T15:56:10.167, ubuntu22-c, mtd-zk-0, 0.143606
EXP-LOAD, 2023-07-17T15:56:21.157, ubuntu22-c, mtd-zk-0, 0.195114
EXP-LEAD, 2023-07-17T15:56:22.632, ubuntu22-c, mtd-zk-0, START
EXP-LEAD, 2023-07-17T15:56:28.202, ubuntu22-c, mtd-zk-0, END
EXP-LOAD, 2023-07-17T15:56:29.252, ubuntu22-c, mtd-zk-0, 0.195114
EXP-LOAD, 2023-07-17T15:56:39.387, ubuntu22-c, mtd-zk-0, 0.172012
EXP-LOAD, 2023-07-17T15:56:46.485, ubuntu22-c, mtd-zk-0, 0.172012
EXP-LOAD, 2023-07-17T15:56:58.536, ubuntu22-c, mtd-zk-0, 0.138619
EXP-LOAD, 2023-07-17T15:57:05.711, ubuntu22-c, mtd-zk-0, 0.187214
EXP-LOAD, 2023-07-17T15:57:15.800, ubuntu22-c, mtd-zk-0, 0.187214
EXP-LEAD, 2023-07-17T15:57:17.354, ubuntu22-c, mtd-zk-0, START
EXP-LEAD, 2023-07-17T15:57:22.826, ubuntu22-c, mtd-zk-0, END
EXP-LOAD, 2023-07-17T15:57:23.863, ubuntu22-c, mtd-zk-0, 0.148624
EXP-LOAD, 2023-07-17T15:57:34.524, ubuntu22-c, mtd-zk-0, 0.231612
EXP-LOAD, 2023-07-17T15:57:40.608, ubuntu22-c, mtd-zk-0, 0.231612
EXP-LOAD, 2023-07-17T15:57:49.684, ubuntu22-c, mtd-zk-0, 0.147837
EXP-LOAD, 2023-07-17T15:57:56.758, ubuntu22-c, mtd-zk-0, 0.147837
EXP-LOAD, 2023-07-17T15:58:05.881, ubuntu22-c, mtd-zk-0, 0.194778
EXP-LOAD, 2023-07-17T15:58:12.462, ubuntu22-c, mtd-zk-0, 0.194778
EXP-LOAD, 2023-07-17T15:58:20.539, ubuntu22-c, mtd-zk-0, 0.170542
EXP-LOAD, 2023-07-17T15:58:26.694, ubuntu22-c, mtd-zk-0, 0.170542
EXP-LEAD, 2023-07-17T15:58:28.695, ubuntu22-c, mtd-zk-0, START
EXP-LEAD, 2023-07-17T15:58:37.194, ubuntu22-c, mtd-zk-0, END
EXP-LOAD, 2023-07-17T15:58:38.230, ubuntu22-c, mtd-zk-0, 0.221428
EXP-LOAD, 2023-07-17T15:58:44.891, ubuntu22-c, mtd-zk-0, 0.221428
EXP-LEAD, 2023-07-17T15:58:46.290, ubuntu22-c, mtd-zk-0, START
EXP-LEAD, 2023-07-17T15:58:52.118, ubuntu22-c, mtd-zk-0, END
EXP-LOAD, 2023-07-17T15:58:53.171, ubuntu22-c, mtd-zk-0, 0.153424
EXP-LEAD, 2023-07-17T15:58:54.469, ubuntu22-c, mtd-zk-0, START
EXP-LEAD, 2023-07-17T15:58:58.949, ubuntu22-c, mtd-zk-0, END
EXP-LOAD, 2023-07-17T15:58:59.992, ubuntu22-c, mtd-zk-0, 0.153424
EXP-LOAD, 2023-07-17T15:59:09.590, ubuntu22-c, mtd-zk-0, 0.266828
EXP-LOAD, 2023-07-17T15:59:18.685, ubuntu22-c, mtd-zk-0, 0.266828
EXP-LEAD, 2023-07-17T15:59:19.747, ubuntu22-c, mtd-zk-0, START
EXP-LEAD, 2023-07-17T15:59:25.189, ubuntu22-c, mtd-zk-0, END
EXP-LOAD, 2023-07-17T15:59:26.238, ubuntu22-c, mtd-zk-0, 0.175832
EXP-LOAD, 2023-07-17T15:59:36.871, ubuntu22-c, mtd-zk-0, 0.261213
EXP-LOAD, 2023-07-17T15:59:43.941, ubuntu22-c, mtd-zk-0, 0.261213
EXP-LOAD, 2023-07-17T15:59:54.027, ubuntu22-c, mtd-zk-0, 0.128922
EXP-LEAD, 2023-07-17T15:59:54.060, ubuntu22-c, mtd-zk-0, START
EXP-LEAD, 2023-07-17T15:59:58.597, ubuntu22-c, mtd-zk-0, END
EXP-LOAD, 2023-07-17T15:59:59.634, ubuntu22-c, mtd-zk-0, 0.128922
EXP-LEAD, 2023-07-17T16:00:00.151, ubuntu22-c, mtd-zk-0, START
EXP-LEAD, 2023-07-17T16:00:04.726, ubuntu22-c, mtd-zk-0, END
EXP-LOAD, 2023-07-17T16:00:05.769, ubuntu22-c, mtd-zk-0, 0.175256
EXP-LEAD, 2023-07-17T16:00:07.252, ubuntu22-c, mtd-zk-0, START
EXP-LEAD, 2023-07-17T16:00:19.971, ubuntu22-c, mtd-zk-0, END
EXP-LOAD, 2023-07-17T16:00:21.032, ubuntu22-c, mtd-zk-0, 0.167733
EXP-LOAD, 2023-07-17T16:00:27.419, ubuntu22-c, mtd-zk-0, 0.167733
EXP-LEAD, 2023-07-17T16:00:29.432, ubuntu22-c, mtd-zk-0, START
EXP-LEAD, 2023-07-17T16:00:34.466, ubuntu22-c, mtd-zk-0, END
EXP-LOAD, 2023-07-17T16:00:35.516, ubuntu22-c, mtd-zk-0, 0.230652
EXP-LOAD, 2023-07-17T16:00:44.561, ubuntu22-c, mtd-zk-0, 0.230652
EXP-LOAD, 2023-07-17T16:00:51.640, ubuntu22-c, mtd-zk-0, 0.186711
EXP-LOAD, 2023-07-17T16:00:58.736, ubuntu22-c, mtd-zk-0, 0.186711
EXP-LEAD, 2023-07-17T16:00:59.765, ubuntu22-c, mtd-zk-0, START
EXP-LEAD, 2023-07-17T16:01:05.267, ubuntu22-c, mtd-zk-0, END
EXP-LOAD, 2023-07-17T16:01:06.320, ubuntu22-c, mtd-zk-0, 0.211248
EXP-LEAD, 2023-07-17T16:01:07.854, ubuntu22-c, mtd-zk-0, START
EXP-LEAD, 2023-07-17T16:01:15.333, ubuntu22-c, mtd-zk-0, END
EXP-LOAD, 2023-07-17T16:01:16.385, ubuntu22-c, mtd-zk-0, 0.211248
EXP-LEAD, 2023-07-17T16:01:17.403, ubuntu22-c, mtd-zk-0, START
EXP-LEAD, 2023-07-17T16:01:21.837, ubuntu22-c, mtd-zk-0, END
EXP-LOAD, 2023-07-17T16:01:22.880, ubuntu22-c, mtd-zk-0, 0.159174
EXP-LEAD, 2023-07-17T16:01:24.486, ubuntu22-c, mtd-zk-0, START
EXP-LEAD, 2023-07-17T16:01:31.069, ubuntu22-c, mtd-zk-0, END
EXP-LOAD, 2023-07-17T16:01:32.113, ubuntu22-c, mtd-zk-0, 0.159174
EXP-LOAD, 2023-07-17T16:01:40.597, ubuntu22-c, mtd-zk-0, 0.154858
EXP-LOAD, 2023-07-17T16:01:47.972, ubuntu22-c, mtd-zk-0, 0.154858
EXP-LOAD, 2023-07-17T16:01:56.818, ubuntu22-c, mtd-zk-0, 0.140047
EXP-LEAD, 2023-07-17T16:01:58.812, ubuntu22-c, mtd-zk-0, START
EXP-LEAD, 2023-07-17T16:02:06.359, ubuntu22-c, mtd-zk-0, END
EXP-LOAD, 2023-07-17T16:02:07.396, ubuntu22-c, mtd-zk-0, 0.172827
EXP-LOAD, 2023-07-17T16:02:13.467, ubuntu22-c, mtd-zk-0, 0.172827
EXP-LOAD, 2023-07-17T16:02:24.596, ubuntu22-c, mtd-zk-0, 0.178533
EXP-LOAD, 2023-07-17T16:02:34.705, ubuntu22-c, mtd-zk-0, 0.136810
EXP-LEAD, 2023-07-17T16:02:35.742, ubuntu22-c, mtd-zk-0, START
EXP-LEAD, 2023-07-17T16:02:44.361, ubuntu22-c, mtd-zk-0, END
EXP-LOAD, 2023-07-17T16:02:45.420, ubuntu22-c, mtd-zk-0, 0.136810
EXP-LEAD, 2023-07-17T16:02:47.824, ubuntu22-c, mtd-zk-0, START
EXP-LEAD, 2023-07-17T16:02:53.306, ubuntu22-c, mtd-zk-0, END
EXP-LOAD, 2023-07-17T16:02:54.349, ubuntu22-c, mtd-zk-0, 0.179633
EXP-LOAD, 2023-07-17T16:02:59.946, ubuntu22-c, mtd-zk-0, 0.179633
EXP-LEAD, 2023-07-17T16:03:00.959, ubuntu22-c, mtd-zk-0, START
EXP-LEAD, 2023-07-17T16:03:09.516, ubuntu22-c, mtd-zk-0, END
EXP-LOAD, 2023-07-17T16:03:10.566, ubuntu22-c, mtd-zk-0, 0.269451
EXP-LOAD, 2023-07-17T16:03:18.656, ubuntu22-c, mtd-zk-0, 0.269451
EXP-LEAD, 2023-07-17T16:03:19.691, ubuntu22-c, mtd-zk-0, START
EXP-LEAD, 2023-07-17T16:03:25.184, ubuntu22-c, mtd-zk-0, END
EXP-LOAD, 2023-07-17T16:03:26.231, ubuntu22-c, mtd-zk-0, 0.153835
EXP-LOAD, 2023-07-17T16:03:34.828, ubuntu22-c, mtd-zk-0, 0.206262
EXP-LOAD, 2023-07-17T16:03:40.913, ubuntu22-c, mtd-zk-0, 0.206262
EXP-LOAD, 2023-07-17T16:03:49.433, ubuntu22-c, mtd-zk-0, 0.173340
EXP-LOAD, 2023-07-17T16:03:58.515, ubuntu22-c, mtd-zk-0, 0.173340
EXP-LEAD, 2023-07-17T16:03:59.552, ubuntu22-c, mtd-zk-0, START
EXP-LEAD, 2023-07-17T16:04:07.141, ubuntu22-c, mtd-zk-0, END
EXP-LOAD, 2023-07-17T16:04:08.177, ubuntu22-c, mtd-zk-0, 0.284834
EXP-LOAD, 2023-07-17T16:04:15.250, ubuntu22-c, mtd-zk-0, 0.284834
EXP-LOAD, 2023-07-17T16:04:23.338, ubuntu22-c, mtd-zk-0, 0.144924
EXP-LEAD, 2023-07-17T16:04:24.375, ubuntu22-c, mtd-zk-0, START
EXP-LEAD, 2023-07-17T16:04:28.805, ubuntu22-c, mtd-zk-0, END
EXP-LOAD, 2023-07-17T16:04:29.903, ubuntu22-c, mtd-zk-0, 0.144924
EXP-LEAD, 2023-07-17T16:04:30.927, ubuntu22-c, mtd-zk-0, START
EXP-LEAD, 2023-07-17T16:04:36.739, ubuntu22-c, mtd-zk-0, END
EXP-LOAD, 2023-07-17T16:04:37.791, ubuntu22-c, mtd-zk-0, 0.202093
EXP-LEAD, 2023-07-17T16:04:39.866, ubuntu22-c, mtd-zk-0, START
EXP-LEAD, 2023-07-17T16:04:45.352, ubuntu22-c, mtd-zk-0, END
EXP-LOAD, 2023-07-17T16:04:46.407, ubuntu22-c, mtd-zk-0, 0.202093
EXP-LOAD, 2023-07-17T16:04:54.000, ubuntu22-c, mtd-zk-0, 0.201457
EXP-LOAD, 2023-07-17T16:05:04.116, ubuntu22-c, mtd-zk-0, 0.185245
EXP-LOAD, 2023-07-17T16:05:11.184, ubuntu22-c, mtd-zk-0, 0.185245
EXP-LEAD, 2023-07-17T16:05:12.797, ubuntu22-c, mtd-zk-0, START
EXP-LEAD, 2023-07-17T16:05:23.823, ubuntu22-c, mtd-zk-0, END
EXP-LOAD, 2023-07-17T16:05:24.874, ubuntu22-c, mtd-zk-0, 0.234695
EXP-LEAD, 2023-07-17T16:05:26.926, ubuntu22-c, mtd-zk-0, START
EXP-LEAD, 2023-07-17T16:05:31.361, ubuntu22-c, mtd-zk-0, END
EXP-LOAD, 2023-07-17T16:05:32.402, ubuntu22-c, mtd-zk-0, 0.234695
EXP-LOAD, 2023-07-17T16:05:38.086, ubuntu22-c, mtd-zk-0, 0.139621
EXP-LOAD, 2023-07-17T16:05:48.469, ubuntu22-c, mtd-zk-0, 0.139621
EXP-LOAD, 2023-07-17T16:05:56.529, ubuntu22-c, mtd-zk-0, 0.145823
EXP-LEAD, 2023-07-17T16:05:58.555, ubuntu22-c, mtd-zk-0, START
EXP-LEAD, 2023-07-17T16:06:04.081, ubuntu22-c, mtd-zk-0, END
EXP-LOAD, 2023-07-17T16:06:05.127, ubuntu22-c, mtd-zk-0, 0.287026
EXP-LOAD, 2023-07-17T16:06:14.668, ubuntu22-c, mtd-zk-0, 0.287026
EXP-LOAD, 2023-07-17T16:06:23.758, ubuntu22-c, mtd-zk-0, 0.164734
EXP-LOAD, 2023-07-17T16:06:29.835, ubuntu22-c, mtd-zk-0, 0.164734
EXP-LEAD, 2023-07-17T16:06:30.861, ubuntu22-c, mtd-zk-0, START
EXP-LEAD, 2023-07-17T16:06:39.436, ubuntu22-c, mtd-zk-0, END
EXP-LOAD, 2023-07-17T16:06:40.475, ubuntu22-c, mtd-zk-0, 0.175851
EXP-LEAD, 2023-07-17T16:06:42.949, ubuntu22-c, mtd-zk-0, START
EXP-LEAD, 2023-07-17T16:06:47.349, ubuntu22-c, mtd-zk-0, END
EXP-LOAD, 2023-07-17T16:06:48.397, ubuntu22-c, mtd-zk-0, 0.175851
EXP-LOAD, 2023-07-17T16:06:55.260, ubuntu22-c, mtd-zk-0, 0.131846
EXP-LOAD, 2023-07-17T16:07:05.340, ubuntu22-c, mtd-zk-0, 0.275301
EXP-LOAD, 2023-07-17T16:07:13.399, ubuntu22-c, mtd-zk-0, 0.275301
EXP-LEAD, 2023-07-17T16:07:14.524, ubuntu22-c, mtd-zk-0, START
EXP-LEAD, 2023-07-17T16:07:20.040, ubuntu22-c, mtd-zk-0, END
EXP-LOAD, 2023-07-17T16:07:21.082, ubuntu22-c, mtd-zk-0, 0.190242
EXP-LOAD, 2023-07-17T16:07:32.669, ubuntu22-c, mtd-zk-0, 0.190242
EXP-LOAD, 2023-07-17T16:07:38.748, ubuntu22-c, mtd-zk-0, 0.158292
EXP-LEAD, 2023-07-17T16:07:39.772, ubuntu22-c, mtd-zk-0, START
EXP-LEAD, 2023-07-17T16:07:46.298, ubuntu22-c, mtd-zk-0, END
EXP-LOAD, 2023-07-17T16:07:47.337, ubuntu22-c, mtd-zk-0, 0.158292
EXP-LEAD, 2023-07-17T16:07:48.885, ubuntu22-c, mtd-zk-0, START
EXP-LEAD, 2023-07-17T16:07:53.326, ubuntu22-c, mtd-zk-0, END
EXP-LOAD, 2023-07-17T16:07:54.367, ubuntu22-c, mtd-zk-0, 0.184126
EXP-LOAD, 2023-07-17T16:08:04.018, ubuntu22-c, mtd-zk-0, 0.242421
EXP-LOAD, 2023-07-17T16:08:11.137, ubuntu22-c, mtd-zk-0, 0.242421
EXP-LOAD, 2023-07-17T16:08:22.182, ubuntu22-c, mtd-zk-0, 0.194526
EXP-LEAD, 2023-07-17T16:08:23.206, ubuntu22-c, mtd-zk-0, START
EXP-LEAD, 2023-07-17T16:08:28.664, ubuntu22-c, mtd-zk-0, END
EXP-LOAD, 2023-07-17T16:08:29.695, ubuntu22-c, mtd-zk-0, 0.194526
EXP-LEAD, 2023-07-17T16:08:30.330, ubuntu22-c, mtd-zk-0, START
EXP-LEAD, 2023-07-17T16:08:38.994, ubuntu22-c, mtd-zk-0, END
EXP-LOAD, 2023-07-17T16:08:40.184, ubuntu22-c, mtd-zk-0, 0.193435
EXP-LOAD, 2023-07-17T16:08:48.448, ubuntu22-c, mtd-zk-0, 0.193435
EXP-LOAD, 2023-07-17T16:08:55.533, ubuntu22-c, mtd-zk-0, 0.142226
EXP-LOAD, 2023-07-17T16:09:03.034, ubuntu22-c, mtd-zk-0, 0.142226
EXP-LOAD, 2023-07-17T16:09:09.150, ubuntu22-c, mtd-zk-0, 0.203618
EXP-LOAD, 2023-07-17T16:09:16.599, ubuntu22-c, mtd-zk-0, 0.203618
EXP-LOAD, 2023-07-17T16:09:28.680, ubuntu22-c, mtd-zk-0, 0.212888
EXP-LOAD, 2023-07-17T16:09:35.759, ubuntu22-c, mtd-zk-0, 0.080236
EXP-LEAD, 2023-07-17T16:09:37.788, ubuntu22-c, mtd-zk-0, START
EXP-LEAD, 2023-07-17T16:09:43.287, ubuntu22-c, mtd-zk-0, END
EXP-LOAD, 2023-07-17T16:09:44.345, ubuntu22-c, mtd-zk-0, 0.080236
EXP-LOAD, 2023-07-17T16:09:51.461, ubuntu22-c, mtd-zk-0, 0.228244
EXP-LOAD, 2023-07-17T16:09:58.532, ubuntu22-c, mtd-zk-0, 0.228244
EXP-LEAD, 2023-07-17T16:10:00.540, ubuntu22-c, mtd-zk-0, START
EXP-LEAD, 2023-07-17T16:10:08.177, ubuntu22-c, mtd-zk-0, END
EXP-LOAD, 2023-07-17T16:10:09.225, ubuntu22-c, mtd-zk-0, 0.190220
EXP-LOAD, 2023-07-17T16:10:18.698, ubuntu22-c, mtd-zk-0, 0.190220
EXP-LOAD, 2023-07-17T16:10:25.775, ubuntu22-c, mtd-zk-0, 0.213931
EXP-LOAD, 2023-07-17T16:10:34.323, ubuntu22-c, mtd-zk-0, 0.243651
EXP-LOAD, 2023-07-17T16:10:44.434, ubuntu22-c, mtd-zk-0, 0.243651
EXP-LOAD, 2023-07-17T16:10:52.495, ubuntu22-c, mtd-zk-0, 0.172072
EXP-LEAD, 2023-07-17T16:10:54.521, ubuntu22-c, mtd-zk-0, START
EXP-LEAD, 2023-07-17T16:11:01.988, ubuntu22-c, mtd-zk-0, END
EXP-LOAD, 2023-07-17T16:11:03.027, ubuntu22-c, mtd-zk-0, 0.172072
EXP-LOAD, 2023-07-17T16:11:10.111, ubuntu22-c, mtd-zk-0, 0.162641
EXP-LOAD, 2023-07-17T16:11:21.253, ubuntu22-c, mtd-zk-0, 0.114225
EXP-LEAD, 2023-07-17T16:11:23.252, ubuntu22-c, mtd-zk-0, START
EXP-LEAD, 2023-07-17T16:11:27.689, ubuntu22-c, mtd-zk-0, END
EXP-LOAD, 2023-07-17T16:11:28.731, ubuntu22-c, mtd-zk-0, 0.114225
EXP-LEAD, 2023-07-17T16:11:30.322, ubuntu22-c, mtd-zk-0, START
EXP-LEAD, 2023-07-17T16:11:35.833, ubuntu22-c, mtd-zk-0, END
EXP-LOAD, 2023-07-17T16:11:36.916, ubuntu22-c, mtd-zk-0, 0.158209
EXP-LOAD, 2023-07-17T16:11:48.569, ubuntu22-c, mtd-zk-0, 0.158209
EXP-LOAD, 2023-07-17T16:11:56.608, ubuntu22-c, mtd-zk-0, 0.231436
EXP-LOAD, 2023-07-17T16:12:06.704, ubuntu22-c, mtd-zk-0, 0.181538
EXP-LEAD, 2023-07-17T16:12:07.735, ubuntu22-c, mtd-zk-0, START
EXP-LEAD, 2023-07-17T16:12:13.298, ubuntu22-c, mtd-zk-0, END
EXP-LOAD, 2023-07-17T16:12:14.335, ubuntu22-c, mtd-zk-0, 0.181538
EXP-LEAD, 2023-07-17T16:12:15.833, ubuntu22-c, mtd-zk-0, START
EXP-LEAD, 2023-07-17T16:12:21.276, ubuntu22-c, mtd-zk-0, END
EXP-LOAD, 2023-07-17T16:12:22.335, ubuntu22-c, mtd-zk-0, 0.178232
EXP-LOAD, 2023-07-17T16:12:29.988, ubuntu22-c, mtd-zk-0, 0.178232
EXP-LEAD, 2023-07-17T16:12:32.997, ubuntu22-c, mtd-zk-0, START
EXP-LEAD, 2023-07-17T16:12:40.486, ubuntu22-c, mtd-zk-0, END
EXP-LOAD, 2023-07-17T16:12:41.534, ubuntu22-c, mtd-zk-0, 0.272273
EXP-LEAD, 2023-07-17T16:12:43.116, ubuntu22-c, mtd-zk-0, START
EXP-LEAD, 2023-07-17T16:12:48.600, ubuntu22-c, mtd-zk-0, END
EXP-LOAD, 2023-07-17T16:12:49.639, ubuntu22-c, mtd-zk-0, 0.154254
EXP-LOAD, 2023-07-17T16:12:56.267, ubuntu22-c, mtd-zk-0, 0.154254
EXP-LOAD, 2023-07-17T16:13:05.388, ubuntu22-c, mtd-zk-0, 0.224965
EXP-LOAD, 2023-07-17T16:13:15.457, ubuntu22-c, mtd-zk-0, 0.224965
EXP-LOAD, 2023-07-17T16:13:25.648, ubuntu22-c, mtd-zk-0, 0.188836
EXP-LOAD, 2023-07-17T16:13:31.746, ubuntu22-c, mtd-zk-0, 0.188836
EXP-LOAD, 2023-07-17T16:13:41.392, ubuntu22-c, mtd-zk-0, 0.184334
EXP-LOAD, 2023-07-17T16:13:50.031, ubuntu22-c, mtd-zk-0, 0.118054
EXP-LOAD, 2023-07-17T16:13:59.143, ubuntu22-c, mtd-zk-0, 0.118054
EXP-LOAD, 2023-07-17T16:14:07.196, ubuntu22-c, mtd-zk-0, 0.178229
EXP-LEAD, 2023-07-17T16:14:08.662, ubuntu22-c, mtd-zk-0, START
EXP-LEAD, 2023-07-17T16:14:13.115, ubuntu22-c, mtd-zk-0, END
EXP-LOAD, 2023-07-17T16:14:14.163, ubuntu22-c, mtd-zk-0, 0.178229
EXP-LOAD, 2023-07-17T16:14:23.783, ubuntu22-c, mtd-zk-0, 0.245616
EXP-LOAD, 2023-07-17T16:14:30.880, ubuntu22-c, mtd-zk-0, 0.245616
EXP-LOAD, 2023-07-17T16:14:40.449, ubuntu22-c, mtd-zk-0, 0.190712
EXP-LOAD, 2023-07-17T16:14:47.014, ubuntu22-c, mtd-zk-0, 0.190712
EXP-LOAD, 2023-07-17T16:14:58.106, ubuntu22-c, mtd-zk-0, 0.131418
EXP-LOAD, 2023-07-17T16:15:04.170, ubuntu22-c, mtd-zk-0, 0.232543
EXP-LOAD, 2023-07-17T16:15:12.258, ubuntu22-c, mtd-zk-0, 0.232543
EXP-LOAD, 2023-07-17T16:15:20.370, ubuntu22-c, mtd-zk-0, 0.223814
EXP-LOAD, 2023-07-17T16:15:30.436, ubuntu22-c, mtd-zk-0, 0.223814
EXP-LOAD, 2023-07-17T16:15:38.000, ubuntu22-c, mtd-zk-0, 0.261729
EXP-LOAD, 2023-07-17T16:15:49.161, ubuntu22-c, mtd-zk-0, 0.244071
EXP-LEAD, 2023-07-17T16:15:50.608, ubuntu22-c, mtd-zk-0, START
EXP-LEAD, 2023-07-17T16:15:55.021, ubuntu22-c, mtd-zk-0, END
EXP-LOAD, 2023-07-17T16:15:56.061, ubuntu22-c, mtd-zk-0, 0.244071
EXP-LOAD, 2023-07-17T16:16:05.720, ubuntu22-c, mtd-zk-0, 0.162467
EXP-LOAD, 2023-07-17T16:16:11.793, ubuntu22-c, mtd-zk-0, 0.162467
EXP-LOAD, 2023-07-17T16:16:20.893, ubuntu22-c, mtd-zk-0, 0.181508
EXP-LOAD, 2023-07-17T16:16:31.977, ubuntu22-c, mtd-zk-0, 0.181508
EXP-LOAD, 2023-07-17T16:16:39.074, ubuntu22-c, mtd-zk-0, 0.171014
EXP-LOAD, 2023-07-17T16:16:48.218, ubuntu22-c, mtd-zk-0, 0.171014
EXP-LOAD, 2023-07-17T16:16:58.302, ubuntu22-c, mtd-zk-0, 0.151644
EXP-LEAD, 2023-07-17T16:16:59.329, ubuntu22-c, mtd-zk-0, START
EXP-LEAD, 2023-07-17T16:17:03.748, ubuntu22-c, mtd-zk-0, END
EXP-LOAD, 2023-07-17T16:17:04.783, ubuntu22-c, mtd-zk-0, 0.162246
EXP-LOAD, 2023-07-17T16:17:15.464, ubuntu22-c, mtd-zk-0, 0.162246
EXP-LOAD, 2023-07-17T16:17:21.584, ubuntu22-c, mtd-zk-0, 0.120212
EXP-LEAD, 2023-07-17T16:17:23.051, ubuntu22-c, mtd-zk-0, START
EXP-LEAD, 2023-07-17T16:17:28.549, ubuntu22-c, mtd-zk-0, END
EXP-LOAD, 2023-07-17T16:17:29.611, ubuntu22-c, mtd-zk-0, 0.120212
EXP-LOAD, 2023-07-17T16:17:38.199, ubuntu22-c, mtd-zk-0, 0.210220
EXP-LOAD, 2023-07-17T16:17:44.278, ubuntu22-c, mtd-zk-0, 0.210220
EXP-LOAD, 2023-07-17T16:17:57.368, ubuntu22-c, mtd-zk-0, 0.182235
EXP-LEAD, 2023-07-17T16:17:58.398, ubuntu22-c, mtd-zk-0, START
EXP-LEAD, 2023-07-17T16:18:03.874, ubuntu22-c, mtd-zk-0, END
EXP-LOAD, 2023-07-17T16:18:04.913, ubuntu22-c, mtd-zk-0, 0.129736
EXP-LOAD, 2023-07-17T16:18:13.537, ubuntu22-c, mtd-zk-0, 0.129736
EXP-LOAD, 2023-07-17T16:18:21.648, ubuntu22-c, mtd-zk-0, 0.184019
EXP-LEAD, 2023-07-17T16:18:23.651, ubuntu22-c, mtd-zk-0, START
EXP-LEAD, 2023-07-17T16:18:32.312, ubuntu22-c, mtd-zk-0, END
EXP-LOAD, 2023-07-17T16:18:33.355, ubuntu22-c, mtd-zk-0, 0.184019
EXP-LOAD, 2023-07-17T16:18:42.832, ubuntu22-c, mtd-zk-0, 0.160963
EXP-LEAD, 2023-07-17T16:18:44.402, ubuntu22-c, mtd-zk-0, START
EXP-LEAD, 2023-07-17T16:18:51.930, ubuntu22-c, mtd-zk-0, END
EXP-LOAD, 2023-07-17T16:18:52.974, ubuntu22-c, mtd-zk-0, 0.179618
EXP-LOAD, 2023-07-17T16:18:59.478, ubuntu22-c, mtd-zk-0, 0.179618
EXP-LOAD, 2023-07-17T16:19:08.603, ubuntu22-c, mtd-zk-0, 0.206720
EXP-LOAD, 2023-07-17T16:19:17.718, ubuntu22-c, mtd-zk-0, 0.206720
EXP-LOAD, 2023-07-17T16:19:25.269, ubuntu22-c, mtd-zk-0, 0.161838
EXP-LEAD, 2023-07-17T16:19:28.283, ubuntu22-c, mtd-zk-0, START
EXP-LEAD, 2023-07-17T16:19:34.775, ubuntu22-c, mtd-zk-0, END
EXP-LOAD, 2023-07-17T16:19:35.820, ubuntu22-c, mtd-zk-0, 0.159122
EXP-LOAD, 2023-07-17T16:19:42.899, ubuntu22-c, mtd-zk-0, 0.159122
EXP-LEAD, 2023-07-17T16:19:43.985, ubuntu22-c, mtd-zk-0, START
EXP-LEAD, 2023-07-17T16:19:51.545, ubuntu22-c, mtd-zk-0, END
EXP-LOAD, 2023-07-17T16:19:52.577, ubuntu22-c, mtd-zk-0, 0.113461
EXP-LOAD, 2023-07-17T16:19:59.122, ubuntu22-c, mtd-zk-0, 0.113461
EXP-LEAD, 2023-07-17T16:20:01.148, ubuntu22-c, mtd-zk-0, START
EXP-LEAD, 2023-07-17T16:20:05.890, ubuntu22-c, mtd-zk-0, END
EXP-LOAD, 2023-07-17T16:20:06.939, ubuntu22-c, mtd-zk-0, 0.128428
EXP-LEAD, 2023-07-17T16:20:07.977, ubuntu22-c, mtd-zk-0, START
EXP-LEAD, 2023-07-17T16:20:16.765, ubuntu22-c, mtd-zk-0, END
EXP-LOAD, 2023-07-17T16:20:17.819, ubuntu22-c, mtd-zk-0, 0.128428
EXP-LEAD, 2023-07-17T16:20:18.842, ubuntu22-c, mtd-zk-0, START
EXP-LEAD, 2023-07-17T16:20:24.373, ubuntu22-c, mtd-zk-0, END
EXP-LOAD, 2023-07-17T16:20:25.417, ubuntu22-c, mtd-zk-0, 0.203270
EXP-LEAD, 2023-07-17T16:20:25.943, ubuntu22-c, mtd-zk-0, START
EXP-LEAD, 2023-07-17T16:20:31.362, ubuntu22-c, mtd-zk-0, END
EXP-LOAD, 2023-07-17T16:20:32.400, ubuntu22-c, mtd-zk-0, 0.203270
EXP-LOAD, 2023-07-17T16:20:42.059, ubuntu22-c, mtd-zk-0, 0.198052
EXP-LOAD, 2023-07-17T16:20:52.162, ubuntu22-c, mtd-zk-0, 0.158210
EXP-LEAD, 2023-07-17T16:20:53.639, ubuntu22-c, mtd-zk-0, START
EXP-LEAD, 2023-07-17T16:20:58.075, ubuntu22-c, mtd-zk-0, END
EXP-LOAD, 2023-07-17T16:20:59.120, ubuntu22-c, mtd-zk-0, 0.158210
EXP-LEAD, 2023-07-17T16:20:59.702, ubuntu22-c, mtd-zk-0, START
EXP-LEAD, 2023-07-17T16:21:07.232, ubuntu22-c, mtd-zk-0, END
EXP-LOAD, 2023-07-17T16:21:08.276, ubuntu22-c, mtd-zk-0, 0.161250
EXP-LEAD, 2023-07-17T16:21:09.782, ubuntu22-c, mtd-zk-0, START
EXP-LEAD, 2023-07-17T16:21:14.145, ubuntu22-c, mtd-zk-0, END
EXP-LOAD, 2023-07-17T16:21:15.183, ubuntu22-c, mtd-zk-0, 0.161250
EXP-LOAD, 2023-07-17T16:21:22.931, ubuntu22-c, mtd-zk-0, 0.222448
EXP-LEAD, 2023-07-17T16:21:24.953, ubuntu22-c, mtd-zk-0, START
EXP-LEAD, 2023-07-17T16:21:30.460, ubuntu22-c, mtd-zk-0, END
EXP-LOAD, 2023-07-17T16:21:31.498, ubuntu22-c, mtd-zk-0, 0.222448
EXP-LOAD, 2023-07-17T16:21:41.107, ubuntu22-c, mtd-zk-0, 0.266117
EXP-LOAD, 2023-07-17T16:21:48.159, ubuntu22-c, mtd-zk-0, 0.266117
EXP-LOAD, 2023-07-17T16:21:57.236, ubuntu22-c, mtd-zk-0, 0.163030
EXP-LOAD, 2023-07-17T16:22:03.803, ubuntu22-c, mtd-zk-0, 0.163030
EXP-LOAD, 2023-07-17T16:22:15.402, ubuntu22-c, mtd-zk-0, 0.214729
EXP-LOAD, 2023-07-17T16:22:23.495, ubuntu22-c, mtd-zk-0, 0.113246
EXP-LOAD, 2023-07-17T16:22:33.590, ubuntu22-c, mtd-zk-0, 0.113246
EXP-LEAD, 2023-07-17T16:22:33.611, ubuntu22-c, mtd-zk-0, START
EXP-LEAD, 2023-07-17T16:22:39.152, ubuntu22-c, mtd-zk-0, END
EXP-LOAD, 2023-07-17T16:22:40.191, ubuntu22-c, mtd-zk-0, 0.191369
EXP-LOAD, 2023-07-17T16:22:51.769, ubuntu22-c, mtd-zk-0, 0.255469
EXP-LOAD, 2023-07-17T16:22:59.832, ubuntu22-c, mtd-zk-0, 0.255469
EXP-LOAD, 2023-07-17T16:23:08.931, ubuntu22-c, mtd-zk-0, 0.138123
EXP-LOAD, 2023-07-17T16:23:17.480, ubuntu22-c, mtd-zk-0, 0.138123
EXP-LOAD, 2023-07-17T16:23:23.624, ubuntu22-c, mtd-zk-0, 0.109223
EXP-LOAD, 2023-07-17T16:23:34.177, ubuntu22-c, mtd-zk-0, 0.155561
EXP-LEAD, 2023-07-17T16:23:35.154, ubuntu22-c, mtd-zk-0, START
EXP-LEAD, 2023-07-17T16:23:39.600, ubuntu22-c, mtd-zk-0, END
EXP-LOAD, 2023-07-17T16:23:40.652, ubuntu22-c, mtd-zk-0, 0.155561
EXP-LEAD, 2023-07-17T16:23:42.262, ubuntu22-c, mtd-zk-0, START
EXP-LEAD, 2023-07-17T16:23:48.824, ubuntu22-c, mtd-zk-0, END
EXP-LOAD, 2023-07-17T16:23:49.867, ubuntu22-c, mtd-zk-0, 0.239826
EXP-LOAD, 2023-07-17T16:23:56.392, ubuntu22-c, mtd-zk-0, 0.239826
EXP-LEAD, 2023-07-17T16:23:57.424, ubuntu22-c, mtd-zk-0, START
EXP-LEAD, 2023-07-17T16:24:04.025, ubuntu22-c, mtd-zk-0, END
EXP-LOAD, 2023-07-17T16:24:05.068, ubuntu22-c, mtd-zk-0, 0.166547
EXP-LEAD, 2023-07-17T16:24:06.516, ubuntu22-c, mtd-zk-0, START
EXP-LEAD, 2023-07-17T16:24:12.033, ubuntu22-c, mtd-zk-0, END
EXP-LOAD, 2023-07-17T16:24:13.078, ubuntu22-c, mtd-zk-0, 0.166547
EXP-LEAD, 2023-07-17T16:24:14.114, ubuntu22-c, mtd-zk-0, START
EXP-LEAD, 2023-07-17T16:24:22.699, ubuntu22-c, mtd-zk-0, END
EXP-LOAD, 2023-07-17T16:24:23.746, ubuntu22-c, mtd-zk-0, 0.260823
EXP-LOAD, 2023-07-17T16:24:31.270, ubuntu22-c, mtd-zk-0, 0.260823
EXP-LOAD, 2023-07-17T16:24:38.811, ubuntu22-c, mtd-zk-0, 0.205848
EXP-LOAD, 2023-07-17T16:24:48.861, ubuntu22-c, mtd-zk-0, 0.205848
EXP-LOAD, 2023-07-17T16:24:57.939, ubuntu22-c, mtd-zk-0, 0.198839
EXP-LOAD, 2023-07-17T16:25:08.013, ubuntu22-c, mtd-zk-0, 0.143014
EXP-LEAD, 2023-07-17T16:25:09.063, ubuntu22-c, mtd-zk-0, START
EXP-LEAD, 2023-07-17T16:25:13.629, ubuntu22-c, mtd-zk-0, END
EXP-LOAD, 2023-07-17T16:25:14.660, ubuntu22-c, mtd-zk-0, 0.143014
EXP-LOAD, 2023-07-17T16:25:21.773, ubuntu22-c, mtd-zk-0, 0.195445
EXP-LOAD, 2023-07-17T16:25:32.850, ubuntu22-c, mtd-zk-0, 0.195445
EXP-LOAD, 2023-07-17T16:25:38.495, ubuntu22-c, mtd-zk-0, 0.161348
EXP-LEAD, 2023-07-17T16:25:40.954, ubuntu22-c, mtd-zk-0, START
EXP-LEAD, 2023-07-17T16:25:48.412, ubuntu22-c, mtd-zk-0, END
EXP-LOAD, 2023-07-17T16:25:49.459, ubuntu22-c, mtd-zk-0, 0.230110
EXP-LOAD, 2023-07-17T16:25:56.075, ubuntu22-c, mtd-zk-0, 0.230110
EXP-LOAD, 2023-07-17T16:26:07.159, ubuntu22-c, mtd-zk-0, 0.191832
EXP-LOAD, 2023-07-17T16:26:16.239, ubuntu22-c, mtd-zk-0, 0.191832
EXP-LEAD, 2023-07-17T16:26:17.267, ubuntu22-c, mtd-zk-0, START
EXP-LEAD, 2023-07-17T16:26:21.749, ubuntu22-c, mtd-zk-0, END
EXP-LOAD, 2023-07-17T16:26:22.789, ubuntu22-c, mtd-zk-0, 0.187615
EXP-LOAD, 2023-07-17T16:26:30.396, ubuntu22-c, mtd-zk-0, 0.187615
EXP-LEAD, 2023-07-17T16:26:32.410, ubuntu22-c, mtd-zk-0, START
EXP-LEAD, 2023-07-17T16:26:40.963, ubuntu22-c, mtd-zk-0, END
EXP-LOAD, 2023-07-17T16:26:41.995, ubuntu22-c, mtd-zk-0, 0.212515
EXP-LOAD, 2023-07-17T16:26:48.542, ubuntu22-c, mtd-zk-0, 0.212515
EXP-LOAD, 2023-07-17T16:26:56.628, ubuntu22-c, mtd-zk-0, 0.151218
EXP-LOAD, 2023-07-17T16:27:03.732, ubuntu22-c, mtd-zk-0, 0.151218
EXP-LEAD, 2023-07-17T16:27:05.177, ubuntu22-c, mtd-zk-0, START
EXP-LEAD, 2023-07-17T16:27:12.667, ubuntu22-c, mtd-zk-0, END
EXP-LOAD, 2023-07-17T16:27:13.703, ubuntu22-c, mtd-zk-0, 0.143652
EXP-LEAD, 2023-07-17T16:27:14.730, ubuntu22-c, mtd-zk-0, START
EXP-LEAD, 2023-07-17T16:27:19.171, ubuntu22-c, mtd-zk-0, END
EXP-LOAD, 2023-07-17T16:27:20.210, ubuntu22-c, mtd-zk-0, 0.168422
EXP-LOAD, 2023-07-17T16:27:27.293, ubuntu22-c, mtd-zk-0, 0.168422
EXP-LOAD, 2023-07-17T16:27:37.269, ubuntu22-c, mtd-zk-0, 0.210663
EXP-LOAD, 2023-07-17T16:27:46.377, ubuntu22-c, mtd-zk-0, 0.210663
EXP-LEAD, 2023-07-17T16:27:47.408, ubuntu22-c, mtd-zk-0, START
EXP-LEAD, 2023-07-17T16:27:51.847, ubuntu22-c, mtd-zk-0, END
EXP-LOAD, 2023-07-17T16:27:52.886, ubuntu22-c, mtd-zk-0, 0.232250
EXP-LOAD, 2023-07-17T16:28:03.569, ubuntu22-c, mtd-zk-0, 0.232250
EXP-LOAD, 2023-07-17T16:28:11.631, ubuntu22-c, mtd-zk-0, 0.140312
EXP-LOAD, 2023-07-17T16:28:17.745, ubuntu22-c, mtd-zk-0, 0.140312
EXP-LEAD, 2023-07-17T16:28:19.779, ubuntu22-c, mtd-zk-0, START
EXP-LEAD, 2023-07-17T16:28:29.468, ubuntu22-c, mtd-zk-0, END
EXP-LOAD, 2023-07-17T16:28:30.517, ubuntu22-c, mtd-zk-0, 0.153219
EXP-LOAD, 2023-07-17T16:28:38.918, ubuntu22-c, mtd-zk-0, 0.180543
EXP-LEAD, 2023-07-17T16:28:39.945, ubuntu22-c, mtd-zk-0, START
EXP-LEAD, 2023-07-17T16:28:44.462, ubuntu22-c, mtd-zk-0, END
EXP-LOAD, 2023-07-17T16:28:45.508, ubuntu22-c, mtd-zk-0, 0.180543
EXP-LOAD, 2023-07-17T16:28:50.729, ubuntu22-c, mtd-zk-0, 0.210810
EXP-LEAD, 2023-07-17T16:28:52.047, ubuntu22-c, mtd-zk-0, START
