EXP-LOAD, 2023-07-17T15:28:48.048, ubuntu22-b, mtd-zk-1, 0.067409
EXP-LOAD, 2023-07-17T15:28:59.362, ubuntu22-b, mtd-zk-1, 0.096210
EXP-LEAD, 2023-07-17T15:29:01.408, ubuntu22-b, mtd-zk-1, START
EXP-LEAD, 2023-07-17T15:29:06.822, ubuntu22-b, mtd-zk-1, END
EXP-LOAD, 2023-07-17T15:29:07.909, ubuntu22-b, mtd-zk-1, 0.260235
EXP-LEAD, 2023-07-17T15:29:10.583, ubuntu22-b, mtd-zk-1, START
EXP-LEAD, 2023-07-17T15:29:15.320, ubuntu22-b, mtd-zk-1, END
EXP-LOAD, 2023-07-17T15:29:16.390, ubuntu22-b, mtd-zk-1, 0.260235
EXP-LOAD, 2023-07-17T15:29:25.530, ubuntu22-b, mtd-zk-1, 0.286019
EXP-LOAD, 2023-07-17T15:29:32.209, ubuntu22-b, mtd-zk-1, 0.286019
EXP-LOAD, 2023-07-17T15:29:43.352, ubuntu22-b, mtd-zk-1, 0.227287
EXP-LEAD, 2023-07-17T15:29:44.117, ubuntu22-b, mtd-zk-1, START
EXP-LEAD, 2023-07-17T15:29:49.808, ubuntu22-b, mtd-zk-1, END
EXP-LOAD, 2023-07-17T15:29:50.858, ubuntu22-b, mtd-zk-1, 0.261628
EXP-LOAD, 2023-07-17T15:30:00.031, ubuntu22-b, mtd-zk-1, 0.261628
EXP-LEAD, 2023-07-17T15:30:02.042, ubuntu22-b, mtd-zk-1, START
EXP-LEAD, 2023-07-17T15:30:07.683, ubuntu22-b, mtd-zk-1, END
EXP-LOAD, 2023-07-17T15:30:08.762, ubuntu22-b, mtd-zk-1, 0.259612
EXP-LEAD, 2023-07-17T15:30:10.202, ubuntu22-b, mtd-zk-1, START
EXP-LEAD, 2023-07-17T15:30:18.978, ubuntu22-b, mtd-zk-1, END
EXP-LOAD, 2023-07-17T15:30:20.030, ubuntu22-b, mtd-zk-1, 0.308223
EXP-LEAD, 2023-07-17T15:30:21.345, ubuntu22-b, mtd-zk-1, START
EXP-LEAD, 2023-07-17T15:30:25.845, ubuntu22-b, mtd-zk-1, END
EXP-LOAD, 2023-07-17T15:30:26.890, ubuntu22-b, mtd-zk-1, 0.308223
EXP-LOAD, 2023-07-17T15:30:38.601, ubuntu22-b, mtd-zk-1, 0.217490
EXP-LEAD, 2023-07-17T15:30:40.657, ubuntu22-b, mtd-zk-1, START
EXP-LEAD, 2023-07-17T15:30:46.146, ubuntu22-b, mtd-zk-1, END
EXP-LOAD, 2023-07-17T15:30:47.203, ubuntu22-b, mtd-zk-1, 0.217490
EXP-LEAD, 2023-07-17T15:30:48.780, ubuntu22-b, mtd-zk-1, START
EXP-LEAD, 2023-07-17T15:30:55.463, ubuntu22-b, mtd-zk-1, END
EXP-LOAD, 2023-07-17T15:30:56.532, ubuntu22-b, mtd-zk-1, 0.178020
EXP-LEAD, 2023-07-17T15:30:57.881, ubuntu22-b, mtd-zk-1, START
EXP-LEAD, 2023-07-17T15:31:03.332, ubuntu22-b, mtd-zk-1, END
EXP-LOAD, 2023-07-17T15:31:04.395, ubuntu22-b, mtd-zk-1, 0.321418
EXP-LOAD, 2023-07-17T15:31:14.078, ubuntu22-b, mtd-zk-1, 0.321418
EXP-LOAD, 2023-07-17T15:31:21.168, ubuntu22-b, mtd-zk-1, 0.185834
EXP-LOAD, 2023-07-17T15:31:31.280, ubuntu22-b, mtd-zk-1, 0.185834
EXP-LOAD, 2023-07-17T15:31:36.371, ubuntu22-b, mtd-zk-1, 0.188210
EXP-LEAD, 2023-07-17T15:31:39.429, ubuntu22-b, mtd-zk-1, START
EXP-LEAD, 2023-07-17T15:31:46.050, ubuntu22-b, mtd-zk-1, END
EXP-LOAD, 2023-07-17T15:31:47.106, ubuntu22-b, mtd-zk-1, 0.188210
EXP-LEAD, 2023-07-17T15:31:48.148, ubuntu22-b, mtd-zk-1, START
EXP-LEAD, 2023-07-17T15:31:52.764, ubuntu22-b, mtd-zk-1, END
EXP-LOAD, 2023-07-17T15:31:53.800, ubuntu22-b, mtd-zk-1, 0.205758
EXP-LEAD, 2023-07-17T15:31:55.237, ubuntu22-b, mtd-zk-1, START
EXP-LEAD, 2023-07-17T15:32:02.768, ubuntu22-b, mtd-zk-1, END
EXP-LOAD, 2023-07-17T15:32:03.821, ubuntu22-b, mtd-zk-1, 0.205758
EXP-LOAD, 2023-07-17T15:32:11.916, ubuntu22-b, mtd-zk-1, 0.316607
EXP-LEAD, 2023-07-17T15:32:12.949, ubuntu22-b, mtd-zk-1, START
EXP-LEAD, 2023-07-17T15:32:19.498, ubuntu22-b, mtd-zk-1, END
EXP-LOAD, 2023-07-17T15:32:20.548, ubuntu22-b, mtd-zk-1, 0.207220
EXP-LEAD, 2023-07-17T15:32:21.082, ubuntu22-b, mtd-zk-1, START
EXP-LEAD, 2023-07-17T15:32:26.538, ubuntu22-b, mtd-zk-1, END
EXP-LOAD, 2023-07-17T15:32:27.606, ubuntu22-b, mtd-zk-1, 0.207220
EXP-LOAD, 2023-07-17T15:32:36.234, ubuntu22-b, mtd-zk-1, 0.205626
EXP-LOAD, 2023-07-17T15:32:47.344, ubuntu22-b, mtd-zk-1, 0.205626
EXP-LEAD, 2023-07-17T15:32:48.384, ubuntu22-b, mtd-zk-1, START
EXP-LEAD, 2023-07-17T15:32:56.030, ubuntu22-b, mtd-zk-1, END
EXP-LOAD, 2023-07-17T15:32:57.071, ubuntu22-b, mtd-zk-1, 0.145921
EXP-LOAD, 2023-07-17T15:33:08.184, ubuntu22-b, mtd-zk-1, 0.144813
EXP-LOAD, 2023-07-17T15:33:16.268, ubuntu22-b, mtd-zk-1, 0.144813
EXP-LEAD, 2023-07-17T15:33:16.815, ubuntu22-b, mtd-zk-1, START
EXP-LEAD, 2023-07-17T15:33:21.503, ubuntu22-b, mtd-zk-1, END
EXP-LOAD, 2023-07-17T15:33:22.568, ubuntu22-b, mtd-zk-1, 0.217428
EXP-LOAD, 2023-07-17T15:33:31.685, ubuntu22-b, mtd-zk-1, 0.217428
EXP-LOAD, 2023-07-17T15:33:42.807, ubuntu22-b, mtd-zk-1, 0.189032
EXP-LEAD, 2023-07-17T15:33:44.459, ubuntu22-b, mtd-zk-1, START
EXP-LEAD, 2023-07-17T15:33:49.924, ubuntu22-b, mtd-zk-1, END
EXP-LOAD, 2023-07-17T15:33:50.965, ubuntu22-b, mtd-zk-1, 0.184011
EXP-LEAD, 2023-07-17T15:33:52.549, ubuntu22-b, mtd-zk-1, START
EXP-LEAD, 2023-07-17T15:33:58.042, ubuntu22-b, mtd-zk-1, END
EXP-LOAD, 2023-07-17T15:33:59.082, ubuntu22-b, mtd-zk-1, 0.184011
EXP-LOAD, 2023-07-17T15:34:08.185, ubuntu22-b, mtd-zk-1, 0.185407
EXP-LOAD, 2023-07-17T15:34:15.908, ubuntu22-b, mtd-zk-1, 0.185407
EXP-LEAD, 2023-07-17T15:34:17.510, ubuntu22-b, mtd-zk-1, START
EXP-LEAD, 2023-07-17T15:34:23.033, ubuntu22-b, mtd-zk-1, END
EXP-LOAD, 2023-07-17T15:34:24.084, ubuntu22-b, mtd-zk-1, 0.211236
EXP-LEAD, 2023-07-17T15:34:25.119, ubuntu22-b, mtd-zk-1, START
EXP-LEAD, 2023-07-17T15:34:29.628, ubuntu22-b, mtd-zk-1, END
EXP-LOAD, 2023-07-17T15:34:30.673, ubuntu22-b, mtd-zk-1, 0.211236
EXP-LOAD, 2023-07-17T15:34:41.308, ubuntu22-b, mtd-zk-1, 0.157805
EXP-LOAD, 2023-07-17T15:34:50.421, ubuntu22-b, mtd-zk-1, 0.174623
EXP-LEAD, 2023-07-17T15:34:51.795, ubuntu22-b, mtd-zk-1, START
EXP-LEAD, 2023-07-17T15:34:57.313, ubuntu22-b, mtd-zk-1, END
EXP-LOAD, 2023-07-17T15:34:58.361, ubuntu22-b, mtd-zk-1, 0.174623
EXP-LOAD, 2023-07-17T15:35:07.907, ubuntu22-b, mtd-zk-1, 0.234635
EXP-LOAD, 2023-07-17T15:35:16.751, ubuntu22-b, mtd-zk-1, 0.234635
EXP-LEAD, 2023-07-17T15:35:17.790, ubuntu22-b, mtd-zk-1, START
EXP-LEAD, 2023-07-17T15:35:24.332, ubuntu22-b, mtd-zk-1, END
EXP-LOAD, 2023-07-17T15:35:25.374, ubuntu22-b, mtd-zk-1, 0.213143
EXP-LOAD, 2023-07-17T15:35:31.945, ubuntu22-b, mtd-zk-1, 0.213143
EXP-LEAD, 2023-07-17T15:35:33.975, ubuntu22-b, mtd-zk-1, START
EXP-LEAD, 2023-07-17T15:35:39.637, ubuntu22-b, mtd-zk-1, END
EXP-LOAD, 2023-07-17T15:35:40.697, ubuntu22-b, mtd-zk-1, 0.195213
EXP-LOAD, 2023-07-17T15:35:49.131, ubuntu22-b, mtd-zk-1, 0.258410
EXP-LOAD, 2023-07-17T15:35:57.238, ubuntu22-b, mtd-zk-1, 0.258410
EXP-LOAD, 2023-07-17T15:36:04.895, ubuntu22-b, mtd-zk-1, 0.153255
EXP-LEAD, 2023-07-17T15:36:05.936, ubuntu22-b, mtd-zk-1, START
EXP-LEAD, 2023-07-17T15:36:13.464, ubuntu22-b, mtd-zk-1, END
EXP-LOAD, 2023-07-17T15:36:14.506, ubuntu22-b, mtd-zk-1, 0.153255
EXP-LOAD, 2023-07-17T15:36:22.106, ubuntu22-b, mtd-zk-1, 0.190014
EXP-LEAD, 2023-07-17T15:36:23.131, ubuntu22-b, mtd-zk-1, START
EXP-LEAD, 2023-07-17T15:36:30.725, ubuntu22-b, mtd-zk-1, END
EXP-LOAD, 2023-07-17T15:36:31.785, ubuntu22-b, mtd-zk-1, 0.190014
EXP-LEAD, 2023-07-17T15:36:32.223, ubuntu22-b, mtd-zk-1, START
EXP-LEAD, 2023-07-17T15:36:37.763, ubuntu22-b, mtd-zk-1, END
EXP-LOAD, 2023-07-17T15:36:38.813, ubuntu22-b, mtd-zk-1, 0.196113
EXP-LOAD, 2023-07-17T15:36:47.362, ubuntu22-b, mtd-zk-1, 0.196113
EXP-LEAD, 2023-07-17T15:36:48.391, ubuntu22-b, mtd-zk-1, START
EXP-LEAD, 2023-07-17T15:36:55.982, ubuntu22-b, mtd-zk-1, END
EXP-LOAD, 2023-07-17T15:36:57.023, ubuntu22-b, mtd-zk-1, 0.173416
EXP-LEAD, 2023-07-17T15:36:58.501, ubuntu22-b, mtd-zk-1, START
EXP-LEAD, 2023-07-17T15:37:03.958, ubuntu22-b, mtd-zk-1, END
EXP-LOAD, 2023-07-17T15:37:04.988, ubuntu22-b, mtd-zk-1, 0.154326
EXP-LOAD, 2023-07-17T15:37:15.626, ubuntu22-b, mtd-zk-1, 0.154326
EXP-LOAD, 2023-07-17T15:37:22.973, ubuntu22-b, mtd-zk-1, 0.212217
EXP-LOAD, 2023-07-17T15:37:31.488, ubuntu22-b, mtd-zk-1, 0.212217
EXP-LOAD, 2023-07-17T15:37:38.575, ubuntu22-b, mtd-zk-1, 0.199013
EXP-LOAD, 2023-07-17T15:37:45.218, ubuntu22-b, mtd-zk-1, 0.199013
EXP-LOAD, 2023-07-17T15:37:56.066, ubuntu22-b, mtd-zk-1, 0.141015
EXP-LEAD, 2023-07-17T15:37:58.112, ubuntu22-b, mtd-zk-1, START
EXP-LEAD, 2023-07-17T15:38:03.512, ubuntu22-b, mtd-zk-1, END
EXP-LOAD, 2023-07-17T15:38:04.544, ubuntu22-b, mtd-zk-1, 0.198718
EXP-LOAD, 2023-07-17T15:38:11.290, ubuntu22-b, mtd-zk-1, 0.198718
EXP-LOAD, 2023-07-17T15:38:21.386, ubuntu22-b, mtd-zk-1, 0.179027
EXP-LOAD, 2023-07-17T15:38:29.472, ubuntu22-b, mtd-zk-1, 0.179027
EXP-LOAD, 2023-07-17T15:38:37.563, ubuntu22-b, mtd-zk-1, 0.220721
EXP-LOAD, 2023-07-17T15:38:45.646, ubuntu22-b, mtd-zk-1, 0.220721
EXP-LOAD, 2023-07-17T15:38:52.518, ubuntu22-b, mtd-zk-1, 0.142376
EXP-LEAD, 2023-07-17T15:38:54.541, ubuntu22-b, mtd-zk-1, START
EXP-LEAD, 2023-07-17T15:39:02.173, ubuntu22-b, mtd-zk-1, END
EXP-LOAD, 2023-07-17T15:39:03.221, ubuntu22-b, mtd-zk-1, 0.142376
EXP-LOAD, 2023-07-17T15:39:11.712, ubuntu22-b, mtd-zk-1, 0.218723
EXP-LEAD, 2023-07-17T15:39:11.763, ubuntu22-b, mtd-zk-1, START
EXP-LEAD, 2023-07-17T15:39:19.351, ubuntu22-b, mtd-zk-1, END
EXP-LOAD, 2023-07-17T15:39:20.395, ubuntu22-b, mtd-zk-1, 0.137237
EXP-LOAD, 2023-07-17T15:39:27.900, ubuntu22-b, mtd-zk-1, 0.137237
EXP-LEAD, 2023-07-17T15:39:29.960, ubuntu22-b, mtd-zk-1, START
EXP-LEAD, 2023-07-17T15:39:37.687, ubuntu22-b, mtd-zk-1, END
EXP-LOAD, 2023-07-17T15:39:38.749, ubuntu22-b, mtd-zk-1, 0.258937
EXP-LOAD, 2023-07-17T15:39:47.164, ubuntu22-b, mtd-zk-1, 0.258937
EXP-LOAD, 2023-07-17T15:39:56.252, ubuntu22-b, mtd-zk-1, 0.203612
EXP-LOAD, 2023-07-17T15:40:06.353, ubuntu22-b, mtd-zk-1, 0.130616
EXP-LEAD, 2023-07-17T15:40:08.383, ubuntu22-b, mtd-zk-1, START
EXP-LEAD, 2023-07-17T15:40:13.864, ubuntu22-b, mtd-zk-1, END
EXP-LOAD, 2023-07-17T15:40:14.903, ubuntu22-b, mtd-zk-1, 0.130616
EXP-LOAD, 2023-07-17T15:40:23.584, ubuntu22-b, mtd-zk-1, 0.131207
EXP-LOAD, 2023-07-17T15:40:31.641, ubuntu22-b, mtd-zk-1, 0.131207
EXP-LOAD, 2023-07-17T15:40:40.724, ubuntu22-b, mtd-zk-1, 0.216716
EXP-LOAD, 2023-07-17T15:40:51.814, ubuntu22-b, mtd-zk-1, 0.201708
EXP-LOAD, 2023-07-17T15:40:56.896, ubuntu22-b, mtd-zk-1, 0.201708
EXP-LOAD, 2023-07-17T15:41:05.984, ubuntu22-b, mtd-zk-1, 0.172615
EXP-LEAD, 2023-07-17T15:41:07.026, ubuntu22-b, mtd-zk-1, START
EXP-LEAD, 2023-07-17T15:41:14.503, ubuntu22-b, mtd-zk-1, END
EXP-LOAD, 2023-07-17T15:41:15.540, ubuntu22-b, mtd-zk-1, 0.172615
EXP-LOAD, 2023-07-17T15:41:22.627, ubuntu22-b, mtd-zk-1, 0.164827
EXP-LOAD, 2023-07-17T15:41:33.223, ubuntu22-b, mtd-zk-1, 0.164827
EXP-LEAD, 2023-07-17T15:41:34.258, ubuntu22-b, mtd-zk-1, START
EXP-LEAD, 2023-07-17T15:41:38.662, ubuntu22-b, mtd-zk-1, END
EXP-LOAD, 2023-07-17T15:41:39.702, ubuntu22-b, mtd-zk-1, 0.198317
EXP-LEAD, 2023-07-17T15:41:42.366, ubuntu22-b, mtd-zk-1, START
EXP-LEAD, 2023-07-17T15:41:46.784, ubuntu22-b, mtd-zk-1, END
EXP-LOAD, 2023-07-17T15:41:47.820, ubuntu22-b, mtd-zk-1, 0.198317
EXP-LOAD, 2023-07-17T15:41:57.536, ubuntu22-b, mtd-zk-1, 0.157024
EXP-LOAD, 2023-07-17T15:42:04.261, ubuntu22-b, mtd-zk-1, 0.181920
EXP-LOAD, 2023-07-17T15:42:13.339, ubuntu22-b, mtd-zk-1, 0.181920
EXP-LOAD, 2023-07-17T15:42:24.590, ubuntu22-b, mtd-zk-1, 0.188024
EXP-LEAD, 2023-07-17T15:42:26.645, ubuntu22-b, mtd-zk-1, START
EXP-LEAD, 2023-07-17T15:42:31.097, ubuntu22-b, mtd-zk-1, END
EXP-LOAD, 2023-07-17T15:42:32.135, ubuntu22-b, mtd-zk-1, 0.188024
EXP-LOAD, 2023-07-17T15:42:42.803, ubuntu22-b, mtd-zk-1, 0.171130
EXP-LEAD, 2023-07-17T15:42:45.836, ubuntu22-b, mtd-zk-1, START
EXP-LEAD, 2023-07-17T15:42:51.308, ubuntu22-b, mtd-zk-1, END
EXP-LOAD, 2023-07-17T15:42:52.348, ubuntu22-b, mtd-zk-1, 0.242003
EXP-LOAD, 2023-07-17T15:42:59.410, ubuntu22-b, mtd-zk-1, 0.242003
EXP-LOAD, 2023-07-17T15:43:10.547, ubuntu22-b, mtd-zk-1, 0.202838
EXP-LOAD, 2023-07-17T15:43:18.069, ubuntu22-b, mtd-zk-1, 0.202838
EXP-LOAD, 2023-07-17T15:43:25.162, ubuntu22-b, mtd-zk-1, 0.193210
EXP-LOAD, 2023-07-17T15:43:34.274, ubuntu22-b, mtd-zk-1, 0.177545
EXP-LOAD, 2023-07-17T15:43:42.367, ubuntu22-b, mtd-zk-1, 0.177545
EXP-LEAD, 2023-07-17T15:43:43.933, ubuntu22-b, mtd-zk-1, START
EXP-LEAD, 2023-07-17T15:43:51.504, ubuntu22-b, mtd-zk-1, END
EXP-LOAD, 2023-07-17T15:43:52.541, ubuntu22-b, mtd-zk-1, 0.096710
EXP-LOAD, 2023-07-17T15:43:59.089, ubuntu22-b, mtd-zk-1, 0.096710
EXP-LEAD, 2023-07-17T15:44:02.129, ubuntu22-b, mtd-zk-1, START
EXP-LEAD, 2023-07-17T15:44:08.593, ubuntu22-b, mtd-zk-1, END
EXP-LOAD, 2023-07-17T15:44:09.634, ubuntu22-b, mtd-zk-1, 0.216321
EXP-LOAD, 2023-07-17T15:44:16.299, ubuntu22-b, mtd-zk-1, 0.216321
EXP-LEAD, 2023-07-17T15:44:17.339, ubuntu22-b, mtd-zk-1, START
EXP-LEAD, 2023-07-17T15:44:24.882, ubuntu22-b, mtd-zk-1, END
EXP-LOAD, 2023-07-17T15:44:25.922, ubuntu22-b, mtd-zk-1, 0.191220
EXP-LOAD, 2023-07-17T15:44:32.012, ubuntu22-b, mtd-zk-1, 0.191220
EXP-LOAD, 2023-07-17T15:44:42.120, ubuntu22-b, mtd-zk-1, 0.186518
EXP-LOAD, 2023-07-17T15:44:51.191, ubuntu22-b, mtd-zk-1, 0.257057
EXP-LOAD, 2023-07-17T15:44:57.277, ubuntu22-b, mtd-zk-1, 0.257057
EXP-LOAD, 2023-07-17T15:45:05.416, ubuntu22-b, mtd-zk-1, 0.176719
EXP-LOAD, 2023-07-17T15:45:17.534, ubuntu22-b, mtd-zk-1, 0.176719
EXP-LEAD, 2023-07-17T15:45:19.374, ubuntu22-b, mtd-zk-1, START
EXP-LEAD, 2023-07-17T15:45:23.775, ubuntu22-b, mtd-zk-1, END
EXP-LOAD, 2023-07-17T15:45:24.826, ubuntu22-b, mtd-zk-1, 0.145041
EXP-LOAD, 2023-07-17T15:45:33.535, ubuntu22-b, mtd-zk-1, 0.145041
EXP-LOAD, 2023-07-17T15:45:40.572, ubuntu22-b, mtd-zk-1, 0.208416
EXP-LEAD, 2023-07-17T15:45:43.590, ubuntu22-b, mtd-zk-1, START
EXP-LEAD, 2023-07-17T15:45:51.162, ubuntu22-b, mtd-zk-1, END
EXP-LOAD, 2023-07-17T15:45:52.206, ubuntu22-b, mtd-zk-1, 0.247825
EXP-LOAD, 2023-07-17T15:45:59.719, ubuntu22-b, mtd-zk-1, 0.247825
EXP-LOAD, 2023-07-17T15:46:08.352, ubuntu22-b, mtd-zk-1, 0.204330
EXP-LOAD, 2023-07-17T15:46:16.410, ubuntu22-b, mtd-zk-1, 0.204330
EXP-LEAD, 2023-07-17T15:46:17.551, ubuntu22-b, mtd-zk-1, START
EXP-LEAD, 2023-07-17T15:46:24.058, ubuntu22-b, mtd-zk-1, END
EXP-LOAD, 2023-07-17T15:46:25.093, ubuntu22-b, mtd-zk-1, 0.191662
EXP-LOAD, 2023-07-17T15:46:32.609, ubuntu22-b, mtd-zk-1, 0.191662
EXP-LOAD, 2023-07-17T15:46:39.703, ubuntu22-b, mtd-zk-1, 0.184935
EXP-LOAD, 2023-07-17T15:46:47.228, ubuntu22-b, mtd-zk-1, 0.184935
EXP-LOAD, 2023-07-17T15:46:58.298, ubuntu22-b, mtd-zk-1, 0.229821
EXP-LEAD, 2023-07-17T15:46:59.915, ubuntu22-b, mtd-zk-1, START
EXP-LEAD, 2023-07-17T15:47:04.327, ubuntu22-b, mtd-zk-1, END
EXP-LOAD, 2023-07-17T15:47:05.369, ubuntu22-b, mtd-zk-1, 0.173332
EXP-LOAD, 2023-07-17T15:47:15.323, ubuntu22-b, mtd-zk-1, 0.173332
EXP-LOAD, 2023-07-17T15:47:24.155, ubuntu22-b, mtd-zk-1, 0.234423
EXP-LOAD, 2023-07-17T15:47:31.749, ubuntu22-b, mtd-zk-1, 0.234423
EXP-LOAD, 2023-07-17T15:47:38.820, ubuntu22-b, mtd-zk-1, 0.157310
EXP-LEAD, 2023-07-17T15:47:39.855, ubuntu22-b, mtd-zk-1, START
EXP-LEAD, 2023-07-17T15:47:49.372, ubuntu22-b, mtd-zk-1, END
EXP-LOAD, 2023-07-17T15:47:50.420, ubuntu22-b, mtd-zk-1, 0.209259
EXP-LEAD, 2023-07-17T15:47:50.467, ubuntu22-b, mtd-zk-1, START
EXP-LEAD, 2023-07-17T15:47:55.892, ubuntu22-b, mtd-zk-1, END
EXP-LOAD, 2023-07-17T15:47:56.972, ubuntu22-b, mtd-zk-1, 0.209259
EXP-LOAD, 2023-07-17T15:48:06.609, ubuntu22-b, mtd-zk-1, 0.178329
EXP-LOAD, 2023-07-17T15:48:14.661, ubuntu22-b, mtd-zk-1, 0.178329
EXP-LOAD, 2023-07-17T15:48:21.814, ubuntu22-b, mtd-zk-1, 0.168608
EXP-LEAD, 2023-07-17T15:48:23.681, ubuntu22-b, mtd-zk-1, START
EXP-LEAD, 2023-07-17T15:48:32.231, ubuntu22-b, mtd-zk-1, END
EXP-LOAD, 2023-07-17T15:48:33.277, ubuntu22-b, mtd-zk-1, 0.168608
EXP-LOAD, 2023-07-17T15:48:42.874, ubuntu22-b, mtd-zk-1, 0.141129
EXP-LEAD, 2023-07-17T15:48:45.907, ubuntu22-b, mtd-zk-1, START
EXP-LEAD, 2023-07-17T15:48:50.369, ubuntu22-b, mtd-zk-1, END
EXP-LOAD, 2023-07-17T15:48:51.415, ubuntu22-b, mtd-zk-1, 0.238619
EXP-LOAD, 2023-07-17T15:49:01.079, ubuntu22-b, mtd-zk-1, 0.238619
EXP-LOAD, 2023-07-17T15:49:08.153, ubuntu22-b, mtd-zk-1, 0.233816
EXP-LOAD, 2023-07-17T15:49:18.265, ubuntu22-b, mtd-zk-1, 0.233816
EXP-LOAD, 2023-07-17T15:49:25.357, ubuntu22-b, mtd-zk-1, 0.242863
EXP-LOAD, 2023-07-17T15:49:34.430, ubuntu22-b, mtd-zk-1, 0.136824
EXP-LOAD, 2023-07-17T15:49:40.531, ubuntu22-b, mtd-zk-1, 0.136824
EXP-LOAD, 2023-07-17T15:49:50.024, ubuntu22-b, mtd-zk-1, 0.196384
EXP-LOAD, 2023-07-17T15:49:58.096, ubuntu22-b, mtd-zk-1, 0.196384
EXP-LEAD, 2023-07-17T15:50:00.115, ubuntu22-b, mtd-zk-1, START
EXP-LEAD, 2023-07-17T15:50:05.642, ubuntu22-b, mtd-zk-1, END
EXP-LOAD, 2023-07-17T15:50:06.690, ubuntu22-b, mtd-zk-1, 0.224044
EXP-LOAD, 2023-07-17T15:50:18.311, ubuntu22-b, mtd-zk-1, 0.224044
EXP-LEAD, 2023-07-17T15:50:20.212, ubuntu22-b, mtd-zk-1, START
EXP-LEAD, 2023-07-17T15:50:25.588, ubuntu22-b, mtd-zk-1, END
EXP-LOAD, 2023-07-17T15:50:26.627, ubuntu22-b, mtd-zk-1, 0.165378
EXP-LOAD, 2023-07-17T15:50:36.717, ubuntu22-b, mtd-zk-1, 0.176118
EXP-LOAD, 2023-07-17T15:50:44.826, ubuntu22-b, mtd-zk-1, 0.176118
EXP-LOAD, 2023-07-17T15:50:53.931, ubuntu22-b, mtd-zk-1, 0.172209
EXP-LOAD, 2023-07-17T15:51:03.003, ubuntu22-b, mtd-zk-1, 0.172209
EXP-LEAD, 2023-07-17T15:51:05.039, ubuntu22-b, mtd-zk-1, START
EXP-LEAD, 2023-07-17T15:51:10.414, ubuntu22-b, mtd-zk-1, END
EXP-LOAD, 2023-07-17T15:51:11.455, ubuntu22-b, mtd-zk-1, 0.204146
EXP-LOAD, 2023-07-17T15:51:21.559, ubuntu22-b, mtd-zk-1, 0.128218
EXP-LEAD, 2023-07-17T15:51:23.097, ubuntu22-b, mtd-zk-1, START
EXP-LEAD, 2023-07-17T15:51:27.527, ubuntu22-b, mtd-zk-1, END
EXP-LOAD, 2023-07-17T15:51:28.579, ubuntu22-b, mtd-zk-1, 0.128218
EXP-LEAD, 2023-07-17T15:51:30.186, ubuntu22-b, mtd-zk-1, START
EXP-LEAD, 2023-07-17T15:51:36.770, ubuntu22-b, mtd-zk-1, END
EXP-LOAD, 2023-07-17T15:51:37.816, ubuntu22-b, mtd-zk-1, 0.206217
EXP-LOAD, 2023-07-17T15:51:44.326, ubuntu22-b, mtd-zk-1, 0.206217
EXP-LOAD, 2023-07-17T15:51:52.380, ubuntu22-b, mtd-zk-1, 0.139216
EXP-LOAD, 2023-07-17T15:51:58.443, ubuntu22-b, mtd-zk-1, 0.139216
EXP-LOAD, 2023-07-17T15:52:08.528, ubuntu22-b, mtd-zk-1, 0.214120
EXP-LEAD, 2023-07-17T15:52:09.579, ubuntu22-b, mtd-zk-1, START
EXP-LEAD, 2023-07-17T15:52:14.974, ubuntu22-b, mtd-zk-1, END
EXP-LOAD, 2023-07-17T15:52:16.026, ubuntu22-b, mtd-zk-1, 0.214120
EXP-LEAD, 2023-07-17T15:52:17.695, ubuntu22-b, mtd-zk-1, START
EXP-LEAD, 2023-07-17T15:52:25.170, ubuntu22-b, mtd-zk-1, END
EXP-LOAD, 2023-07-17T15:52:26.221, ubuntu22-b, mtd-zk-1, 0.158232
EXP-LOAD, 2023-07-17T15:52:33.311, ubuntu22-b, mtd-zk-1, 0.158232
EXP-LOAD, 2023-07-17T15:52:40.373, ubuntu22-b, mtd-zk-1, 0.263460
EXP-LOAD, 2023-07-17T15:52:51.477, ubuntu22-b, mtd-zk-1, 0.154229
EXP-LEAD, 2023-07-17T15:52:53.498, ubuntu22-b, mtd-zk-1, START
EXP-LEAD, 2023-07-17T15:52:57.876, ubuntu22-b, mtd-zk-1, END
EXP-LOAD, 2023-07-17T15:52:58.910, ubuntu22-b, mtd-zk-1, 0.154229
EXP-LOAD, 2023-07-17T15:53:08.003, ubuntu22-b, mtd-zk-1, 0.202577
EXP-LOAD, 2023-07-17T15:53:15.517, ubuntu22-b, mtd-zk-1, 0.202577
EXP-LOAD, 2023-07-17T15:53:25.614, ubuntu22-b, mtd-zk-1, 0.170824
EXP-LEAD, 2023-07-17T15:53:27.687, ubuntu22-b, mtd-zk-1, START
EXP-LEAD, 2023-07-17T15:53:32.101, ubuntu22-b, mtd-zk-1, END
EXP-LOAD, 2023-07-17T15:53:33.143, ubuntu22-b, mtd-zk-1, 0.170824
EXP-LOAD, 2023-07-17T15:53:41.870, ubuntu22-b, mtd-zk-1, 0.187030
EXP-LOAD, 2023-07-17T15:53:50.968, ubuntu22-b, mtd-zk-1, 0.214428
EXP-LEAD, 2023-07-17T15:53:52.491, ubuntu22-b, mtd-zk-1, START
EXP-LEAD, 2023-07-17T15:54:01.322, ubuntu22-b, mtd-zk-1, END
EXP-LOAD, 2023-07-17T15:54:02.374, ubuntu22-b, mtd-zk-1, 0.214428
EXP-LEAD, 2023-07-17T15:54:03.577, ubuntu22-b, mtd-zk-1, START
EXP-LEAD, 2023-07-17T15:54:08.128, ubuntu22-b, mtd-zk-1, END
EXP-LOAD, 2023-07-17T15:54:09.183, ubuntu22-b, mtd-zk-1, 0.222445
EXP-LOAD, 2023-07-17T15:54:18.265, ubuntu22-b, mtd-zk-1, 0.222445
EXP-LEAD, 2023-07-17T15:54:19.299, ubuntu22-b, mtd-zk-1, START
EXP-LEAD, 2023-07-17T15:54:24.773, ubuntu22-b, mtd-zk-1, END
EXP-LOAD, 2023-07-17T15:54:25.810, ubuntu22-b, mtd-zk-1, 0.162529
EXP-LEAD, 2023-07-17T15:54:26.383, ubuntu22-b, mtd-zk-1, START
EXP-LEAD, 2023-07-17T15:54:36.041, ubuntu22-b, mtd-zk-1, END
EXP-LOAD, 2023-07-17T15:54:37.088, ubuntu22-b, mtd-zk-1, 0.115653
EXP-LEAD, 2023-07-17T15:54:38.119, ubuntu22-b, mtd-zk-1, START
EXP-LEAD, 2023-07-17T15:54:44.614, ubuntu22-b, mtd-zk-1, END
EXP-LOAD, 2023-07-17T15:54:45.650, ubuntu22-b, mtd-zk-1, 0.115653
EXP-LEAD, 2023-07-17T15:54:47.199, ubuntu22-b, mtd-zk-1, START
EXP-LEAD, 2023-07-17T15:54:52.724, ubuntu22-b, mtd-zk-1, END
EXP-LOAD, 2023-07-17T15:54:53.782, ubuntu22-b, mtd-zk-1, 0.157425
EXP-LOAD, 2023-07-17T15:55:05.371, ubuntu22-b, mtd-zk-1, 0.204038
EXP-LEAD, 2023-07-17T15:55:06.422, ubuntu22-b, mtd-zk-1, START
EXP-LEAD, 2023-07-17T15:55:11.990, ubuntu22-b, mtd-zk-1, END
EXP-LOAD, 2023-07-17T15:55:13.027, ubuntu22-b, mtd-zk-1, 0.204038
EXP-LOAD, 2023-07-17T15:55:22.550, ubuntu22-b, mtd-zk-1, 0.187838
EXP-LOAD, 2023-07-17T15:55:29.221, ubuntu22-b, mtd-zk-1, 0.187838
EXP-LOAD, 2023-07-17T15:55:38.311, ubuntu22-b, mtd-zk-1, 0.221434
EXP-LEAD, 2023-07-17T15:55:38.851, ubuntu22-b, mtd-zk-1, START
EXP-LEAD, 2023-07-17T15:55:44.344, ubuntu22-b, mtd-zk-1, END
EXP-LOAD, 2023-07-17T15:55:45.384, ubuntu22-b, mtd-zk-1, 0.221434
EXP-LOAD, 2023-07-17T15:55:55.995, ubuntu22-b, mtd-zk-1, 0.202516
EXP-LOAD, 2023-07-17T15:56:04.090, ubuntu22-b, mtd-zk-1, 0.203046
EXP-LOAD, 2023-07-17T15:56:10.176, ubuntu22-b, mtd-zk-1, 0.203046
EXP-LEAD, 2023-07-17T15:56:12.053, ubuntu22-b, mtd-zk-1, START
EXP-LEAD, 2023-07-17T15:56:20.564, ubuntu22-b, mtd-zk-1, END
EXP-LOAD, 2023-07-17T15:56:21.604, ubuntu22-b, mtd-zk-1, 0.249041
EXP-LOAD, 2023-07-17T15:56:28.680, ubuntu22-b, mtd-zk-1, 0.249041
EXP-LEAD, 2023-07-17T15:56:31.288, ubuntu22-b, mtd-zk-1, START
EXP-LEAD, 2023-07-17T15:56:37.756, ubuntu22-b, mtd-zk-1, END
EXP-LOAD, 2023-07-17T15:56:38.810, ubuntu22-b, mtd-zk-1, 0.143849
EXP-LEAD, 2023-07-17T15:56:41.420, ubuntu22-b, mtd-zk-1, START
EXP-LEAD, 2023-07-17T15:56:45.877, ubuntu22-b, mtd-zk-1, END
EXP-LOAD, 2023-07-17T15:56:46.909, ubuntu22-b, mtd-zk-1, 0.143849
EXP-LEAD, 2023-07-17T15:56:49.486, ubuntu22-b, mtd-zk-1, START
EXP-LEAD, 2023-07-17T15:56:56.967, ubuntu22-b, mtd-zk-1, END
EXP-LOAD, 2023-07-17T15:56:58.007, ubuntu22-b, mtd-zk-1, 0.198130
EXP-LOAD, 2023-07-17T15:57:06.698, ubuntu22-b, mtd-zk-1, 0.214563
EXP-LEAD, 2023-07-17T15:57:07.729, ubuntu22-b, mtd-zk-1, START
EXP-LEAD, 2023-07-17T15:57:15.275, ubuntu22-b, mtd-zk-1, END
EXP-LOAD, 2023-07-17T15:57:16.308, ubuntu22-b, mtd-zk-1, 0.214563
EXP-LOAD, 2023-07-17T15:57:24.385, ubuntu22-b, mtd-zk-1, 0.195623
EXP-LOAD, 2023-07-17T15:57:33.576, ubuntu22-b, mtd-zk-1, 0.195623
EXP-LOAD, 2023-07-17T15:57:41.605, ubuntu22-b, mtd-zk-1, 0.124027
EXP-LEAD, 2023-07-17T15:57:41.639, ubuntu22-b, mtd-zk-1, START
EXP-LEAD, 2023-07-17T15:57:48.324, ubuntu22-b, mtd-zk-1, END
EXP-LOAD, 2023-07-17T15:57:49.371, ubuntu22-b, mtd-zk-1, 0.220845
EXP-LOAD, 2023-07-17T15:57:55.756, ubuntu22-b, mtd-zk-1, 0.220845
EXP-LEAD, 2023-07-17T15:57:56.808, ubuntu22-b, mtd-zk-1, START
EXP-LEAD, 2023-07-17T15:58:05.336, ubuntu22-b, mtd-zk-1, END
EXP-LOAD, 2023-07-17T15:58:06.379, ubuntu22-b, mtd-zk-1, 0.171432
EXP-LOAD, 2023-07-17T15:58:13.441, ubuntu22-b, mtd-zk-1, 0.171432
EXP-LOAD, 2023-07-17T15:58:21.526, ubuntu22-b, mtd-zk-1, 0.217932
EXP-LOAD, 2023-07-17T15:58:27.664, ubuntu22-b, mtd-zk-1, 0.217932
EXP-LOAD, 2023-07-17T15:58:38.782, ubuntu22-b, mtd-zk-1, 0.115815
EXP-LEAD, 2023-07-17T15:58:39.809, ubuntu22-b, mtd-zk-1, START
EXP-LEAD, 2023-07-17T15:58:44.210, ubuntu22-b, mtd-zk-1, END
EXP-LOAD, 2023-07-17T15:58:45.251, ubuntu22-b, mtd-zk-1, 0.115815
EXP-LOAD, 2023-07-17T15:58:52.454, ubuntu22-b, mtd-zk-1, 0.144311
EXP-LOAD, 2023-07-17T15:58:59.503, ubuntu22-b, mtd-zk-1, 0.144311
EXP-LOAD, 2023-07-17T15:59:08.592, ubuntu22-b, mtd-zk-1, 0.168436
EXP-LEAD, 2023-07-17T15:59:10.623, ubuntu22-b, mtd-zk-1, START
EXP-LEAD, 2023-07-17T15:59:18.165, ubuntu22-b, mtd-zk-1, END
EXP-LOAD, 2023-07-17T15:59:19.210, ubuntu22-b, mtd-zk-1, 0.199577
EXP-LOAD, 2023-07-17T15:59:26.776, ubuntu22-b, mtd-zk-1, 0.199577
EXP-LOAD, 2023-07-17T15:59:35.858, ubuntu22-b, mtd-zk-1, 0.148839
EXP-LEAD, 2023-07-17T15:59:37.901, ubuntu22-b, mtd-zk-1, START
EXP-LEAD, 2023-07-17T15:59:42.374, ubuntu22-b, mtd-zk-1, END
EXP-LOAD, 2023-07-17T15:59:43.416, ubuntu22-b, mtd-zk-1, 0.148839
EXP-LEAD, 2023-07-17T15:59:44.972, ubuntu22-b, mtd-zk-1, START
EXP-LEAD, 2023-07-17T15:59:52.551, ubuntu22-b, mtd-zk-1, END
EXP-LOAD, 2023-07-17T15:59:53.613, ubuntu22-b, mtd-zk-1, 0.221088
EXP-LOAD, 2023-07-17T15:59:59.113, ubuntu22-b, mtd-zk-1, 0.221088
EXP-LOAD, 2023-07-17T16:00:06.213, ubuntu22-b, mtd-zk-1, 0.186049
EXP-LOAD, 2023-07-17T16:00:21.333, ubuntu22-b, mtd-zk-1, 0.192635
EXP-LOAD, 2023-07-17T16:00:28.396, ubuntu22-b, mtd-zk-1, 0.192635
EXP-LOAD, 2023-07-17T16:00:36.463, ubuntu22-b, mtd-zk-1, 0.109608
EXP-LEAD, 2023-07-17T16:00:36.499, ubuntu22-b, mtd-zk-1, START
EXP-LEAD, 2023-07-17T16:00:42.962, ubuntu22-b, mtd-zk-1, END
EXP-LOAD, 2023-07-17T16:00:44.005, ubuntu22-b, mtd-zk-1, 0.109608
EXP-LOAD, 2023-07-17T16:00:50.640, ubuntu22-b, mtd-zk-1, 0.176829
EXP-LOAD, 2023-07-17T16:00:57.729, ubuntu22-b, mtd-zk-1, 0.176829
EXP-LOAD, 2023-07-17T16:01:06.820, ubuntu22-b, mtd-zk-1, 0.174590
EXP-LOAD, 2023-07-17T16:01:15.925, ubuntu22-b, mtd-zk-1, 0.174590
EXP-LOAD, 2023-07-17T16:01:22.471, ubuntu22-b, mtd-zk-1, 0.188832
EXP-LOAD, 2023-07-17T16:01:32.534, ubuntu22-b, mtd-zk-1, 0.188832
EXP-LEAD, 2023-07-17T16:01:34.566, ubuntu22-b, mtd-zk-1, START
EXP-LEAD, 2023-07-17T16:01:38.973, ubuntu22-b, mtd-zk-1, END
EXP-LOAD, 2023-07-17T16:01:40.029, ubuntu22-b, mtd-zk-1, 0.231237
EXP-LOAD, 2023-07-17T16:01:48.695, ubuntu22-b, mtd-zk-1, 0.231237
EXP-LOAD, 2023-07-17T16:01:57.775, ubuntu22-b, mtd-zk-1, 0.148510
EXP-LOAD, 2023-07-17T16:02:06.869, ubuntu22-b, mtd-zk-1, 0.104812
EXP-LOAD, 2023-07-17T16:02:14.489, ubuntu22-b, mtd-zk-1, 0.104812
EXP-LEAD, 2023-07-17T16:02:16.515, ubuntu22-b, mtd-zk-1, START
EXP-LEAD, 2023-07-17T16:02:24.036, ubuntu22-b, mtd-zk-1, END
EXP-LOAD, 2023-07-17T16:02:25.080, ubuntu22-b, mtd-zk-1, 0.199926
EXP-LOAD, 2023-07-17T16:02:33.658, ubuntu22-b, mtd-zk-1, 0.199926
EXP-LOAD, 2023-07-17T16:02:45.790, ubuntu22-b, mtd-zk-1, 0.187630
EXP-LOAD, 2023-07-17T16:02:54.866, ubuntu22-b, mtd-zk-1, 0.181329
EXP-LOAD, 2023-07-17T16:03:00.931, ubuntu22-b, mtd-zk-1, 0.181329
EXP-LOAD, 2023-07-17T16:03:10.017, ubuntu22-b, mtd-zk-1, 0.146264
EXP-LEAD, 2023-07-17T16:03:11.601, ubuntu22-b, mtd-zk-1, START
EXP-LEAD, 2023-07-17T16:03:17.102, ubuntu22-b, mtd-zk-1, END
EXP-LOAD, 2023-07-17T16:03:18.143, ubuntu22-b, mtd-zk-1, 0.146264
EXP-LOAD, 2023-07-17T16:03:26.739, ubuntu22-b, mtd-zk-1, 0.189038
EXP-LOAD, 2023-07-17T16:03:33.828, ubuntu22-b, mtd-zk-1, 0.189038
EXP-LEAD, 2023-07-17T16:03:34.849, ubuntu22-b, mtd-zk-1, START
EXP-LEAD, 2023-07-17T16:03:40.299, ubuntu22-b, mtd-zk-1, END
EXP-LOAD, 2023-07-17T16:03:41.340, ubuntu22-b, mtd-zk-1, 0.177840
EXP-LEAD, 2023-07-17T16:03:41.371, ubuntu22-b, mtd-zk-1, START
EXP-LEAD, 2023-07-17T16:03:48.903, ubuntu22-b, mtd-zk-1, END
EXP-LOAD, 2023-07-17T16:03:49.951, ubuntu22-b, mtd-zk-1, 0.172048
EXP-LEAD, 2023-07-17T16:03:52.466, ubuntu22-b, mtd-zk-1, START
EXP-LEAD, 2023-07-17T16:03:56.901, ubuntu22-b, mtd-zk-1, END
EXP-LOAD, 2023-07-17T16:03:57.931, ubuntu22-b, mtd-zk-1, 0.172048
EXP-LOAD, 2023-07-17T16:04:07.604, ubuntu22-b, mtd-zk-1, 0.149439
EXP-LOAD, 2023-07-17T16:04:14.256, ubuntu22-b, mtd-zk-1, 0.149439
EXP-LOAD, 2023-07-17T16:04:22.356, ubuntu22-b, mtd-zk-1, 0.210927
EXP-LOAD, 2023-07-17T16:04:29.442, ubuntu22-b, mtd-zk-1, 0.210927
EXP-LOAD, 2023-07-17T16:04:36.992, ubuntu22-b, mtd-zk-1, 0.223435
EXP-LOAD, 2023-07-17T16:04:46.880, ubuntu22-b, mtd-zk-1, 0.223435
EXP-LEAD, 2023-07-17T16:04:47.946, ubuntu22-b, mtd-zk-1, START
EXP-LEAD, 2023-07-17T16:04:52.432, ubuntu22-b, mtd-zk-1, END
EXP-LOAD, 2023-07-17T16:04:53.469, ubuntu22-b, mtd-zk-1, 0.123394
EXP-LOAD, 2023-07-17T16:05:05.078, ubuntu22-b, mtd-zk-1, 0.171042
EXP-LEAD, 2023-07-17T16:05:06.117, ubuntu22-b, mtd-zk-1, START
EXP-LEAD, 2023-07-17T16:05:10.711, ubuntu22-b, mtd-zk-1, END
EXP-LOAD, 2023-07-17T16:05:11.763, ubuntu22-b, mtd-zk-1, 0.171042
EXP-LOAD, 2023-07-17T16:05:24.867, ubuntu22-b, mtd-zk-1, 0.161857
EXP-LOAD, 2023-07-17T16:05:31.959, ubuntu22-b, mtd-zk-1, 0.161857
EXP-LEAD, 2023-07-17T16:05:33.007, ubuntu22-b, mtd-zk-1, START
EXP-LEAD, 2023-07-17T16:05:37.329, ubuntu22-b, mtd-zk-1, END
EXP-LOAD, 2023-07-17T16:05:38.369, ubuntu22-b, mtd-zk-1, 0.194255
EXP-LOAD, 2023-07-17T16:05:49.450, ubuntu22-b, mtd-zk-1, 0.195142
EXP-LEAD, 2023-07-17T16:05:50.472, ubuntu22-b, mtd-zk-1, START
EXP-LEAD, 2023-07-17T16:05:55.891, ubuntu22-b, mtd-zk-1, END
EXP-LOAD, 2023-07-17T16:05:56.924, ubuntu22-b, mtd-zk-1, 0.195142
EXP-LOAD, 2023-07-17T16:06:05.597, ubuntu22-b, mtd-zk-1, 0.178642
EXP-LEAD, 2023-07-17T16:06:05.622, ubuntu22-b, mtd-zk-1, START
EXP-LEAD, 2023-07-17T16:06:13.105, ubuntu22-b, mtd-zk-1, END
EXP-LOAD, 2023-07-17T16:06:14.137, ubuntu22-b, mtd-zk-1, 0.178642
EXP-LEAD, 2023-07-17T16:06:16.695, ubuntu22-b, mtd-zk-1, START
EXP-LEAD, 2023-07-17T16:06:22.104, ubuntu22-b, mtd-zk-1, END
EXP-LOAD, 2023-07-17T16:06:23.148, ubuntu22-b, mtd-zk-1, 0.162353
EXP-LOAD, 2023-07-17T16:06:28.835, ubuntu22-b, mtd-zk-1, 0.162353
EXP-LOAD, 2023-07-17T16:06:39.929, ubuntu22-b, mtd-zk-1, 0.219451
EXP-LOAD, 2023-07-17T16:06:48.978, ubuntu22-b, mtd-zk-1, 0.219451
EXP-LEAD, 2023-07-17T16:06:50.159, ubuntu22-b, mtd-zk-1, START
EXP-LEAD, 2023-07-17T16:06:54.690, ubuntu22-b, mtd-zk-1, END
EXP-LOAD, 2023-07-17T16:06:55.732, ubuntu22-b, mtd-zk-1, 0.188747
EXP-LEAD, 2023-07-17T16:06:56.248, ubuntu22-b, mtd-zk-1, START
EXP-LEAD, 2023-07-17T16:07:04.755, ubuntu22-b, mtd-zk-1, END
EXP-LOAD, 2023-07-17T16:07:05.803, ubuntu22-b, mtd-zk-1, 0.191643
EXP-LEAD, 2023-07-17T16:07:07.349, ubuntu22-b, mtd-zk-1, START
EXP-LEAD, 2023-07-17T16:07:11.777, ubuntu22-b, mtd-zk-1, END
EXP-LOAD, 2023-07-17T16:07:12.821, ubuntu22-b, mtd-zk-1, 0.191643
EXP-LOAD, 2023-07-17T16:07:21.576, ubuntu22-b, mtd-zk-1, 0.185979
EXP-LEAD, 2023-07-17T16:07:21.611, ubuntu22-b, mtd-zk-1, START
EXP-LEAD, 2023-07-17T16:07:31.219, ubuntu22-b, mtd-zk-1, END
EXP-LOAD, 2023-07-17T16:07:32.257, ubuntu22-b, mtd-zk-1, 0.185979
EXP-LOAD, 2023-07-17T16:07:37.741, ubuntu22-b, mtd-zk-1, 0.201839
EXP-LOAD, 2023-07-17T16:07:47.846, ubuntu22-b, mtd-zk-1, 0.201839
EXP-LOAD, 2023-07-17T16:07:53.920, ubuntu22-b, mtd-zk-1, 0.182086
EXP-LOAD, 2023-07-17T16:08:05.020, ubuntu22-b, mtd-zk-1, 0.190288
EXP-LOAD, 2023-07-17T16:08:12.103, ubuntu22-b, mtd-zk-1, 0.190288
EXP-LEAD, 2023-07-17T16:08:13.131, ubuntu22-b, mtd-zk-1, START
EXP-LEAD, 2023-07-17T16:08:20.723, ubuntu22-b, mtd-zk-1, END
EXP-LOAD, 2023-07-17T16:08:21.764, ubuntu22-b, mtd-zk-1, 0.127270
EXP-LOAD, 2023-07-17T16:08:30.290, ubuntu22-b, mtd-zk-1, 0.127270
EXP-LOAD, 2023-07-17T16:08:40.365, ubuntu22-b, mtd-zk-1, 0.164863
EXP-LEAD, 2023-07-17T16:08:42.398, ubuntu22-b, mtd-zk-1, START
EXP-LEAD, 2023-07-17T16:08:46.793, ubuntu22-b, mtd-zk-1, END
EXP-LOAD, 2023-07-17T16:08:47.832, ubuntu22-b, mtd-zk-1, 0.164863
EXP-LOAD, 2023-07-17T16:08:55.526, ubuntu22-b, mtd-zk-1, 0.204591
EXP-LEAD, 2023-07-17T16:08:55.992, ubuntu22-b, mtd-zk-1, START
EXP-LEAD, 2023-07-17T16:09:01.467, ubuntu22-b, mtd-zk-1, END
EXP-LOAD, 2023-07-17T16:09:02.506, ubuntu22-b, mtd-zk-1, 0.204591
EXP-LEAD, 2023-07-17T16:09:04.069, ubuntu22-b, mtd-zk-1, START
EXP-LEAD, 2023-07-17T16:09:08.460, ubuntu22-b, mtd-zk-1, END
EXP-LOAD, 2023-07-17T16:09:09.504, ubuntu22-b, mtd-zk-1, 0.158078
EXP-LEAD, 2023-07-17T16:09:10.534, ubuntu22-b, mtd-zk-1, START
EXP-LEAD, 2023-07-17T16:09:15.055, ubuntu22-b, mtd-zk-1, END
EXP-LOAD, 2023-07-17T16:09:16.096, ubuntu22-b, mtd-zk-1, 0.158078
EXP-LEAD, 2023-07-17T16:09:17.646, ubuntu22-b, mtd-zk-1, START
EXP-LEAD, 2023-07-17T16:09:27.233, ubuntu22-b, mtd-zk-1, END
EXP-LOAD, 2023-07-17T16:09:28.284, ubuntu22-b, mtd-zk-1, 0.142489
EXP-LOAD, 2023-07-17T16:09:36.755, ubuntu22-b, mtd-zk-1, 0.167569
EXP-LOAD, 2023-07-17T16:09:43.857, ubuntu22-b, mtd-zk-1, 0.167569
EXP-LEAD, 2023-07-17T16:09:45.372, ubuntu22-b, mtd-zk-1, START
EXP-LEAD, 2023-07-17T16:09:50.840, ubuntu22-b, mtd-zk-1, END
EXP-LOAD, 2023-07-17T16:09:51.888, ubuntu22-b, mtd-zk-1, 0.152917
EXP-LOAD, 2023-07-17T16:09:59.509, ubuntu22-b, mtd-zk-1, 0.152917
EXP-LOAD, 2023-07-17T16:10:09.579, ubuntu22-b, mtd-zk-1, 0.137324
EXP-LEAD, 2023-07-17T16:10:10.608, ubuntu22-b, mtd-zk-1, START
EXP-LEAD, 2023-07-17T16:10:18.137, ubuntu22-b, mtd-zk-1, END
EXP-LOAD, 2023-07-17T16:10:19.168, ubuntu22-b, mtd-zk-1, 0.161406
EXP-LEAD, 2023-07-17T16:10:20.721, ubuntu22-b, mtd-zk-1, START
EXP-LEAD, 2023-07-17T16:10:25.185, ubuntu22-b, mtd-zk-1, END
EXP-LOAD, 2023-07-17T16:10:26.232, ubuntu22-b, mtd-zk-1, 0.161406
EXP-LEAD, 2023-07-17T16:10:27.256, ubuntu22-b, mtd-zk-1, START
EXP-LEAD, 2023-07-17T16:10:32.626, ubuntu22-b, mtd-zk-1, END
EXP-LOAD, 2023-07-17T16:10:33.657, ubuntu22-b, mtd-zk-1, 0.161406
EXP-LEAD, 2023-07-17T16:10:36.352, ubuntu22-b, mtd-zk-1, START
EXP-LEAD, 2023-07-17T16:10:44.004, ubuntu22-b, mtd-zk-1, END
EXP-LOAD, 2023-07-17T16:10:45.038, ubuntu22-b, mtd-zk-1, 0.160097
EXP-LEAD, 2023-07-17T16:10:46.446, ubuntu22-b, mtd-zk-1, START
EXP-LEAD, 2023-07-17T16:10:51.907, ubuntu22-b, mtd-zk-1, END
EXP-LOAD, 2023-07-17T16:10:52.942, ubuntu22-b, mtd-zk-1, 0.192652
EXP-LOAD, 2023-07-17T16:11:02.575, ubuntu22-b, mtd-zk-1, 0.192652
EXP-LEAD, 2023-07-17T16:11:04.059, ubuntu22-b, mtd-zk-1, START
EXP-LEAD, 2023-07-17T16:11:08.522, ubuntu22-b, mtd-zk-1, END
EXP-LOAD, 2023-07-17T16:11:09.563, ubuntu22-b, mtd-zk-1, 0.191306
EXP-LOAD, 2023-07-17T16:11:22.216, ubuntu22-b, mtd-zk-1, 0.151263
EXP-LOAD, 2023-07-17T16:11:28.307, ubuntu22-b, mtd-zk-1, 0.151263
EXP-LOAD, 2023-07-17T16:11:37.432, ubuntu22-b, mtd-zk-1, 0.190861
EXP-LOAD, 2023-07-17T16:11:49.530, ubuntu22-b, mtd-zk-1, 0.212020
EXP-LOAD, 2023-07-17T16:11:57.621, ubuntu22-b, mtd-zk-1, 0.212020
EXP-LEAD, 2023-07-17T16:11:58.660, ubuntu22-b, mtd-zk-1, START
EXP-LEAD, 2023-07-17T16:12:05.166, ubuntu22-b, mtd-zk-1, END
EXP-LOAD, 2023-07-17T16:12:06.213, ubuntu22-b, mtd-zk-1, 0.153440
EXP-LOAD, 2023-07-17T16:12:13.777, ubuntu22-b, mtd-zk-1, 0.153440
EXP-LOAD, 2023-07-17T16:12:22.897, ubuntu22-b, mtd-zk-1, 0.162944
EXP-LOAD, 2023-07-17T16:12:30.971, ubuntu22-b, mtd-zk-1, 0.162944
EXP-LOAD, 2023-07-17T16:12:41.080, ubuntu22-b, mtd-zk-1, 0.145360
EXP-LOAD, 2023-07-17T16:12:50.169, ubuntu22-b, mtd-zk-1, 0.205435
EXP-LOAD, 2023-07-17T16:12:57.254, ubuntu22-b, mtd-zk-1, 0.205435
EXP-LOAD, 2023-07-17T16:13:06.368, ubuntu22-b, mtd-zk-1, 0.177531
EXP-LOAD, 2023-07-17T16:13:14.472, ubuntu22-b, mtd-zk-1, 0.177531
EXP-LEAD, 2023-07-17T16:13:16.579, ubuntu22-b, mtd-zk-1, START
EXP-LEAD, 2023-07-17T16:13:24.109, ubuntu22-b, mtd-zk-1, END
EXP-LOAD, 2023-07-17T16:13:25.148, ubuntu22-b, mtd-zk-1, 0.114026
EXP-LOAD, 2023-07-17T16:13:31.738, ubuntu22-b, mtd-zk-1, 0.114026
EXP-LOAD, 2023-07-17T16:13:41.391, ubuntu22-b, mtd-zk-1, 0.194963
EXP-LOAD, 2023-07-17T16:13:49.030, ubuntu22-b, mtd-zk-1, 0.280101
EXP-LOAD, 2023-07-17T16:14:00.118, ubuntu22-b, mtd-zk-1, 0.280101
EXP-LEAD, 2023-07-17T16:14:01.144, ubuntu22-b, mtd-zk-1, START
EXP-LEAD, 2023-07-17T16:14:06.591, ubuntu22-b, mtd-zk-1, END
EXP-LOAD, 2023-07-17T16:14:07.626, ubuntu22-b, mtd-zk-1, 0.206550
EXP-LOAD, 2023-07-17T16:14:14.710, ubuntu22-b, mtd-zk-1, 0.206550
EXP-LEAD, 2023-07-17T16:14:15.731, ubuntu22-b, mtd-zk-1, START
EXP-LEAD, 2023-07-17T16:14:22.223, ubuntu22-b, mtd-zk-1, END
EXP-LOAD, 2023-07-17T16:14:23.257, ubuntu22-b, mtd-zk-1, 0.132253
EXP-LEAD, 2023-07-17T16:14:25.815, ubuntu22-b, mtd-zk-1, START
EXP-LEAD, 2023-07-17T16:14:30.298, ubuntu22-b, mtd-zk-1, END
EXP-LOAD, 2023-07-17T16:14:31.346, ubuntu22-b, mtd-zk-1, 0.132253
EXP-LOAD, 2023-07-17T16:14:40.440, ubuntu22-b, mtd-zk-1, 0.184044
EXP-LOAD, 2023-07-17T16:14:48.004, ubuntu22-b, mtd-zk-1, 0.184044
EXP-LOAD, 2023-07-17T16:14:59.076, ubuntu22-b, mtd-zk-1, 0.205646
EXP-LOAD, 2023-07-17T16:15:05.165, ubuntu22-b, mtd-zk-1, 0.188853
EXP-LEAD, 2023-07-17T16:15:06.194, ubuntu22-b, mtd-zk-1, START
EXP-LEAD, 2023-07-17T16:15:10.708, ubuntu22-b, mtd-zk-1, END
EXP-LOAD, 2023-07-17T16:15:11.752, ubuntu22-b, mtd-zk-1, 0.188853
EXP-LEAD, 2023-07-17T16:15:14.288, ubuntu22-b, mtd-zk-1, START
EXP-LEAD, 2023-07-17T16:15:19.789, ubuntu22-b, mtd-zk-1, END
EXP-LOAD, 2023-07-17T16:15:20.823, ubuntu22-b, mtd-zk-1, 0.145234
EXP-LEAD, 2023-07-17T16:15:21.370, ubuntu22-b, mtd-zk-1, START
EXP-LEAD, 2023-07-17T16:15:29.857, ubuntu22-b, mtd-zk-1, END
EXP-LOAD, 2023-07-17T16:15:30.902, ubuntu22-b, mtd-zk-1, 0.145234
EXP-LEAD, 2023-07-17T16:15:31.936, ubuntu22-b, mtd-zk-1, START
EXP-LEAD, 2023-07-17T16:15:37.377, ubuntu22-b, mtd-zk-1, END
EXP-LOAD, 2023-07-17T16:15:38.424, ubuntu22-b, mtd-zk-1, 0.156554
EXP-LEAD, 2023-07-17T16:15:41.035, ubuntu22-b, mtd-zk-1, START
EXP-LEAD, 2023-07-17T16:15:48.467, ubuntu22-b, mtd-zk-1, END
EXP-LOAD, 2023-07-17T16:15:49.509, ubuntu22-b, mtd-zk-1, 0.180234
EXP-LOAD, 2023-07-17T16:15:55.641, ubuntu22-b, mtd-zk-1, 0.180234
EXP-LEAD, 2023-07-17T16:15:56.652, ubuntu22-b, mtd-zk-1, START
EXP-LEAD, 2023-07-17T16:16:04.093, ubuntu22-b, mtd-zk-1, END
EXP-LOAD, 2023-07-17T16:16:05.129, ubuntu22-b, mtd-zk-1, 0.239345
EXP-LOAD, 2023-07-17T16:16:12.789, ubuntu22-b, mtd-zk-1, 0.239345
EXP-LOAD, 2023-07-17T16:16:19.894, ubuntu22-b, mtd-zk-1, 0.133117
EXP-LEAD, 2023-07-17T16:16:21.920, ubuntu22-b, mtd-zk-1, START
EXP-LEAD, 2023-07-17T16:16:30.443, ubuntu22-b, mtd-zk-1, END
EXP-LOAD, 2023-07-17T16:16:31.484, ubuntu22-b, mtd-zk-1, 0.133117
EXP-LOAD, 2023-07-17T16:16:40.068, ubuntu22-b, mtd-zk-1, 0.182740
EXP-LOAD, 2023-07-17T16:16:47.166, ubuntu22-b, mtd-zk-1, 0.182740
EXP-LEAD, 2023-07-17T16:16:49.246, ubuntu22-b, mtd-zk-1, START
EXP-LEAD, 2023-07-17T16:16:56.768, ubuntu22-b, mtd-zk-1, END
EXP-LOAD, 2023-07-17T16:16:57.810, ubuntu22-b, mtd-zk-1, 0.179042
EXP-LOAD, 2023-07-17T16:17:05.381, ubuntu22-b, mtd-zk-1, 0.195847
EXP-LOAD, 2023-07-17T16:17:14.486, ubuntu22-b, mtd-zk-1, 0.195847
EXP-LEAD, 2023-07-17T16:17:16.506, ubuntu22-b, mtd-zk-1, START
EXP-LEAD, 2023-07-17T16:17:20.962, ubuntu22-b, mtd-zk-1, END
EXP-LOAD, 2023-07-17T16:17:22.009, ubuntu22-b, mtd-zk-1, 0.188479
EXP-LOAD, 2023-07-17T16:17:29.131, ubuntu22-b, mtd-zk-1, 0.188479
EXP-LEAD, 2023-07-17T16:17:31.140, ubuntu22-b, mtd-zk-1, START
EXP-LEAD, 2023-07-17T16:17:36.693, ubuntu22-b, mtd-zk-1, END
EXP-LOAD, 2023-07-17T16:17:37.735, ubuntu22-b, mtd-zk-1, 0.187051
EXP-LEAD, 2023-07-17T16:17:38.224, ubuntu22-b, mtd-zk-1, START
EXP-LEAD, 2023-07-17T16:17:43.647, ubuntu22-b, mtd-zk-1, END
EXP-LOAD, 2023-07-17T16:17:44.696, ubuntu22-b, mtd-zk-1, 0.187051
EXP-LEAD, 2023-07-17T16:17:46.306, ubuntu22-b, mtd-zk-1, START
EXP-LEAD, 2023-07-17T16:17:55.824, ubuntu22-b, mtd-zk-1, END
EXP-LOAD, 2023-07-17T16:17:56.857, ubuntu22-b, mtd-zk-1, 0.134472
EXP-LOAD, 2023-07-17T16:18:05.448, ubuntu22-b, mtd-zk-1, 0.176763
EXP-LOAD, 2023-07-17T16:18:12.559, ubuntu22-b, mtd-zk-1, 0.176763
EXP-LEAD, 2023-07-17T16:18:15.573, ubuntu22-b, mtd-zk-1, START
EXP-LEAD, 2023-07-17T16:18:21.018, ubuntu22-b, mtd-zk-1, END
EXP-LOAD, 2023-07-17T16:18:22.055, ubuntu22-b, mtd-zk-1, 0.132019
EXP-LOAD, 2023-07-17T16:18:33.719, ubuntu22-b, mtd-zk-1, 0.132019
EXP-LOAD, 2023-07-17T16:18:42.835, ubuntu22-b, mtd-zk-1, 0.170460
EXP-LOAD, 2023-07-17T16:18:53.393, ubuntu22-b, mtd-zk-1, 0.096649
EXP-LOAD, 2023-07-17T16:19:00.454, ubuntu22-b, mtd-zk-1, 0.096649
EXP-LEAD, 2023-07-17T16:19:01.477, ubuntu22-b, mtd-zk-1, START
EXP-LEAD, 2023-07-17T16:19:07.039, ubuntu22-b, mtd-zk-1, END
EXP-LOAD, 2023-07-17T16:19:08.081, ubuntu22-b, mtd-zk-1, 0.211437
EXP-LOAD, 2023-07-17T16:19:17.720, ubuntu22-b, mtd-zk-1, 0.211437
EXP-LOAD, 2023-07-17T16:19:26.257, ubuntu22-b, mtd-zk-1, 0.149826
EXP-LOAD, 2023-07-17T16:19:36.371, ubuntu22-b, mtd-zk-1, 0.178435
EXP-LOAD, 2023-07-17T16:19:42.910, ubuntu22-b, mtd-zk-1, 0.178435
EXP-LOAD, 2023-07-17T16:19:53.033, ubuntu22-b, mtd-zk-1, 0.116221
EXP-LEAD, 2023-07-17T16:19:54.060, ubuntu22-b, mtd-zk-1, START
EXP-LEAD, 2023-07-17T16:19:58.564, ubuntu22-b, mtd-zk-1, END
EXP-LOAD, 2023-07-17T16:19:59.610, ubuntu22-b, mtd-zk-1, 0.116221
EXP-LOAD, 2023-07-17T16:20:06.201, ubuntu22-b, mtd-zk-1, 0.215549
EXP-LOAD, 2023-07-17T16:20:17.078, ubuntu22-b, mtd-zk-1, 0.215549
EXP-LOAD, 2023-07-17T16:20:24.897, ubuntu22-b, mtd-zk-1, 0.204231
EXP-LOAD, 2023-07-17T16:20:32.977, ubuntu22-b, mtd-zk-1, 0.204231
EXP-LEAD, 2023-07-17T16:20:34.999, ubuntu22-b, mtd-zk-1, START
EXP-LEAD, 2023-07-17T16:20:40.372, ubuntu22-b, mtd-zk-1, END
EXP-LOAD, 2023-07-17T16:20:41.410, ubuntu22-b, mtd-zk-1, 0.168955
EXP-LEAD, 2023-07-17T16:20:43.092, ubuntu22-b, mtd-zk-1, START
EXP-LEAD, 2023-07-17T16:20:51.576, ubuntu22-b, mtd-zk-1, END
EXP-LOAD, 2023-07-17T16:20:52.612, ubuntu22-b, mtd-zk-1, 0.139630
EXP-LOAD, 2023-07-17T16:20:59.676, ubuntu22-b, mtd-zk-1, 0.139630
EXP-LOAD, 2023-07-17T16:21:07.765, ubuntu22-b, mtd-zk-1, 0.173828
EXP-LOAD, 2023-07-17T16:21:14.834, ubuntu22-b, mtd-zk-1, 0.173828
EXP-LEAD, 2023-07-17T16:21:16.861, ubuntu22-b, mtd-zk-1, START
EXP-LEAD, 2023-07-17T16:21:22.362, ubuntu22-b, mtd-zk-1, END
EXP-LOAD, 2023-07-17T16:21:23.396, ubuntu22-b, mtd-zk-1, 0.214054
EXP-LOAD, 2023-07-17T16:21:32.005, ubuntu22-b, mtd-zk-1, 0.214054
EXP-LOAD, 2023-07-17T16:21:42.077, ubuntu22-b, mtd-zk-1, 0.174149
EXP-LOAD, 2023-07-17T16:21:49.150, ubuntu22-b, mtd-zk-1, 0.159079
EXP-LOAD, 2023-07-17T16:21:57.230, ubuntu22-b, mtd-zk-1, 0.159079
EXP-LOAD, 2023-07-17T16:22:03.794, ubuntu22-b, mtd-zk-1, 0.159079
EXP-LEAD, 2023-07-17T16:22:05.342, ubuntu22-b, mtd-zk-1, START
EXP-LEAD, 2023-07-17T16:22:13.883, ubuntu22-b, mtd-zk-1, END
EXP-LOAD, 2023-07-17T16:22:14.919, ubuntu22-b, mtd-zk-1, 0.176423
EXP-LEAD, 2023-07-17T16:22:17.435, ubuntu22-b, mtd-zk-1, START
EXP-LEAD, 2023-07-17T16:22:22.845, ubuntu22-b, mtd-zk-1, END
EXP-LOAD, 2023-07-17T16:22:23.885, ubuntu22-b, mtd-zk-1, 0.269833
EXP-LOAD, 2023-07-17T16:22:32.593, ubuntu22-b, mtd-zk-1, 0.269833
EXP-LOAD, 2023-07-17T16:22:39.665, ubuntu22-b, mtd-zk-1, 0.187837
EXP-LOAD, 2023-07-17T16:22:52.760, ubuntu22-b, mtd-zk-1, 0.234033
EXP-LOAD, 2023-07-17T16:22:58.835, ubuntu22-b, mtd-zk-1, 0.234033
EXP-LOAD, 2023-07-17T16:23:08.931, ubuntu22-b, mtd-zk-1, 0.185331
EXP-LOAD, 2023-07-17T16:23:16.496, ubuntu22-b, mtd-zk-1, 0.185331
EXP-LOAD, 2023-07-17T16:23:23.622, ubuntu22-b, mtd-zk-1, 0.234228
EXP-LOAD, 2023-07-17T16:23:35.128, ubuntu22-b, mtd-zk-1, 0.182507
EXP-LOAD, 2023-07-17T16:23:41.220, ubuntu22-b, mtd-zk-1, 0.182507
EXP-LOAD, 2023-07-17T16:23:50.286, ubuntu22-b, mtd-zk-1, 0.166421
EXP-LEAD, 2023-07-17T16:23:50.335, ubuntu22-b, mtd-zk-1, START
EXP-LEAD, 2023-07-17T16:23:54.868, ubuntu22-b, mtd-zk-1, END
EXP-LOAD, 2023-07-17T16:23:55.903, ubuntu22-b, mtd-zk-1, 0.166421
EXP-LOAD, 2023-07-17T16:24:04.492, ubuntu22-b, mtd-zk-1, 0.203137
EXP-LOAD, 2023-07-17T16:24:12.559, ubuntu22-b, mtd-zk-1, 0.203137
EXP-LOAD, 2023-07-17T16:24:23.238, ubuntu22-b, mtd-zk-1, 0.243108
EXP-LOAD, 2023-07-17T16:24:31.268, ubuntu22-b, mtd-zk-1, 0.243108
EXP-LOAD, 2023-07-17T16:24:39.780, ubuntu22-b, mtd-zk-1, 0.193953
EXP-LOAD, 2023-07-17T16:24:49.855, ubuntu22-b, mtd-zk-1, 0.184232
EXP-LEAD, 2023-07-17T16:24:50.876, ubuntu22-b, mtd-zk-1, START
EXP-LEAD, 2023-07-17T16:24:57.329, ubuntu22-b, mtd-zk-1, END
EXP-LOAD, 2023-07-17T16:24:58.372, ubuntu22-b, mtd-zk-1, 0.184232
EXP-LOAD, 2023-07-17T16:25:07.070, ubuntu22-b, mtd-zk-1, 0.181045
EXP-LOAD, 2023-07-17T16:25:14.096, ubuntu22-b, mtd-zk-1, 0.181045
EXP-LEAD, 2023-07-17T16:25:16.690, ubuntu22-b, mtd-zk-1, START
EXP-LEAD, 2023-07-17T16:25:21.144, ubuntu22-b, mtd-zk-1, END
EXP-LOAD, 2023-07-17T16:25:22.193, ubuntu22-b, mtd-zk-1, 0.210628
EXP-LEAD, 2023-07-17T16:25:23.784, ubuntu22-b, mtd-zk-1, START
EXP-LEAD, 2023-07-17T16:25:32.348, ubuntu22-b, mtd-zk-1, END
EXP-LOAD, 2023-07-17T16:25:33.413, ubuntu22-b, mtd-zk-1, 0.210628
EXP-LOAD, 2023-07-17T16:25:38.488, ubuntu22-b, mtd-zk-1, 0.197071
EXP-LOAD, 2023-07-17T16:25:50.002, ubuntu22-b, mtd-zk-1, 0.217033
EXP-LEAD, 2023-07-17T16:25:51.028, ubuntu22-b, mtd-zk-1, START
EXP-LEAD, 2023-07-17T16:25:55.433, ubuntu22-b, mtd-zk-1, END
EXP-LOAD, 2023-07-17T16:25:56.475, ubuntu22-b, mtd-zk-1, 0.217033
EXP-LEAD, 2023-07-17T16:25:58.131, ubuntu22-b, mtd-zk-1, START
EXP-LEAD, 2023-07-17T16:26:06.870, ubuntu22-b, mtd-zk-1, END
EXP-LOAD, 2023-07-17T16:26:07.926, ubuntu22-b, mtd-zk-1, 0.190505
EXP-LEAD, 2023-07-17T16:26:09.182, ubuntu22-b, mtd-zk-1, START
EXP-LEAD, 2023-07-17T16:26:14.727, ubuntu22-b, mtd-zk-1, END
EXP-LOAD, 2023-07-17T16:26:15.761, ubuntu22-b, mtd-zk-1, 0.190505
EXP-LOAD, 2023-07-17T16:26:22.332, ubuntu22-b, mtd-zk-1, 0.134609
EXP-LEAD, 2023-07-17T16:26:24.343, ubuntu22-b, mtd-zk-1, START
EXP-LEAD, 2023-07-17T16:26:29.798, ubuntu22-b, mtd-zk-1, END
EXP-LOAD, 2023-07-17T16:26:30.835, ubuntu22-b, mtd-zk-1, 0.134609
EXP-LOAD, 2023-07-17T16:26:41.520, ubuntu22-b, mtd-zk-1, 0.221756
EXP-LOAD, 2023-07-17T16:26:49.540, ubuntu22-b, mtd-zk-1, 0.191628
EXP-LEAD, 2023-07-17T16:26:50.573, ubuntu22-b, mtd-zk-1, START
EXP-LEAD, 2023-07-17T16:26:55.006, ubuntu22-b, mtd-zk-1, END
EXP-LOAD, 2023-07-17T16:26:56.037, ubuntu22-b, mtd-zk-1, 0.191628
EXP-LOAD, 2023-07-17T16:27:03.721, ubuntu22-b, mtd-zk-1, 0.191628
EXP-LOAD, 2023-07-17T16:27:13.271, ubuntu22-b, mtd-zk-1, 0.145635
EXP-LOAD, 2023-07-17T16:27:19.770, ubuntu22-b, mtd-zk-1, 0.163744
EXP-LEAD, 2023-07-17T16:27:21.237, ubuntu22-b, mtd-zk-1, START
EXP-LEAD, 2023-07-17T16:27:26.872, ubuntu22-b, mtd-zk-1, END
EXP-LOAD, 2023-07-17T16:27:27.922, ubuntu22-b, mtd-zk-1, 0.163744
EXP-LOAD, 2023-07-17T16:27:34.981, ubuntu22-b, mtd-zk-1, 0.208018
EXP-LEAD, 2023-07-17T16:27:38.310, ubuntu22-b, mtd-zk-1, START
EXP-LEAD, 2023-07-17T16:27:44.734, ubuntu22-b, mtd-zk-1, END
EXP-LOAD, 2023-07-17T16:27:45.775, ubuntu22-b, mtd-zk-1, 0.208018
EXP-LOAD, 2023-07-17T16:27:53.469, ubuntu22-b, mtd-zk-1, 0.187235
EXP-LEAD, 2023-07-17T16:27:55.496, ubuntu22-b, mtd-zk-1, START
EXP-LEAD, 2023-07-17T16:28:02.961, ubuntu22-b, mtd-zk-1, END
EXP-LOAD, 2023-07-17T16:28:04.014, ubuntu22-b, mtd-zk-1, 0.187235
EXP-LOAD, 2023-07-17T16:28:10.626, ubuntu22-b, mtd-zk-1, 0.176660
EXP-LOAD, 2023-07-17T16:28:18.758, ubuntu22-b, mtd-zk-1, 0.176660
EXP-LOAD, 2023-07-17T16:28:30.843, ubuntu22-b, mtd-zk-1, 0.203446
EXP-LOAD, 2023-07-17T16:28:37.930, ubuntu22-b, mtd-zk-1, 0.176035
EXP-LOAD, 2023-07-17T16:28:45.012, ubuntu22-b, mtd-zk-1, 0.176035
EXP-LEAD, 2023-07-17T16:28:45.535, ubuntu22-b, mtd-zk-1, START
EXP-LEAD, 2023-07-17T16:28:49.988, ubuntu22-b, mtd-zk-1, END
EXP-LOAD, 2023-07-17T16:28:51.020, ubuntu22-b, mtd-zk-1, 0.163241
