EXP-LOAD, 2023-07-19T17:49:23.464, ubuntu22-c, mtd-zk-0, 0.565809
EXP-LOAD, 2023-07-19T17:49:33.035, ubuntu22-c, mtd-zk-0, 0.565809
EXP-LOAD, 2023-07-19T17:49:43.263, ubuntu22-c, mtd-zk-0, 0.653510
EXP-LOAD, 2023-07-19T17:49:53.636, ubuntu22-c, mtd-zk-0, 0.690855
EXP-LOAD, 2023-07-19T17:50:01.779, ubuntu22-c, mtd-zk-0, 0.690855
EXP-LOAD, 2023-07-19T17:50:13.019, ubuntu22-c, mtd-zk-0, 0.631227
EXP-LOAD, 2023-07-19T17:50:20.241, ubuntu22-c, mtd-zk-0, 0.584415
EXP-LEAD, 2023-07-19T17:50:22.219, ubuntu22-c, mtd-zk-0, START
EXP-LEAD, 2023-07-19T17:50:31.112, ubuntu22-c, mtd-zk-0, END
EXP-LOAD, 2023-07-19T17:50:32.333, ubuntu22-c, mtd-zk-0, 0.584415
EXP-LEAD, 2023-07-19T17:50:33.470, ubuntu22-c, mtd-zk-0, START
EXP-LEAD, 2023-07-19T17:50:39.723, ubuntu22-c, mtd-zk-0, END
EXP-LOAD, 2023-07-19T17:50:40.804, ubuntu22-c, mtd-zk-0, 0.770231
EXP-LOAD, 2023-07-19T17:50:49.735, ubuntu22-c, mtd-zk-0, 0.833604
EXP-LEAD, 2023-07-19T17:50:50.844, ubuntu22-c, mtd-zk-0, START
EXP-LEAD, 2023-07-19T17:50:58.984, ubuntu22-c, mtd-zk-0, END
EXP-LOAD, 2023-07-19T17:51:00.078, ubuntu22-c, mtd-zk-0, 0.833604
EXP-LOAD, 2023-07-19T17:51:08.065, ubuntu22-c, mtd-zk-0, 0.694505
EXP-LOAD, 2023-07-19T17:51:16.275, ubuntu22-c, mtd-zk-0, 0.694505
EXP-LOAD, 2023-07-19T17:51:24.530, ubuntu22-c, mtd-zk-0, 0.643053
EXP-LOAD, 2023-07-19T17:51:32.791, ubuntu22-c, mtd-zk-0, 0.643053
EXP-LEAD, 2023-07-19T17:51:34.887, ubuntu22-c, mtd-zk-0, START
EXP-LEAD, 2023-07-19T17:51:39.871, ubuntu22-c, mtd-zk-0, END
EXP-LOAD, 2023-07-19T17:51:40.950, ubuntu22-c, mtd-zk-0, 0.665929
EXP-LOAD, 2023-07-19T17:51:48.156, ubuntu22-c, mtd-zk-0, 0.665929
EXP-LEAD, 2023-07-19T17:51:50.706, ubuntu22-c, mtd-zk-0, START
EXP-LEAD, 2023-07-19T17:51:58.677, ubuntu22-c, mtd-zk-0, END
EXP-LOAD, 2023-07-19T17:51:59.817, ubuntu22-c, mtd-zk-0, 0.685805
EXP-LOAD, 2023-07-19T17:52:06.003, ubuntu22-c, mtd-zk-0, 0.689824
EXP-LEAD, 2023-07-19T17:52:08.095, ubuntu22-c, mtd-zk-0, START
EXP-LEAD, 2023-07-19T17:52:15.802, ubuntu22-c, mtd-zk-0, END
EXP-LOAD, 2023-07-19T17:52:16.902, ubuntu22-c, mtd-zk-0, 0.689824
EXP-LOAD, 2023-07-19T17:52:24.250, ubuntu22-c, mtd-zk-0, 0.689406
EXP-LOAD, 2023-07-19T17:52:32.611, ubuntu22-c, mtd-zk-0, 0.689406
EXP-LEAD, 2023-07-19T17:52:35.200, ubuntu22-c, mtd-zk-0, START
EXP-LEAD, 2023-07-19T17:52:42.165, ubuntu22-c, mtd-zk-0, END
EXP-LOAD, 2023-07-19T17:52:43.286, ubuntu22-c, mtd-zk-0, 0.659607
EXP-LOAD, 2023-07-19T17:52:49.711, ubuntu22-c, mtd-zk-0, 0.766804
EXP-LOAD, 2023-07-19T17:53:00.756, ubuntu22-c, mtd-zk-0, 0.766804
EXP-LEAD, 2023-07-19T17:53:02.778, ubuntu22-c, mtd-zk-0, START
EXP-LEAD, 2023-07-19T17:53:07.511, ubuntu22-c, mtd-zk-0, END
EXP-LOAD, 2023-07-19T17:53:08.599, ubuntu22-c, mtd-zk-0, 0.710812
EXP-LOAD, 2023-07-19T17:53:16.071, ubuntu22-c, mtd-zk-0, 0.710812
EXP-LOAD, 2023-07-19T17:53:26.912, ubuntu22-c, mtd-zk-0, 0.670807
EXP-LOAD, 2023-07-19T17:53:34.083, ubuntu22-c, mtd-zk-0, 0.670807
EXP-LEAD, 2023-07-19T17:53:36.131, ubuntu22-c, mtd-zk-0, START
EXP-LEAD, 2023-07-19T17:53:41.899, ubuntu22-c, mtd-zk-0, END
EXP-LOAD, 2023-07-19T17:53:43.005, ubuntu22-c, mtd-zk-0, 0.641027
EXP-LOAD, 2023-07-19T17:53:49.404, ubuntu22-c, mtd-zk-0, 0.667641
EXP-LEAD, 2023-07-19T17:53:51.432, ubuntu22-c, mtd-zk-0, START
EXP-LEAD, 2023-07-19T17:53:59.210, ubuntu22-c, mtd-zk-0, END
EXP-LOAD, 2023-07-19T17:54:00.274, ubuntu22-c, mtd-zk-0, 0.667641
EXP-LEAD, 2023-07-19T17:54:02.631, ubuntu22-c, mtd-zk-0, START
EXP-LEAD, 2023-07-19T17:54:07.394, ubuntu22-c, mtd-zk-0, END
EXP-LOAD, 2023-07-19T17:54:08.460, ubuntu22-c, mtd-zk-0, 0.673909
EXP-LEAD, 2023-07-19T17:54:10.794, ubuntu22-c, mtd-zk-0, START
EXP-LEAD, 2023-07-19T17:54:15.420, ubuntu22-c, mtd-zk-0, END
EXP-LOAD, 2023-07-19T17:54:16.496, ubuntu22-c, mtd-zk-0, 0.673909
EXP-LOAD, 2023-07-19T17:54:25.093, ubuntu22-c, mtd-zk-0, 0.712203
EXP-LOAD, 2023-07-19T17:54:32.252, ubuntu22-c, mtd-zk-0, 0.712203
EXP-LOAD, 2023-07-19T17:54:44.295, ubuntu22-c, mtd-zk-0, 0.674677
EXP-LEAD, 2023-07-19T17:54:46.412, ubuntu22-c, mtd-zk-0, START
EXP-LEAD, 2023-07-19T17:54:52.204, ubuntu22-c, mtd-zk-0, END
EXP-LOAD, 2023-07-19T17:54:53.298, ubuntu22-c, mtd-zk-0, 0.597836
EXP-LOAD, 2023-07-19T17:55:01.562, ubuntu22-c, mtd-zk-0, 0.597836
EXP-LOAD, 2023-07-19T17:55:09.181, ubuntu22-c, mtd-zk-0, 0.700726
EXP-LOAD, 2023-07-19T17:55:18.177, ubuntu22-c, mtd-zk-0, 0.700726
EXP-LOAD, 2023-07-19T17:55:26.358, ubuntu22-c, mtd-zk-0, 0.665060
EXP-LOAD, 2023-07-19T17:55:34.481, ubuntu22-c, mtd-zk-0, 0.705024
EXP-LEAD, 2023-07-19T17:55:34.966, ubuntu22-c, mtd-zk-0, START
EXP-LEAD, 2023-07-19T17:55:40.840, ubuntu22-c, mtd-zk-0, END
EXP-LOAD, 2023-07-19T17:55:41.930, ubuntu22-c, mtd-zk-0, 0.705024
EXP-LEAD, 2023-07-19T17:55:43.084, ubuntu22-c, mtd-zk-0, START
EXP-LEAD, 2023-07-19T17:55:49.844, ubuntu22-c, mtd-zk-0, END
EXP-LOAD, 2023-07-19T17:55:50.944, ubuntu22-c, mtd-zk-0, 0.735033
EXP-LOAD, 2023-07-19T17:56:01.359, ubuntu22-c, mtd-zk-0, 0.735033
EXP-LOAD, 2023-07-19T17:56:09.917, ubuntu22-c, mtd-zk-0, 0.718311
EXP-LOAD, 2023-07-19T17:56:19.083, ubuntu22-c, mtd-zk-0, 0.718311
EXP-LEAD, 2023-07-19T17:56:21.166, ubuntu22-c, mtd-zk-0, START
EXP-LEAD, 2023-07-19T17:56:27.021, ubuntu22-c, mtd-zk-0, END
EXP-LOAD, 2023-07-19T17:56:28.094, ubuntu22-c, mtd-zk-0, 0.648455
EXP-LOAD, 2023-07-19T17:56:35.464, ubuntu22-c, mtd-zk-0, 0.663214
EXP-LOAD, 2023-07-19T17:56:44.575, ubuntu22-c, mtd-zk-0, 0.663214
EXP-LOAD, 2023-07-19T17:56:52.665, ubuntu22-c, mtd-zk-0, 0.712461
EXP-LOAD, 2023-07-19T17:56:59.750, ubuntu22-c, mtd-zk-0, 0.712461
EXP-LOAD, 2023-07-19T17:57:10.976, ubuntu22-c, mtd-zk-0, 0.622734
EXP-LOAD, 2023-07-19T17:57:18.067, ubuntu22-c, mtd-zk-0, 0.622734
EXP-LOAD, 2023-07-19T17:57:26.119, ubuntu22-c, mtd-zk-0, 0.698913
EXP-LEAD, 2023-07-19T17:57:27.642, ubuntu22-c, mtd-zk-0, START
EXP-LEAD, 2023-07-19T17:57:35.377, ubuntu22-c, mtd-zk-0, END
EXP-LOAD, 2023-07-19T17:57:36.525, ubuntu22-c, mtd-zk-0, 0.692426
EXP-LEAD, 2023-07-19T17:57:36.756, ubuntu22-c, mtd-zk-0, START
EXP-LEAD, 2023-07-19T17:57:42.628, ubuntu22-c, mtd-zk-0, END
EXP-LOAD, 2023-07-19T17:57:43.714, ubuntu22-c, mtd-zk-0, 0.692426
EXP-LOAD, 2023-07-19T17:57:51.962, ubuntu22-c, mtd-zk-0, 0.692414
EXP-LOAD, 2023-07-19T17:58:02.099, ubuntu22-c, mtd-zk-0, 0.692414
EXP-LEAD, 2023-07-19T17:58:04.129, ubuntu22-c, mtd-zk-0, START
EXP-LEAD, 2023-07-19T17:58:08.687, ubuntu22-c, mtd-zk-0, END
EXP-LOAD, 2023-07-19T17:58:09.733, ubuntu22-c, mtd-zk-0, 0.651008
EXP-LEAD, 2023-07-19T17:58:11.258, ubuntu22-c, mtd-zk-0, START
EXP-LEAD, 2023-07-19T17:58:19.978, ubuntu22-c, mtd-zk-0, END
EXP-LOAD, 2023-07-19T17:58:21.054, ubuntu22-c, mtd-zk-0, 0.649710
EXP-LOAD, 2023-07-19T17:58:28.471, ubuntu22-c, mtd-zk-0, 0.649710
EXP-LOAD, 2023-07-19T17:58:35.155, ubuntu22-c, mtd-zk-0, 0.621004
EXP-LOAD, 2023-07-19T17:58:47.260, ubuntu22-c, mtd-zk-0, 0.621004
EXP-LOAD, 2023-07-19T17:58:54.385, ubuntu22-c, mtd-zk-0, 0.651306
EXP-LOAD, 2023-07-19T17:59:05.611, ubuntu22-c, mtd-zk-0, 0.709837
EXP-LOAD, 2023-07-19T17:59:12.842, ubuntu22-c, mtd-zk-0, 0.709837
EXP-LEAD, 2023-07-19T17:59:15.832, ubuntu22-c, mtd-zk-0, START
EXP-LEAD, 2023-07-19T17:59:23.547, ubuntu22-c, mtd-zk-0, END
EXP-LOAD, 2023-07-19T17:59:24.605, ubuntu22-c, mtd-zk-0, 0.660704
EXP-LOAD, 2023-07-19T17:59:32.090, ubuntu22-c, mtd-zk-0, 0.660704
EXP-LEAD, 2023-07-19T17:59:33.574, ubuntu22-c, mtd-zk-0, START
EXP-LEAD, 2023-07-19T17:59:39.220, ubuntu22-c, mtd-zk-0, END
EXP-LOAD, 2023-07-19T17:59:40.299, ubuntu22-c, mtd-zk-0, 0.648805
EXP-LEAD, 2023-07-19T17:59:41.699, ubuntu22-c, mtd-zk-0, START
EXP-LEAD, 2023-07-19T17:59:47.249, ubuntu22-c, mtd-zk-0, END
EXP-LOAD, 2023-07-19T17:59:48.343, ubuntu22-c, mtd-zk-0, 0.648805
EXP-LOAD, 2023-07-19T17:59:59.094, ubuntu22-c, mtd-zk-0, 0.644982
EXP-LEAD, 2023-07-19T18:00:01.159, ubuntu22-c, mtd-zk-0, START
EXP-LEAD, 2023-07-19T18:00:06.774, ubuntu22-c, mtd-zk-0, END
EXP-LOAD, 2023-07-19T18:00:07.865, ubuntu22-c, mtd-zk-0, 0.665033
EXP-LEAD, 2023-07-19T18:00:09.233, ubuntu22-c, mtd-zk-0, START
EXP-LEAD, 2023-07-19T18:00:14.962, ubuntu22-c, mtd-zk-0, END
EXP-LOAD, 2023-07-19T18:00:16.069, ubuntu22-c, mtd-zk-0, 0.665033
EXP-LOAD, 2023-07-19T18:00:26.476, ubuntu22-c, mtd-zk-0, 0.692526
EXP-LOAD, 2023-07-19T18:00:34.588, ubuntu22-c, mtd-zk-0, 0.641628
EXP-LOAD, 2023-07-19T18:00:45.778, ubuntu22-c, mtd-zk-0, 0.641628
EXP-LOAD, 2023-07-19T18:00:54.916, ubuntu22-c, mtd-zk-0, 0.612016
EXP-LOAD, 2023-07-19T18:01:06.112, ubuntu22-c, mtd-zk-0, 0.711840
EXP-LEAD, 2023-07-19T18:01:08.156, ubuntu22-c, mtd-zk-0, START
EXP-LEAD, 2023-07-19T18:01:12.658, ubuntu22-c, mtd-zk-0, END
EXP-LOAD, 2023-07-19T18:01:13.739, ubuntu22-c, mtd-zk-0, 0.711840
EXP-LOAD, 2023-07-19T18:01:22.427, ubuntu22-c, mtd-zk-0, 0.648238
EXP-LOAD, 2023-07-19T18:01:30.530, ubuntu22-c, mtd-zk-0, 0.648238
EXP-LEAD, 2023-07-19T18:01:32.562, ubuntu22-c, mtd-zk-0, START
EXP-LEAD, 2023-07-19T18:01:38.156, ubuntu22-c, mtd-zk-0, END
EXP-LOAD, 2023-07-19T18:01:39.239, ubuntu22-c, mtd-zk-0, 0.700002
EXP-LEAD, 2023-07-19T18:01:41.677, ubuntu22-c, mtd-zk-0, START
EXP-LEAD, 2023-07-19T18:01:47.157, ubuntu22-c, mtd-zk-0, END
EXP-LOAD, 2023-07-19T18:01:48.245, ubuntu22-c, mtd-zk-0, 0.700002
EXP-LEAD, 2023-07-19T18:01:49.801, ubuntu22-c, mtd-zk-0, START
EXP-LEAD, 2023-07-19T18:01:57.436, ubuntu22-c, mtd-zk-0, END
EXP-LOAD, 2023-07-19T18:01:58.587, ubuntu22-c, mtd-zk-0, 0.675033
EXP-LOAD, 2023-07-19T18:02:07.083, ubuntu22-c, mtd-zk-0, 0.611335
EXP-LOAD, 2023-07-19T18:02:16.256, ubuntu22-c, mtd-zk-0, 0.611335
EXP-LOAD, 2023-07-19T18:02:22.383, ubuntu22-c, mtd-zk-0, 0.661107
EXP-LEAD, 2023-07-19T18:02:23.949, ubuntu22-c, mtd-zk-0, START
EXP-LEAD, 2023-07-19T18:02:31.540, ubuntu22-c, mtd-zk-0, END
EXP-LOAD, 2023-07-19T18:02:32.617, ubuntu22-c, mtd-zk-0, 0.661107
EXP-LEAD, 2023-07-19T18:02:34.106, ubuntu22-c, mtd-zk-0, START
EXP-LEAD, 2023-07-19T18:02:39.598, ubuntu22-c, mtd-zk-0, END
EXP-LOAD, 2023-07-19T18:02:40.650, ubuntu22-c, mtd-zk-0, 0.652403
EXP-LOAD, 2023-07-19T18:02:46.321, ubuntu22-c, mtd-zk-0, 0.652403
EXP-LEAD, 2023-07-19T18:02:48.348, ubuntu22-c, mtd-zk-0, START
EXP-LEAD, 2023-07-19T18:02:56.983, ubuntu22-c, mtd-zk-0, END
EXP-LOAD, 2023-07-19T18:02:58.049, ubuntu22-c, mtd-zk-0, 0.650636
EXP-LOAD, 2023-07-19T18:03:05.547, ubuntu22-c, mtd-zk-0, 0.664641
EXP-LOAD, 2023-07-19T18:03:14.747, ubuntu22-c, mtd-zk-0, 0.664641
EXP-LEAD, 2023-07-19T18:03:16.790, ubuntu22-c, mtd-zk-0, START
EXP-LEAD, 2023-07-19T18:03:24.407, ubuntu22-c, mtd-zk-0, END
EXP-LOAD, 2023-07-19T18:03:25.532, ubuntu22-c, mtd-zk-0, 0.693622
EXP-LOAD, 2023-07-19T18:03:33.972, ubuntu22-c, mtd-zk-0, 0.693622
EXP-LOAD, 2023-07-19T18:03:43.127, ubuntu22-c, mtd-zk-0, 0.628805
EXP-LEAD, 2023-07-19T18:03:45.045, ubuntu22-c, mtd-zk-0, START
EXP-LEAD, 2023-07-19T18:03:50.803, ubuntu22-c, mtd-zk-0, END
EXP-LOAD, 2023-07-19T18:03:51.857, ubuntu22-c, mtd-zk-0, 0.608633
EXP-LOAD, 2023-07-19T18:04:00.284, ubuntu22-c, mtd-zk-0, 0.608633
EXP-LOAD, 2023-07-19T18:04:06.808, ubuntu22-c, mtd-zk-0, 0.642614
EXP-LOAD, 2023-07-19T18:04:14.928, ubuntu22-c, mtd-zk-0, 0.642614
EXP-LOAD, 2023-07-19T18:04:25.673, ubuntu22-c, mtd-zk-0, 0.726016
EXP-LOAD, 2023-07-19T18:04:32.782, ubuntu22-c, mtd-zk-0, 0.726016
EXP-LOAD, 2023-07-19T18:04:42.922, ubuntu22-c, mtd-zk-0, 0.583853
EXP-LEAD, 2023-07-19T18:04:44.731, ubuntu22-c, mtd-zk-0, START
EXP-LEAD, 2023-07-19T18:04:50.294, ubuntu22-c, mtd-zk-0, END
EXP-LOAD, 2023-07-19T18:04:51.358, ubuntu22-c, mtd-zk-0, 0.669522
EXP-LEAD, 2023-07-19T18:04:52.870, ubuntu22-c, mtd-zk-0, START
EXP-LEAD, 2023-07-19T18:04:57.493, ubuntu22-c, mtd-zk-0, END
EXP-LOAD, 2023-07-19T18:04:58.585, ubuntu22-c, mtd-zk-0, 0.669522
EXP-LOAD, 2023-07-19T18:05:06.107, ubuntu22-c, mtd-zk-0, 0.665814
EXP-LOAD, 2023-07-19T18:05:17.776, ubuntu22-c, mtd-zk-0, 0.665814
EXP-LEAD, 2023-07-19T18:05:19.820, ubuntu22-c, mtd-zk-0, START
EXP-LEAD, 2023-07-19T18:05:25.361, ubuntu22-c, mtd-zk-0, END
EXP-LOAD, 2023-07-19T18:05:26.435, ubuntu22-c, mtd-zk-0, 0.684512
EXP-LOAD, 2023-07-19T18:05:34.010, ubuntu22-c, mtd-zk-0, 0.684512
EXP-LOAD, 2023-07-19T18:05:41.132, ubuntu22-c, mtd-zk-0, 0.690811
EXP-LEAD, 2023-07-19T18:05:43.166, ubuntu22-c, mtd-zk-0, START
EXP-LEAD, 2023-07-19T18:05:48.837, ubuntu22-c, mtd-zk-0, END
EXP-LOAD, 2023-07-19T18:05:49.904, ubuntu22-c, mtd-zk-0, 0.737621
EXP-LOAD, 2023-07-19T18:05:56.394, ubuntu22-c, mtd-zk-0, 0.737621
EXP-LEAD, 2023-07-19T18:05:58.418, ubuntu22-c, mtd-zk-0, START
EXP-LEAD, 2023-07-19T18:06:03.953, ubuntu22-c, mtd-zk-0, END
EXP-LOAD, 2023-07-19T18:06:05.037, ubuntu22-c, mtd-zk-0, 0.680633
EXP-LOAD, 2023-07-19T18:06:12.649, ubuntu22-c, mtd-zk-0, 0.680633
EXP-LEAD, 2023-07-19T18:06:14.710, ubuntu22-c, mtd-zk-0, START
EXP-LEAD, 2023-07-19T18:06:28.601, ubuntu22-c, mtd-zk-0, END
EXP-LOAD, 2023-07-19T18:06:29.677, ubuntu22-c, mtd-zk-0, 0.735717
EXP-LOAD, 2023-07-19T18:06:39.911, ubuntu22-c, mtd-zk-0, 0.816288
EXP-LEAD, 2023-07-19T18:06:42.946, ubuntu22-c, mtd-zk-0, START
EXP-LEAD, 2023-07-19T18:06:48.539, ubuntu22-c, mtd-zk-0, END
EXP-LOAD, 2023-07-19T18:06:49.598, ubuntu22-c, mtd-zk-0, 0.657805
EXP-LOAD, 2023-07-19T18:06:57.121, ubuntu22-c, mtd-zk-0, 0.657805
EXP-LEAD, 2023-07-19T18:06:58.642, ubuntu22-c, mtd-zk-0, START
EXP-LEAD, 2023-07-19T18:07:07.301, ubuntu22-c, mtd-zk-0, END
EXP-LOAD, 2023-07-19T18:07:08.378, ubuntu22-c, mtd-zk-0, 0.663705
EXP-LOAD, 2023-07-19T18:07:16.781, ubuntu22-c, mtd-zk-0, 0.663705
EXP-LOAD, 2023-07-19T18:07:23.906, ubuntu22-c, mtd-zk-0, 0.650420
EXP-LEAD, 2023-07-19T18:07:25.943, ubuntu22-c, mtd-zk-0, START
EXP-LEAD, 2023-07-19T18:07:31.527, ubuntu22-c, mtd-zk-0, END
EXP-LOAD, 2023-07-19T18:07:32.567, ubuntu22-c, mtd-zk-0, 0.650420
EXP-LOAD, 2023-07-19T18:07:43.128, ubuntu22-c, mtd-zk-0, 0.675754
EXP-LOAD, 2023-07-19T18:07:52.310, ubuntu22-c, mtd-zk-0, 0.606604
EXP-LEAD, 2023-07-19T18:07:53.826, ubuntu22-c, mtd-zk-0, START
EXP-LEAD, 2023-07-19T18:07:58.378, ubuntu22-c, mtd-zk-0, END
EXP-LOAD, 2023-07-19T18:07:59.493, ubuntu22-c, mtd-zk-0, 0.606604
EXP-LEAD, 2023-07-19T18:08:00.926, ubuntu22-c, mtd-zk-0, START
EXP-LEAD, 2023-07-19T18:08:09.597, ubuntu22-c, mtd-zk-0, END
EXP-LOAD, 2023-07-19T18:08:10.703, ubuntu22-c, mtd-zk-0, 0.696318
EXP-LOAD, 2023-07-19T18:08:18.216, ubuntu22-c, mtd-zk-0, 0.696318
EXP-LOAD, 2023-07-19T18:08:26.311, ubuntu22-c, mtd-zk-0, 0.613016
EXP-LEAD, 2023-07-19T18:08:28.351, ubuntu22-c, mtd-zk-0, START
EXP-LEAD, 2023-07-19T18:08:35.921, ubuntu22-c, mtd-zk-0, END
EXP-LOAD, 2023-07-19T18:08:37.072, ubuntu22-c, mtd-zk-0, 0.701816
EXP-LOAD, 2023-07-19T18:08:44.491, ubuntu22-c, mtd-zk-0, 0.701816
EXP-LOAD, 2023-07-19T18:08:55.709, ubuntu22-c, mtd-zk-0, 0.709826
EXP-LEAD, 2023-07-19T18:08:57.748, ubuntu22-c, mtd-zk-0, START
EXP-LEAD, 2023-07-19T18:09:07.561, ubuntu22-c, mtd-zk-0, END
EXP-LOAD, 2023-07-19T18:09:08.625, ubuntu22-c, mtd-zk-0, 0.636827
EXP-LOAD, 2023-07-19T18:09:16.949, ubuntu22-c, mtd-zk-0, 0.636827
EXP-LEAD, 2023-07-19T18:09:18.962, ubuntu22-c, mtd-zk-0, START
EXP-LEAD, 2023-07-19T18:09:27.701, ubuntu22-c, mtd-zk-0, END
EXP-LOAD, 2023-07-19T18:09:28.803, ubuntu22-c, mtd-zk-0, 0.651813
EXP-LOAD, 2023-07-19T18:09:35.162, ubuntu22-c, mtd-zk-0, 0.657539
EXP-LEAD, 2023-07-19T18:09:37.824, ubuntu22-c, mtd-zk-0, START
EXP-LEAD, 2023-07-19T18:09:45.454, ubuntu22-c, mtd-zk-0, END
EXP-LOAD, 2023-07-19T18:09:46.536, ubuntu22-c, mtd-zk-0, 0.657539
EXP-LOAD, 2023-07-19T18:09:57.043, ubuntu22-c, mtd-zk-0, 0.615020
EXP-LEAD, 2023-07-19T18:09:57.221, ubuntu22-c, mtd-zk-0, START
EXP-LEAD, 2023-07-19T18:10:08.074, ubuntu22-c, mtd-zk-0, END
EXP-LOAD, 2023-07-19T18:10:09.150, ubuntu22-c, mtd-zk-0, 0.605218
EXP-LEAD, 2023-07-19T18:10:09.326, ubuntu22-c, mtd-zk-0, START
EXP-LEAD, 2023-07-19T18:10:16.054, ubuntu22-c, mtd-zk-0, END
EXP-LOAD, 2023-07-19T18:10:17.125, ubuntu22-c, mtd-zk-0, 0.605218
EXP-LOAD, 2023-07-19T18:10:23.527, ubuntu22-c, mtd-zk-0, 0.669802
EXP-LOAD, 2023-07-19T18:10:31.622, ubuntu22-c, mtd-zk-0, 0.669802
EXP-LEAD, 2023-07-19T18:10:34.198, ubuntu22-c, mtd-zk-0, START
EXP-LEAD, 2023-07-19T18:10:39.742, ubuntu22-c, mtd-zk-0, END
EXP-LOAD, 2023-07-19T18:10:41.186, ubuntu22-c, mtd-zk-0, 0.692311
EXP-LOAD, 2023-07-19T18:10:49.861, ubuntu22-c, mtd-zk-0, 0.775008
EXP-LEAD, 2023-07-19T18:10:51.902, ubuntu22-c, mtd-zk-0, START
EXP-LEAD, 2023-07-19T18:10:56.351, ubuntu22-c, mtd-zk-0, END
EXP-LOAD, 2023-07-19T18:10:57.430, ubuntu22-c, mtd-zk-0, 0.775008
EXP-LOAD, 2023-07-19T18:11:07.266, ubuntu22-c, mtd-zk-0, 0.700607
EXP-LOAD, 2023-07-19T18:11:14.272, ubuntu22-c, mtd-zk-0, 0.700607
EXP-LEAD, 2023-07-19T18:11:15.340, ubuntu22-c, mtd-zk-0, START
EXP-LEAD, 2023-07-19T18:11:26.025, ubuntu22-c, mtd-zk-0, END
EXP-LOAD, 2023-07-19T18:11:27.118, ubuntu22-c, mtd-zk-0, 0.642206
EXP-LOAD, 2023-07-19T18:11:33.514, ubuntu22-c, mtd-zk-0, 0.642206
EXP-LOAD, 2023-07-19T18:11:43.222, ubuntu22-c, mtd-zk-0, 0.665528
EXP-LOAD, 2023-07-19T18:11:52.207, ubuntu22-c, mtd-zk-0, 0.658817
EXP-LEAD, 2023-07-19T18:11:53.269, ubuntu22-c, mtd-zk-0, START
EXP-LEAD, 2023-07-19T18:12:01.938, ubuntu22-c, mtd-zk-0, END
EXP-LOAD, 2023-07-19T18:12:03.036, ubuntu22-c, mtd-zk-0, 0.658817
EXP-LOAD, 2023-07-19T18:12:09.493, ubuntu22-c, mtd-zk-0, 0.688461
EXP-LEAD, 2023-07-19T18:12:10.559, ubuntu22-c, mtd-zk-0, START
EXP-LEAD, 2023-07-19T18:12:17.037, ubuntu22-c, mtd-zk-0, END
EXP-LOAD, 2023-07-19T18:12:18.128, ubuntu22-c, mtd-zk-0, 0.688461
EXP-LOAD, 2023-07-19T18:12:29.277, ubuntu22-c, mtd-zk-0, 0.648897
EXP-LOAD, 2023-07-19T18:12:37.474, ubuntu22-c, mtd-zk-0, 0.618001
EXP-LOAD, 2023-07-19T18:12:46.571, ubuntu22-c, mtd-zk-0, 0.618001
EXP-LEAD, 2023-07-19T18:12:47.040, ubuntu22-c, mtd-zk-0, START
EXP-LEAD, 2023-07-19T18:12:55.955, ubuntu22-c, mtd-zk-0, END
EXP-LOAD, 2023-07-19T18:12:57.029, ubuntu22-c, mtd-zk-0, 0.697907
EXP-LEAD, 2023-07-19T18:12:58.194, ubuntu22-c, mtd-zk-0, START
EXP-LEAD, 2023-07-19T18:13:02.761, ubuntu22-c, mtd-zk-0, END
EXP-LOAD, 2023-07-19T18:13:03.809, ubuntu22-c, mtd-zk-0, 0.697907
EXP-LEAD, 2023-07-19T18:13:04.903, ubuntu22-c, mtd-zk-0, START
EXP-LEAD, 2023-07-19T18:13:09.564, ubuntu22-c, mtd-zk-0, END
EXP-LOAD, 2023-07-19T18:13:10.652, ubuntu22-c, mtd-zk-0, 0.636604
EXP-LOAD, 2023-07-19T18:13:16.758, ubuntu22-c, mtd-zk-0, 0.636604
EXP-LOAD, 2023-07-19T18:13:24.897, ubuntu22-c, mtd-zk-0, 0.653711
EXP-LOAD, 2023-07-19T18:13:37.604, ubuntu22-c, mtd-zk-0, 0.711806
EXP-LEAD, 2023-07-19T18:13:38.638, ubuntu22-c, mtd-zk-0, START
EXP-LEAD, 2023-07-19T18:13:43.260, ubuntu22-c, mtd-zk-0, END
EXP-LOAD, 2023-07-19T18:13:44.334, ubuntu22-c, mtd-zk-0, 0.711806
EXP-LOAD, 2023-07-19T18:13:52.842, ubuntu22-c, mtd-zk-0, 0.648320
EXP-LEAD, 2023-07-19T18:13:53.900, ubuntu22-c, mtd-zk-0, START
EXP-LEAD, 2023-07-19T18:14:01.464, ubuntu22-c, mtd-zk-0, END
EXP-LOAD, 2023-07-19T18:14:02.612, ubuntu22-c, mtd-zk-0, 0.648320
EXP-LOAD, 2023-07-19T18:14:10.113, ubuntu22-c, mtd-zk-0, 0.672028
EXP-LOAD, 2023-07-19T18:14:18.256, ubuntu22-c, mtd-zk-0, 0.672028
EXP-LOAD, 2023-07-19T18:14:28.374, ubuntu22-c, mtd-zk-0, 0.673307
EXP-LOAD, 2023-07-19T18:14:35.455, ubuntu22-c, mtd-zk-0, 0.649206
EXP-LOAD, 2023-07-19T18:14:46.598, ubuntu22-c, mtd-zk-0, 0.649206
EXP-LOAD, 2023-07-19T18:14:55.497, ubuntu22-c, mtd-zk-0, 0.672725
EXP-LEAD, 2023-07-19T18:14:56.755, ubuntu22-c, mtd-zk-0, START
EXP-LEAD, 2023-07-19T18:15:11.895, ubuntu22-c, mtd-zk-0, END
EXP-LOAD, 2023-07-19T18:15:14.575, ubuntu22-c, mtd-zk-0, 0.703004
EXP-LOAD, 2023-07-19T18:15:28.340, ubuntu22-c, mtd-zk-0, 0.564699
EXP-LOAD, 2023-07-19T18:15:53.826, ubuntu22-c, mtd-zk-0, 0.621607
EXP-LEAD, 2023-07-19T18:15:55.549, ubuntu22-c, mtd-zk-0, START
EXP-LEAD, 2023-07-19T18:16:01.252, ubuntu22-c, mtd-zk-0, END
EXP-LOAD, 2023-07-19T18:16:02.348, ubuntu22-c, mtd-zk-0, 0.621607
EXP-LOAD, 2023-07-19T18:16:14.754, ubuntu22-c, mtd-zk-0, 0.573412
EXP-LOAD, 2023-07-19T18:16:23.889, ubuntu22-c, mtd-zk-0, 0.671221
EXP-LOAD, 2023-07-19T18:16:29.996, ubuntu22-c, mtd-zk-0, 0.671221
EXP-LOAD, 2023-07-19T18:16:41.156, ubuntu22-c, mtd-zk-0, 0.621025
EXP-LOAD, 2023-07-19T18:16:48.231, ubuntu22-c, mtd-zk-0, 0.621025
EXP-LOAD, 2023-07-19T18:16:56.550, ubuntu22-c, mtd-zk-0, 0.686725
EXP-LOAD, 2023-07-19T18:17:11.290, ubuntu22-c, mtd-zk-0, 0.647297
EXP-LEAD, 2023-07-19T18:17:13.275, ubuntu22-c, mtd-zk-0, START
EXP-LEAD, 2023-07-19T18:17:18.831, ubuntu22-c, mtd-zk-0, END
EXP-LOAD, 2023-07-19T18:17:19.942, ubuntu22-c, mtd-zk-0, 0.655227
EXP-LEAD, 2023-07-19T18:17:21.382, ubuntu22-c, mtd-zk-0, START
EXP-LEAD, 2023-07-19T18:17:26.237, ubuntu22-c, mtd-zk-0, END
EXP-LOAD, 2023-07-19T18:17:27.360, ubuntu22-c, mtd-zk-0, 0.655227
EXP-LOAD, 2023-07-19T18:17:37.569, ubuntu22-c, mtd-zk-0, 0.672821
EXP-LOAD, 2023-07-19T18:17:45.659, ubuntu22-c, mtd-zk-0, 0.672821
EXP-LOAD, 2023-07-19T18:17:56.209, ubuntu22-c, mtd-zk-0, 0.684016
EXP-LOAD, 2023-07-19T18:18:03.319, ubuntu22-c, mtd-zk-0, 0.684016
EXP-LEAD, 2023-07-19T18:18:04.868, ubuntu22-c, mtd-zk-0, START
EXP-LEAD, 2023-07-19T18:18:10.439, ubuntu22-c, mtd-zk-0, END
EXP-LOAD, 2023-07-19T18:18:11.539, ubuntu22-c, mtd-zk-0, 0.596009
EXP-LOAD, 2023-07-19T18:18:21.063, ubuntu22-c, mtd-zk-0, 0.649314
EXP-LOAD, 2023-07-19T18:18:28.212, ubuntu22-c, mtd-zk-0, 0.649314
EXP-LEAD, 2023-07-19T18:18:29.975, ubuntu22-c, mtd-zk-0, START
EXP-LEAD, 2023-07-19T18:18:36.741, ubuntu22-c, mtd-zk-0, END
EXP-LOAD, 2023-07-19T18:18:37.818, ubuntu22-c, mtd-zk-0, 0.716221
EXP-LOAD, 2023-07-19T18:18:44.160, ubuntu22-c, mtd-zk-0, 0.716221
EXP-LEAD, 2023-07-19T18:18:47.128, ubuntu22-c, mtd-zk-0, START
EXP-LEAD, 2023-07-19T18:18:58.040, ubuntu22-c, mtd-zk-0, END
EXP-LOAD, 2023-07-19T18:18:59.127, ubuntu22-c, mtd-zk-0, 0.722611
EXP-LEAD, 2023-07-19T18:19:00.653, ubuntu22-c, mtd-zk-0, START
EXP-LEAD, 2023-07-19T18:19:06.159, ubuntu22-c, mtd-zk-0, END
EXP-LOAD, 2023-07-19T18:19:07.233, ubuntu22-c, mtd-zk-0, 0.771865
EXP-LOAD, 2023-07-19T18:19:20.898, ubuntu22-c, mtd-zk-0, 0.618826
EXP-LOAD, 2023-07-19T18:19:28.130, ubuntu22-c, mtd-zk-0, 0.618826
EXP-LOAD, 2023-07-19T18:19:34.811, ubuntu22-c, mtd-zk-0, 0.634227
EXP-LOAD, 2023-07-19T18:19:45.751, ubuntu22-c, mtd-zk-0, 0.634227
EXP-LEAD, 2023-07-19T18:19:48.766, ubuntu22-c, mtd-zk-0, START
EXP-LEAD, 2023-07-19T18:19:54.239, ubuntu22-c, mtd-zk-0, END
EXP-LOAD, 2023-07-19T18:19:55.350, ubuntu22-c, mtd-zk-0, 0.652606
EXP-LOAD, 2023-07-19T18:20:03.091, ubuntu22-c, mtd-zk-0, 0.652606
EXP-LOAD, 2023-07-19T18:20:14.169, ubuntu22-c, mtd-zk-0, 0.682614
EXP-LEAD, 2023-07-19T18:20:15.938, ubuntu22-c, mtd-zk-0, START
EXP-LEAD, 2023-07-19T18:20:21.508, ubuntu22-c, mtd-zk-0, END
EXP-LOAD, 2023-07-19T18:20:22.604, ubuntu22-c, mtd-zk-0, 0.640874
EXP-LEAD, 2023-07-19T18:20:25.014, ubuntu22-c, mtd-zk-0, START
EXP-LEAD, 2023-07-19T18:20:32.721, ubuntu22-c, mtd-zk-0, END
EXP-LOAD, 2023-07-19T18:20:33.795, ubuntu22-c, mtd-zk-0, 0.640874
EXP-LOAD, 2023-07-19T18:20:41.242, ubuntu22-c, mtd-zk-0, 0.639515
EXP-LOAD, 2023-07-19T18:20:48.355, ubuntu22-c, mtd-zk-0, 0.639515
EXP-LEAD, 2023-07-19T18:20:50.437, ubuntu22-c, mtd-zk-0, START
EXP-LEAD, 2023-07-19T18:20:54.867, ubuntu22-c, mtd-zk-0, END
EXP-LOAD, 2023-07-19T18:20:55.911, ubuntu22-c, mtd-zk-0, 0.682220
EXP-LOAD, 2023-07-19T18:21:09.678, ubuntu22-c, mtd-zk-0, 0.711807
EXP-LOAD, 2023-07-19T18:21:18.854, ubuntu22-c, mtd-zk-0, 0.711807
EXP-LEAD, 2023-07-19T18:21:20.899, ubuntu22-c, mtd-zk-0, START
EXP-LEAD, 2023-07-19T18:21:27.660, ubuntu22-c, mtd-zk-0, END
EXP-LOAD, 2023-07-19T18:21:28.763, ubuntu22-c, mtd-zk-0, 0.653808
EXP-LEAD, 2023-07-19T18:21:30.016, ubuntu22-c, mtd-zk-0, START
EXP-LEAD, 2023-07-19T18:21:39.629, ubuntu22-c, mtd-zk-0, END
EXP-LOAD, 2023-07-19T18:21:40.702, ubuntu22-c, mtd-zk-0, 0.649166
EXP-LOAD, 2023-07-19T18:21:48.171, ubuntu22-c, mtd-zk-0, 0.649166
EXP-LOAD, 2023-07-19T18:21:58.292, ubuntu22-c, mtd-zk-0, 0.598205
EXP-LOAD, 2023-07-19T18:22:06.407, ubuntu22-c, mtd-zk-0, 0.655710
EXP-LOAD, 2023-07-19T18:22:16.541, ubuntu22-c, mtd-zk-0, 0.655710
EXP-LEAD, 2023-07-19T18:22:19.209, ubuntu22-c, mtd-zk-0, START
EXP-LEAD, 2023-07-19T18:22:25.716, ubuntu22-c, mtd-zk-0, END
EXP-LOAD, 2023-07-19T18:22:26.789, ubuntu22-c, mtd-zk-0, 0.698609
EXP-LEAD, 2023-07-19T18:22:28.428, ubuntu22-c, mtd-zk-0, START
EXP-LEAD, 2023-07-19T18:22:37.183, ubuntu22-c, mtd-zk-0, END
EXP-LOAD, 2023-07-19T18:22:38.256, ubuntu22-c, mtd-zk-0, 0.642406
EXP-LEAD, 2023-07-19T18:22:39.298, ubuntu22-c, mtd-zk-0, START
EXP-LEAD, 2023-07-19T18:22:46.847, ubuntu22-c, mtd-zk-0, END
EXP-LOAD, 2023-07-19T18:22:47.925, ubuntu22-c, mtd-zk-0, 0.642406
EXP-LOAD, 2023-07-19T18:22:57.541, ubuntu22-c, mtd-zk-0, 0.664809
EXP-LOAD, 2023-07-19T18:23:07.007, ubuntu22-c, mtd-zk-0, 0.749704
EXP-LEAD, 2023-07-19T18:23:09.864, ubuntu22-c, mtd-zk-0, START
EXP-LEAD, 2023-07-19T18:23:17.594, ubuntu22-c, mtd-zk-0, END
EXP-LOAD, 2023-07-19T18:23:18.718, ubuntu22-c, mtd-zk-0, 0.749704
EXP-LOAD, 2023-07-19T18:23:24.928, ubuntu22-c, mtd-zk-0, 0.672184
EXP-LOAD, 2023-07-19T18:23:34.273, ubuntu22-c, mtd-zk-0, 0.672184
EXP-LEAD, 2023-07-19T18:23:35.957, ubuntu22-c, mtd-zk-0, START
EXP-LEAD, 2023-07-19T18:23:46.632, ubuntu22-c, mtd-zk-0, END
EXP-LOAD, 2023-07-19T18:23:47.821, ubuntu22-c, mtd-zk-0, 0.698329
EXP-LOAD, 2023-07-19T18:23:55.349, ubuntu22-c, mtd-zk-0, 0.657009
EXP-LOAD, 2023-07-19T18:24:04.532, ubuntu22-c, mtd-zk-0, 0.657009
EXP-LEAD, 2023-07-19T18:24:06.703, ubuntu22-c, mtd-zk-0, START
EXP-LEAD, 2023-07-19T18:24:15.404, ubuntu22-c, mtd-zk-0, END
EXP-LOAD, 2023-07-19T18:24:17.125, ubuntu22-c, mtd-zk-0, 0.715204
EXP-LOAD, 2023-07-19T18:24:24.612, ubuntu22-c, mtd-zk-0, 0.985001
EXP-LEAD, 2023-07-19T18:24:27.565, ubuntu22-c, mtd-zk-0, START
EXP-LEAD, 2023-07-19T18:24:33.054, ubuntu22-c, mtd-zk-0, END
EXP-LOAD, 2023-07-19T18:24:34.110, ubuntu22-c, mtd-zk-0, 0.794810
EXP-LOAD, 2023-07-19T18:24:40.745, ubuntu22-c, mtd-zk-0, 0.794810
EXP-LEAD, 2023-07-19T18:24:42.757, ubuntu22-c, mtd-zk-0, START
EXP-LEAD, 2023-07-19T18:24:51.325, ubuntu22-c, mtd-zk-0, END
EXP-LOAD, 2023-07-19T18:24:52.431, ubuntu22-c, mtd-zk-0, 0.690224
EXP-LOAD, 2023-07-19T18:25:01.995, ubuntu22-c, mtd-zk-0, 0.690224
EXP-LOAD, 2023-07-19T18:25:10.125, ubuntu22-c, mtd-zk-0, 0.597348
EXP-LEAD, 2023-07-19T18:25:12.144, ubuntu22-c, mtd-zk-0, START
EXP-LEAD, 2023-07-19T18:25:18.142, ubuntu22-c, mtd-zk-0, END
EXP-LOAD, 2023-07-19T18:25:19.238, ubuntu22-c, mtd-zk-0, 0.676206
EXP-LEAD, 2023-07-19T18:25:20.586, ubuntu22-c, mtd-zk-0, START
EXP-LEAD, 2023-07-19T18:25:26.481, ubuntu22-c, mtd-zk-0, END
EXP-LOAD, 2023-07-19T18:25:27.600, ubuntu22-c, mtd-zk-0, 0.676206
EXP-LOAD, 2023-07-19T18:25:34.772, ubuntu22-c, mtd-zk-0, 0.737021
EXP-LOAD, 2023-07-19T18:25:40.932, ubuntu22-c, mtd-zk-0, 0.737021
EXP-LOAD, 2023-07-19T18:25:49.481, ubuntu22-c, mtd-zk-0, 0.658439
EXP-LOAD, 2023-07-19T18:25:58.585, ubuntu22-c, mtd-zk-0, 0.658439
EXP-LOAD, 2023-07-19T18:26:05.675, ubuntu22-c, mtd-zk-0, 0.690649
EXP-LOAD, 2023-07-19T18:26:13.887, ubuntu22-c, mtd-zk-0, 0.690649
EXP-LEAD, 2023-07-19T18:26:16.141, ubuntu22-c, mtd-zk-0, START
EXP-LEAD, 2023-07-19T18:26:21.694, ubuntu22-c, mtd-zk-0, END
EXP-LOAD, 2023-07-19T18:26:22.757, ubuntu22-c, mtd-zk-0, 0.691004
EXP-LOAD, 2023-07-19T18:26:28.096, ubuntu22-c, mtd-zk-0, 0.691004
EXP-LEAD, 2023-07-19T18:26:30.186, ubuntu22-c, mtd-zk-0, START
EXP-LEAD, 2023-07-19T18:26:34.662, ubuntu22-c, mtd-zk-0, END
EXP-LOAD, 2023-07-19T18:26:35.725, ubuntu22-c, mtd-zk-0, 0.767812
EXP-LOAD, 2023-07-19T18:26:42.828, ubuntu22-c, mtd-zk-0, 0.767812
EXP-LOAD, 2023-07-19T18:26:54.053, ubuntu22-c, mtd-zk-0, 0.647416
EXP-LOAD, 2023-07-19T18:26:59.189, ubuntu22-c, mtd-zk-0, 0.647416
EXP-LEAD, 2023-07-19T18:27:00.169, ubuntu22-c, mtd-zk-0, START
EXP-LEAD, 2023-07-19T18:27:04.654, ubuntu22-c, mtd-zk-0, END
EXP-LOAD, 2023-07-19T18:27:05.725, ubuntu22-c, mtd-zk-0, 0.650807
EXP-LOAD, 2023-07-19T18:27:12.438, ubuntu22-c, mtd-zk-0, 0.650807
EXP-LOAD, 2023-07-19T18:27:25.563, ubuntu22-c, mtd-zk-0, 0.779417
EXP-LOAD, 2023-07-19T18:27:33.656, ubuntu22-c, mtd-zk-0, 0.779417
EXP-LOAD, 2023-07-19T18:27:39.374, ubuntu22-c, mtd-zk-0, 0.580802
EXP-LOAD, 2023-07-19T18:27:50.442, ubuntu22-c, mtd-zk-0, 0.699745
EXP-LOAD, 2023-07-19T18:27:56.549, ubuntu22-c, mtd-zk-0, 0.699745
EXP-LOAD, 2023-07-19T18:28:06.269, ubuntu22-c, mtd-zk-0, 0.594212
EXP-LEAD, 2023-07-19T18:28:07.792, ubuntu22-c, mtd-zk-0, START
EXP-LEAD, 2023-07-19T18:28:12.243, ubuntu22-c, mtd-zk-0, END
EXP-LOAD, 2023-07-19T18:28:13.299, ubuntu22-c, mtd-zk-0, 0.594212
EXP-LEAD, 2023-07-19T18:28:15.005, ubuntu22-c, mtd-zk-0, START
EXP-LEAD, 2023-07-19T18:28:22.722, ubuntu22-c, mtd-zk-0, END
EXP-LOAD, 2023-07-19T18:28:23.797, ubuntu22-c, mtd-zk-0, 0.638318
EXP-LEAD, 2023-07-19T18:28:25.125, ubuntu22-c, mtd-zk-0, START
EXP-LEAD, 2023-07-19T18:28:30.812, ubuntu22-c, mtd-zk-0, END
EXP-LOAD, 2023-07-19T18:28:31.894, ubuntu22-c, mtd-zk-0, 0.638318
EXP-LEAD, 2023-07-19T18:28:34.223, ubuntu22-c, mtd-zk-0, START
EXP-LEAD, 2023-07-19T18:28:41.757, ubuntu22-c, mtd-zk-0, END
EXP-LOAD, 2023-07-19T18:28:42.825, ubuntu22-c, mtd-zk-0, 0.613206
EXP-LOAD, 2023-07-19T18:28:48.432, ubuntu22-c, mtd-zk-0, 0.613206
EXP-LOAD, 2023-07-19T18:28:59.218, ubuntu22-c, mtd-zk-0, 0.678703
EXP-LOAD, 2023-07-19T18:29:07.888, ubuntu22-c, mtd-zk-0, 0.611203
EXP-LEAD, 2023-07-19T18:29:08.925, ubuntu22-c, mtd-zk-0, START
EXP-LEAD, 2023-07-19T18:29:18.649, ubuntu22-c, mtd-zk-0, END
EXP-LOAD, 2023-07-19T18:29:19.730, ubuntu22-c, mtd-zk-0, 0.638614
EXP-LOAD, 2023-07-19T18:29:26.165, ubuntu22-c, mtd-zk-0, 0.638614
EXP-LEAD, 2023-07-19T18:29:28.199, ubuntu22-c, mtd-zk-0, START
EXP-LEAD, 2023-07-19T18:29:33.800, ubuntu22-c, mtd-zk-0, END
EXP-LOAD, 2023-07-19T18:29:34.883, ubuntu22-c, mtd-zk-0, 0.722233
EXP-LOAD, 2023-07-19T18:29:46.461, ubuntu22-c, mtd-zk-0, 0.722233
EXP-LEAD, 2023-07-19T18:29:48.409, ubuntu22-c, mtd-zk-0, START
EXP-LEAD, 2023-07-19T18:29:53.960, ubuntu22-c, mtd-zk-0, END
EXP-LOAD, 2023-07-19T18:29:55.058, ubuntu22-c, mtd-zk-0, 0.692106
EXP-LOAD, 2023-07-19T18:30:18.046, ubuntu22-c, mtd-zk-0, 0.721606
EXP-LEAD, 2023-07-19T18:30:20.298, ubuntu22-c, mtd-zk-0, START
EXP-LEAD, 2023-07-19T18:30:27.956, ubuntu22-c, mtd-zk-0, END
EXP-LOAD, 2023-07-19T18:30:29.087, ubuntu22-c, mtd-zk-0, 0.577524
EXP-LOAD, 2023-07-19T18:30:38.701, ubuntu22-c, mtd-zk-0, 0.595211
EXP-LOAD, 2023-07-19T18:30:44.706, ubuntu22-c, mtd-zk-0, 0.595211
EXP-LOAD, 2023-07-19T18:30:55.227, ubuntu22-c, mtd-zk-0, 0.674102
EXP-LOAD, 2023-07-19T18:31:04.330, ubuntu22-c, mtd-zk-0, 0.598203
EXP-LEAD, 2023-07-19T18:31:07.414, ubuntu22-c, mtd-zk-0, START
EXP-LEAD, 2023-07-19T18:31:12.951, ubuntu22-c, mtd-zk-0, END
EXP-LOAD, 2023-07-19T18:31:14.010, ubuntu22-c, mtd-zk-0, 0.598203
EXP-LOAD, 2023-07-19T18:31:20.611, ubuntu22-c, mtd-zk-0, 0.682407
EXP-LOAD, 2023-07-19T18:31:27.245, ubuntu22-c, mtd-zk-0, 0.682407
EXP-LOAD, 2023-07-19T18:31:37.497, ubuntu22-c, mtd-zk-0, 0.729036
EXP-LOAD, 2023-07-19T18:31:45.063, ubuntu22-c, mtd-zk-0, 0.729036
EXP-LEAD, 2023-07-19T18:31:48.295, ubuntu22-c, mtd-zk-0, START
EXP-LEAD, 2023-07-19T18:31:55.853, ubuntu22-c, mtd-zk-0, END
EXP-LOAD, 2023-07-19T18:31:56.898, ubuntu22-c, mtd-zk-0, 0.816448
EXP-LEAD, 2023-07-19T18:31:57.458, ubuntu22-c, mtd-zk-0, START
EXP-LEAD, 2023-07-19T18:32:07.193, ubuntu22-c, mtd-zk-0, END
EXP-LOAD, 2023-07-19T18:32:08.290, ubuntu22-c, mtd-zk-0, 0.872553
EXP-LOAD, 2023-07-19T18:32:16.652, ubuntu22-c, mtd-zk-0, 0.872553
EXP-LOAD, 2023-07-19T18:32:25.431, ubuntu22-c, mtd-zk-0, 0.752211
EXP-LOAD, 2023-07-19T18:32:37.577, ubuntu22-c, mtd-zk-0, 0.622919
EXP-LOAD, 2023-07-19T18:32:45.659, ubuntu22-c, mtd-zk-0, 0.622919
EXP-LOAD, 2023-07-19T18:32:54.785, ubuntu22-c, mtd-zk-0, 0.658636
EXP-LOAD, 2023-07-19T18:33:02.907, ubuntu22-c, mtd-zk-0, 0.658636
EXP-LOAD, 2023-07-19T18:33:10.006, ubuntu22-c, mtd-zk-0, 0.661609
EXP-LOAD, 2023-07-19T18:33:18.115, ubuntu22-c, mtd-zk-0, 0.661609
EXP-LOAD, 2023-07-19T18:33:25.827, ubuntu22-c, mtd-zk-0, 0.729203
EXP-LOAD, 2023-07-19T18:33:35.865, ubuntu22-c, mtd-zk-0, 0.694106
EXP-LOAD, 2023-07-19T18:33:45.033, ubuntu22-c, mtd-zk-0, 0.694106
EXP-LOAD, 2023-07-19T18:33:58.411, ubuntu22-c, mtd-zk-0, 0.704230
EXP-LOAD, 2023-07-19T18:34:06.389, ubuntu22-c, mtd-zk-0, 0.661422
EXP-LEAD, 2023-07-19T18:34:07.999, ubuntu22-c, mtd-zk-0, START
EXP-LEAD, 2023-07-19T18:34:15.642, ubuntu22-c, mtd-zk-0, END
EXP-LOAD, 2023-07-19T18:34:16.713, ubuntu22-c, mtd-zk-0, 0.661422
EXP-LEAD, 2023-07-19T18:34:18.131, ubuntu22-c, mtd-zk-0, START
EXP-LEAD, 2023-07-19T18:34:22.692, ubuntu22-c, mtd-zk-0, END
EXP-LOAD, 2023-07-19T18:34:23.750, ubuntu22-c, mtd-zk-0, 0.702235
EXP-LOAD, 2023-07-19T18:34:35.365, ubuntu22-c, mtd-zk-0, 0.649820
EXP-LEAD, 2023-07-19T18:34:37.477, ubuntu22-c, mtd-zk-0, START
EXP-LEAD, 2023-07-19T18:34:43.082, ubuntu22-c, mtd-zk-0, END
EXP-LOAD, 2023-07-19T18:34:44.161, ubuntu22-c, mtd-zk-0, 0.649820
EXP-LEAD, 2023-07-19T18:34:45.559, ubuntu22-c, mtd-zk-0, START
EXP-LEAD, 2023-07-19T18:34:51.241, ubuntu22-c, mtd-zk-0, END
EXP-LOAD, 2023-07-19T18:34:52.309, ubuntu22-c, mtd-zk-0, 0.670840
EXP-LEAD, 2023-07-19T18:34:53.638, ubuntu22-c, mtd-zk-0, START
EXP-LEAD, 2023-07-19T18:35:02.226, ubuntu22-c, mtd-zk-0, END
EXP-LOAD, 2023-07-19T18:35:03.320, ubuntu22-c, mtd-zk-0, 0.670840
EXP-LOAD, 2023-07-19T18:35:09.808, ubuntu22-c, mtd-zk-0, 0.662113
EXP-LOAD, 2023-07-19T18:35:17.928, ubuntu22-c, mtd-zk-0, 0.662113
EXP-LOAD, 2023-07-19T18:35:27.630, ubuntu22-c, mtd-zk-0, 0.726203
EXP-LOAD, 2023-07-19T18:35:33.730, ubuntu22-c, mtd-zk-0, 0.726203
EXP-LOAD, 2023-07-19T18:35:40.413, ubuntu22-c, mtd-zk-0, 0.659233
EXP-LEAD, 2023-07-19T18:35:41.448, ubuntu22-c, mtd-zk-0, START
EXP-LEAD, 2023-07-19T18:35:49.089, ubuntu22-c, mtd-zk-0, END
EXP-LOAD, 2023-07-19T18:35:50.145, ubuntu22-c, mtd-zk-0, 0.673808
EXP-LOAD, 2023-07-19T18:35:56.602, ubuntu22-c, mtd-zk-0, 0.673808
EXP-LOAD, 2023-07-19T18:36:06.762, ubuntu22-c, mtd-zk-0, 0.645905
EXP-LOAD, 2023-07-19T18:36:14.494, ubuntu22-c, mtd-zk-0, 0.645905
EXP-LOAD, 2023-07-19T18:36:22.560, ubuntu22-c, mtd-zk-0, 0.689454
EXP-LOAD, 2023-07-19T18:36:30.328, ubuntu22-c, mtd-zk-0, 0.689454
EXP-LOAD, 2023-07-19T18:36:38.435, ubuntu22-c, mtd-zk-0, 0.683913
EXP-LOAD, 2023-07-19T18:36:45.534, ubuntu22-c, mtd-zk-0, 0.683913
EXP-LOAD, 2023-07-19T18:36:56.694, ubuntu22-c, mtd-zk-0, 0.630767
EXP-LOAD, 2023-07-19T18:37:05.823, ubuntu22-c, mtd-zk-0, 0.708404
EXP-LOAD, 2023-07-19T18:37:12.945, ubuntu22-c, mtd-zk-0, 0.708404
EXP-LEAD, 2023-07-19T18:37:13.981, ubuntu22-c, mtd-zk-0, START
EXP-LEAD, 2023-07-19T18:37:19.492, ubuntu22-c, mtd-zk-0, END
EXP-LOAD, 2023-07-19T18:37:20.560, ubuntu22-c, mtd-zk-0, 0.620604
EXP-LOAD, 2023-07-19T18:37:30.157, ubuntu22-c, mtd-zk-0, 0.620604
EXP-LEAD, 2023-07-19T18:37:32.798, ubuntu22-c, mtd-zk-0, START
EXP-LEAD, 2023-07-19T18:37:37.286, ubuntu22-c, mtd-zk-0, END
EXP-LOAD, 2023-07-19T18:37:38.352, ubuntu22-c, mtd-zk-0, 0.675010
EXP-LOAD, 2023-07-19T18:37:46.983, ubuntu22-c, mtd-zk-0, 0.675010
EXP-LOAD, 2023-07-19T18:37:52.137, ubuntu22-c, mtd-zk-0, 0.675844
EXP-LOAD, 2023-07-19T18:38:04.935, ubuntu22-c, mtd-zk-0, 0.648817
EXP-LOAD, 2023-07-19T18:38:13.954, ubuntu22-c, mtd-zk-0, 0.648817
EXP-LEAD, 2023-07-19T18:38:16.978, ubuntu22-c, mtd-zk-0, START
EXP-LEAD, 2023-07-19T18:38:22.916, ubuntu22-c, mtd-zk-0, END
EXP-LOAD, 2023-07-19T18:38:23.991, ubuntu22-c, mtd-zk-0, 0.689606
EXP-LOAD, 2023-07-19T18:38:35.298, ubuntu22-c, mtd-zk-0, 0.639923
EXP-LEAD, 2023-07-19T18:38:36.792, ubuntu22-c, mtd-zk-0, START
EXP-LEAD, 2023-07-19T18:38:42.398, ubuntu22-c, mtd-zk-0, END
EXP-LOAD, 2023-07-19T18:38:43.461, ubuntu22-c, mtd-zk-0, 0.639923
EXP-LEAD, 2023-07-19T18:38:44.937, ubuntu22-c, mtd-zk-0, START
EXP-LEAD, 2023-07-19T18:38:49.625, ubuntu22-c, mtd-zk-0, END
EXP-LOAD, 2023-07-19T18:38:50.710, ubuntu22-c, mtd-zk-0, 0.688211
EXP-LOAD, 2023-07-19T18:38:59.813, ubuntu22-c, mtd-zk-0, 0.688211
EXP-LOAD, 2023-07-19T18:39:11.015, ubuntu22-c, mtd-zk-0, 0.626033
EXP-LOAD, 2023-07-19T18:39:19.105, ubuntu22-c, mtd-zk-0, 0.662006
EXP-LOAD, 2023-07-19T18:39:28.247, ubuntu22-c, mtd-zk-0, 0.662006
EXP-LOAD, 2023-07-19T18:39:36.343, ubuntu22-c, mtd-zk-0, 0.645151
EXP-LOAD, 2023-07-19T18:39:46.487, ubuntu22-c, mtd-zk-0, 0.645151
EXP-LOAD, 2023-07-19T18:39:54.119, ubuntu22-c, mtd-zk-0, 0.651204
EXP-LOAD, 2023-07-19T18:40:05.481, ubuntu22-c, mtd-zk-0, 0.632429
EXP-LOAD, 2023-07-19T18:40:13.264, ubuntu22-c, mtd-zk-0, 0.632429
EXP-LOAD, 2023-07-19T18:40:21.380, ubuntu22-c, mtd-zk-0, 0.725405
EXP-LEAD, 2023-07-19T18:40:24.370, ubuntu22-c, mtd-zk-0, START
EXP-LEAD, 2023-07-19T18:40:32.920, ubuntu22-c, mtd-zk-0, END
EXP-LOAD, 2023-07-19T18:40:34.045, ubuntu22-c, mtd-zk-0, 0.644624
EXP-LOAD, 2023-07-19T18:40:42.579, ubuntu22-c, mtd-zk-0, 0.644624
EXP-LOAD, 2023-07-19T18:40:49.697, ubuntu22-c, mtd-zk-0, 0.597405
EXP-LEAD, 2023-07-19T18:40:50.187, ubuntu22-c, mtd-zk-0, START
EXP-LEAD, 2023-07-19T18:40:58.813, ubuntu22-c, mtd-zk-0, END
EXP-LOAD, 2023-07-19T18:40:59.880, ubuntu22-c, mtd-zk-0, 0.597405
EXP-LEAD, 2023-07-19T18:41:02.294, ubuntu22-c, mtd-zk-0, START
EXP-LEAD, 2023-07-19T18:41:07.797, ubuntu22-c, mtd-zk-0, END
EXP-LOAD, 2023-07-19T18:41:08.874, ubuntu22-c, mtd-zk-0, 0.668256
EXP-LEAD, 2023-07-19T18:41:10.437, ubuntu22-c, mtd-zk-0, START
EXP-LEAD, 2023-07-19T18:41:16.956, ubuntu22-c, mtd-zk-0, END
EXP-LOAD, 2023-07-19T18:41:18.033, ubuntu22-c, mtd-zk-0, 0.668256
EXP-LOAD, 2023-07-19T18:41:24.564, ubuntu22-c, mtd-zk-0, 0.649512
EXP-LOAD, 2023-07-19T18:41:31.707, ubuntu22-c, mtd-zk-0, 0.649512
EXP-LOAD, 2023-07-19T18:41:39.392, ubuntu22-c, mtd-zk-0, 0.657414
EXP-LEAD, 2023-07-19T18:41:40.412, ubuntu22-c, mtd-zk-0, START
EXP-LEAD, 2023-07-19T18:41:49.055, ubuntu22-c, mtd-zk-0, END
EXP-LOAD, 2023-07-19T18:41:50.132, ubuntu22-c, mtd-zk-0, 0.655412
EXP-LOAD, 2023-07-19T18:41:58.618, ubuntu22-c, mtd-zk-0, 0.655412
EXP-LOAD, 2023-07-19T18:42:10.157, ubuntu22-c, mtd-zk-0, 0.605803
EXP-LEAD, 2023-07-19T18:42:12.206, ubuntu22-c, mtd-zk-0, START
EXP-LEAD, 2023-07-19T18:42:16.777, ubuntu22-c, mtd-zk-0, END
EXP-LOAD, 2023-07-19T18:42:17.815, ubuntu22-c, mtd-zk-0, 0.605803
EXP-LEAD, 2023-07-19T18:42:20.280, ubuntu22-c, mtd-zk-0, START
EXP-LEAD, 2023-07-19T18:42:26.827, ubuntu22-c, mtd-zk-0, END
EXP-LOAD, 2023-07-19T18:42:27.920, ubuntu22-c, mtd-zk-0, 0.612299
EXP-LOAD, 2023-07-19T18:42:35.510, ubuntu22-c, mtd-zk-0, 0.660802
EXP-LOAD, 2023-07-19T18:42:43.016, ubuntu22-c, mtd-zk-0, 0.660802
EXP-LEAD, 2023-07-19T18:42:44.074, ubuntu22-c, mtd-zk-0, START
EXP-LEAD, 2023-07-19T18:42:49.587, ubuntu22-c, mtd-zk-0, END
EXP-LOAD, 2023-07-19T18:42:50.663, ubuntu22-c, mtd-zk-0, 0.694004
EXP-LOAD, 2023-07-19T18:42:57.286, ubuntu22-c, mtd-zk-0, 0.694004
EXP-LOAD, 2023-07-19T18:43:04.364, ubuntu22-c, mtd-zk-0, 0.711430
EXP-LOAD, 2023-07-19T18:43:13.459, ubuntu22-c, mtd-zk-0, 0.711430
EXP-LOAD, 2023-07-19T18:43:21.301, ubuntu22-c, mtd-zk-0, 0.681719
EXP-LOAD, 2023-07-19T18:43:29.410, ubuntu22-c, mtd-zk-0, 0.681719
EXP-LEAD, 2023-07-19T18:43:31.417, ubuntu22-c, mtd-zk-0, START
EXP-LEAD, 2023-07-19T18:43:37.087, ubuntu22-c, mtd-zk-0, END
EXP-LOAD, 2023-07-19T18:43:38.142, ubuntu22-c, mtd-zk-0, 0.703415
EXP-LOAD, 2023-07-19T18:43:44.565, ubuntu22-c, mtd-zk-0, 0.703415
EXP-LOAD, 2023-07-19T18:43:53.720, ubuntu22-c, mtd-zk-0, 0.677734
EXP-LOAD, 2023-07-19T18:43:59.838, ubuntu22-c, mtd-zk-0, 0.677734
EXP-LOAD, 2023-07-19T18:44:09.412, ubuntu22-c, mtd-zk-0, 0.704810
EXP-LOAD, 2023-07-19T18:44:18.516, ubuntu22-c, mtd-zk-0, 0.704810
EXP-LEAD, 2023-07-19T18:44:20.606, ubuntu22-c, mtd-zk-0, START
EXP-LEAD, 2023-07-19T18:44:29.295, ubuntu22-c, mtd-zk-0, END
EXP-LOAD, 2023-07-19T18:44:30.362, ubuntu22-c, mtd-zk-0, 0.660506
EXP-LOAD, 2023-07-19T18:44:37.715, ubuntu22-c, mtd-zk-0, 0.632810
EXP-LOAD, 2023-07-19T18:44:47.311, ubuntu22-c, mtd-zk-0, 0.632810
EXP-LOAD, 2023-07-19T18:44:55.452, ubuntu22-c, mtd-zk-0, 0.589740
EXP-LOAD, 2023-07-19T18:45:06.613, ubuntu22-c, mtd-zk-0, 0.658010
EXP-LOAD, 2023-07-19T18:45:12.741, ubuntu22-c, mtd-zk-0, 0.658010
EXP-LOAD, 2023-07-19T18:45:25.873, ubuntu22-c, mtd-zk-0, 0.637310
EXP-LOAD, 2023-07-19T18:45:31.988, ubuntu22-c, mtd-zk-0, 0.637310
EXP-LOAD, 2023-07-19T18:45:40.779, ubuntu22-c, mtd-zk-0, 0.594204
EXP-LEAD, 2023-07-19T18:45:40.816, ubuntu22-c, mtd-zk-0, START
EXP-LEAD, 2023-07-19T18:45:49.387, ubuntu22-c, mtd-zk-0, END
EXP-LOAD, 2023-07-19T18:45:50.466, ubuntu22-c, mtd-zk-0, 0.688809
EXP-LOAD, 2023-07-19T18:45:56.568, ubuntu22-c, mtd-zk-0, 0.688809
EXP-LEAD, 2023-07-19T18:45:58.083, ubuntu22-c, mtd-zk-0, START
EXP-LEAD, 2023-07-19T18:46:05.860, ubuntu22-c, mtd-zk-0, END
EXP-LOAD, 2023-07-19T18:46:06.969, ubuntu22-c, mtd-zk-0, 0.694805
EXP-LOAD, 2023-07-19T18:46:14.322, ubuntu22-c, mtd-zk-0, 0.694805
EXP-LOAD, 2023-07-19T18:46:25.573, ubuntu22-c, mtd-zk-0, 0.636484
EXP-LOAD, 2023-07-19T18:46:36.815, ubuntu22-c, mtd-zk-0, 0.673216
EXP-LOAD, 2023-07-19T18:46:43.918, ubuntu22-c, mtd-zk-0, 0.673216
EXP-LEAD, 2023-07-19T18:46:45.628, ubuntu22-c, mtd-zk-0, START
EXP-LEAD, 2023-07-19T18:46:51.250, ubuntu22-c, mtd-zk-0, END
EXP-LOAD, 2023-07-19T18:46:52.296, ubuntu22-c, mtd-zk-0, 0.632709
EXP-LOAD, 2023-07-19T18:46:59.823, ubuntu22-c, mtd-zk-0, 0.632709
EXP-LOAD, 2023-07-19T18:47:06.960, ubuntu22-c, mtd-zk-0, 0.706005
EXP-LEAD, 2023-07-19T18:47:10.000, ubuntu22-c, mtd-zk-0, START
EXP-LEAD, 2023-07-19T18:47:14.406, ubuntu22-c, mtd-zk-0, END
EXP-LOAD, 2023-07-19T18:47:15.532, ubuntu22-c, mtd-zk-0, 0.706005
EXP-LOAD, 2023-07-19T18:47:27.725, ubuntu22-c, mtd-zk-0, 0.711538
EXP-LEAD, 2023-07-19T18:47:29.417, ubuntu22-c, mtd-zk-0, START
EXP-LEAD, 2023-07-19T18:47:34.930, ubuntu22-c, mtd-zk-0, END
EXP-LOAD, 2023-07-19T18:47:35.970, ubuntu22-c, mtd-zk-0, 0.590214
EXP-LOAD, 2023-07-19T18:47:42.651, ubuntu22-c, mtd-zk-0, 0.590214
EXP-LOAD, 2023-07-19T18:47:51.773, ubuntu22-c, mtd-zk-0, 0.678446
EXP-LOAD, 2023-07-19T18:48:00.904, ubuntu22-c, mtd-zk-0, 0.678446
EXP-LOAD, 2023-07-19T18:48:09.011, ubuntu22-c, mtd-zk-0, 0.635410
EXP-LOAD, 2023-07-19T18:48:16.105, ubuntu22-c, mtd-zk-0, 0.635410
EXP-LOAD, 2023-07-19T18:48:24.248, ubuntu22-c, mtd-zk-0, 0.717521
EXP-LEAD, 2023-07-19T18:48:26.455, ubuntu22-c, mtd-zk-0, START
EXP-LEAD, 2023-07-19T18:48:32.017, ubuntu22-c, mtd-zk-0, END
EXP-LOAD, 2023-07-19T18:48:33.077, ubuntu22-c, mtd-zk-0, 0.717521
EXP-LOAD, 2023-07-19T18:48:40.443, ubuntu22-c, mtd-zk-0, 0.732543
EXP-LOAD, 2023-07-19T18:48:52.147, ubuntu22-c, mtd-zk-0, 0.625740
EXP-LOAD, 2023-07-19T18:49:00.791, ubuntu22-c, mtd-zk-0, 0.625740
EXP-LOAD, 2023-07-19T18:49:07.965, ubuntu22-c, mtd-zk-0, 0.653216
EXP-LOAD, 2023-07-19T18:49:18.044, ubuntu22-c, mtd-zk-0, 0.653216
EXP-LOAD, 2023-07-19T18:49:26.165, ubuntu22-c, mtd-zk-0, 0.659807
