EXP-LOAD, 2023-07-18T17:07:31.565, ubuntu22-b, mtd-zk-0, 0.577617
EXP-LEAD, 2023-07-18T17:07:32.806, ubuntu22-b, mtd-zk-0, START
EXP-LEAD, 2023-07-18T17:07:42.547, ubuntu22-b, mtd-zk-0, END
EXP-LOAD, 2023-07-18T17:07:43.710, ubuntu22-b, mtd-zk-0, 0.599723
EXP-LOAD, 2023-07-18T17:07:53.133, ubuntu22-b, mtd-zk-0, 0.798402
EXP-LEAD, 2023-07-18T17:07:55.338, ubuntu22-b, mtd-zk-0, START
EXP-LEAD, 2023-07-18T17:08:00.631, ubuntu22-b, mtd-zk-0, END
EXP-LOAD, 2023-07-18T17:08:01.744, ubuntu22-b, mtd-zk-0, 0.798402
EXP-LEAD, 2023-07-18T17:08:04.492, ubuntu22-b, mtd-zk-0, START
EXP-LEAD, 2023-07-18T17:08:12.559, ubuntu22-b, mtd-zk-0, END
EXP-LOAD, 2023-07-18T17:08:13.632, ubuntu22-b, mtd-zk-0, 0.695808
EXP-LOAD, 2023-07-18T17:08:20.866, ubuntu22-b, mtd-zk-0, 0.738624
EXP-LOAD, 2023-07-18T17:08:27.998, ubuntu22-b, mtd-zk-0, 0.738624
EXP-LOAD, 2023-07-18T17:08:39.134, ubuntu22-b, mtd-zk-0, 0.710816
EXP-LEAD, 2023-07-18T17:08:40.740, ubuntu22-b, mtd-zk-0, START
EXP-LEAD, 2023-07-18T17:08:45.519, ubuntu22-b, mtd-zk-0, END
EXP-LOAD, 2023-07-18T17:08:46.694, ubuntu22-b, mtd-zk-0, 0.710816
EXP-LOAD, 2023-07-18T17:08:57.007, ubuntu22-b, mtd-zk-0, 0.718205
EXP-LOAD, 2023-07-18T17:09:08.336, ubuntu22-b, mtd-zk-0, 0.659013
EXP-LOAD, 2023-07-18T17:09:15.396, ubuntu22-b, mtd-zk-0, 0.659013
EXP-LOAD, 2023-07-18T17:09:25.542, ubuntu22-b, mtd-zk-0, 0.697407
EXP-LOAD, 2023-07-18T17:09:34.180, ubuntu22-b, mtd-zk-0, 0.720206
EXP-LOAD, 2023-07-18T17:09:44.941, ubuntu22-b, mtd-zk-0, 0.720206
EXP-LOAD, 2023-07-18T17:09:51.995, ubuntu22-b, mtd-zk-0, 0.726806
EXP-LEAD, 2023-07-18T17:09:53.034, ubuntu22-b, mtd-zk-0, START
EXP-LEAD, 2023-07-18T17:10:03.119, ubuntu22-b, mtd-zk-0, END
EXP-LOAD, 2023-07-18T17:10:04.173, ubuntu22-b, mtd-zk-0, 0.747605
EXP-LOAD, 2023-07-18T17:10:12.283, ubuntu22-b, mtd-zk-0, 0.747605
EXP-LOAD, 2023-07-18T17:10:25.356, ubuntu22-b, mtd-zk-0, 0.647615
EXP-LOAD, 2023-07-18T17:10:32.475, ubuntu22-b, mtd-zk-0, 0.647615
EXP-LOAD, 2023-07-18T17:10:41.650, ubuntu22-b, mtd-zk-0, 0.655837
EXP-LOAD, 2023-07-18T17:10:53.787, ubuntu22-b, mtd-zk-0, 0.712408
EXP-LEAD, 2023-07-18T17:10:54.825, ubuntu22-b, mtd-zk-0, START
EXP-LEAD, 2023-07-18T17:10:59.390, ubuntu22-b, mtd-zk-0, END
EXP-LOAD, 2023-07-18T17:11:00.451, ubuntu22-b, mtd-zk-0, 0.712408
EXP-LOAD, 2023-07-18T17:11:09.033, ubuntu22-b, mtd-zk-0, 0.665819
EXP-LOAD, 2023-07-18T17:11:17.219, ubuntu22-b, mtd-zk-0, 0.665819
EXP-LOAD, 2023-07-18T17:11:23.745, ubuntu22-b, mtd-zk-0, 0.641013
EXP-LEAD, 2023-07-18T17:11:25.795, ubuntu22-b, mtd-zk-0, START
EXP-LEAD, 2023-07-18T17:11:33.568, ubuntu22-b, mtd-zk-0, END
EXP-LOAD, 2023-07-18T17:11:34.649, ubuntu22-b, mtd-zk-0, 0.678514
EXP-LEAD, 2023-07-18T17:11:36.932, ubuntu22-b, mtd-zk-0, START
EXP-LEAD, 2023-07-18T17:11:42.693, ubuntu22-b, mtd-zk-0, END
EXP-LOAD, 2023-07-18T17:11:43.757, ubuntu22-b, mtd-zk-0, 0.678514
EXP-LOAD, 2023-07-18T17:11:51.297, ubuntu22-b, mtd-zk-0, 0.634800
EXP-LEAD, 2023-07-18T17:11:52.317, ubuntu22-b, mtd-zk-0, START
EXP-LEAD, 2023-07-18T17:12:00.037, ubuntu22-b, mtd-zk-0, END
EXP-LOAD, 2023-07-18T17:12:01.083, ubuntu22-b, mtd-zk-0, 0.634800
EXP-LOAD, 2023-07-18T17:12:10.482, ubuntu22-b, mtd-zk-0, 0.697830
EXP-LOAD, 2023-07-18T17:12:20.644, ubuntu22-b, mtd-zk-0, 0.704206
EXP-LEAD, 2023-07-18T17:12:21.661, ubuntu22-b, mtd-zk-0, START
EXP-LEAD, 2023-07-18T17:12:27.250, ubuntu22-b, mtd-zk-0, END
EXP-LOAD, 2023-07-18T17:12:28.308, ubuntu22-b, mtd-zk-0, 0.704206
EXP-LOAD, 2023-07-18T17:12:35.879, ubuntu22-b, mtd-zk-0, 0.700118
EXP-LEAD, 2023-07-18T17:12:37.382, ubuntu22-b, mtd-zk-0, START
EXP-LEAD, 2023-07-18T17:12:43.045, ubuntu22-b, mtd-zk-0, END
EXP-LOAD, 2023-07-18T17:12:44.081, ubuntu22-b, mtd-zk-0, 0.700118
EXP-LEAD, 2023-07-18T17:12:45.615, ubuntu22-b, mtd-zk-0, START
EXP-LEAD, 2023-07-18T17:12:54.326, ubuntu22-b, mtd-zk-0, END
EXP-LOAD, 2023-07-18T17:12:55.385, ubuntu22-b, mtd-zk-0, 0.639608
EXP-LOAD, 2023-07-18T17:13:03.752, ubuntu22-b, mtd-zk-0, 0.639608
EXP-LOAD, 2023-07-18T17:13:14.891, ubuntu22-b, mtd-zk-0, 0.625156
EXP-LOAD, 2023-07-18T17:13:21.996, ubuntu22-b, mtd-zk-0, 0.760410
EXP-LOAD, 2023-07-18T17:13:32.131, ubuntu22-b, mtd-zk-0, 0.760410
EXP-LOAD, 2023-07-18T17:13:39.262, ubuntu22-b, mtd-zk-0, 0.689346
EXP-LOAD, 2023-07-18T17:13:45.376, ubuntu22-b, mtd-zk-0, 0.689346
EXP-LOAD, 2023-07-18T17:13:56.964, ubuntu22-b, mtd-zk-0, 0.648017
EXP-LOAD, 2023-07-18T17:14:04.135, ubuntu22-b, mtd-zk-0, 0.657609
EXP-LEAD, 2023-07-18T17:14:06.154, ubuntu22-b, mtd-zk-0, START
EXP-LEAD, 2023-07-18T17:14:11.011, ubuntu22-b, mtd-zk-0, END
EXP-LOAD, 2023-07-18T17:14:12.072, ubuntu22-b, mtd-zk-0, 0.657609
EXP-LOAD, 2023-07-18T17:14:18.360, ubuntu22-b, mtd-zk-0, 0.657609
EXP-LEAD, 2023-07-18T17:14:21.501, ubuntu22-b, mtd-zk-0, START
EXP-LEAD, 2023-07-18T17:14:31.254, ubuntu22-b, mtd-zk-0, END
EXP-LOAD, 2023-07-18T17:14:32.299, ubuntu22-b, mtd-zk-0, 0.790226
EXP-LEAD, 2023-07-18T17:14:34.562, ubuntu22-b, mtd-zk-0, START
EXP-LEAD, 2023-07-18T17:14:39.091, ubuntu22-b, mtd-zk-0, END
EXP-LOAD, 2023-07-18T17:14:40.140, ubuntu22-b, mtd-zk-0, 0.690710
EXP-LOAD, 2023-07-18T17:14:49.776, ubuntu22-b, mtd-zk-0, 0.698414
EXP-LOAD, 2023-07-18T17:14:56.845, ubuntu22-b, mtd-zk-0, 0.698414
EXP-LOAD, 2023-07-18T17:15:03.973, ubuntu22-b, mtd-zk-0, 0.698414
EXP-LOAD, 2023-07-18T17:15:14.128, ubuntu22-b, mtd-zk-0, 0.636019
EXP-LOAD, 2023-07-18T17:15:25.344, ubuntu22-b, mtd-zk-0, 0.690415
EXP-LOAD, 2023-07-18T17:15:35.358, ubuntu22-b, mtd-zk-0, 0.660810
EXP-LEAD, 2023-07-18T17:15:37.409, ubuntu22-b, mtd-zk-0, START
EXP-LEAD, 2023-07-18T17:15:45.025, ubuntu22-b, mtd-zk-0, END
EXP-LOAD, 2023-07-18T17:15:46.094, ubuntu22-b, mtd-zk-0, 0.660810
EXP-LOAD, 2023-07-18T17:15:53.648, ubuntu22-b, mtd-zk-0, 0.677916
EXP-LOAD, 2023-07-18T17:16:05.710, ubuntu22-b, mtd-zk-0, 0.654817
EXP-LOAD, 2023-07-18T17:16:13.560, ubuntu22-b, mtd-zk-0, 0.654817
EXP-LOAD, 2023-07-18T17:16:22.770, ubuntu22-b, mtd-zk-0, 0.684512
EXP-LEAD, 2023-07-18T17:16:24.708, ubuntu22-b, mtd-zk-0, START
EXP-LEAD, 2023-07-18T17:16:30.297, ubuntu22-b, mtd-zk-0, END
EXP-LOAD, 2023-07-18T17:16:31.355, ubuntu22-b, mtd-zk-0, 0.684512
EXP-LEAD, 2023-07-18T17:16:31.412, ubuntu22-b, mtd-zk-0, START
EXP-LEAD, 2023-07-18T17:16:37.033, ubuntu22-b, mtd-zk-0, END
EXP-LOAD, 2023-07-18T17:16:38.106, ubuntu22-b, mtd-zk-0, 0.723605
EXP-LOAD, 2023-07-18T17:16:47.190, ubuntu22-b, mtd-zk-0, 0.723605
EXP-LOAD, 2023-07-18T17:16:53.276, ubuntu22-b, mtd-zk-0, 0.697607
EXP-LOAD, 2023-07-18T17:17:02.414, ubuntu22-b, mtd-zk-0, 0.697607
EXP-LOAD, 2023-07-18T17:17:10.080, ubuntu22-b, mtd-zk-0, 0.640822
EXP-LOAD, 2023-07-18T17:17:18.631, ubuntu22-b, mtd-zk-0, 0.640822
EXP-LEAD, 2023-07-18T17:17:20.676, ubuntu22-b, mtd-zk-0, START
EXP-LEAD, 2023-07-18T17:17:28.263, ubuntu22-b, mtd-zk-0, END
EXP-LOAD, 2023-07-18T17:17:29.312, ubuntu22-b, mtd-zk-0, 0.669414
EXP-LOAD, 2023-07-18T17:17:35.185, ubuntu22-b, mtd-zk-0, 0.781610
EXP-LOAD, 2023-07-18T17:17:43.999, ubuntu22-b, mtd-zk-0, 0.781610
EXP-LOAD, 2023-07-18T17:17:52.154, ubuntu22-b, mtd-zk-0, 0.677613
EXP-LEAD, 2023-07-18T17:17:54.173, ubuntu22-b, mtd-zk-0, START
EXP-LEAD, 2023-07-18T17:17:59.795, ubuntu22-b, mtd-zk-0, END
EXP-LOAD, 2023-07-18T17:18:00.841, ubuntu22-b, mtd-zk-0, 0.677613
EXP-LOAD, 2023-07-18T17:18:11.951, ubuntu22-b, mtd-zk-0, 0.593282
EXP-LOAD, 2023-07-18T17:18:21.047, ubuntu22-b, mtd-zk-0, 0.630807
EXP-LOAD, 2023-07-18T17:18:29.215, ubuntu22-b, mtd-zk-0, 0.630807
EXP-LOAD, 2023-07-18T17:18:37.305, ubuntu22-b, mtd-zk-0, 0.695802
EXP-LOAD, 2023-07-18T17:18:45.025, ubuntu22-b, mtd-zk-0, 0.695802
EXP-LOAD, 2023-07-18T17:18:55.561, ubuntu22-b, mtd-zk-0, 0.639713
EXP-LOAD, 2023-07-18T17:19:02.738, ubuntu22-b, mtd-zk-0, 0.639713
EXP-LOAD, 2023-07-18T17:19:12.820, ubuntu22-b, mtd-zk-0, 0.664817
EXP-LOAD, 2023-07-18T17:19:19.932, ubuntu22-b, mtd-zk-0, 0.718512
EXP-LOAD, 2023-07-18T17:19:27.050, ubuntu22-b, mtd-zk-0, 0.718512
EXP-LOAD, 2023-07-18T17:19:37.113, ubuntu22-b, mtd-zk-0, 0.718607
EXP-LOAD, 2023-07-18T17:19:44.211, ubuntu22-b, mtd-zk-0, 0.718607
EXP-LOAD, 2023-07-18T17:19:54.354, ubuntu22-b, mtd-zk-0, 0.689710
EXP-LOAD, 2023-07-18T17:20:00.481, ubuntu22-b, mtd-zk-0, 0.689710
EXP-LOAD, 2023-07-18T17:20:07.656, ubuntu22-b, mtd-zk-0, 0.684408
EXP-LOAD, 2023-07-18T17:20:18.729, ubuntu22-b, mtd-zk-0, 0.684408
EXP-LOAD, 2023-07-18T17:20:25.885, ubuntu22-b, mtd-zk-0, 0.667818
EXP-LOAD, 2023-07-18T17:20:38.995, ubuntu22-b, mtd-zk-0, 0.682013
EXP-LOAD, 2023-07-18T17:20:46.134, ubuntu22-b, mtd-zk-0, 0.682013
EXP-LOAD, 2023-07-18T17:20:58.240, ubuntu22-b, mtd-zk-0, 0.652862
EXP-LOAD, 2023-07-18T17:21:04.360, ubuntu22-b, mtd-zk-0, 0.714432
EXP-LOAD, 2023-07-18T17:21:10.952, ubuntu22-b, mtd-zk-0, 0.714432
EXP-LEAD, 2023-07-18T17:21:11.489, ubuntu22-b, mtd-zk-0, START
EXP-LEAD, 2023-07-18T17:21:16.219, ubuntu22-b, mtd-zk-0, END
EXP-LOAD, 2023-07-18T17:21:17.257, ubuntu22-b, mtd-zk-0, 0.714432
EXP-LOAD, 2023-07-18T17:21:23.380, ubuntu22-b, mtd-zk-0, 0.680606
EXP-LEAD, 2023-07-18T17:21:24.890, ubuntu22-b, mtd-zk-0, START
EXP-LEAD, 2023-07-18T17:21:33.600, ubuntu22-b, mtd-zk-0, END
EXP-LOAD, 2023-07-18T17:21:34.645, ubuntu22-b, mtd-zk-0, 0.647611
EXP-LEAD, 2023-07-18T17:21:35.707, ubuntu22-b, mtd-zk-0, START
EXP-LEAD, 2023-07-18T17:21:40.186, ubuntu22-b, mtd-zk-0, END
EXP-LOAD, 2023-07-18T17:21:41.232, ubuntu22-b, mtd-zk-0, 0.647611
EXP-LOAD, 2023-07-18T17:21:50.321, ubuntu22-b, mtd-zk-0, 0.693018
EXP-LOAD, 2023-07-18T17:21:57.429, ubuntu22-b, mtd-zk-0, 0.693018
EXP-LEAD, 2023-07-18T17:21:57.475, ubuntu22-b, mtd-zk-0, START
EXP-LEAD, 2023-07-18T17:22:05.167, ubuntu22-b, mtd-zk-0, END
EXP-LOAD, 2023-07-18T17:22:06.237, ubuntu22-b, mtd-zk-0, 0.605824
EXP-LOAD, 2023-07-18T17:22:13.376, ubuntu22-b, mtd-zk-0, 0.605824
EXP-LOAD, 2023-07-18T17:22:21.480, ubuntu22-b, mtd-zk-0, 0.679221
EXP-LOAD, 2023-07-18T17:22:31.602, ubuntu22-b, mtd-zk-0, 0.679221
EXP-LOAD, 2023-07-18T17:22:40.663, ubuntu22-b, mtd-zk-0, 0.628375
EXP-LEAD, 2023-07-18T17:22:41.753, ubuntu22-b, mtd-zk-0, START
EXP-LEAD, 2023-07-18T17:22:46.330, ubuntu22-b, mtd-zk-0, END
EXP-LOAD, 2023-07-18T17:22:47.388, ubuntu22-b, mtd-zk-0, 0.628375
EXP-LEAD, 2023-07-18T17:22:48.855, ubuntu22-b, mtd-zk-0, START
EXP-LEAD, 2023-07-18T17:22:53.431, ubuntu22-b, mtd-zk-0, END
EXP-LOAD, 2023-07-18T17:22:54.470, ubuntu22-b, mtd-zk-0, 0.677510
EXP-LOAD, 2023-07-18T17:23:01.999, ubuntu22-b, mtd-zk-0, 0.677510
EXP-LEAD, 2023-07-18T17:23:04.037, ubuntu22-b, mtd-zk-0, START
EXP-LEAD, 2023-07-18T17:23:11.626, ubuntu22-b, mtd-zk-0, END
EXP-LOAD, 2023-07-18T17:23:12.680, ubuntu22-b, mtd-zk-0, 0.657424
EXP-LEAD, 2023-07-18T17:23:13.707, ubuntu22-b, mtd-zk-0, START
EXP-LEAD, 2023-07-18T17:23:19.262, ubuntu22-b, mtd-zk-0, END
EXP-LOAD, 2023-07-18T17:23:20.314, ubuntu22-b, mtd-zk-0, 0.686007
EXP-LOAD, 2023-07-18T17:23:31.969, ubuntu22-b, mtd-zk-0, 0.686007
EXP-LOAD, 2023-07-18T17:23:37.062, ubuntu22-b, mtd-zk-0, 0.694224
EXP-LOAD, 2023-07-18T17:23:46.685, ubuntu22-b, mtd-zk-0, 0.694224
EXP-LEAD, 2023-07-18T17:23:48.307, ubuntu22-b, mtd-zk-0, START
EXP-LEAD, 2023-07-18T17:23:52.917, ubuntu22-b, mtd-zk-0, END
EXP-LOAD, 2023-07-18T17:23:53.985, ubuntu22-b, mtd-zk-0, 0.706621
EXP-LOAD, 2023-07-18T17:24:03.551, ubuntu22-b, mtd-zk-0, 0.706621
EXP-LEAD, 2023-07-18T17:24:05.583, ubuntu22-b, mtd-zk-0, START
EXP-LEAD, 2023-07-18T17:24:10.057, ubuntu22-b, mtd-zk-0, END
EXP-LOAD, 2023-07-18T17:24:11.179, ubuntu22-b, mtd-zk-0, 0.677217
EXP-LEAD, 2023-07-18T17:24:12.674, ubuntu22-b, mtd-zk-0, START
EXP-LEAD, 2023-07-18T17:24:18.225, ubuntu22-b, mtd-zk-0, END
EXP-LOAD, 2023-07-18T17:24:19.282, ubuntu22-b, mtd-zk-0, 0.660294
EXP-LOAD, 2023-07-18T17:24:25.907, ubuntu22-b, mtd-zk-0, 0.660294
EXP-LOAD, 2023-07-18T17:24:37.480, ubuntu22-b, mtd-zk-0, 0.654628
EXP-LEAD, 2023-07-18T17:24:38.512, ubuntu22-b, mtd-zk-0, START
EXP-LEAD, 2023-07-18T17:24:44.217, ubuntu22-b, mtd-zk-0, END
EXP-LOAD, 2023-07-18T17:24:45.286, ubuntu22-b, mtd-zk-0, 0.654628
EXP-LOAD, 2023-07-18T17:24:55.718, ubuntu22-b, mtd-zk-0, 0.693220
EXP-LOAD, 2023-07-18T17:25:03.987, ubuntu22-b, mtd-zk-0, 0.693220
EXP-LOAD, 2023-07-18T17:25:13.147, ubuntu22-b, mtd-zk-0, 0.717220
EXP-LOAD, 2023-07-18T17:25:19.223, ubuntu22-b, mtd-zk-0, 0.635209
EXP-LOAD, 2023-07-18T17:25:28.462, ubuntu22-b, mtd-zk-0, 0.635209
EXP-LOAD, 2023-07-18T17:25:39.531, ubuntu22-b, mtd-zk-0, 0.654813
EXP-LOAD, 2023-07-18T17:25:46.646, ubuntu22-b, mtd-zk-0, 0.654813
EXP-LOAD, 2023-07-18T17:25:54.813, ubuntu22-b, mtd-zk-0, 0.705315
EXP-LOAD, 2023-07-18T17:26:02.866, ubuntu22-b, mtd-zk-0, 0.705315
EXP-LOAD, 2023-07-18T17:26:11.636, ubuntu22-b, mtd-zk-0, 0.681417
EXP-LOAD, 2023-07-18T17:26:21.738, ubuntu22-b, mtd-zk-0, 0.646312
EXP-LOAD, 2023-07-18T17:26:30.841, ubuntu22-b, mtd-zk-0, 0.646312
EXP-LEAD, 2023-07-18T17:26:32.940, ubuntu22-b, mtd-zk-0, START
EXP-LEAD, 2023-07-18T17:26:42.530, ubuntu22-b, mtd-zk-0, END
EXP-LOAD, 2023-07-18T17:26:43.600, ubuntu22-b, mtd-zk-0, 0.598003
EXP-LEAD, 2023-07-18T17:26:46.042, ubuntu22-b, mtd-zk-0, START
EXP-LEAD, 2023-07-18T17:26:50.487, ubuntu22-b, mtd-zk-0, END
EXP-LOAD, 2023-07-18T17:26:51.530, ubuntu22-b, mtd-zk-0, 0.689407
EXP-LOAD, 2023-07-18T17:27:02.275, ubuntu22-b, mtd-zk-0, 0.689407
EXP-LOAD, 2023-07-18T17:27:09.370, ubuntu22-b, mtd-zk-0, 0.740206
EXP-LOAD, 2023-07-18T17:27:18.495, ubuntu22-b, mtd-zk-0, 0.740206
EXP-LEAD, 2023-07-18T17:27:20.096, ubuntu22-b, mtd-zk-0, START
EXP-LEAD, 2023-07-18T17:27:25.665, ubuntu22-b, mtd-zk-0, END
EXP-LOAD, 2023-07-18T17:27:26.731, ubuntu22-b, mtd-zk-0, 0.671005
EXP-LOAD, 2023-07-18T17:27:34.272, ubuntu22-b, mtd-zk-0, 0.676105
EXP-LEAD, 2023-07-18T17:27:36.311, ubuntu22-b, mtd-zk-0, START
EXP-LEAD, 2023-07-18T17:27:43.938, ubuntu22-b, mtd-zk-0, END
EXP-LOAD, 2023-07-18T17:27:44.983, ubuntu22-b, mtd-zk-0, 0.676105
EXP-LOAD, 2023-07-18T17:27:51.571, ubuntu22-b, mtd-zk-0, 0.699205
EXP-LOAD, 2023-07-18T17:28:03.121, ubuntu22-b, mtd-zk-0, 0.699205
EXP-LOAD, 2023-07-18T17:28:11.188, ubuntu22-b, mtd-zk-0, 0.705308
EXP-LEAD, 2023-07-18T17:28:14.214, ubuntu22-b, mtd-zk-0, START
EXP-LEAD, 2023-07-18T17:28:24.066, ubuntu22-b, mtd-zk-0, END
EXP-LOAD, 2023-07-18T17:28:25.131, ubuntu22-b, mtd-zk-0, 0.667414
EXP-LOAD, 2023-07-18T17:28:32.352, ubuntu22-b, mtd-zk-0, 0.667414
EXP-LOAD, 2023-07-18T17:28:42.443, ubuntu22-b, mtd-zk-0, 0.670505
EXP-LOAD, 2023-07-18T17:28:48.508, ubuntu22-b, mtd-zk-0, 0.670505
EXP-LOAD, 2023-07-18T17:28:59.586, ubuntu22-b, mtd-zk-0, 0.671232
EXP-LOAD, 2023-07-18T17:29:06.661, ubuntu22-b, mtd-zk-0, 0.629615
EXP-LOAD, 2023-07-18T17:29:16.783, ubuntu22-b, mtd-zk-0, 0.629615
EXP-LOAD, 2023-07-18T17:29:24.910, ubuntu22-b, mtd-zk-0, 0.736408
EXP-LOAD, 2023-07-18T17:29:33.094, ubuntu22-b, mtd-zk-0, 0.736408
EXP-LOAD, 2023-07-18T17:29:41.235, ubuntu22-b, mtd-zk-0, 0.681205
EXP-LOAD, 2023-07-18T17:29:49.776, ubuntu22-b, mtd-zk-0, 0.645804
EXP-LOAD, 2023-07-18T17:29:58.879, ubuntu22-b, mtd-zk-0, 0.645804
EXP-LOAD, 2023-07-18T17:30:06.797, ubuntu22-b, mtd-zk-0, 0.625921
EXP-LOAD, 2023-07-18T17:30:20.478, ubuntu22-b, mtd-zk-0, 0.674409
EXP-LOAD, 2023-07-18T17:30:27.397, ubuntu22-b, mtd-zk-0, 0.674409
EXP-LOAD, 2023-07-18T17:30:37.501, ubuntu22-b, mtd-zk-0, 0.694821
EXP-LOAD, 2023-07-18T17:30:44.148, ubuntu22-b, mtd-zk-0, 0.694821
EXP-LOAD, 2023-07-18T17:30:55.200, ubuntu22-b, mtd-zk-0, 0.712430
EXP-LOAD, 2023-07-18T17:31:02.750, ubuntu22-b, mtd-zk-0, 0.712430
EXP-LOAD, 2023-07-18T17:31:15.877, ubuntu22-b, mtd-zk-0, 0.678111
EXP-LOAD, 2023-07-18T17:31:22.991, ubuntu22-b, mtd-zk-0, 0.770206
EXP-LEAD, 2023-07-18T17:31:24.028, ubuntu22-b, mtd-zk-0, START
EXP-LEAD, 2023-07-18T17:31:28.512, ubuntu22-b, mtd-zk-0, END
EXP-LOAD, 2023-07-18T17:31:29.564, ubuntu22-b, mtd-zk-0, 0.770206
EXP-LEAD, 2023-07-18T17:31:30.601, ubuntu22-b, mtd-zk-0, START
EXP-LEAD, 2023-07-18T17:31:35.143, ubuntu22-b, mtd-zk-0, END
EXP-LOAD, 2023-07-18T17:31:36.179, ubuntu22-b, mtd-zk-0, 0.681849
EXP-LOAD, 2023-07-18T17:31:45.793, ubuntu22-b, mtd-zk-0, 0.681849
EXP-LOAD, 2023-07-18T17:31:54.047, ubuntu22-b, mtd-zk-0, 0.658416
EXP-LOAD, 2023-07-18T17:32:02.108, ubuntu22-b, mtd-zk-0, 0.658416
EXP-LOAD, 2023-07-18T17:32:13.194, ubuntu22-b, mtd-zk-0, 0.757205
EXP-LOAD, 2023-07-18T17:32:20.275, ubuntu22-b, mtd-zk-0, 0.735620
EXP-LOAD, 2023-07-18T17:32:26.397, ubuntu22-b, mtd-zk-0, 0.735620
EXP-LEAD, 2023-07-18T17:32:28.446, ubuntu22-b, mtd-zk-0, START
EXP-LEAD, 2023-07-18T17:32:37.099, ubuntu22-b, mtd-zk-0, END
EXP-LOAD, 2023-07-18T17:32:38.151, ubuntu22-b, mtd-zk-0, 0.679117
EXP-LOAD, 2023-07-18T17:32:44.580, ubuntu22-b, mtd-zk-0, 0.679117
EXP-LOAD, 2023-07-18T17:32:55.699, ubuntu22-b, mtd-zk-0, 0.684420
EXP-LEAD, 2023-07-18T17:32:56.750, ubuntu22-b, mtd-zk-0, START
EXP-LEAD, 2023-07-18T17:33:01.361, ubuntu22-b, mtd-zk-0, END
EXP-LOAD, 2023-07-18T17:33:02.450, ubuntu22-b, mtd-zk-0, 0.684420
EXP-LOAD, 2023-07-18T17:33:08.564, ubuntu22-b, mtd-zk-0, 0.648581
EXP-LOAD, 2023-07-18T17:33:21.775, ubuntu22-b, mtd-zk-0, 0.723206
EXP-LOAD, 2023-07-18T17:33:27.766, ubuntu22-b, mtd-zk-0, 0.723206
EXP-LOAD, 2023-07-18T17:33:35.868, ubuntu22-b, mtd-zk-0, 0.729512
EXP-LOAD, 2023-07-18T17:33:44.562, ubuntu22-b, mtd-zk-0, 0.729512
EXP-LOAD, 2023-07-18T17:33:51.785, ubuntu22-b, mtd-zk-0, 0.645211
EXP-LOAD, 2023-07-18T17:34:01.039, ubuntu22-b, mtd-zk-0, 0.645211
EXP-LOAD, 2023-07-18T17:34:11.275, ubuntu22-b, mtd-zk-0, 0.652906
EXP-LEAD, 2023-07-18T17:34:13.282, ubuntu22-b, mtd-zk-0, START
EXP-LEAD, 2023-07-18T17:34:18.847, ubuntu22-b, mtd-zk-0, END
EXP-LOAD, 2023-07-18T17:34:19.891, ubuntu22-b, mtd-zk-0, 0.660004
EXP-LEAD, 2023-07-18T17:34:21.401, ubuntu22-b, mtd-zk-0, START
EXP-LEAD, 2023-07-18T17:34:26.150, ubuntu22-b, mtd-zk-0, END
EXP-LOAD, 2023-07-18T17:34:27.236, ubuntu22-b, mtd-zk-0, 0.660004
EXP-LOAD, 2023-07-18T17:34:35.550, ubuntu22-b, mtd-zk-0, 0.691608
EXP-LOAD, 2023-07-18T17:34:43.749, ubuntu22-b, mtd-zk-0, 0.691608
EXP-LOAD, 2023-07-18T17:34:52.728, ubuntu22-b, mtd-zk-0, 0.674019
EXP-LOAD, 2023-07-18T17:35:00.824, ubuntu22-b, mtd-zk-0, 0.674019
EXP-LEAD, 2023-07-18T17:35:01.855, ubuntu22-b, mtd-zk-0, START
EXP-LEAD, 2023-07-18T17:35:10.577, ubuntu22-b, mtd-zk-0, END
EXP-LOAD, 2023-07-18T17:35:11.655, ubuntu22-b, mtd-zk-0, 0.635127
EXP-LEAD, 2023-07-18T17:35:12.997, ubuntu22-b, mtd-zk-0, START
EXP-LEAD, 2023-07-18T17:35:18.522, ubuntu22-b, mtd-zk-0, END
EXP-LOAD, 2023-07-18T17:35:19.557, ubuntu22-b, mtd-zk-0, 0.669403
EXP-LOAD, 2023-07-18T17:35:32.659, ubuntu22-b, mtd-zk-0, 0.669403
EXP-LOAD, 2023-07-18T17:35:39.766, ubuntu22-b, mtd-zk-0, 0.705520
EXP-LOAD, 2023-07-18T17:35:47.860, ubuntu22-b, mtd-zk-0, 0.705520
EXP-LOAD, 2023-07-18T17:35:57.976, ubuntu22-b, mtd-zk-0, 0.723003
EXP-LOAD, 2023-07-18T17:36:05.498, ubuntu22-b, mtd-zk-0, 0.619154
EXP-LOAD, 2023-07-18T17:36:13.658, ubuntu22-b, mtd-zk-0, 0.619154
EXP-LOAD, 2023-07-18T17:36:24.749, ubuntu22-b, mtd-zk-0, 0.688417
EXP-LOAD, 2023-07-18T17:36:34.293, ubuntu22-b, mtd-zk-0, 0.689116
EXP-LOAD, 2023-07-18T17:36:41.445, ubuntu22-b, mtd-zk-0, 0.689116
EXP-LOAD, 2023-07-18T17:36:51.595, ubuntu22-b, mtd-zk-0, 0.693822
EXP-LOAD, 2023-07-18T17:36:59.433, ubuntu22-b, mtd-zk-0, 0.693822
EXP-LOAD, 2023-07-18T17:37:06.561, ubuntu22-b, mtd-zk-0, 0.673414
EXP-LEAD, 2023-07-18T17:37:07.635, ubuntu22-b, mtd-zk-0, START
EXP-LEAD, 2023-07-18T17:37:16.276, ubuntu22-b, mtd-zk-0, END
EXP-LOAD, 2023-07-18T17:37:17.332, ubuntu22-b, mtd-zk-0, 0.673414
EXP-LEAD, 2023-07-18T17:37:18.771, ubuntu22-b, mtd-zk-0, START
EXP-LEAD, 2023-07-18T17:37:24.272, ubuntu22-b, mtd-zk-0, END
EXP-LOAD, 2023-07-18T17:37:25.312, ubuntu22-b, mtd-zk-0, 0.649748
EXP-LOAD, 2023-07-18T17:37:35.979, ubuntu22-b, mtd-zk-0, 0.705923
EXP-LOAD, 2023-07-18T17:37:43.292, ubuntu22-b, mtd-zk-0, 0.705923
EXP-LOAD, 2023-07-18T17:37:55.920, ubuntu22-b, mtd-zk-0, 0.682405
EXP-LEAD, 2023-07-18T17:37:56.958, ubuntu22-b, mtd-zk-0, START
EXP-LEAD, 2023-07-18T17:38:01.468, ubuntu22-b, mtd-zk-0, END
EXP-LOAD, 2023-07-18T17:38:02.524, ubuntu22-b, mtd-zk-0, 0.682405
EXP-LEAD, 2023-07-18T17:38:03.611, ubuntu22-b, mtd-zk-0, START
EXP-LEAD, 2023-07-18T17:38:11.178, ubuntu22-b, mtd-zk-0, END
EXP-LOAD, 2023-07-18T17:38:12.235, ubuntu22-b, mtd-zk-0, 0.670112
EXP-LOAD, 2023-07-18T17:38:20.766, ubuntu22-b, mtd-zk-0, 0.722205
EXP-LOAD, 2023-07-18T17:38:26.854, ubuntu22-b, mtd-zk-0, 0.722205
EXP-LOAD, 2023-07-18T17:38:36.750, ubuntu22-b, mtd-zk-0, 0.620296
EXP-LOAD, 2023-07-18T17:38:44.128, ubuntu22-b, mtd-zk-0, 0.620296
EXP-LEAD, 2023-07-18T17:38:46.679, ubuntu22-b, mtd-zk-0, START
EXP-LEAD, 2023-07-18T17:38:57.801, ubuntu22-b, mtd-zk-0, END
EXP-LOAD, 2023-07-18T17:38:58.865, ubuntu22-b, mtd-zk-0, 0.753624
EXP-LOAD, 2023-07-18T17:39:05.844, ubuntu22-b, mtd-zk-0, 0.752909
EXP-LEAD, 2023-07-18T17:39:07.905, ubuntu22-b, mtd-zk-0, START
EXP-LEAD, 2023-07-18T17:39:13.420, ubuntu22-b, mtd-zk-0, END
EXP-LOAD, 2023-07-18T17:39:14.478, ubuntu22-b, mtd-zk-0, 0.752909
EXP-LOAD, 2023-07-18T17:39:24.649, ubuntu22-b, mtd-zk-0, 0.671403
EXP-LOAD, 2023-07-18T17:39:32.762, ubuntu22-b, mtd-zk-0, 0.671403
EXP-LOAD, 2023-07-18T17:39:45.381, ubuntu22-b, mtd-zk-0, 0.687309
EXP-LOAD, 2023-07-18T17:39:54.477, ubuntu22-b, mtd-zk-0, 0.732423
EXP-LEAD, 2023-07-18T17:39:55.564, ubuntu22-b, mtd-zk-0, START
EXP-LEAD, 2023-07-18T17:40:02.223, ubuntu22-b, mtd-zk-0, END
EXP-LOAD, 2023-07-18T17:40:03.273, ubuntu22-b, mtd-zk-0, 0.732423
EXP-LOAD, 2023-07-18T17:40:09.683, ubuntu22-b, mtd-zk-0, 0.672823
EXP-LEAD, 2023-07-18T17:40:11.750, ubuntu22-b, mtd-zk-0, START
EXP-LEAD, 2023-07-18T17:40:16.458, ubuntu22-b, mtd-zk-0, END
EXP-LOAD, 2023-07-18T17:40:17.570, ubuntu22-b, mtd-zk-0, 0.672823
EXP-LOAD, 2023-07-18T17:40:27.927, ubuntu22-b, mtd-zk-0, 0.688417
EXP-LOAD, 2023-07-18T17:40:35.028, ubuntu22-b, mtd-zk-0, 0.648718
EXP-LOAD, 2023-07-18T17:40:45.137, ubuntu22-b, mtd-zk-0, 0.648718
EXP-LOAD, 2023-07-18T17:40:52.263, ubuntu22-b, mtd-zk-0, 0.706017
EXP-LOAD, 2023-07-18T17:41:01.420, ubuntu22-b, mtd-zk-0, 0.706017
EXP-LEAD, 2023-07-18T17:41:03.447, ubuntu22-b, mtd-zk-0, START
EXP-LEAD, 2023-07-18T17:41:08.024, ubuntu22-b, mtd-zk-0, END
EXP-LOAD, 2023-07-18T17:41:09.077, ubuntu22-b, mtd-zk-0, 0.767804
EXP-LOAD, 2023-07-18T17:41:17.199, ubuntu22-b, mtd-zk-0, 0.767804
EXP-LOAD, 2023-07-18T17:41:24.271, ubuntu22-b, mtd-zk-0, 0.636588
EXP-LEAD, 2023-07-18T17:41:26.298, ubuntu22-b, mtd-zk-0, START
EXP-LEAD, 2023-07-18T17:41:31.864, ubuntu22-b, mtd-zk-0, END
EXP-LOAD, 2023-07-18T17:41:32.939, ubuntu22-b, mtd-zk-0, 0.636588
EXP-LOAD, 2023-07-18T17:41:43.046, ubuntu22-b, mtd-zk-0, 0.697009
EXP-LOAD, 2023-07-18T17:41:50.124, ubuntu22-b, mtd-zk-0, 0.692928
EXP-LOAD, 2023-07-18T17:42:00.912, ubuntu22-b, mtd-zk-0, 0.692928
EXP-LEAD, 2023-07-18T17:42:01.944, ubuntu22-b, mtd-zk-0, START
EXP-LEAD, 2023-07-18T17:42:06.479, ubuntu22-b, mtd-zk-0, END
EXP-LOAD, 2023-07-18T17:42:07.570, ubuntu22-b, mtd-zk-0, 0.727609
EXP-LOAD, 2023-07-18T17:42:19.097, ubuntu22-b, mtd-zk-0, 0.667115
EXP-LEAD, 2023-07-18T17:42:20.738, ubuntu22-b, mtd-zk-0, START
EXP-LEAD, 2023-07-18T17:42:26.250, ubuntu22-b, mtd-zk-0, END
EXP-LOAD, 2023-07-18T17:42:27.313, ubuntu22-b, mtd-zk-0, 0.667115
EXP-LOAD, 2023-07-18T17:42:38.942, ubuntu22-b, mtd-zk-0, 0.661411
EXP-LOAD, 2023-07-18T17:42:45.017, ubuntu22-b, mtd-zk-0, 0.661411
EXP-LOAD, 2023-07-18T17:42:55.127, ubuntu22-b, mtd-zk-0, 0.660415
EXP-LOAD, 2023-07-18T17:43:01.298, ubuntu22-b, mtd-zk-0, 0.660415
EXP-LOAD, 2023-07-18T17:43:08.280, ubuntu22-b, mtd-zk-0, 0.703112
EXP-LOAD, 2023-07-18T17:43:15.367, ubuntu22-b, mtd-zk-0, 0.703112
EXP-LEAD, 2023-07-18T17:43:17.415, ubuntu22-b, mtd-zk-0, START
EXP-LEAD, 2023-07-18T17:43:22.924, ubuntu22-b, mtd-zk-0, END
EXP-LOAD, 2023-07-18T17:43:23.961, ubuntu22-b, mtd-zk-0, 0.670222
EXP-LEAD, 2023-07-18T17:43:25.531, ubuntu22-b, mtd-zk-0, START
EXP-LEAD, 2023-07-18T17:43:40.368, ubuntu22-b, mtd-zk-0, END
EXP-LOAD, 2023-07-18T17:43:41.825, ubuntu22-b, mtd-zk-0, 0.674412
EXP-LEAD, 2023-07-18T17:43:43.441, ubuntu22-b, mtd-zk-0, START
EXP-LEAD, 2023-07-18T17:43:52.121, ubuntu22-b, mtd-zk-0, END
EXP-LOAD, 2023-07-18T17:43:53.276, ubuntu22-b, mtd-zk-0, 0.604804
EXP-LOAD, 2023-07-18T17:44:00.676, ubuntu22-b, mtd-zk-0, 0.604804
EXP-LOAD, 2023-07-18T17:44:07.784, ubuntu22-b, mtd-zk-0, 0.683610
EXP-LOAD, 2023-07-18T17:44:15.862, ubuntu22-b, mtd-zk-0, 0.683610
EXP-LEAD, 2023-07-18T17:44:17.942, ubuntu22-b, mtd-zk-0, START
EXP-LEAD, 2023-07-18T17:44:23.423, ubuntu22-b, mtd-zk-0, END
EXP-LOAD, 2023-07-18T17:44:24.461, ubuntu22-b, mtd-zk-0, 0.675308
EXP-LOAD, 2023-07-18T17:44:32.140, ubuntu22-b, mtd-zk-0, 0.675308
EXP-LEAD, 2023-07-18T17:44:33.167, ubuntu22-b, mtd-zk-0, START
EXP-LEAD, 2023-07-18T17:44:40.952, ubuntu22-b, mtd-zk-0, END
EXP-LOAD, 2023-07-18T17:44:41.997, ubuntu22-b, mtd-zk-0, 0.602916
EXP-LOAD, 2023-07-18T17:44:49.346, ubuntu22-b, mtd-zk-0, 0.645923
EXP-LEAD, 2023-07-18T17:44:52.382, ubuntu22-b, mtd-zk-0, START
EXP-LEAD, 2023-07-18T17:44:57.029, ubuntu22-b, mtd-zk-0, END
EXP-LOAD, 2023-07-18T17:44:58.126, ubuntu22-b, mtd-zk-0, 0.645923
EXP-LOAD, 2023-07-18T17:45:03.591, ubuntu22-b, mtd-zk-0, 0.645923
EXP-LOAD, 2023-07-18T17:45:18.636, ubuntu22-b, mtd-zk-0, 0.670817
EXP-LOAD, 2023-07-18T17:45:24.735, ubuntu22-b, mtd-zk-0, 0.678510
EXP-LOAD, 2023-07-18T17:45:33.167, ubuntu22-b, mtd-zk-0, 0.678510
EXP-LOAD, 2023-07-18T17:45:44.306, ubuntu22-b, mtd-zk-0, 0.648822
EXP-LOAD, 2023-07-18T17:45:52.362, ubuntu22-b, mtd-zk-0, 0.674217
EXP-LOAD, 2023-07-18T17:46:03.449, ubuntu22-b, mtd-zk-0, 0.674217
EXP-LOAD, 2023-07-18T17:46:12.577, ubuntu22-b, mtd-zk-0, 0.674427
EXP-LOAD, 2023-07-18T17:46:20.662, ubuntu22-b, mtd-zk-0, 0.687413
EXP-LOAD, 2023-07-18T17:46:31.123, ubuntu22-b, mtd-zk-0, 0.687413
EXP-LEAD, 2023-07-18T17:46:32.601, ubuntu22-b, mtd-zk-0, START
EXP-LEAD, 2023-07-18T17:46:38.118, ubuntu22-b, mtd-zk-0, END
EXP-LOAD, 2023-07-18T17:46:39.153, ubuntu22-b, mtd-zk-0, 0.705642
EXP-LOAD, 2023-07-18T17:46:48.773, ubuntu22-b, mtd-zk-0, 0.705642
EXP-LOAD, 2023-07-18T17:46:56.529, ubuntu22-b, mtd-zk-0, 0.656492
EXP-LOAD, 2023-07-18T17:47:06.696, ubuntu22-b, mtd-zk-0, 0.636808
EXP-LOAD, 2023-07-18T17:47:14.786, ubuntu22-b, mtd-zk-0, 0.636808
EXP-LEAD, 2023-07-18T17:47:17.185, ubuntu22-b, mtd-zk-0, START
EXP-LEAD, 2023-07-18T17:47:22.749, ubuntu22-b, mtd-zk-0, END
EXP-LOAD, 2023-07-18T17:47:23.840, ubuntu22-b, mtd-zk-0, 0.721607
EXP-LOAD, 2023-07-18T17:47:35.374, ubuntu22-b, mtd-zk-0, 0.698211
EXP-LOAD, 2023-07-18T17:47:42.462, ubuntu22-b, mtd-zk-0, 0.698211
EXP-LOAD, 2023-07-18T17:47:51.986, ubuntu22-b, mtd-zk-0, 0.690919
EXP-LEAD, 2023-07-18T17:47:54.015, ubuntu22-b, mtd-zk-0, START
EXP-LEAD, 2023-07-18T17:47:59.538, ubuntu22-b, mtd-zk-0, END
EXP-LOAD, 2023-07-18T17:48:00.586, ubuntu22-b, mtd-zk-0, 0.690919
EXP-LOAD, 2023-07-18T17:48:08.157, ubuntu22-b, mtd-zk-0, 0.676208
EXP-LOAD, 2023-07-18T17:48:15.805, ubuntu22-b, mtd-zk-0, 0.676208
EXP-LOAD, 2023-07-18T17:48:24.218, ubuntu22-b, mtd-zk-0, 0.689510
EXP-LEAD, 2023-07-18T17:48:25.264, ubuntu22-b, mtd-zk-0, START
EXP-LEAD, 2023-07-18T17:48:33.909, ubuntu22-b, mtd-zk-0, END
EXP-LOAD, 2023-07-18T17:48:34.955, ubuntu22-b, mtd-zk-0, 0.630815
EXP-LOAD, 2023-07-18T17:48:43.037, ubuntu22-b, mtd-zk-0, 0.630815
EXP-LOAD, 2023-07-18T17:48:53.261, ubuntu22-b, mtd-zk-0, 0.663917
EXP-LOAD, 2023-07-18T17:49:02.295, ubuntu22-b, mtd-zk-0, 0.663917
EXP-LEAD, 2023-07-18T17:49:03.326, ubuntu22-b, mtd-zk-0, START
EXP-LEAD, 2023-07-18T17:49:10.916, ubuntu22-b, mtd-zk-0, END
EXP-LOAD, 2023-07-18T17:49:11.964, ubuntu22-b, mtd-zk-0, 0.663004
EXP-LOAD, 2023-07-18T17:49:20.493, ubuntu22-b, mtd-zk-0, 0.691204
EXP-LEAD, 2023-07-18T17:49:22.550, ubuntu22-b, mtd-zk-0, START
EXP-LEAD, 2023-07-18T17:49:28.075, ubuntu22-b, mtd-zk-0, END
EXP-LOAD, 2023-07-18T17:49:29.135, ubuntu22-b, mtd-zk-0, 0.691204
EXP-LOAD, 2023-07-18T17:49:37.757, ubuntu22-b, mtd-zk-0, 0.676200
EXP-LEAD, 2023-07-18T17:49:39.426, ubuntu22-b, mtd-zk-0, START
EXP-LEAD, 2023-07-18T17:49:44.917, ubuntu22-b, mtd-zk-0, END
EXP-LOAD, 2023-07-18T17:49:45.962, ubuntu22-b, mtd-zk-0, 0.676200
EXP-LOAD, 2023-07-18T17:49:53.642, ubuntu22-b, mtd-zk-0, 0.647820
EXP-LOAD, 2023-07-18T17:50:01.692, ubuntu22-b, mtd-zk-0, 0.647820
EXP-LOAD, 2023-07-18T17:50:09.286, ubuntu22-b, mtd-zk-0, 0.641314
EXP-LEAD, 2023-07-18T17:50:11.331, ubuntu22-b, mtd-zk-0, START
EXP-LEAD, 2023-07-18T17:50:22.463, ubuntu22-b, mtd-zk-0, END
EXP-LOAD, 2023-07-18T17:50:23.502, ubuntu22-b, mtd-zk-0, 0.635205
EXP-LOAD, 2023-07-18T17:50:30.491, ubuntu22-b, mtd-zk-0, 0.635205
EXP-LOAD, 2023-07-18T17:50:40.606, ubuntu22-b, mtd-zk-0, 0.692318
EXP-LOAD, 2023-07-18T17:50:50.731, ubuntu22-b, mtd-zk-0, 0.681409
EXP-LOAD, 2023-07-18T17:50:58.349, ubuntu22-b, mtd-zk-0, 0.681409
EXP-LOAD, 2023-07-18T17:51:05.452, ubuntu22-b, mtd-zk-0, 0.675806
EXP-LOAD, 2023-07-18T17:51:12.607, ubuntu22-b, mtd-zk-0, 0.675806
EXP-LEAD, 2023-07-18T17:51:15.323, ubuntu22-b, mtd-zk-0, START
EXP-LEAD, 2023-07-18T17:51:19.786, ubuntu22-b, mtd-zk-0, END
EXP-LOAD, 2023-07-18T17:51:20.847, ubuntu22-b, mtd-zk-0, 0.687006
EXP-LOAD, 2023-07-18T17:51:27.541, ubuntu22-b, mtd-zk-0, 0.687006
EXP-LOAD, 2023-07-18T17:51:33.624, ubuntu22-b, mtd-zk-0, 0.687006
EXP-LOAD, 2023-07-18T17:51:40.708, ubuntu22-b, mtd-zk-0, 0.677819
EXP-LOAD, 2023-07-18T17:51:47.833, ubuntu22-b, mtd-zk-0, 0.677819
EXP-LOAD, 2023-07-18T17:51:59.896, ubuntu22-b, mtd-zk-0, 0.600918
EXP-LEAD, 2023-07-18T17:52:01.429, ubuntu22-b, mtd-zk-0, START
EXP-LEAD, 2023-07-18T17:52:05.899, ubuntu22-b, mtd-zk-0, END
EXP-LOAD, 2023-07-18T17:52:06.934, ubuntu22-b, mtd-zk-0, 0.679031
EXP-LOAD, 2023-07-18T17:52:18.580, ubuntu22-b, mtd-zk-0, 0.679031
EXP-LOAD, 2023-07-18T17:52:25.655, ubuntu22-b, mtd-zk-0, 0.689606
EXP-LOAD, 2023-07-18T17:52:32.763, ubuntu22-b, mtd-zk-0, 0.689606
EXP-LOAD, 2023-07-18T17:52:40.473, ubuntu22-b, mtd-zk-0, 0.654540
EXP-LOAD, 2023-07-18T17:52:49.543, ubuntu22-b, mtd-zk-0, 0.642821
EXP-LOAD, 2023-07-18T17:52:59.670, ubuntu22-b, mtd-zk-0, 0.642821
EXP-LOAD, 2023-07-18T17:53:07.790, ubuntu22-b, mtd-zk-0, 0.672020
EXP-LOAD, 2023-07-18T17:53:13.861, ubuntu22-b, mtd-zk-0, 0.672020
EXP-LEAD, 2023-07-18T17:53:15.992, ubuntu22-b, mtd-zk-0, START
EXP-LEAD, 2023-07-18T17:53:27.720, ubuntu22-b, mtd-zk-0, END
EXP-LOAD, 2023-07-18T17:53:28.850, ubuntu22-b, mtd-zk-0, 0.689835
EXP-LOAD, 2023-07-18T17:53:35.252, ubuntu22-b, mtd-zk-0, 0.756305
EXP-LEAD, 2023-07-18T17:53:37.911, ubuntu22-b, mtd-zk-0, START
EXP-LEAD, 2023-07-18T17:53:42.477, ubuntu22-b, mtd-zk-0, END
EXP-LOAD, 2023-07-18T17:53:43.536, ubuntu22-b, mtd-zk-0, 0.756305
EXP-LOAD, 2023-07-18T17:53:55.115, ubuntu22-b, mtd-zk-0, 0.671605
EXP-LEAD, 2023-07-18T17:53:58.139, ubuntu22-b, mtd-zk-0, START
EXP-LEAD, 2023-07-18T17:54:02.658, ubuntu22-b, mtd-zk-0, END
EXP-LOAD, 2023-07-18T17:54:03.711, ubuntu22-b, mtd-zk-0, 0.671605
EXP-LEAD, 2023-07-18T17:54:05.240, ubuntu22-b, mtd-zk-0, START
EXP-LEAD, 2023-07-18T17:54:12.961, ubuntu22-b, mtd-zk-0, END
EXP-LOAD, 2023-07-18T17:54:14.003, ubuntu22-b, mtd-zk-0, 0.662316
EXP-LOAD, 2023-07-18T17:54:20.401, ubuntu22-b, mtd-zk-0, 0.707424
EXP-LEAD, 2023-07-18T17:54:22.448, ubuntu22-b, mtd-zk-0, START
EXP-LEAD, 2023-07-18T17:54:28.010, ubuntu22-b, mtd-zk-0, END
EXP-LOAD, 2023-07-18T17:54:29.046, ubuntu22-b, mtd-zk-0, 0.707424
EXP-LOAD, 2023-07-18T17:54:38.658, ubuntu22-b, mtd-zk-0, 0.666962
EXP-LOAD, 2023-07-18T17:54:46.777, ubuntu22-b, mtd-zk-0, 0.666962
EXP-LOAD, 2023-07-18T17:54:54.881, ubuntu22-b, mtd-zk-0, 0.700215
EXP-LOAD, 2023-07-18T17:55:07.981, ubuntu22-b, mtd-zk-0, 0.678812
EXP-LOAD, 2023-07-18T17:55:16.107, ubuntu22-b, mtd-zk-0, 0.678812
EXP-LOAD, 2023-07-18T17:55:23.220, ubuntu22-b, mtd-zk-0, 0.606827
EXP-LOAD, 2023-07-18T17:55:35.862, ubuntu22-b, mtd-zk-0, 0.686319
EXP-LEAD, 2023-07-18T17:55:37.961, ubuntu22-b, mtd-zk-0, START
EXP-LEAD, 2023-07-18T17:55:44.422, ubuntu22-b, mtd-zk-0, END
EXP-LOAD, 2023-07-18T17:55:45.458, ubuntu22-b, mtd-zk-0, 0.686319
EXP-LOAD, 2023-07-18T17:55:56.034, ubuntu22-b, mtd-zk-0, 0.645416
EXP-LEAD, 2023-07-18T17:55:57.699, ubuntu22-b, mtd-zk-0, START
EXP-LEAD, 2023-07-18T17:56:02.132, ubuntu22-b, mtd-zk-0, END
EXP-LOAD, 2023-07-18T17:56:03.177, ubuntu22-b, mtd-zk-0, 0.645416
EXP-LOAD, 2023-07-18T17:56:09.830, ubuntu22-b, mtd-zk-0, 0.672214
EXP-LOAD, 2023-07-18T17:56:17.952, ubuntu22-b, mtd-zk-0, 0.672214
EXP-LOAD, 2023-07-18T17:56:28.054, ubuntu22-b, mtd-zk-0, 0.714832
EXP-LEAD, 2023-07-18T17:56:28.082, ubuntu22-b, mtd-zk-0, START
EXP-LEAD, 2023-07-18T17:56:33.558, ubuntu22-b, mtd-zk-0, END
EXP-LOAD, 2023-07-18T17:56:34.600, ubuntu22-b, mtd-zk-0, 0.657817
EXP-LOAD, 2023-07-18T17:56:41.301, ubuntu22-b, mtd-zk-0, 0.657817
EXP-LEAD, 2023-07-18T17:56:42.309, ubuntu22-b, mtd-zk-0, START
EXP-LEAD, 2023-07-18T17:56:46.771, ubuntu22-b, mtd-zk-0, END
EXP-LOAD, 2023-07-18T17:56:47.813, ubuntu22-b, mtd-zk-0, 0.657817
EXP-LOAD, 2023-07-18T17:56:56.449, ubuntu22-b, mtd-zk-0, 0.686617
EXP-LOAD, 2023-07-18T17:57:06.064, ubuntu22-b, mtd-zk-0, 0.626803
EXP-LOAD, 2023-07-18T17:57:13.164, ubuntu22-b, mtd-zk-0, 0.626803
EXP-LOAD, 2023-07-18T17:57:18.254, ubuntu22-b, mtd-zk-0, 0.626803
EXP-LOAD, 2023-07-18T17:57:25.817, ubuntu22-b, mtd-zk-0, 0.557650
EXP-LOAD, 2023-07-18T17:57:33.300, ubuntu22-b, mtd-zk-0, 0.557650
EXP-LEAD, 2023-07-18T17:57:34.333, ubuntu22-b, mtd-zk-0, START
EXP-LEAD, 2023-07-18T17:57:38.773, ubuntu22-b, mtd-zk-0, END
EXP-LOAD, 2023-07-18T17:57:39.823, ubuntu22-b, mtd-zk-0, 0.637211
EXP-LEAD, 2023-07-18T17:57:41.454, ubuntu22-b, mtd-zk-0, START
EXP-LEAD, 2023-07-18T17:57:50.119, ubuntu22-b, mtd-zk-0, END
EXP-LOAD, 2023-07-18T17:57:51.174, ubuntu22-b, mtd-zk-0, 0.674211
EXP-LOAD, 2023-07-18T17:57:57.661, ubuntu22-b, mtd-zk-0, 0.674211
EXP-LOAD, 2023-07-18T17:58:08.768, ubuntu22-b, mtd-zk-0, 0.673215
EXP-LOAD, 2023-07-18T17:58:16.867, ubuntu22-b, mtd-zk-0, 0.673215
EXP-LOAD, 2023-07-18T17:58:29.962, ubuntu22-b, mtd-zk-0, 0.602633
EXP-LOAD, 2023-07-18T17:58:36.645, ubuntu22-b, mtd-zk-0, 0.643221
EXP-LOAD, 2023-07-18T17:58:46.248, ubuntu22-b, mtd-zk-0, 0.643221
EXP-LOAD, 2023-07-18T17:58:53.022, ubuntu22-b, mtd-zk-0, 0.719618
EXP-LEAD, 2023-07-18T17:58:56.031, ubuntu22-b, mtd-zk-0, START
EXP-LEAD, 2023-07-18T17:59:01.539, ubuntu22-b, mtd-zk-0, END
EXP-LOAD, 2023-07-18T17:59:02.583, ubuntu22-b, mtd-zk-0, 0.719618
EXP-LEAD, 2023-07-18T17:59:04.153, ubuntu22-b, mtd-zk-0, START
EXP-LEAD, 2023-07-18T17:59:08.628, ubuntu22-b, mtd-zk-0, END
EXP-LOAD, 2023-07-18T17:59:09.689, ubuntu22-b, mtd-zk-0, 0.673514
EXP-LOAD, 2023-07-18T17:59:18.621, ubuntu22-b, mtd-zk-0, 0.673514
EXP-LOAD, 2023-07-18T17:59:25.696, ubuntu22-b, mtd-zk-0, 0.585112
EXP-LOAD, 2023-07-18T17:59:36.847, ubuntu22-b, mtd-zk-0, 0.643908
EXP-LOAD, 2023-07-18T17:59:45.938, ubuntu22-b, mtd-zk-0, 0.643908
EXP-LOAD, 2023-07-18T17:59:55.082, ubuntu22-b, mtd-zk-0, 0.708808
EXP-LOAD, 2023-07-18T18:00:02.722, ubuntu22-b, mtd-zk-0, 0.708808
EXP-LEAD, 2023-07-18T18:00:04.749, ubuntu22-b, mtd-zk-0, START
EXP-LEAD, 2023-07-18T18:00:10.395, ubuntu22-b, mtd-zk-0, END
EXP-LOAD, 2023-07-18T18:00:11.462, ubuntu22-b, mtd-zk-0, 0.683712
EXP-LOAD, 2023-07-18T18:00:21.947, ubuntu22-b, mtd-zk-0, 0.678018
EXP-LOAD, 2023-07-18T18:00:30.664, ubuntu22-b, mtd-zk-0, 0.678018
EXP-LOAD, 2023-07-18T18:00:40.769, ubuntu22-b, mtd-zk-0, 0.679807
EXP-LOAD, 2023-07-18T18:00:47.396, ubuntu22-b, mtd-zk-0, 0.679807
EXP-LOAD, 2023-07-18T18:00:55.497, ubuntu22-b, mtd-zk-0, 0.664737
EXP-LEAD, 2023-07-18T18:00:56.543, ubuntu22-b, mtd-zk-0, START
EXP-LEAD, 2023-07-18T18:01:01.149, ubuntu22-b, mtd-zk-0, END
EXP-LOAD, 2023-07-18T18:01:02.194, ubuntu22-b, mtd-zk-0, 0.664737
EXP-LOAD, 2023-07-18T18:01:11.698, ubuntu22-b, mtd-zk-0, 0.690405
EXP-LOAD, 2023-07-18T18:01:23.913, ubuntu22-b, mtd-zk-0, 0.621708
EXP-LOAD, 2023-07-18T18:01:32.990, ubuntu22-b, mtd-zk-0, 0.621708
EXP-LOAD, 2023-07-18T18:01:41.112, ubuntu22-b, mtd-zk-0, 0.667433
EXP-LEAD, 2023-07-18T18:01:43.178, ubuntu22-b, mtd-zk-0, START
EXP-LEAD, 2023-07-18T18:01:51.820, ubuntu22-b, mtd-zk-0, END
EXP-LOAD, 2023-07-18T18:01:52.869, ubuntu22-b, mtd-zk-0, 0.708308
EXP-LOAD, 2023-07-18T18:01:57.949, ubuntu22-b, mtd-zk-0, 0.708308
EXP-LOAD, 2023-07-18T18:02:07.050, ubuntu22-b, mtd-zk-0, 0.675224
EXP-LOAD, 2023-07-18T18:02:16.185, ubuntu22-b, mtd-zk-0, 0.675224
EXP-LOAD, 2023-07-18T18:02:24.764, ubuntu22-b, mtd-zk-0, 0.673814
EXP-LOAD, 2023-07-18T18:02:31.857, ubuntu22-b, mtd-zk-0, 0.673814
EXP-LOAD, 2023-07-18T18:02:40.994, ubuntu22-b, mtd-zk-0, 0.630221
EXP-LOAD, 2023-07-18T18:02:48.053, ubuntu22-b, mtd-zk-0, 0.630221
EXP-LOAD, 2023-07-18T18:02:55.570, ubuntu22-b, mtd-zk-0, 0.681711
EXP-LOAD, 2023-07-18T18:03:05.696, ubuntu22-b, mtd-zk-0, 0.665602
EXP-LEAD, 2023-07-18T18:03:07.734, ubuntu22-b, mtd-zk-0, START
EXP-LEAD, 2023-07-18T18:03:13.402, ubuntu22-b, mtd-zk-0, END
EXP-LOAD, 2023-07-18T18:03:14.460, ubuntu22-b, mtd-zk-0, 0.665602
EXP-LOAD, 2023-07-18T18:03:23.143, ubuntu22-b, mtd-zk-0, 0.668112
EXP-LOAD, 2023-07-18T18:03:28.251, ubuntu22-b, mtd-zk-0, 0.668112
EXP-LOAD, 2023-07-18T18:03:36.360, ubuntu22-b, mtd-zk-0, 0.623812
EXP-LOAD, 2023-07-18T18:03:48.473, ubuntu22-b, mtd-zk-0, 0.623812
EXP-LOAD, 2023-07-18T18:03:59.568, ubuntu22-b, mtd-zk-0, 0.647925
EXP-LEAD, 2023-07-18T18:04:01.594, ubuntu22-b, mtd-zk-0, START
EXP-LEAD, 2023-07-18T18:04:07.136, ubuntu22-b, mtd-zk-0, END
EXP-LOAD, 2023-07-18T18:04:08.181, ubuntu22-b, mtd-zk-0, 0.675609
EXP-LEAD, 2023-07-18T18:04:09.214, ubuntu22-b, mtd-zk-0, START
EXP-LEAD, 2023-07-18T18:04:17.777, ubuntu22-b, mtd-zk-0, END
EXP-LOAD, 2023-07-18T18:04:18.834, ubuntu22-b, mtd-zk-0, 0.675609
EXP-LOAD, 2023-07-18T18:04:26.399, ubuntu22-b, mtd-zk-0, 0.669011
EXP-LOAD, 2023-07-18T18:04:34.472, ubuntu22-b, mtd-zk-0, 0.632203
EXP-LOAD, 2023-07-18T18:04:39.573, ubuntu22-b, mtd-zk-0, 0.632203
EXP-LEAD, 2023-07-18T18:04:41.606, ubuntu22-b, mtd-zk-0, START
EXP-LEAD, 2023-07-18T18:04:47.122, ubuntu22-b, mtd-zk-0, END
EXP-LOAD, 2023-07-18T18:04:48.166, ubuntu22-b, mtd-zk-0, 0.632203
EXP-LOAD, 2023-07-18T18:04:56.241, ubuntu22-b, mtd-zk-0, 0.655928
EXP-LEAD, 2023-07-18T18:04:57.277, ubuntu22-b, mtd-zk-0, START
EXP-LEAD, 2023-07-18T18:05:04.875, ubuntu22-b, mtd-zk-0, END
EXP-LOAD, 2023-07-18T18:05:05.923, ubuntu22-b, mtd-zk-0, 0.647214
EXP-LOAD, 2023-07-18T18:05:11.462, ubuntu22-b, mtd-zk-0, 0.647214
EXP-LOAD, 2023-07-18T18:05:26.097, ubuntu22-b, mtd-zk-0, 0.674897
EXP-LOAD, 2023-07-18T18:05:33.188, ubuntu22-b, mtd-zk-0, 0.674897
EXP-LEAD, 2023-07-18T18:05:34.211, ubuntu22-b, mtd-zk-0, START
EXP-LEAD, 2023-07-18T18:05:39.653, ubuntu22-b, mtd-zk-0, END
EXP-LOAD, 2023-07-18T18:05:40.700, ubuntu22-b, mtd-zk-0, 0.666221
EXP-LOAD, 2023-07-18T18:05:51.384, ubuntu22-b, mtd-zk-0, 0.648823
EXP-LOAD, 2023-07-18T18:05:59.475, ubuntu22-b, mtd-zk-0, 0.648823
EXP-LOAD, 2023-07-18T18:06:09.591, ubuntu22-b, mtd-zk-0, 0.646915
EXP-LEAD, 2023-07-18T18:06:12.630, ubuntu22-b, mtd-zk-0, START
EXP-LEAD, 2023-07-18T18:06:18.106, ubuntu22-b, mtd-zk-0, END
EXP-LOAD, 2023-07-18T18:06:19.144, ubuntu22-b, mtd-zk-0, 0.706010
EXP-LOAD, 2023-07-18T18:06:27.268, ubuntu22-b, mtd-zk-0, 0.706010
EXP-LOAD, 2023-07-18T18:06:38.436, ubuntu22-b, mtd-zk-0, 0.640608
EXP-LOAD, 2023-07-18T18:06:45.462, ubuntu22-b, mtd-zk-0, 0.640608
EXP-LOAD, 2023-07-18T18:06:52.585, ubuntu22-b, mtd-zk-0, 0.700614
EXP-LOAD, 2023-07-18T18:07:05.696, ubuntu22-b, mtd-zk-0, 0.709221
EXP-LEAD, 2023-07-18T18:07:06.790, ubuntu22-b, mtd-zk-0, START
EXP-LEAD, 2023-07-18T18:07:11.449, ubuntu22-b, mtd-zk-0, END
EXP-LOAD, 2023-07-18T18:07:12.486, ubuntu22-b, mtd-zk-0, 0.709221
EXP-LEAD, 2023-07-18T18:07:13.835, ubuntu22-b, mtd-zk-0, START
EXP-LEAD, 2023-07-18T18:07:18.282, ubuntu22-b, mtd-zk-0, END
EXP-LOAD, 2023-07-18T18:07:19.329, ubuntu22-b, mtd-zk-0, 0.670828
EXP-LOAD, 2023-07-18T18:07:29.442, ubuntu22-b, mtd-zk-0, 0.670828
EXP-LOAD, 2023-07-18T18:07:36.146, ubuntu22-b, mtd-zk-0, 0.660618
