EXP-LOAD, 2023-07-18T17:07:29.622, ubuntu22-d, mtd-zk-2, 0.045021
EXP-LOAD, 2023-07-18T17:07:43.894, ubuntu22-d, mtd-zk-2, 0.393822
EXP-LOAD, 2023-07-18T17:07:54.078, ubuntu22-d, mtd-zk-2, 0.266215
EXP-LOAD, 2023-07-18T17:08:02.414, ubuntu22-d, mtd-zk-2, 0.266215
EXP-LOAD, 2023-07-18T17:08:14.627, ubuntu22-d, mtd-zk-2, 0.150807
EXP-LOAD, 2023-07-18T17:08:21.761, ubuntu22-d, mtd-zk-2, 0.130223
EXP-LOAD, 2023-07-18T17:08:28.926, ubuntu22-d, mtd-zk-2, 0.130223
EXP-LEAD, 2023-07-18T17:08:29.993, ubuntu22-d, mtd-zk-2, START
EXP-LEAD, 2023-07-18T17:08:38.579, ubuntu22-d, mtd-zk-2, END
EXP-LOAD, 2023-07-18T17:08:39.676, ubuntu22-d, mtd-zk-2, 0.158378
EXP-LOAD, 2023-07-18T17:08:45.811, ubuntu22-d, mtd-zk-2, 0.158378
EXP-LOAD, 2023-07-18T17:08:56.055, ubuntu22-d, mtd-zk-2, 0.318625
EXP-LOAD, 2023-07-18T17:09:09.182, ubuntu22-d, mtd-zk-2, 0.361803
EXP-LOAD, 2023-07-18T17:09:16.384, ubuntu22-d, mtd-zk-2, 0.361803
EXP-LEAD, 2023-07-18T17:09:17.430, ubuntu22-d, mtd-zk-2, START
EXP-LEAD, 2023-07-18T17:09:25.230, ubuntu22-d, mtd-zk-2, END
EXP-LOAD, 2023-07-18T17:09:26.363, ubuntu22-d, mtd-zk-2, 0.120610
EXP-LOAD, 2023-07-18T17:09:34.714, ubuntu22-d, mtd-zk-2, 0.148241
EXP-LEAD, 2023-07-18T17:09:35.763, ubuntu22-d, mtd-zk-2, START
EXP-LEAD, 2023-07-18T17:09:44.597, ubuntu22-d, mtd-zk-2, END
EXP-LOAD, 2023-07-18T17:09:45.670, ubuntu22-d, mtd-zk-2, 0.148241
EXP-LEAD, 2023-07-18T17:09:46.913, ubuntu22-d, mtd-zk-2, START
EXP-LEAD, 2023-07-18T17:09:51.575, ubuntu22-d, mtd-zk-2, END
EXP-LOAD, 2023-07-18T17:09:52.625, ubuntu22-d, mtd-zk-2, 0.153422
EXP-LOAD, 2023-07-18T17:10:05.127, ubuntu22-d, mtd-zk-2, 0.136424
EXP-LEAD, 2023-07-18T17:10:07.176, ubuntu22-d, mtd-zk-2, START
EXP-LEAD, 2023-07-18T17:10:11.758, ubuntu22-d, mtd-zk-2, END
EXP-LOAD, 2023-07-18T17:10:12.803, ubuntu22-d, mtd-zk-2, 0.136424
EXP-LEAD, 2023-07-18T17:10:14.321, ubuntu22-d, mtd-zk-2, START
EXP-LEAD, 2023-07-18T17:10:25.160, ubuntu22-d, mtd-zk-2, END
EXP-LOAD, 2023-07-18T17:10:26.262, ubuntu22-d, mtd-zk-2, 0.195223
EXP-LEAD, 2023-07-18T17:10:27.429, ubuntu22-d, mtd-zk-2, START
EXP-LEAD, 2023-07-18T17:10:31.917, ubuntu22-d, mtd-zk-2, END
EXP-LOAD, 2023-07-18T17:10:32.975, ubuntu22-d, mtd-zk-2, 0.195223
EXP-LOAD, 2023-07-18T17:10:42.624, ubuntu22-d, mtd-zk-2, 0.134016
EXP-LEAD, 2023-07-18T17:10:42.681, ubuntu22-d, mtd-zk-2, START
EXP-LEAD, 2023-07-18T17:10:52.390, ubuntu22-d, mtd-zk-2, END
EXP-LOAD, 2023-07-18T17:10:53.452, ubuntu22-d, mtd-zk-2, 0.194124
EXP-LOAD, 2023-07-18T17:11:00.912, ubuntu22-d, mtd-zk-2, 0.194124
EXP-LOAD, 2023-07-18T17:11:08.026, ubuntu22-d, mtd-zk-2, 0.125005
EXP-LOAD, 2023-07-18T17:11:17.243, ubuntu22-d, mtd-zk-2, 0.125005
EXP-LOAD, 2023-07-18T17:11:24.756, ubuntu22-d, mtd-zk-2, 0.194735
EXP-LOAD, 2023-07-18T17:11:34.872, ubuntu22-d, mtd-zk-2, 0.169453
EXP-LOAD, 2023-07-18T17:11:42.971, ubuntu22-d, mtd-zk-2, 0.169453
EXP-LEAD, 2023-07-18T17:11:46.156, ubuntu22-d, mtd-zk-2, START
EXP-LEAD, 2023-07-18T17:11:50.556, ubuntu22-d, mtd-zk-2, END
EXP-LOAD, 2023-07-18T17:11:51.608, ubuntu22-d, mtd-zk-2, 0.181220
EXP-LOAD, 2023-07-18T17:12:01.379, ubuntu22-d, mtd-zk-2, 0.181220
EXP-LOAD, 2023-07-18T17:12:11.489, ubuntu22-d, mtd-zk-2, 0.201254
EXP-LEAD, 2023-07-18T17:12:12.528, ubuntu22-d, mtd-zk-2, START
EXP-LEAD, 2023-07-18T17:12:20.079, ubuntu22-d, mtd-zk-2, END
EXP-LOAD, 2023-07-18T17:12:21.129, ubuntu22-d, mtd-zk-2, 0.088020
EXP-LOAD, 2023-07-18T17:12:28.751, ubuntu22-d, mtd-zk-2, 0.088020
EXP-LOAD, 2023-07-18T17:12:35.867, ubuntu22-d, mtd-zk-2, 0.112619
EXP-LOAD, 2023-07-18T17:12:44.473, ubuntu22-d, mtd-zk-2, 0.112619
EXP-LOAD, 2023-07-18T17:12:55.615, ubuntu22-d, mtd-zk-2, 0.203251
EXP-LEAD, 2023-07-18T17:12:57.665, ubuntu22-d, mtd-zk-2, START
EXP-LEAD, 2023-07-18T17:13:03.120, ubuntu22-d, mtd-zk-2, END
EXP-LOAD, 2023-07-18T17:13:04.178, ubuntu22-d, mtd-zk-2, 0.166617
EXP-LEAD, 2023-07-18T17:13:05.801, ubuntu22-d, mtd-zk-2, START
EXP-LEAD, 2023-07-18T17:13:14.314, ubuntu22-d, mtd-zk-2, END
EXP-LOAD, 2023-07-18T17:13:15.380, ubuntu22-d, mtd-zk-2, 0.166617
EXP-LOAD, 2023-07-18T17:13:20.970, ubuntu22-d, mtd-zk-2, 0.220426
EXP-LEAD, 2023-07-18T17:13:24.035, ubuntu22-d, mtd-zk-2, START
EXP-LEAD, 2023-07-18T17:13:31.540, ubuntu22-d, mtd-zk-2, END
EXP-LOAD, 2023-07-18T17:13:32.637, ubuntu22-d, mtd-zk-2, 0.220426
EXP-LOAD, 2023-07-18T17:13:38.251, ubuntu22-d, mtd-zk-2, 0.198030
EXP-LEAD, 2023-07-18T17:13:40.284, ubuntu22-d, mtd-zk-2, START
EXP-LEAD, 2023-07-18T17:13:44.786, ubuntu22-d, mtd-zk-2, END
EXP-LOAD, 2023-07-18T17:13:45.848, ubuntu22-d, mtd-zk-2, 0.198030
EXP-LEAD, 2023-07-18T17:13:47.878, ubuntu22-d, mtd-zk-2, START
EXP-LEAD, 2023-07-18T17:13:56.448, ubuntu22-d, mtd-zk-2, END
EXP-LOAD, 2023-07-18T17:13:57.521, ubuntu22-d, mtd-zk-2, 0.293060
EXP-LOAD, 2023-07-18T17:14:05.114, ubuntu22-d, mtd-zk-2, 0.196229
EXP-LOAD, 2023-07-18T17:14:12.252, ubuntu22-d, mtd-zk-2, 0.196229
EXP-LOAD, 2023-07-18T17:14:19.380, ubuntu22-d, mtd-zk-2, 0.160468
EXP-LOAD, 2023-07-18T17:14:32.520, ubuntu22-d, mtd-zk-2, 0.160468
EXP-LOAD, 2023-07-18T17:14:39.615, ubuntu22-d, mtd-zk-2, 0.119233
EXP-LOAD, 2023-07-18T17:14:50.714, ubuntu22-d, mtd-zk-2, 0.176230
EXP-LOAD, 2023-07-18T17:14:57.855, ubuntu22-d, mtd-zk-2, 0.176230
EXP-LOAD, 2023-07-18T17:15:05.002, ubuntu22-d, mtd-zk-2, 0.198128
EXP-LEAD, 2023-07-18T17:15:06.040, ubuntu22-d, mtd-zk-2, START
EXP-LEAD, 2023-07-18T17:15:12.780, ubuntu22-d, mtd-zk-2, END
EXP-LOAD, 2023-07-18T17:15:13.822, ubuntu22-d, mtd-zk-2, 0.198128
EXP-LEAD, 2023-07-18T17:15:16.175, ubuntu22-d, mtd-zk-2, START
EXP-LEAD, 2023-07-18T17:15:24.772, ubuntu22-d, mtd-zk-2, END
EXP-LOAD, 2023-07-18T17:15:25.829, ubuntu22-d, mtd-zk-2, 0.228630
EXP-LOAD, 2023-07-18T17:15:34.408, ubuntu22-d, mtd-zk-2, 0.173352
EXP-LOAD, 2023-07-18T17:15:46.474, ubuntu22-d, mtd-zk-2, 0.173352
EXP-LOAD, 2023-07-18T17:15:54.576, ubuntu22-d, mtd-zk-2, 0.138426
EXP-LEAD, 2023-07-18T17:15:56.608, ubuntu22-d, mtd-zk-2, START
EXP-LEAD, 2023-07-18T17:16:05.106, ubuntu22-d, mtd-zk-2, END
EXP-LOAD, 2023-07-18T17:16:06.159, ubuntu22-d, mtd-zk-2, 0.128637
EXP-LEAD, 2023-07-18T17:16:07.199, ubuntu22-d, mtd-zk-2, START
EXP-LEAD, 2023-07-18T17:16:11.644, ubuntu22-d, mtd-zk-2, END
EXP-LOAD, 2023-07-18T17:16:12.686, ubuntu22-d, mtd-zk-2, 0.128637
EXP-LEAD, 2023-07-18T17:16:14.686, ubuntu22-d, mtd-zk-2, START
EXP-LEAD, 2023-07-18T17:16:22.364, ubuntu22-d, mtd-zk-2, END
EXP-LOAD, 2023-07-18T17:16:23.418, ubuntu22-d, mtd-zk-2, 0.118644
EXP-LOAD, 2023-07-18T17:16:30.767, ubuntu22-d, mtd-zk-2, 0.118644
EXP-LOAD, 2023-07-18T17:16:37.462, ubuntu22-d, mtd-zk-2, 0.166127
EXP-LOAD, 2023-07-18T17:16:46.228, ubuntu22-d, mtd-zk-2, 0.166127
EXP-LOAD, 2023-07-18T17:16:52.450, ubuntu22-d, mtd-zk-2, 0.223626
EXP-LEAD, 2023-07-18T17:16:54.322, ubuntu22-d, mtd-zk-2, START
EXP-LEAD, 2023-07-18T17:17:01.886, ubuntu22-d, mtd-zk-2, END
EXP-LOAD, 2023-07-18T17:17:02.959, ubuntu22-d, mtd-zk-2, 0.223626
EXP-LEAD, 2023-07-18T17:17:03.990, ubuntu22-d, mtd-zk-2, START
EXP-LEAD, 2023-07-18T17:17:09.458, ubuntu22-d, mtd-zk-2, END
EXP-LOAD, 2023-07-18T17:17:10.525, ubuntu22-d, mtd-zk-2, 0.204317
EXP-LOAD, 2023-07-18T17:17:19.625, ubuntu22-d, mtd-zk-2, 0.228020
EXP-LOAD, 2023-07-18T17:17:29.763, ubuntu22-d, mtd-zk-2, 0.228020
EXP-LEAD, 2023-07-18T17:17:29.793, ubuntu22-d, mtd-zk-2, START
EXP-LEAD, 2023-07-18T17:17:34.256, ubuntu22-d, mtd-zk-2, END
EXP-LOAD, 2023-07-18T17:17:35.300, ubuntu22-d, mtd-zk-2, 0.137523
EXP-LEAD, 2023-07-18T17:17:37.914, ubuntu22-d, mtd-zk-2, START
EXP-LEAD, 2023-07-18T17:17:43.461, ubuntu22-d, mtd-zk-2, END
EXP-LOAD, 2023-07-18T17:17:44.536, ubuntu22-d, mtd-zk-2, 0.137523
EXP-LOAD, 2023-07-18T17:17:53.125, ubuntu22-d, mtd-zk-2, 0.219006
EXP-LOAD, 2023-07-18T17:18:00.249, ubuntu22-d, mtd-zk-2, 0.219006
EXP-LOAD, 2023-07-18T17:18:10.960, ubuntu22-d, mtd-zk-2, 0.236837
EXP-LOAD, 2023-07-18T17:18:22.091, ubuntu22-d, mtd-zk-2, 0.108553
EXP-LOAD, 2023-07-18T17:18:30.204, ubuntu22-d, mtd-zk-2, 0.108553
EXP-LEAD, 2023-07-18T17:18:31.243, ubuntu22-d, mtd-zk-2, START
EXP-LEAD, 2023-07-18T17:18:36.834, ubuntu22-d, mtd-zk-2, END
EXP-LOAD, 2023-07-18T17:18:37.929, ubuntu22-d, mtd-zk-2, 0.188762
EXP-LOAD, 2023-07-18T17:18:45.032, ubuntu22-d, mtd-zk-2, 0.188762
EXP-LEAD, 2023-07-18T17:18:46.485, ubuntu22-d, mtd-zk-2, START
EXP-LEAD, 2023-07-18T17:18:55.145, ubuntu22-d, mtd-zk-2, END
EXP-LOAD, 2023-07-18T17:18:56.222, ubuntu22-d, mtd-zk-2, 0.182620
EXP-LOAD, 2023-07-18T17:19:03.700, ubuntu22-d, mtd-zk-2, 0.182620
EXP-LOAD, 2023-07-18T17:19:13.822, ubuntu22-d, mtd-zk-2, 0.187815
EXP-LOAD, 2023-07-18T17:19:20.911, ubuntu22-d, mtd-zk-2, 0.094418
EXP-LOAD, 2023-07-18T17:19:28.003, ubuntu22-d, mtd-zk-2, 0.094418
EXP-LEAD, 2023-07-18T17:19:28.045, ubuntu22-d, mtd-zk-2, START
EXP-LEAD, 2023-07-18T17:19:36.787, ubuntu22-d, mtd-zk-2, END
EXP-LOAD, 2023-07-18T17:19:37.860, ubuntu22-d, mtd-zk-2, 0.152333
EXP-LEAD, 2023-07-18T17:19:38.188, ubuntu22-d, mtd-zk-2, START
EXP-LEAD, 2023-07-18T17:19:42.799, ubuntu22-d, mtd-zk-2, END
EXP-LOAD, 2023-07-18T17:19:43.849, ubuntu22-d, mtd-zk-2, 0.152333
EXP-LOAD, 2023-07-18T17:19:53.335, ubuntu22-d, mtd-zk-2, 0.249289
EXP-LEAD, 2023-07-18T17:19:54.411, ubuntu22-d, mtd-zk-2, START
EXP-LEAD, 2023-07-18T17:19:58.881, ubuntu22-d, mtd-zk-2, END
EXP-LOAD, 2023-07-18T17:19:59.932, ubuntu22-d, mtd-zk-2, 0.249289
EXP-LEAD, 2023-07-18T17:20:01.526, ubuntu22-d, mtd-zk-2, START
EXP-LEAD, 2023-07-18T17:20:07.210, ubuntu22-d, mtd-zk-2, END
EXP-LOAD, 2023-07-18T17:20:08.279, ubuntu22-d, mtd-zk-2, 0.192916
EXP-LOAD, 2023-07-18T17:20:17.721, ubuntu22-d, mtd-zk-2, 0.192916
EXP-LEAD, 2023-07-18T17:20:19.788, ubuntu22-d, mtd-zk-2, START
EXP-LEAD, 2023-07-18T17:20:25.284, ubuntu22-d, mtd-zk-2, END
EXP-LOAD, 2023-07-18T17:20:26.343, ubuntu22-d, mtd-zk-2, 0.243443
EXP-LOAD, 2023-07-18T17:20:40.004, ubuntu22-d, mtd-zk-2, 0.158050
EXP-LOAD, 2023-07-18T17:20:47.119, ubuntu22-d, mtd-zk-2, 0.158050
EXP-LEAD, 2023-07-18T17:20:48.173, ubuntu22-d, mtd-zk-2, START
EXP-LEAD, 2023-07-18T17:20:56.788, ubuntu22-d, mtd-zk-2, END
EXP-LOAD, 2023-07-18T17:20:57.836, ubuntu22-d, mtd-zk-2, 0.099233
EXP-LOAD, 2023-07-18T17:21:04.343, ubuntu22-d, mtd-zk-2, 0.125035
EXP-LEAD, 2023-07-18T17:21:04.881, ubuntu22-d, mtd-zk-2, START
EXP-LEAD, 2023-07-18T17:21:10.366, ubuntu22-d, mtd-zk-2, END
EXP-LOAD, 2023-07-18T17:21:11.449, ubuntu22-d, mtd-zk-2, 0.125035
EXP-LOAD, 2023-07-18T17:21:16.565, ubuntu22-d, mtd-zk-2, 0.125035
EXP-LEAD, 2023-07-18T17:21:18.305, ubuntu22-d, mtd-zk-2, START
EXP-LEAD, 2023-07-18T17:21:22.783, ubuntu22-d, mtd-zk-2, END
EXP-LOAD, 2023-07-18T17:21:23.846, ubuntu22-d, mtd-zk-2, 0.207831
EXP-LOAD, 2023-07-18T17:21:33.944, ubuntu22-d, mtd-zk-2, 0.207831
EXP-LOAD, 2023-07-18T17:21:40.793, ubuntu22-d, mtd-zk-2, 0.178734
EXP-LEAD, 2023-07-18T17:21:43.269, ubuntu22-d, mtd-zk-2, START
EXP-LEAD, 2023-07-18T17:21:48.739, ubuntu22-d, mtd-zk-2, END
EXP-LOAD, 2023-07-18T17:21:49.790, ubuntu22-d, mtd-zk-2, 0.259625
EXP-LEAD, 2023-07-18T17:21:51.369, ubuntu22-d, mtd-zk-2, START
EXP-LEAD, 2023-07-18T17:21:55.957, ubuntu22-d, mtd-zk-2, END
EXP-LOAD, 2023-07-18T17:21:57.006, ubuntu22-d, mtd-zk-2, 0.259625
EXP-LOAD, 2023-07-18T17:22:05.530, ubuntu22-d, mtd-zk-2, 0.218780
EXP-LEAD, 2023-07-18T17:22:07.272, ubuntu22-d, mtd-zk-2, START
EXP-LEAD, 2023-07-18T17:22:12.725, ubuntu22-d, mtd-zk-2, END
EXP-LOAD, 2023-07-18T17:22:13.773, ubuntu22-d, mtd-zk-2, 0.218780
EXP-LEAD, 2023-07-18T17:22:15.407, ubuntu22-d, mtd-zk-2, START
EXP-LEAD, 2023-07-18T17:22:20.960, ubuntu22-d, mtd-zk-2, END
EXP-LOAD, 2023-07-18T17:22:22.033, ubuntu22-d, mtd-zk-2, 0.190813
EXP-LOAD, 2023-07-18T17:22:32.585, ubuntu22-d, mtd-zk-2, 0.190813
EXP-LEAD, 2023-07-18T17:22:33.617, ubuntu22-d, mtd-zk-2, START
EXP-LEAD, 2023-07-18T17:22:39.090, ubuntu22-d, mtd-zk-2, END
EXP-LOAD, 2023-07-18T17:22:40.137, ubuntu22-d, mtd-zk-2, 0.187441
EXP-LOAD, 2023-07-18T17:22:47.815, ubuntu22-d, mtd-zk-2, 0.187441
EXP-LOAD, 2023-07-18T17:22:54.907, ubuntu22-d, mtd-zk-2, 0.142018
EXP-LEAD, 2023-07-18T17:22:56.932, ubuntu22-d, mtd-zk-2, START
EXP-LEAD, 2023-07-18T17:23:01.404, ubuntu22-d, mtd-zk-2, END
EXP-LOAD, 2023-07-18T17:23:02.467, ubuntu22-d, mtd-zk-2, 0.142018
EXP-LOAD, 2023-07-18T17:23:12.104, ubuntu22-d, mtd-zk-2, 0.249839
EXP-LOAD, 2023-07-18T17:23:20.795, ubuntu22-d, mtd-zk-2, 0.171430
EXP-LEAD, 2023-07-18T17:23:22.878, ubuntu22-d, mtd-zk-2, START
EXP-LEAD, 2023-07-18T17:23:30.859, ubuntu22-d, mtd-zk-2, END
EXP-LOAD, 2023-07-18T17:23:31.910, ubuntu22-d, mtd-zk-2, 0.171430
EXP-LEAD, 2023-07-18T17:23:31.997, ubuntu22-d, mtd-zk-2, START
EXP-LEAD, 2023-07-18T17:23:36.477, ubuntu22-d, mtd-zk-2, END
EXP-LOAD, 2023-07-18T17:23:37.552, ubuntu22-d, mtd-zk-2, 0.127659
EXP-LOAD, 2023-07-18T17:23:46.663, ubuntu22-d, mtd-zk-2, 0.127659
EXP-LOAD, 2023-07-18T17:23:54.434, ubuntu22-d, mtd-zk-2, 0.187026
EXP-LEAD, 2023-07-18T17:23:55.468, ubuntu22-d, mtd-zk-2, START
EXP-LEAD, 2023-07-18T17:24:03.174, ubuntu22-d, mtd-zk-2, END
EXP-LOAD, 2023-07-18T17:24:04.241, ubuntu22-d, mtd-zk-2, 0.154421
EXP-LOAD, 2023-07-18T17:24:11.638, ubuntu22-d, mtd-zk-2, 0.154421
EXP-LOAD, 2023-07-18T17:24:18.750, ubuntu22-d, mtd-zk-2, 0.154421
EXP-LOAD, 2023-07-18T17:24:25.909, ubuntu22-d, mtd-zk-2, 0.139212
EXP-LEAD, 2023-07-18T17:24:27.426, ubuntu22-d, mtd-zk-2, START
EXP-LEAD, 2023-07-18T17:24:36.056, ubuntu22-d, mtd-zk-2, END
EXP-LOAD, 2023-07-18T17:24:37.102, ubuntu22-d, mtd-zk-2, 0.202326
EXP-LOAD, 2023-07-18T17:24:44.570, ubuntu22-d, mtd-zk-2, 0.202326
EXP-LOAD, 2023-07-18T17:24:56.679, ubuntu22-d, mtd-zk-2, 0.197846
EXP-LEAD, 2023-07-18T17:24:58.730, ubuntu22-d, mtd-zk-2, START
EXP-LEAD, 2023-07-18T17:25:03.261, ubuntu22-d, mtd-zk-2, END
EXP-LOAD, 2023-07-18T17:25:04.299, ubuntu22-d, mtd-zk-2, 0.148627
EXP-LEAD, 2023-07-18T17:25:06.086, ubuntu22-d, mtd-zk-2, START
EXP-LEAD, 2023-07-18T17:25:11.691, ubuntu22-d, mtd-zk-2, END
EXP-LOAD, 2023-07-18T17:25:12.759, ubuntu22-d, mtd-zk-2, 0.148627
EXP-LOAD, 2023-07-18T17:25:20.228, ubuntu22-d, mtd-zk-2, 0.268227
EXP-LEAD, 2023-07-18T17:25:22.266, ubuntu22-d, mtd-zk-2, START
EXP-LEAD, 2023-07-18T17:25:27.817, ubuntu22-d, mtd-zk-2, END
EXP-LOAD, 2023-07-18T17:25:28.914, ubuntu22-d, mtd-zk-2, 0.268227
EXP-LOAD, 2023-07-18T17:25:40.543, ubuntu22-d, mtd-zk-2, 0.175934
EXP-LOAD, 2023-07-18T17:25:47.662, ubuntu22-d, mtd-zk-2, 0.175934
EXP-LOAD, 2023-07-18T17:25:55.778, ubuntu22-d, mtd-zk-2, 0.138216
EXP-LEAD, 2023-07-18T17:25:56.822, ubuntu22-d, mtd-zk-2, START
EXP-LEAD, 2023-07-18T17:26:02.415, ubuntu22-d, mtd-zk-2, END
EXP-LOAD, 2023-07-18T17:26:03.495, ubuntu22-d, mtd-zk-2, 0.138216
EXP-LOAD, 2023-07-18T17:26:10.659, ubuntu22-d, mtd-zk-2, 0.157928
EXP-LEAD, 2023-07-18T17:26:11.685, ubuntu22-d, mtd-zk-2, START
EXP-LEAD, 2023-07-18T17:26:20.238, ubuntu22-d, mtd-zk-2, END
EXP-LOAD, 2023-07-18T17:26:21.285, ubuntu22-d, mtd-zk-2, 0.321821
EXP-LEAD, 2023-07-18T17:26:23.776, ubuntu22-d, mtd-zk-2, START
EXP-LEAD, 2023-07-18T17:26:30.225, ubuntu22-d, mtd-zk-2, END
EXP-LOAD, 2023-07-18T17:26:31.287, ubuntu22-d, mtd-zk-2, 0.321821
EXP-LOAD, 2023-07-18T17:26:44.008, ubuntu22-d, mtd-zk-2, 0.190534
EXP-LOAD, 2023-07-18T17:26:52.118, ubuntu22-d, mtd-zk-2, 0.124221
EXP-LOAD, 2023-07-18T17:27:03.289, ubuntu22-d, mtd-zk-2, 0.124221
EXP-LEAD, 2023-07-18T17:27:04.313, ubuntu22-d, mtd-zk-2, START
EXP-LEAD, 2023-07-18T17:27:08.768, ubuntu22-d, mtd-zk-2, END
EXP-LOAD, 2023-07-18T17:27:09.805, ubuntu22-d, mtd-zk-2, 0.165050
EXP-LOAD, 2023-07-18T17:27:18.480, ubuntu22-d, mtd-zk-2, 0.165050
EXP-LOAD, 2023-07-18T17:27:27.145, ubuntu22-d, mtd-zk-2, 0.270078
EXP-LOAD, 2023-07-18T17:27:35.273, ubuntu22-d, mtd-zk-2, 0.168324
EXP-LOAD, 2023-07-18T17:27:44.391, ubuntu22-d, mtd-zk-2, 0.168324
EXP-LEAD, 2023-07-18T17:27:46.454, ubuntu22-d, mtd-zk-2, START
EXP-LEAD, 2023-07-18T17:27:50.910, ubuntu22-d, mtd-zk-2, END
EXP-LOAD, 2023-07-18T17:27:51.954, ubuntu22-d, mtd-zk-2, 0.094213
EXP-LOAD, 2023-07-18T17:28:04.091, ubuntu22-d, mtd-zk-2, 0.147216
EXP-LOAD, 2023-07-18T17:28:12.181, ubuntu22-d, mtd-zk-2, 0.147216
EXP-LOAD, 2023-07-18T17:28:25.269, ubuntu22-d, mtd-zk-2, 0.136652
EXP-LEAD, 2023-07-18T17:28:27.300, ubuntu22-d, mtd-zk-2, START
EXP-LEAD, 2023-07-18T17:28:31.743, ubuntu22-d, mtd-zk-2, END
EXP-LOAD, 2023-07-18T17:28:32.790, ubuntu22-d, mtd-zk-2, 0.136652
EXP-LOAD, 2023-07-18T17:28:41.462, ubuntu22-d, mtd-zk-2, 0.080019
EXP-LEAD, 2023-07-18T17:28:42.472, ubuntu22-d, mtd-zk-2, START
EXP-LEAD, 2023-07-18T17:28:47.074, ubuntu22-d, mtd-zk-2, END
EXP-LOAD, 2023-07-18T17:28:48.135, ubuntu22-d, mtd-zk-2, 0.080019
EXP-LOAD, 2023-07-18T17:28:58.590, ubuntu22-d, mtd-zk-2, 0.224590
EXP-LEAD, 2023-07-18T17:29:00.624, ubuntu22-d, mtd-zk-2, START
EXP-LEAD, 2023-07-18T17:29:05.110, ubuntu22-d, mtd-zk-2, END
EXP-LOAD, 2023-07-18T17:29:06.156, ubuntu22-d, mtd-zk-2, 0.172652
EXP-LEAD, 2023-07-18T17:29:07.696, ubuntu22-d, mtd-zk-2, START
EXP-LEAD, 2023-07-18T17:29:16.313, ubuntu22-d, mtd-zk-2, END
EXP-LOAD, 2023-07-18T17:29:17.382, ubuntu22-d, mtd-zk-2, 0.172652
EXP-LOAD, 2023-07-18T17:29:25.946, ubuntu22-d, mtd-zk-2, 0.240549
EXP-LOAD, 2023-07-18T17:29:34.126, ubuntu22-d, mtd-zk-2, 0.241050
EXP-LEAD, 2023-07-18T17:29:35.152, ubuntu22-d, mtd-zk-2, START
EXP-LEAD, 2023-07-18T17:29:40.646, ubuntu22-d, mtd-zk-2, END
EXP-LOAD, 2023-07-18T17:29:41.697, ubuntu22-d, mtd-zk-2, 0.241050
EXP-LOAD, 2023-07-18T17:29:48.782, ubuntu22-d, mtd-zk-2, 0.241050
EXP-LOAD, 2023-07-18T17:29:58.887, ubuntu22-d, mtd-zk-2, 0.169064
EXP-LOAD, 2023-07-18T17:30:06.782, ubuntu22-d, mtd-zk-2, 0.182019
EXP-LOAD, 2023-07-18T17:30:20.485, ubuntu22-d, mtd-zk-2, 0.143818
EXP-LEAD, 2023-07-18T17:30:22.321, ubuntu22-d, mtd-zk-2, START
EXP-LEAD, 2023-07-18T17:30:26.755, ubuntu22-d, mtd-zk-2, END
EXP-LOAD, 2023-07-18T17:30:27.802, ubuntu22-d, mtd-zk-2, 0.143818
EXP-LEAD, 2023-07-18T17:30:29.415, ubuntu22-d, mtd-zk-2, START
EXP-LEAD, 2023-07-18T17:30:36.912, ubuntu22-d, mtd-zk-2, END
EXP-LOAD, 2023-07-18T17:30:37.975, ubuntu22-d, mtd-zk-2, 0.223030
EXP-LEAD, 2023-07-18T17:30:39.000, ubuntu22-d, mtd-zk-2, START
EXP-LEAD, 2023-07-18T17:30:43.437, ubuntu22-d, mtd-zk-2, END
EXP-LOAD, 2023-07-18T17:30:44.489, ubuntu22-d, mtd-zk-2, 0.223030
EXP-LOAD, 2023-07-18T17:30:55.213, ubuntu22-d, mtd-zk-2, 0.186217
EXP-LOAD, 2023-07-18T17:31:03.757, ubuntu22-d, mtd-zk-2, 0.186217
EXP-LEAD, 2023-07-18T17:31:05.789, ubuntu22-d, mtd-zk-2, START
EXP-LEAD, 2023-07-18T17:31:15.483, ubuntu22-d, mtd-zk-2, END
EXP-LOAD, 2023-07-18T17:31:16.555, ubuntu22-d, mtd-zk-2, 0.104411
EXP-LOAD, 2023-07-18T17:31:23.987, ubuntu22-d, mtd-zk-2, 0.182520
EXP-LOAD, 2023-07-18T17:31:29.092, ubuntu22-d, mtd-zk-2, 0.182520
EXP-LOAD, 2023-07-18T17:31:35.646, ubuntu22-d, mtd-zk-2, 0.172423
EXP-LOAD, 2023-07-18T17:31:46.814, ubuntu22-d, mtd-zk-2, 0.172423
EXP-LEAD, 2023-07-18T17:31:47.858, ubuntu22-d, mtd-zk-2, START
EXP-LEAD, 2023-07-18T17:31:53.391, ubuntu22-d, mtd-zk-2, END
EXP-LOAD, 2023-07-18T17:31:54.432, ubuntu22-d, mtd-zk-2, 0.197131
EXP-LOAD, 2023-07-18T17:32:03.090, ubuntu22-d, mtd-zk-2, 0.197131
EXP-LEAD, 2023-07-18T17:32:03.122, ubuntu22-d, mtd-zk-2, START
EXP-LEAD, 2023-07-18T17:32:11.623, ubuntu22-d, mtd-zk-2, END
EXP-LOAD, 2023-07-18T17:32:12.654, ubuntu22-d, mtd-zk-2, 0.212050
EXP-LEAD, 2023-07-18T17:32:15.220, ubuntu22-d, mtd-zk-2, START
EXP-LEAD, 2023-07-18T17:32:19.595, ubuntu22-d, mtd-zk-2, END
EXP-LOAD, 2023-07-18T17:32:20.652, ubuntu22-d, mtd-zk-2, 0.166500
EXP-LOAD, 2023-07-18T17:32:27.401, ubuntu22-d, mtd-zk-2, 0.166500
EXP-LOAD, 2023-07-18T17:32:38.484, ubuntu22-d, mtd-zk-2, 0.205021
EXP-LEAD, 2023-07-18T17:32:39.514, ubuntu22-d, mtd-zk-2, START
EXP-LEAD, 2023-07-18T17:32:43.923, ubuntu22-d, mtd-zk-2, END
EXP-LOAD, 2023-07-18T17:32:44.978, ubuntu22-d, mtd-zk-2, 0.205021
EXP-LEAD, 2023-07-18T17:32:46.757, ubuntu22-d, mtd-zk-2, START
EXP-LEAD, 2023-07-18T17:32:54.364, ubuntu22-d, mtd-zk-2, END
EXP-LOAD, 2023-07-18T17:32:55.418, ubuntu22-d, mtd-zk-2, 0.175822
EXP-LOAD, 2023-07-18T17:33:01.793, ubuntu22-d, mtd-zk-2, 0.175822
EXP-LEAD, 2023-07-18T17:33:02.487, ubuntu22-d, mtd-zk-2, START
EXP-LEAD, 2023-07-18T17:33:08.142, ubuntu22-d, mtd-zk-2, END
EXP-LOAD, 2023-07-18T17:33:09.224, ubuntu22-d, mtd-zk-2, 0.165818
EXP-LOAD, 2023-07-18T17:33:22.658, ubuntu22-d, mtd-zk-2, 0.237731
EXP-LOAD, 2023-07-18T17:33:28.749, ubuntu22-d, mtd-zk-2, 0.237731
EXP-LEAD, 2023-07-18T17:33:29.803, ubuntu22-d, mtd-zk-2, START
EXP-LEAD, 2023-07-18T17:33:35.383, ubuntu22-d, mtd-zk-2, END
EXP-LOAD, 2023-07-18T17:33:36.458, ubuntu22-d, mtd-zk-2, 0.157068
EXP-LEAD, 2023-07-18T17:33:38.494, ubuntu22-d, mtd-zk-2, START
EXP-LEAD, 2023-07-18T17:33:43.970, ubuntu22-d, mtd-zk-2, END
EXP-LOAD, 2023-07-18T17:33:45.023, ubuntu22-d, mtd-zk-2, 0.157068
EXP-LEAD, 2023-07-18T17:33:46.587, ubuntu22-d, mtd-zk-2, START
EXP-LEAD, 2023-07-18T17:33:51.047, ubuntu22-d, mtd-zk-2, END
EXP-LOAD, 2023-07-18T17:33:52.932, ubuntu22-d, mtd-zk-2, 0.177061
EXP-LEAD, 2023-07-18T17:33:54.980, ubuntu22-d, mtd-zk-2, START
EXP-LEAD, 2023-07-18T17:33:59.410, ubuntu22-d, mtd-zk-2, END
EXP-LOAD, 2023-07-18T17:34:00.455, ubuntu22-d, mtd-zk-2, 0.177061
EXP-LEAD, 2023-07-18T17:34:03.069, ubuntu22-d, mtd-zk-2, START
EXP-LEAD, 2023-07-18T17:34:10.554, ubuntu22-d, mtd-zk-2, END
EXP-LOAD, 2023-07-18T17:34:11.652, ubuntu22-d, mtd-zk-2, 0.181431
EXP-LOAD, 2023-07-18T17:34:20.336, ubuntu22-d, mtd-zk-2, 0.226517
EXP-LOAD, 2023-07-18T17:34:27.458, ubuntu22-d, mtd-zk-2, 0.226517
EXP-LOAD, 2023-07-18T17:34:36.539, ubuntu22-d, mtd-zk-2, 0.170629
EXP-LOAD, 2023-07-18T17:34:44.649, ubuntu22-d, mtd-zk-2, 0.170629
EXP-LEAD, 2023-07-18T17:34:45.680, ubuntu22-d, mtd-zk-2, START
EXP-LEAD, 2023-07-18T17:34:51.494, ubuntu22-d, mtd-zk-2, END
EXP-LOAD, 2023-07-18T17:34:52.531, ubuntu22-d, mtd-zk-2, 0.161642
EXP-LOAD, 2023-07-18T17:34:59.827, ubuntu22-d, mtd-zk-2, 0.161642
EXP-LOAD, 2023-07-18T17:35:10.933, ubuntu22-d, mtd-zk-2, 0.212028
EXP-LOAD, 2023-07-18T17:35:19.030, ubuntu22-d, mtd-zk-2, 0.210434
EXP-LOAD, 2023-07-18T17:35:33.670, ubuntu22-d, mtd-zk-2, 0.210434
EXP-LEAD, 2023-07-18T17:35:34.703, ubuntu22-d, mtd-zk-2, START
EXP-LEAD, 2023-07-18T17:35:39.188, ubuntu22-d, mtd-zk-2, END
EXP-LOAD, 2023-07-18T17:35:40.252, ubuntu22-d, mtd-zk-2, 0.190245
EXP-LOAD, 2023-07-18T17:35:46.894, ubuntu22-d, mtd-zk-2, 0.190245
EXP-LEAD, 2023-07-18T17:35:49.899, ubuntu22-d, mtd-zk-2, START
EXP-LEAD, 2023-07-18T17:35:57.357, ubuntu22-d, mtd-zk-2, END
EXP-LOAD, 2023-07-18T17:35:58.418, ubuntu22-d, mtd-zk-2, 0.163934
EXP-LOAD, 2023-07-18T17:36:06.555, ubuntu22-d, mtd-zk-2, 0.149229
EXP-LOAD, 2023-07-18T17:36:14.637, ubuntu22-d, mtd-zk-2, 0.149229
EXP-LOAD, 2023-07-18T17:36:24.755, ubuntu22-d, mtd-zk-2, 0.162934
EXP-LOAD, 2023-07-18T17:36:33.344, ubuntu22-d, mtd-zk-2, 0.162934
EXP-LEAD, 2023-07-18T17:36:36.324, ubuntu22-d, mtd-zk-2, START
EXP-LEAD, 2023-07-18T17:36:40.708, ubuntu22-d, mtd-zk-2, END
EXP-LOAD, 2023-07-18T17:36:41.768, ubuntu22-d, mtd-zk-2, 0.194621
EXP-LEAD, 2023-07-18T17:36:43.426, ubuntu22-d, mtd-zk-2, START
EXP-LEAD, 2023-07-18T17:36:51.281, ubuntu22-d, mtd-zk-2, END
EXP-LOAD, 2023-07-18T17:36:52.356, ubuntu22-d, mtd-zk-2, 0.198127
EXP-LEAD, 2023-07-18T17:36:53.381, ubuntu22-d, mtd-zk-2, START
EXP-LEAD, 2023-07-18T17:36:57.845, ubuntu22-d, mtd-zk-2, END
EXP-LOAD, 2023-07-18T17:36:58.884, ubuntu22-d, mtd-zk-2, 0.198127
EXP-LEAD, 2023-07-18T17:36:59.478, ubuntu22-d, mtd-zk-2, START
EXP-LEAD, 2023-07-18T17:37:04.912, ubuntu22-d, mtd-zk-2, END
EXP-LOAD, 2023-07-18T17:37:05.968, ubuntu22-d, mtd-zk-2, 0.133625
EXP-LOAD, 2023-07-18T17:37:16.668, ubuntu22-d, mtd-zk-2, 0.133625
EXP-LOAD, 2023-07-18T17:37:25.785, ubuntu22-d, mtd-zk-2, 0.161834
EXP-LOAD, 2023-07-18T17:37:37.178, ubuntu22-d, mtd-zk-2, 0.243859
EXP-LOAD, 2023-07-18T17:37:43.280, ubuntu22-d, mtd-zk-2, 0.243859
EXP-LOAD, 2023-07-18T17:37:54.927, ubuntu22-d, mtd-zk-2, 0.120434
EXP-LOAD, 2023-07-18T17:38:01.999, ubuntu22-d, mtd-zk-2, 0.120434
EXP-LOAD, 2023-07-18T17:38:11.689, ubuntu22-d, mtd-zk-2, 0.151632
EXP-LOAD, 2023-07-18T17:38:19.789, ubuntu22-d, mtd-zk-2, 0.191639
EXP-LEAD, 2023-07-18T17:38:21.797, ubuntu22-d, mtd-zk-2, START
EXP-LEAD, 2023-07-18T17:38:26.443, ubuntu22-d, mtd-zk-2, END
EXP-LOAD, 2023-07-18T17:38:27.523, ubuntu22-d, mtd-zk-2, 0.191639
EXP-LEAD, 2023-07-18T17:38:28.543, ubuntu22-d, mtd-zk-2, START
EXP-LEAD, 2023-07-18T17:38:36.221, ubuntu22-d, mtd-zk-2, END
EXP-LOAD, 2023-07-18T17:38:37.406, ubuntu22-d, mtd-zk-2, 0.238843
EXP-LOAD, 2023-07-18T17:38:44.121, ubuntu22-d, mtd-zk-2, 0.238843
EXP-LOAD, 2023-07-18T17:38:58.747, ubuntu22-d, mtd-zk-2, 0.189137
EXP-LEAD, 2023-07-18T17:39:00.796, ubuntu22-d, mtd-zk-2, START
EXP-LEAD, 2023-07-18T17:39:05.211, ubuntu22-d, mtd-zk-2, END
EXP-LOAD, 2023-07-18T17:39:06.258, ubuntu22-d, mtd-zk-2, 0.075115
EXP-LOAD, 2023-07-18T17:39:13.965, ubuntu22-d, mtd-zk-2, 0.075115
EXP-LOAD, 2023-07-18T17:39:25.656, ubuntu22-d, mtd-zk-2, 0.210267
EXP-LEAD, 2023-07-18T17:39:26.681, ubuntu22-d, mtd-zk-2, START
EXP-LEAD, 2023-07-18T17:39:32.248, ubuntu22-d, mtd-zk-2, END
EXP-LOAD, 2023-07-18T17:39:33.286, ubuntu22-d, mtd-zk-2, 0.210267
EXP-LEAD, 2023-07-18T17:39:34.310, ubuntu22-d, mtd-zk-2, START
EXP-LEAD, 2023-07-18T17:39:43.893, ubuntu22-d, mtd-zk-2, END
EXP-LOAD, 2023-07-18T17:39:44.940, ubuntu22-d, mtd-zk-2, 0.190042
EXP-LOAD, 2023-07-18T17:39:53.501, ubuntu22-d, mtd-zk-2, 0.178431
EXP-LOAD, 2023-07-18T17:40:03.588, ubuntu22-d, mtd-zk-2, 0.178431
EXP-LEAD, 2023-07-18T17:40:04.615, ubuntu22-d, mtd-zk-2, START
EXP-LEAD, 2023-07-18T17:40:09.149, ubuntu22-d, mtd-zk-2, END
EXP-LOAD, 2023-07-18T17:40:10.197, ubuntu22-d, mtd-zk-2, 0.139414
EXP-LOAD, 2023-07-18T17:40:17.833, ubuntu22-d, mtd-zk-2, 0.139414
EXP-LEAD, 2023-07-18T17:40:18.858, ubuntu22-d, mtd-zk-2, START
EXP-LEAD, 2023-07-18T17:40:26.441, ubuntu22-d, mtd-zk-2, END
EXP-LOAD, 2023-07-18T17:40:27.477, ubuntu22-d, mtd-zk-2, 0.166516
EXP-LOAD, 2023-07-18T17:40:34.030, ubuntu22-d, mtd-zk-2, 0.181412
EXP-LEAD, 2023-07-18T17:40:36.102, ubuntu22-d, mtd-zk-2, START
EXP-LEAD, 2023-07-18T17:40:43.614, ubuntu22-d, mtd-zk-2, END
EXP-LOAD, 2023-07-18T17:40:44.656, ubuntu22-d, mtd-zk-2, 0.181412
EXP-LOAD, 2023-07-18T17:40:53.288, ubuntu22-d, mtd-zk-2, 0.147243
EXP-LOAD, 2023-07-18T17:41:02.403, ubuntu22-d, mtd-zk-2, 0.147243
EXP-LOAD, 2023-07-18T17:41:08.485, ubuntu22-d, mtd-zk-2, 0.145818
EXP-LOAD, 2023-07-18T17:41:18.183, ubuntu22-d, mtd-zk-2, 0.145818
EXP-LOAD, 2023-07-18T17:41:25.265, ubuntu22-d, mtd-zk-2, 0.143024
EXP-LOAD, 2023-07-18T17:41:32.353, ubuntu22-d, mtd-zk-2, 0.143024
EXP-LOAD, 2023-07-18T17:41:44.051, ubuntu22-d, mtd-zk-2, 0.134815
EXP-LEAD, 2023-07-18T17:41:44.080, ubuntu22-d, mtd-zk-2, START
EXP-LEAD, 2023-07-18T17:41:49.745, ubuntu22-d, mtd-zk-2, END
EXP-LOAD, 2023-07-18T17:41:50.838, ubuntu22-d, mtd-zk-2, 0.204638
EXP-LEAD, 2023-07-18T17:41:51.861, ubuntu22-d, mtd-zk-2, START
EXP-LEAD, 2023-07-18T17:41:59.400, ubuntu22-d, mtd-zk-2, END
EXP-LOAD, 2023-07-18T17:42:00.465, ubuntu22-d, mtd-zk-2, 0.204638
EXP-LOAD, 2023-07-18T17:42:07.004, ubuntu22-d, mtd-zk-2, 0.120644
EXP-LOAD, 2023-07-18T17:42:19.092, ubuntu22-d, mtd-zk-2, 0.189150
EXP-LOAD, 2023-07-18T17:42:27.827, ubuntu22-d, mtd-zk-2, 0.189150
EXP-LEAD, 2023-07-18T17:42:28.894, ubuntu22-d, mtd-zk-2, START
EXP-LEAD, 2023-07-18T17:42:37.419, ubuntu22-d, mtd-zk-2, END
EXP-LOAD, 2023-07-18T17:42:38.464, ubuntu22-d, mtd-zk-2, 0.306417
EXP-LOAD, 2023-07-18T17:42:44.017, ubuntu22-d, mtd-zk-2, 0.306417
EXP-LEAD, 2023-07-18T17:42:46.060, ubuntu22-d, mtd-zk-2, START
EXP-LEAD, 2023-07-18T17:42:53.578, ubuntu22-d, mtd-zk-2, END
EXP-LOAD, 2023-07-18T17:42:54.640, ubuntu22-d, mtd-zk-2, 0.155659
EXP-LEAD, 2023-07-18T17:42:56.154, ubuntu22-d, mtd-zk-2, START
EXP-LEAD, 2023-07-18T17:43:00.723, ubuntu22-d, mtd-zk-2, END
EXP-LOAD, 2023-07-18T17:43:01.766, ubuntu22-d, mtd-zk-2, 0.155659
EXP-LEAD, 2023-07-18T17:43:02.227, ubuntu22-d, mtd-zk-2, START
EXP-LEAD, 2023-07-18T17:43:06.646, ubuntu22-d, mtd-zk-2, END
EXP-LOAD, 2023-07-18T17:43:07.717, ubuntu22-d, mtd-zk-2, 0.163417
EXP-LEAD, 2023-07-18T17:43:10.317, ubuntu22-d, mtd-zk-2, START
EXP-LEAD, 2023-07-18T17:43:14.788, ubuntu22-d, mtd-zk-2, END
EXP-LOAD, 2023-07-18T17:43:15.835, ubuntu22-d, mtd-zk-2, 0.163417
EXP-LOAD, 2023-07-18T17:43:23.504, ubuntu22-d, mtd-zk-2, 0.211819
EXP-LOAD, 2023-07-18T17:43:41.666, ubuntu22-d, mtd-zk-2, 0.331024
EXP-LOAD, 2023-07-18T17:43:53.558, ubuntu22-d, mtd-zk-2, 0.755801
EXP-LEAD, 2023-07-18T17:43:54.599, ubuntu22-d, mtd-zk-2, START
EXP-LEAD, 2023-07-18T17:44:00.026, ubuntu22-d, mtd-zk-2, END
EXP-LOAD, 2023-07-18T17:44:01.064, ubuntu22-d, mtd-zk-2, 0.755801
EXP-LOAD, 2023-07-18T17:44:08.774, ubuntu22-d, mtd-zk-2, 0.407175
EXP-LEAD, 2023-07-18T17:44:09.806, ubuntu22-d, mtd-zk-2, START
EXP-LEAD, 2023-07-18T17:44:15.296, ubuntu22-d, mtd-zk-2, END
EXP-LOAD, 2023-07-18T17:44:16.363, ubuntu22-d, mtd-zk-2, 0.407175
EXP-LOAD, 2023-07-18T17:44:25.048, ubuntu22-d, mtd-zk-2, 0.163498
EXP-LOAD, 2023-07-18T17:44:31.168, ubuntu22-d, mtd-zk-2, 0.163498
EXP-LOAD, 2023-07-18T17:44:42.251, ubuntu22-d, mtd-zk-2, 0.220238
EXP-LOAD, 2023-07-18T17:44:50.344, ubuntu22-d, mtd-zk-2, 0.084416
EXP-LOAD, 2023-07-18T17:44:58.437, ubuntu22-d, mtd-zk-2, 0.084416
EXP-LOAD, 2023-07-18T17:45:04.538, ubuntu22-d, mtd-zk-2, 0.281715
EXP-LEAD, 2023-07-18T17:45:05.571, ubuntu22-d, mtd-zk-2, START
EXP-LEAD, 2023-07-18T17:45:17.299, ubuntu22-d, mtd-zk-2, END
EXP-LOAD, 2023-07-18T17:45:18.347, ubuntu22-d, mtd-zk-2, 0.281715
EXP-LEAD, 2023-07-18T17:45:19.675, ubuntu22-d, mtd-zk-2, START
EXP-LEAD, 2023-07-18T17:45:24.035, ubuntu22-d, mtd-zk-2, END
EXP-LOAD, 2023-07-18T17:45:25.081, ubuntu22-d, mtd-zk-2, 0.100208
EXP-LEAD, 2023-07-18T17:45:26.112, ubuntu22-d, mtd-zk-2, START
EXP-LEAD, 2023-07-18T17:45:31.626, ubuntu22-d, mtd-zk-2, END
EXP-LOAD, 2023-07-18T17:45:32.670, ubuntu22-d, mtd-zk-2, 0.100208
EXP-LEAD, 2023-07-18T17:45:35.204, ubuntu22-d, mtd-zk-2, START
EXP-LEAD, 2023-07-18T17:45:43.697, ubuntu22-d, mtd-zk-2, END
EXP-LOAD, 2023-07-18T17:45:44.751, ubuntu22-d, mtd-zk-2, 0.206351
EXP-LEAD, 2023-07-18T17:45:46.314, ubuntu22-d, mtd-zk-2, START
EXP-LEAD, 2023-07-18T17:45:51.811, ubuntu22-d, mtd-zk-2, END
EXP-LOAD, 2023-07-18T17:45:52.851, ubuntu22-d, mtd-zk-2, 0.089216
EXP-LEAD, 2023-07-18T17:45:54.380, ubuntu22-d, mtd-zk-2, START
EXP-LEAD, 2023-07-18T17:46:01.895, ubuntu22-d, mtd-zk-2, END
EXP-LOAD, 2023-07-18T17:46:02.939, ubuntu22-d, mtd-zk-2, 0.089216
EXP-LOAD, 2023-07-18T17:46:13.565, ubuntu22-d, mtd-zk-2, 0.274742
EXP-LEAD, 2023-07-18T17:46:14.593, ubuntu22-d, mtd-zk-2, START
EXP-LEAD, 2023-07-18T17:46:19.992, ubuntu22-d, mtd-zk-2, END
EXP-LOAD, 2023-07-18T17:46:21.031, ubuntu22-d, mtd-zk-2, 0.104420
EXP-LEAD, 2023-07-18T17:46:22.058, ubuntu22-d, mtd-zk-2, START
EXP-LEAD, 2023-07-18T17:46:30.526, ubuntu22-d, mtd-zk-2, END
EXP-LOAD, 2023-07-18T17:46:31.572, ubuntu22-d, mtd-zk-2, 0.104420
EXP-LOAD, 2023-07-18T17:46:39.649, ubuntu22-d, mtd-zk-2, 0.098912
EXP-LEAD, 2023-07-18T17:46:40.706, ubuntu22-d, mtd-zk-2, START
EXP-LEAD, 2023-07-18T17:46:48.300, ubuntu22-d, mtd-zk-2, END
EXP-LOAD, 2023-07-18T17:46:49.376, ubuntu22-d, mtd-zk-2, 0.088817
EXP-LOAD, 2023-07-18T17:46:55.518, ubuntu22-d, mtd-zk-2, 0.088817
EXP-LOAD, 2023-07-18T17:47:07.697, ubuntu22-d, mtd-zk-2, 0.122829
EXP-LOAD, 2023-07-18T17:47:14.780, ubuntu22-d, mtd-zk-2, 0.122829
EXP-LOAD, 2023-07-18T17:47:24.255, ubuntu22-d, mtd-zk-2, 0.174648
EXP-LOAD, 2023-07-18T17:47:36.364, ubuntu22-d, mtd-zk-2, 0.162619
EXP-LOAD, 2023-07-18T17:47:42.453, ubuntu22-d, mtd-zk-2, 0.162619
EXP-LEAD, 2023-07-18T17:47:43.903, ubuntu22-d, mtd-zk-2, START
EXP-LEAD, 2023-07-18T17:47:51.430, ubuntu22-d, mtd-zk-2, END
EXP-LOAD, 2023-07-18T17:47:52.537, ubuntu22-d, mtd-zk-2, 0.135937
EXP-LOAD, 2023-07-18T17:48:01.063, ubuntu22-d, mtd-zk-2, 0.135937
EXP-LOAD, 2023-07-18T17:48:08.150, ubuntu22-d, mtd-zk-2, 0.195619
EXP-LEAD, 2023-07-18T17:48:10.628, ubuntu22-d, mtd-zk-2, START
EXP-LEAD, 2023-07-18T17:48:15.049, ubuntu22-d, mtd-zk-2, END
EXP-LOAD, 2023-07-18T17:48:16.126, ubuntu22-d, mtd-zk-2, 0.195619
EXP-LOAD, 2023-07-18T17:48:23.273, ubuntu22-d, mtd-zk-2, 0.160449
EXP-LOAD, 2023-07-18T17:48:34.320, ubuntu22-d, mtd-zk-2, 0.278426
EXP-LOAD, 2023-07-18T17:48:42.041, ubuntu22-d, mtd-zk-2, 0.278426
EXP-LOAD, 2023-07-18T17:48:54.162, ubuntu22-d, mtd-zk-2, 0.184331
EXP-LEAD, 2023-07-18T17:48:55.228, ubuntu22-d, mtd-zk-2, START
EXP-LEAD, 2023-07-18T17:49:00.782, ubuntu22-d, mtd-zk-2, END
EXP-LOAD, 2023-07-18T17:49:01.817, ubuntu22-d, mtd-zk-2, 0.184331
EXP-LOAD, 2023-07-18T17:49:11.387, ubuntu22-d, mtd-zk-2, 0.196033
EXP-LOAD, 2023-07-18T17:49:21.517, ubuntu22-d, mtd-zk-2, 0.155827
EXP-LOAD, 2023-07-18T17:49:29.614, ubuntu22-d, mtd-zk-2, 0.155827
EXP-LOAD, 2023-07-18T17:49:37.706, ubuntu22-d, mtd-zk-2, 0.151830
EXP-LOAD, 2023-07-18T17:49:46.533, ubuntu22-d, mtd-zk-2, 0.151830
EXP-LEAD, 2023-07-18T17:49:47.557, ubuntu22-d, mtd-zk-2, START
EXP-LEAD, 2023-07-18T17:49:52.989, ubuntu22-d, mtd-zk-2, END
EXP-LOAD, 2023-07-18T17:49:54.049, ubuntu22-d, mtd-zk-2, 0.278814
EXP-LEAD, 2023-07-18T17:49:55.637, ubuntu22-d, mtd-zk-2, START
EXP-LEAD, 2023-07-18T17:50:01.137, ubuntu22-d, mtd-zk-2, END
EXP-LOAD, 2023-07-18T17:50:02.177, ubuntu22-d, mtd-zk-2, 0.278814
EXP-LEAD, 2023-07-18T17:50:03.215, ubuntu22-d, mtd-zk-2, START
EXP-LEAD, 2023-07-18T17:50:09.008, ubuntu22-d, mtd-zk-2, END
EXP-LOAD, 2023-07-18T17:50:10.084, ubuntu22-d, mtd-zk-2, 0.284838
EXP-LOAD, 2023-07-18T17:50:23.382, ubuntu22-d, mtd-zk-2, 0.159276
EXP-LOAD, 2023-07-18T17:50:31.497, ubuntu22-d, mtd-zk-2, 0.159276
EXP-LOAD, 2023-07-18T17:50:39.635, ubuntu22-d, mtd-zk-2, 0.136856
EXP-LOAD, 2023-07-18T17:50:50.725, ubuntu22-d, mtd-zk-2, 0.152820
EXP-LOAD, 2023-07-18T17:50:59.338, ubuntu22-d, mtd-zk-2, 0.152820
EXP-LOAD, 2023-07-18T17:51:06.511, ubuntu22-d, mtd-zk-2, 0.241232
EXP-LEAD, 2023-07-18T17:51:07.551, ubuntu22-d, mtd-zk-2, START
EXP-LEAD, 2023-07-18T17:51:12.245, ubuntu22-d, mtd-zk-2, END
EXP-LOAD, 2023-07-18T17:51:13.290, ubuntu22-d, mtd-zk-2, 0.241232
EXP-LOAD, 2023-07-18T17:51:21.403, ubuntu22-d, mtd-zk-2, 0.191632
EXP-LEAD, 2023-07-18T17:51:22.438, ubuntu22-d, mtd-zk-2, START
EXP-LEAD, 2023-07-18T17:51:26.831, ubuntu22-d, mtd-zk-2, END
EXP-LOAD, 2023-07-18T17:51:27.886, ubuntu22-d, mtd-zk-2, 0.191632
EXP-LOAD, 2023-07-18T17:51:34.605, ubuntu22-d, mtd-zk-2, 0.222033
EXP-LEAD, 2023-07-18T17:51:35.630, ubuntu22-d, mtd-zk-2, START
EXP-LEAD, 2023-07-18T17:51:40.044, ubuntu22-d, mtd-zk-2, END
EXP-LOAD, 2023-07-18T17:51:41.085, ubuntu22-d, mtd-zk-2, 0.222033
EXP-LOAD, 2023-07-18T17:51:48.794, ubuntu22-d, mtd-zk-2, 0.222033
EXP-LEAD, 2023-07-18T17:51:49.827, ubuntu22-d, mtd-zk-2, START
EXP-LEAD, 2023-07-18T17:51:59.341, ubuntu22-d, mtd-zk-2, END
EXP-LOAD, 2023-07-18T17:52:00.399, ubuntu22-d, mtd-zk-2, 0.204602
EXP-LOAD, 2023-07-18T17:52:06.509, ubuntu22-d, mtd-zk-2, 0.115858
EXP-LEAD, 2023-07-18T17:52:09.531, ubuntu22-d, mtd-zk-2, START
EXP-LEAD, 2023-07-18T17:52:17.003, ubuntu22-d, mtd-zk-2, END
EXP-LOAD, 2023-07-18T17:52:18.045, ubuntu22-d, mtd-zk-2, 0.115858
EXP-LOAD, 2023-07-18T17:52:24.683, ubuntu22-d, mtd-zk-2, 0.160522
EXP-LEAD, 2023-07-18T17:52:26.697, ubuntu22-d, mtd-zk-2, START
EXP-LEAD, 2023-07-18T17:52:32.334, ubuntu22-d, mtd-zk-2, END
EXP-LOAD, 2023-07-18T17:52:33.386, ubuntu22-d, mtd-zk-2, 0.160522
EXP-LEAD, 2023-07-18T17:52:34.407, ubuntu22-d, mtd-zk-2, START
EXP-LEAD, 2023-07-18T17:52:39.873, ubuntu22-d, mtd-zk-2, END
EXP-LOAD, 2023-07-18T17:52:40.932, ubuntu22-d, mtd-zk-2, 0.243048
EXP-LOAD, 2023-07-18T17:52:48.558, ubuntu22-d, mtd-zk-2, 0.243048
EXP-LOAD, 2023-07-18T17:53:00.672, ubuntu22-d, mtd-zk-2, 0.193038
EXP-LOAD, 2023-07-18T17:53:08.753, ubuntu22-d, mtd-zk-2, 0.165221
EXP-LOAD, 2023-07-18T17:53:14.843, ubuntu22-d, mtd-zk-2, 0.165221
EXP-LOAD, 2023-07-18T17:53:28.110, ubuntu22-d, mtd-zk-2, 0.185975
EXP-LOAD, 2023-07-18T17:53:35.245, ubuntu22-d, mtd-zk-2, 0.102016
EXP-LOAD, 2023-07-18T17:53:42.989, ubuntu22-d, mtd-zk-2, 0.102016
EXP-LEAD, 2023-07-18T17:53:45.030, ubuntu22-d, mtd-zk-2, START
EXP-LEAD, 2023-07-18T17:53:54.710, ubuntu22-d, mtd-zk-2, END
EXP-LOAD, 2023-07-18T17:53:55.772, ubuntu22-d, mtd-zk-2, 0.194913
EXP-LOAD, 2023-07-18T17:54:04.208, ubuntu22-d, mtd-zk-2, 0.160037
EXP-LOAD, 2023-07-18T17:54:14.299, ubuntu22-d, mtd-zk-2, 0.160037
EXP-LOAD, 2023-07-18T17:54:21.417, ubuntu22-d, mtd-zk-2, 0.114032
EXP-LOAD, 2023-07-18T17:54:29.532, ubuntu22-d, mtd-zk-2, 0.114032
EXP-LOAD, 2023-07-18T17:54:39.677, ubuntu22-d, mtd-zk-2, 0.169619
EXP-LEAD, 2023-07-18T17:54:40.704, ubuntu22-d, mtd-zk-2, START
EXP-LEAD, 2023-07-18T17:54:46.426, ubuntu22-d, mtd-zk-2, END
EXP-LOAD, 2023-07-18T17:54:47.476, ubuntu22-d, mtd-zk-2, 0.169619
EXP-LEAD, 2023-07-18T17:54:48.808, ubuntu22-d, mtd-zk-2, START
EXP-LEAD, 2023-07-18T17:54:54.284, ubuntu22-d, mtd-zk-2, END
EXP-LOAD, 2023-07-18T17:54:55.344, ubuntu22-d, mtd-zk-2, 0.162033
EXP-LEAD, 2023-07-18T17:54:56.926, ubuntu22-d, mtd-zk-2, START
EXP-LEAD, 2023-07-18T17:55:05.557, ubuntu22-d, mtd-zk-2, END
EXP-LOAD, 2023-07-18T17:55:07.128, ubuntu22-d, mtd-zk-2, 0.180427
EXP-LEAD, 2023-07-18T17:55:09.043, ubuntu22-d, mtd-zk-2, START
EXP-LEAD, 2023-07-18T17:55:14.506, ubuntu22-d, mtd-zk-2, END
EXP-LOAD, 2023-07-18T17:55:15.549, ubuntu22-d, mtd-zk-2, 0.180427
EXP-LOAD, 2023-07-18T17:55:23.218, ubuntu22-d, mtd-zk-2, 0.190704
EXP-LEAD, 2023-07-18T17:55:24.811, ubuntu22-d, mtd-zk-2, START
EXP-LEAD, 2023-07-18T17:55:35.356, ubuntu22-d, mtd-zk-2, END
EXP-LOAD, 2023-07-18T17:55:36.451, ubuntu22-d, mtd-zk-2, 0.155392
EXP-LOAD, 2023-07-18T17:55:45.932, ubuntu22-d, mtd-zk-2, 0.155392
EXP-LOAD, 2023-07-18T17:55:56.034, ubuntu22-d, mtd-zk-2, 0.158222
EXP-LOAD, 2023-07-18T17:56:02.721, ubuntu22-d, mtd-zk-2, 0.158222
EXP-LOAD, 2023-07-18T17:56:10.841, ubuntu22-d, mtd-zk-2, 0.107138
EXP-LEAD, 2023-07-18T17:56:11.906, ubuntu22-d, mtd-zk-2, START
EXP-LEAD, 2023-07-18T17:56:16.324, ubuntu22-d, mtd-zk-2, END
EXP-LOAD, 2023-07-18T17:56:17.364, ubuntu22-d, mtd-zk-2, 0.107138
EXP-LEAD, 2023-07-18T17:56:18.984, ubuntu22-d, mtd-zk-2, START
EXP-LEAD, 2023-07-18T17:56:26.585, ubuntu22-d, mtd-zk-2, END
EXP-LOAD, 2023-07-18T17:56:27.629, ubuntu22-d, mtd-zk-2, 0.232233
EXP-LOAD, 2023-07-18T17:56:35.150, ubuntu22-d, mtd-zk-2, 0.217131
EXP-LEAD, 2023-07-18T17:56:36.190, ubuntu22-d, mtd-zk-2, START
EXP-LEAD, 2023-07-18T17:56:40.593, ubuntu22-d, mtd-zk-2, END
EXP-LOAD, 2023-07-18T17:56:41.659, ubuntu22-d, mtd-zk-2, 0.217131
EXP-LOAD, 2023-07-18T17:56:48.352, ubuntu22-d, mtd-zk-2, 0.217131
EXP-LEAD, 2023-07-18T17:56:50.382, ubuntu22-d, mtd-zk-2, START
EXP-LEAD, 2023-07-18T17:56:55.872, ubuntu22-d, mtd-zk-2, END
EXP-LOAD, 2023-07-18T17:56:56.934, ubuntu22-d, mtd-zk-2, 0.173625
EXP-LEAD, 2023-07-18T17:56:58.962, ubuntu22-d, mtd-zk-2, START
EXP-LEAD, 2023-07-18T17:57:04.425, ubuntu22-d, mtd-zk-2, END
EXP-LOAD, 2023-07-18T17:57:05.477, ubuntu22-d, mtd-zk-2, 0.191748
EXP-LEAD, 2023-07-18T17:57:07.107, ubuntu22-d, mtd-zk-2, START
EXP-LEAD, 2023-07-18T17:57:11.601, ubuntu22-d, mtd-zk-2, END
EXP-LOAD, 2023-07-18T17:57:12.644, ubuntu22-d, mtd-zk-2, 0.191748
EXP-LEAD, 2023-07-18T17:57:13.195, ubuntu22-d, mtd-zk-2, START
EXP-LEAD, 2023-07-18T17:57:17.655, ubuntu22-d, mtd-zk-2, END
EXP-LOAD, 2023-07-18T17:57:18.702, ubuntu22-d, mtd-zk-2, 0.191748
EXP-LEAD, 2023-07-18T17:57:19.725, ubuntu22-d, mtd-zk-2, START
EXP-LEAD, 2023-07-18T17:57:25.154, ubuntu22-d, mtd-zk-2, END
EXP-LOAD, 2023-07-18T17:57:26.200, ubuntu22-d, mtd-zk-2, 0.326667
EXP-LEAD, 2023-07-18T17:57:27.263, ubuntu22-d, mtd-zk-2, START
EXP-LEAD, 2023-07-18T17:57:31.689, ubuntu22-d, mtd-zk-2, END
EXP-LOAD, 2023-07-18T17:57:32.730, ubuntu22-d, mtd-zk-2, 0.326667
EXP-LOAD, 2023-07-18T17:57:39.399, ubuntu22-d, mtd-zk-2, 0.199156
EXP-LOAD, 2023-07-18T17:57:50.502, ubuntu22-d, mtd-zk-2, 0.272230
EXP-LOAD, 2023-07-18T17:57:58.666, ubuntu22-d, mtd-zk-2, 0.272230
EXP-LEAD, 2023-07-18T17:58:00.698, ubuntu22-d, mtd-zk-2, START
EXP-LEAD, 2023-07-18T17:58:07.299, ubuntu22-d, mtd-zk-2, END
EXP-LOAD, 2023-07-18T17:58:08.342, ubuntu22-d, mtd-zk-2, 0.147634
EXP-LOAD, 2023-07-18T17:58:15.887, ubuntu22-d, mtd-zk-2, 0.147634
EXP-LEAD, 2023-07-18T17:58:18.898, ubuntu22-d, mtd-zk-2, START
EXP-LEAD, 2023-07-18T17:58:29.446, ubuntu22-d, mtd-zk-2, END
EXP-LOAD, 2023-07-18T17:58:30.514, ubuntu22-d, mtd-zk-2, 0.305266
EXP-LOAD, 2023-07-18T17:58:36.660, ubuntu22-d, mtd-zk-2, 0.131473
EXP-LEAD, 2023-07-18T17:58:38.181, ubuntu22-d, mtd-zk-2, START
EXP-LEAD, 2023-07-18T17:58:45.823, ubuntu22-d, mtd-zk-2, END
EXP-LOAD, 2023-07-18T17:58:46.899, ubuntu22-d, mtd-zk-2, 0.131473
EXP-LEAD, 2023-07-18T17:58:47.926, ubuntu22-d, mtd-zk-2, START
EXP-LEAD, 2023-07-18T17:58:52.412, ubuntu22-d, mtd-zk-2, END
EXP-LOAD, 2023-07-18T17:58:53.460, ubuntu22-d, mtd-zk-2, 0.197037
EXP-LOAD, 2023-07-18T17:59:03.127, ubuntu22-d, mtd-zk-2, 0.197037
EXP-LOAD, 2023-07-18T17:59:10.387, ubuntu22-d, mtd-zk-2, 0.171425
EXP-LOAD, 2023-07-18T17:59:17.844, ubuntu22-d, mtd-zk-2, 0.171425
EXP-LEAD, 2023-07-18T17:59:19.646, ubuntu22-d, mtd-zk-2, START
EXP-LEAD, 2023-07-18T17:59:25.149, ubuntu22-d, mtd-zk-2, END
EXP-LOAD, 2023-07-18T17:59:26.195, ubuntu22-d, mtd-zk-2, 0.206818
EXP-LEAD, 2023-07-18T17:59:27.749, ubuntu22-d, mtd-zk-2, START
EXP-LEAD, 2023-07-18T17:59:36.303, ubuntu22-d, mtd-zk-2, END
EXP-LOAD, 2023-07-18T17:59:37.354, ubuntu22-d, mtd-zk-2, 0.273957
EXP-LOAD, 2023-07-18T17:59:44.929, ubuntu22-d, mtd-zk-2, 0.273957
EXP-LEAD, 2023-07-18T17:59:47.000, ubuntu22-d, mtd-zk-2, START
EXP-LEAD, 2023-07-18T17:59:54.584, ubuntu22-d, mtd-zk-2, END
EXP-LOAD, 2023-07-18T17:59:55.639, ubuntu22-d, mtd-zk-2, 0.198652
EXP-LOAD, 2023-07-18T18:00:03.719, ubuntu22-d, mtd-zk-2, 0.198652
EXP-LOAD, 2023-07-18T18:00:10.826, ubuntu22-d, mtd-zk-2, 0.181976
EXP-LEAD, 2023-07-18T18:00:13.860, ubuntu22-d, mtd-zk-2, START
EXP-LEAD, 2023-07-18T18:00:21.516, ubuntu22-d, mtd-zk-2, END
EXP-LOAD, 2023-07-18T18:00:22.573, ubuntu22-d, mtd-zk-2, 0.194154
EXP-LEAD, 2023-07-18T18:00:23.608, ubuntu22-d, mtd-zk-2, START
EXP-LEAD, 2023-07-18T18:00:29.061, ubuntu22-d, mtd-zk-2, END
EXP-LOAD, 2023-07-18T18:00:30.103, ubuntu22-d, mtd-zk-2, 0.194154
EXP-LEAD, 2023-07-18T18:00:30.705, ubuntu22-d, mtd-zk-2, START
EXP-LEAD, 2023-07-18T18:00:40.230, ubuntu22-d, mtd-zk-2, END
EXP-LOAD, 2023-07-18T18:00:41.313, ubuntu22-d, mtd-zk-2, 0.171276
EXP-LEAD, 2023-07-18T18:00:42.353, ubuntu22-d, mtd-zk-2, START
EXP-LEAD, 2023-07-18T18:00:46.735, ubuntu22-d, mtd-zk-2, END
EXP-LOAD, 2023-07-18T18:00:47.770, ubuntu22-d, mtd-zk-2, 0.171276
EXP-LOAD, 2023-07-18T18:00:54.513, ubuntu22-d, mtd-zk-2, 0.104617
EXP-LOAD, 2023-07-18T18:01:02.576, ubuntu22-d, mtd-zk-2, 0.104617
EXP-LEAD, 2023-07-18T18:01:03.605, ubuntu22-d, mtd-zk-2, START
EXP-LEAD, 2023-07-18T18:01:10.180, ubuntu22-d, mtd-zk-2, END
EXP-LOAD, 2023-07-18T18:01:11.223, ubuntu22-d, mtd-zk-2, 0.201640
EXP-LEAD, 2023-07-18T18:01:13.735, ubuntu22-d, mtd-zk-2, START
EXP-LEAD, 2023-07-18T18:01:23.327, ubuntu22-d, mtd-zk-2, END
EXP-LOAD, 2023-07-18T18:01:24.415, ubuntu22-d, mtd-zk-2, 0.209476
EXP-LEAD, 2023-07-18T18:01:25.938, ubuntu22-d, mtd-zk-2, START
EXP-LEAD, 2023-07-18T18:01:32.478, ubuntu22-d, mtd-zk-2, END
EXP-LOAD, 2023-07-18T18:01:33.520, ubuntu22-d, mtd-zk-2, 0.209476
EXP-LOAD, 2023-07-18T18:01:42.147, ubuntu22-d, mtd-zk-2, 0.151320
EXP-LOAD, 2023-07-18T18:01:52.242, ubuntu22-d, mtd-zk-2, 0.193460
EXP-LEAD, 2023-07-18T18:01:52.911, ubuntu22-d, mtd-zk-2, START
EXP-LEAD, 2023-07-18T18:01:57.334, ubuntu22-d, mtd-zk-2, END
EXP-LOAD, 2023-07-18T18:01:58.382, ubuntu22-d, mtd-zk-2, 0.193460
EXP-LEAD, 2023-07-18T18:01:59.994, ubuntu22-d, mtd-zk-2, START
EXP-LEAD, 2023-07-18T18:02:05.589, ubuntu22-d, mtd-zk-2, END
EXP-LOAD, 2023-07-18T18:02:06.687, ubuntu22-d, mtd-zk-2, 0.183354
EXP-LEAD, 2023-07-18T18:02:08.093, ubuntu22-d, mtd-zk-2, START
EXP-LEAD, 2023-07-18T18:02:15.605, ubuntu22-d, mtd-zk-2, END
EXP-LOAD, 2023-07-18T18:02:16.655, ubuntu22-d, mtd-zk-2, 0.183354
EXP-LEAD, 2023-07-18T18:02:18.694, ubuntu22-d, mtd-zk-2, START
EXP-LEAD, 2023-07-18T18:02:23.159, ubuntu22-d, mtd-zk-2, END
EXP-LOAD, 2023-07-18T18:02:24.204, ubuntu22-d, mtd-zk-2, 0.178823
EXP-LOAD, 2023-07-18T18:02:30.865, ubuntu22-d, mtd-zk-2, 0.178823
EXP-LEAD, 2023-07-18T18:02:32.899, ubuntu22-d, mtd-zk-2, START
EXP-LEAD, 2023-07-18T18:02:40.440, ubuntu22-d, mtd-zk-2, END
EXP-LOAD, 2023-07-18T18:02:41.492, ubuntu22-d, mtd-zk-2, 0.229053
EXP-LOAD, 2023-07-18T18:02:48.046, ubuntu22-d, mtd-zk-2, 0.229053
EXP-LOAD, 2023-07-18T18:02:54.588, ubuntu22-d, mtd-zk-2, 0.120452
EXP-LEAD, 2023-07-18T18:02:56.603, ubuntu22-d, mtd-zk-2, START
EXP-LEAD, 2023-07-18T18:03:05.361, ubuntu22-d, mtd-zk-2, END
EXP-LOAD, 2023-07-18T18:03:06.463, ubuntu22-d, mtd-zk-2, 0.195628
EXP-LOAD, 2023-07-18T18:03:14.827, ubuntu22-d, mtd-zk-2, 0.195628
EXP-LEAD, 2023-07-18T18:03:15.082, ubuntu22-d, mtd-zk-2, START
EXP-LEAD, 2023-07-18T18:03:21.605, ubuntu22-d, mtd-zk-2, END
EXP-LOAD, 2023-07-18T18:03:22.651, ubuntu22-d, mtd-zk-2, 0.109618
EXP-LOAD, 2023-07-18T18:03:29.238, ubuntu22-d, mtd-zk-2, 0.109618
EXP-LEAD, 2023-07-18T18:03:31.261, ubuntu22-d, mtd-zk-2, START
EXP-LEAD, 2023-07-18T18:03:35.792, ubuntu22-d, mtd-zk-2, END
EXP-LOAD, 2023-07-18T18:03:36.879, ubuntu22-d, mtd-zk-2, 0.211842
EXP-LOAD, 2023-07-18T18:03:49.448, ubuntu22-d, mtd-zk-2, 0.167036
EXP-LEAD, 2023-07-18T18:03:51.472, ubuntu22-d, mtd-zk-2, START
EXP-LEAD, 2023-07-18T18:03:58.992, ubuntu22-d, mtd-zk-2, END
EXP-LOAD, 2023-07-18T18:04:00.063, ubuntu22-d, mtd-zk-2, 0.167036
EXP-LOAD, 2023-07-18T18:04:07.672, ubuntu22-d, mtd-zk-2, 0.130526
EXP-LOAD, 2023-07-18T18:04:18.291, ubuntu22-d, mtd-zk-2, 0.130526
EXP-LOAD, 2023-07-18T18:04:25.401, ubuntu22-d, mtd-zk-2, 0.203463
EXP-LOAD, 2023-07-18T18:04:33.488, ubuntu22-d, mtd-zk-2, 0.203463
EXP-LEAD, 2023-07-18T18:04:34.509, ubuntu22-d, mtd-zk-2, START
EXP-LEAD, 2023-07-18T18:04:38.950, ubuntu22-d, mtd-zk-2, END
EXP-LOAD, 2023-07-18T18:04:40.021, ubuntu22-d, mtd-zk-2, 0.229138
EXP-LOAD, 2023-07-18T18:04:47.681, ubuntu22-d, mtd-zk-2, 0.229138
EXP-LOAD, 2023-07-18T18:04:55.247, ubuntu22-d, mtd-zk-2, 0.257219
EXP-LOAD, 2023-07-18T18:05:06.373, ubuntu22-d, mtd-zk-2, 0.169719
EXP-LOAD, 2023-07-18T18:05:11.476, ubuntu22-d, mtd-zk-2, 0.169719
EXP-LEAD, 2023-07-18T18:05:13.066, ubuntu22-d, mtd-zk-2, START
EXP-LEAD, 2023-07-18T18:05:24.845, ubuntu22-d, mtd-zk-2, END
EXP-LOAD, 2023-07-18T18:05:25.889, ubuntu22-d, mtd-zk-2, 0.213415
EXP-LEAD, 2023-07-18T18:05:27.140, ubuntu22-d, mtd-zk-2, START
EXP-LEAD, 2023-07-18T18:05:31.569, ubuntu22-d, mtd-zk-2, END
EXP-LOAD, 2023-07-18T18:05:32.602, ubuntu22-d, mtd-zk-2, 0.213415
EXP-LOAD, 2023-07-18T18:05:40.341, ubuntu22-d, mtd-zk-2, 0.218371
EXP-LOAD, 2023-07-18T18:05:52.389, ubuntu22-d, mtd-zk-2, 0.197815
EXP-LEAD, 2023-07-18T18:05:53.423, ubuntu22-d, mtd-zk-2, START
EXP-LEAD, 2023-07-18T18:05:58.998, ubuntu22-d, mtd-zk-2, END
EXP-LOAD, 2023-07-18T18:06:00.045, ubuntu22-d, mtd-zk-2, 0.197815
EXP-LOAD, 2023-07-18T18:06:10.599, ubuntu22-d, mtd-zk-2, 0.097611
EXP-LOAD, 2023-07-18T18:06:18.670, ubuntu22-d, mtd-zk-2, 0.097611
EXP-LEAD, 2023-07-18T18:06:21.181, ubuntu22-d, mtd-zk-2, START
EXP-LEAD, 2023-07-18T18:06:26.726, ubuntu22-d, mtd-zk-2, END
EXP-LOAD, 2023-07-18T18:06:27.780, ubuntu22-d, mtd-zk-2, 0.098272
EXP-LEAD, 2023-07-18T18:06:29.296, ubuntu22-d, mtd-zk-2, START
EXP-LEAD, 2023-07-18T18:06:37.817, ubuntu22-d, mtd-zk-2, END
EXP-LOAD, 2023-07-18T18:06:38.879, ubuntu22-d, mtd-zk-2, 0.190828
EXP-LEAD, 2023-07-18T18:06:39.409, ubuntu22-d, mtd-zk-2, START
EXP-LEAD, 2023-07-18T18:06:45.027, ubuntu22-d, mtd-zk-2, END
EXP-LOAD, 2023-07-18T18:06:46.072, ubuntu22-d, mtd-zk-2, 0.190828
EXP-LEAD, 2023-07-18T18:06:46.541, ubuntu22-d, mtd-zk-2, START
EXP-LEAD, 2023-07-18T18:06:50.946, ubuntu22-d, mtd-zk-2, END
EXP-LOAD, 2023-07-18T18:06:51.986, ubuntu22-d, mtd-zk-2, 0.244235
EXP-LEAD, 2023-07-18T18:06:54.615, ubuntu22-d, mtd-zk-2, START
EXP-LEAD, 2023-07-18T18:07:04.963, ubuntu22-d, mtd-zk-2, END
EXP-LOAD, 2023-07-18T18:07:06.026, ubuntu22-d, mtd-zk-2, 0.218383
EXP-LOAD, 2023-07-18T18:07:11.804, ubuntu22-d, mtd-zk-2, 0.218383
EXP-LOAD, 2023-07-18T18:07:18.906, ubuntu22-d, mtd-zk-2, 0.218383
EXP-LOAD, 2023-07-18T18:07:29.431, ubuntu22-d, mtd-zk-2, 0.238921
EXP-LOAD, 2023-07-18T18:07:36.043, ubuntu22-d, mtd-zk-2, 0.178639
EXP-LEAD, 2023-07-18T18:07:38.239, ubuntu22-d, mtd-zk-2, START
EXP-LEAD, 2023-07-18T18:07:43.690, ubuntu22-d, mtd-zk-2, END
