EXP-LOAD, 2023-07-19T09:28:16.128, ubuntu22-c, mtd-zk-0, 0.571410
EXP-LOAD, 2023-07-19T09:28:28.894, ubuntu22-c, mtd-zk-0, 0.621306
EXP-LOAD, 2023-07-19T09:28:36.222, ubuntu22-c, mtd-zk-0, 0.628408
EXP-LOAD, 2023-07-19T09:28:46.633, ubuntu22-c, mtd-zk-0, 0.628408
EXP-LOAD, 2023-07-19T09:28:55.979, ubuntu22-c, mtd-zk-0, 0.655423
EXP-LOAD, 2023-07-19T09:29:05.198, ubuntu22-c, mtd-zk-0, 0.619406
EXP-LOAD, 2023-07-19T09:29:15.867, ubuntu22-c, mtd-zk-0, 0.619406
EXP-LOAD, 2023-07-19T09:29:24.133, ubuntu22-c, mtd-zk-0, 0.611817
EXP-LOAD, 2023-07-19T09:29:34.337, ubuntu22-c, mtd-zk-0, 0.668203
EXP-LOAD, 2023-07-19T09:29:41.544, ubuntu22-c, mtd-zk-0, 0.668203
EXP-LOAD, 2023-07-19T09:29:52.835, ubuntu22-c, mtd-zk-0, 0.684013
EXP-LOAD, 2023-07-19T09:30:01.986, ubuntu22-c, mtd-zk-0, 0.684013
EXP-LOAD, 2023-07-19T09:30:10.156, ubuntu22-c, mtd-zk-0, 0.674031
EXP-LOAD, 2023-07-19T09:30:20.402, ubuntu22-c, mtd-zk-0, 0.695112
EXP-LOAD, 2023-07-19T09:30:30.594, ubuntu22-c, mtd-zk-0, 0.695112
EXP-LOAD, 2023-07-19T09:30:38.841, ubuntu22-c, mtd-zk-0, 0.700628
EXP-LOAD, 2023-07-19T09:30:49.415, ubuntu22-c, mtd-zk-0, 0.666905
EXP-LOAD, 2023-07-19T09:30:58.198, ubuntu22-c, mtd-zk-0, 0.666905
EXP-LOAD, 2023-07-19T09:31:07.451, ubuntu22-c, mtd-zk-0, 0.630414
EXP-LOAD, 2023-07-19T09:31:15.634, ubuntu22-c, mtd-zk-0, 0.630414
EXP-LOAD, 2023-07-19T09:31:24.856, ubuntu22-c, mtd-zk-0, 0.654203
EXP-LOAD, 2023-07-19T09:31:34.105, ubuntu22-c, mtd-zk-0, 0.660820
EXP-LOAD, 2023-07-19T09:31:41.321, ubuntu22-c, mtd-zk-0, 0.660820
EXP-LOAD, 2023-07-19T09:31:51.556, ubuntu22-c, mtd-zk-0, 0.631823
EXP-LOAD, 2023-07-19T09:32:00.109, ubuntu22-c, mtd-zk-0, 0.631823
EXP-LOAD, 2023-07-19T09:32:09.284, ubuntu22-c, mtd-zk-0, 0.691017
EXP-LOAD, 2023-07-19T09:32:16.527, ubuntu22-c, mtd-zk-0, 0.691017
EXP-LOAD, 2023-07-19T09:32:28.123, ubuntu22-c, mtd-zk-0, 0.706830
EXP-LOAD, 2023-07-19T09:32:37.321, ubuntu22-c, mtd-zk-0, 0.615432
EXP-LOAD, 2023-07-19T09:32:46.600, ubuntu22-c, mtd-zk-0, 0.615432
EXP-LOAD, 2023-07-19T09:32:55.624, ubuntu22-c, mtd-zk-0, 0.661622
EXP-LOAD, 2023-07-19T09:33:05.306, ubuntu22-c, mtd-zk-0, 0.629022
EXP-LOAD, 2023-07-19T09:33:13.036, ubuntu22-c, mtd-zk-0, 0.629022
EXP-LOAD, 2023-07-19T09:33:24.293, ubuntu22-c, mtd-zk-0, 0.623909
EXP-LOAD, 2023-07-19T09:33:30.456, ubuntu22-c, mtd-zk-0, 0.623909
EXP-LOAD, 2023-07-19T09:33:39.637, ubuntu22-c, mtd-zk-0, 0.606009
EXP-LOAD, 2023-07-19T09:33:47.880, ubuntu22-c, mtd-zk-0, 0.606009
EXP-LOAD, 2023-07-19T09:33:56.304, ubuntu22-c, mtd-zk-0, 0.667324
EXP-LOAD, 2023-07-19T09:34:06.554, ubuntu22-c, mtd-zk-0, 0.609407
EXP-LOAD, 2023-07-19T09:34:13.604, ubuntu22-c, mtd-zk-0, 0.609407
EXP-LOAD, 2023-07-19T09:34:25.775, ubuntu22-c, mtd-zk-0, 0.650818
EXP-LOAD, 2023-07-19T09:34:33.547, ubuntu22-c, mtd-zk-0, 0.650818
EXP-LOAD, 2023-07-19T09:34:45.750, ubuntu22-c, mtd-zk-0, 0.618244
EXP-LOAD, 2023-07-19T09:34:52.029, ubuntu22-c, mtd-zk-0, 0.579247
EXP-LOAD, 2023-07-19T09:34:59.575, ubuntu22-c, mtd-zk-0, 0.579247
EXP-LOAD, 2023-07-19T09:35:06.766, ubuntu22-c, mtd-zk-0, 0.686605
EXP-LOAD, 2023-07-19T09:35:19.923, ubuntu22-c, mtd-zk-0, 0.649904
EXP-LOAD, 2023-07-19T09:35:28.023, ubuntu22-c, mtd-zk-0, 0.649904
EXP-LOAD, 2023-07-19T09:35:37.208, ubuntu22-c, mtd-zk-0, 0.611211
EXP-LOAD, 2023-07-19T09:35:49.406, ubuntu22-c, mtd-zk-0, 0.636607
EXP-LOAD, 2023-07-19T09:35:54.592, ubuntu22-c, mtd-zk-0, 0.636607
EXP-LOAD, 2023-07-19T09:36:04.210, ubuntu22-c, mtd-zk-0, 0.713416
EXP-LOAD, 2023-07-19T09:36:10.701, ubuntu22-c, mtd-zk-0, 0.713416
EXP-LOAD, 2023-07-19T09:36:19.864, ubuntu22-c, mtd-zk-0, 0.683628
EXP-LOAD, 2023-07-19T09:36:27.116, ubuntu22-c, mtd-zk-0, 0.683628
EXP-LOAD, 2023-07-19T09:36:34.795, ubuntu22-c, mtd-zk-0, 0.738011
EXP-LOAD, 2023-07-19T09:36:41.100, ubuntu22-c, mtd-zk-0, 0.738011
EXP-LOAD, 2023-07-19T09:36:48.060, ubuntu22-c, mtd-zk-0, 0.738011
EXP-LOAD, 2023-07-19T09:36:58.325, ubuntu22-c, mtd-zk-0, 0.611641
EXP-LOAD, 2023-07-19T09:37:05.348, ubuntu22-c, mtd-zk-0, 0.715621
EXP-LOAD, 2023-07-19T09:37:14.454, ubuntu22-c, mtd-zk-0, 0.715621
EXP-LOAD, 2023-07-19T09:37:27.069, ubuntu22-c, mtd-zk-0, 0.667012
EXP-LOAD, 2023-07-19T09:37:35.277, ubuntu22-c, mtd-zk-0, 0.683032
EXP-LOAD, 2023-07-19T09:37:44.494, ubuntu22-c, mtd-zk-0, 0.683032
EXP-LOAD, 2023-07-19T09:37:52.618, ubuntu22-c, mtd-zk-0, 0.641635
EXP-LOAD, 2023-07-19T09:38:01.753, ubuntu22-c, mtd-zk-0, 0.641635
EXP-LOAD, 2023-07-19T09:38:09.852, ubuntu22-c, mtd-zk-0, 0.623535
EXP-LOAD, 2023-07-19T09:38:17.481, ubuntu22-c, mtd-zk-0, 0.623535
EXP-LOAD, 2023-07-19T09:38:25.589, ubuntu22-c, mtd-zk-0, 0.699209
EXP-LOAD, 2023-07-19T09:38:38.963, ubuntu22-c, mtd-zk-0, 0.734203
EXP-LOAD, 2023-07-19T09:38:47.102, ubuntu22-c, mtd-zk-0, 0.734203
EXP-LOAD, 2023-07-19T09:38:58.284, ubuntu22-c, mtd-zk-0, 0.616411
EXP-LOAD, 2023-07-19T09:39:05.438, ubuntu22-c, mtd-zk-0, 0.567728
EXP-LOAD, 2023-07-19T09:39:16.658, ubuntu22-c, mtd-zk-0, 0.567728
EXP-LOAD, 2023-07-19T09:39:25.447, ubuntu22-c, mtd-zk-0, 0.598611
EXP-LOAD, 2023-07-19T09:39:33.658, ubuntu22-c, mtd-zk-0, 0.598611
EXP-LOAD, 2023-07-19T09:39:46.861, ubuntu22-c, mtd-zk-0, 0.636340
EXP-LOAD, 2023-07-19T09:39:55.536, ubuntu22-c, mtd-zk-0, 0.655602
EXP-LOAD, 2023-07-19T09:40:04.715, ubuntu22-c, mtd-zk-0, 0.654805
EXP-LOAD, 2023-07-19T09:40:16.849, ubuntu22-c, mtd-zk-0, 0.654805
EXP-LOAD, 2023-07-19T09:40:24.945, ubuntu22-c, mtd-zk-0, 0.605639
EXP-LOAD, 2023-07-19T09:40:32.078, ubuntu22-c, mtd-zk-0, 0.605639
EXP-LOAD, 2023-07-19T09:40:40.213, ubuntu22-c, mtd-zk-0, 0.684608
EXP-LOAD, 2023-07-19T09:40:52.405, ubuntu22-c, mtd-zk-0, 0.741005
EXP-LOAD, 2023-07-19T09:40:58.555, ubuntu22-c, mtd-zk-0, 0.741005
EXP-LOAD, 2023-07-19T09:41:08.038, ubuntu22-c, mtd-zk-0, 0.638694
EXP-LOAD, 2023-07-19T09:41:16.292, ubuntu22-c, mtd-zk-0, 0.638694
EXP-LOAD, 2023-07-19T09:41:24.374, ubuntu22-c, mtd-zk-0, 0.652810
EXP-LOAD, 2023-07-19T09:41:35.507, ubuntu22-c, mtd-zk-0, 0.701025
EXP-LOAD, 2023-07-19T09:41:43.650, ubuntu22-c, mtd-zk-0, 0.701025
EXP-LOAD, 2023-07-19T09:41:50.810, ubuntu22-c, mtd-zk-0, 0.700014
EXP-LOAD, 2023-07-19T09:41:58.914, ubuntu22-c, mtd-zk-0, 0.700014
EXP-LOAD, 2023-07-19T09:42:07.043, ubuntu22-c, mtd-zk-0, 0.686418
EXP-LOAD, 2023-07-19T09:42:17.691, ubuntu22-c, mtd-zk-0, 0.686418
EXP-LOAD, 2023-07-19T09:42:23.900, ubuntu22-c, mtd-zk-0, 0.661425
EXP-LOAD, 2023-07-19T09:42:35.983, ubuntu22-c, mtd-zk-0, 0.641111
EXP-LOAD, 2023-07-19T09:42:44.103, ubuntu22-c, mtd-zk-0, 0.641111
EXP-LOAD, 2023-07-19T09:42:52.260, ubuntu22-c, mtd-zk-0, 0.588414
EXP-LOAD, 2023-07-19T09:43:01.774, ubuntu22-c, mtd-zk-0, 0.588414
EXP-LOAD, 2023-07-19T09:43:08.930, ubuntu22-c, mtd-zk-0, 0.675916
EXP-LOAD, 2023-07-19T09:43:19.992, ubuntu22-c, mtd-zk-0, 0.692406
EXP-LOAD, 2023-07-19T09:43:26.122, ubuntu22-c, mtd-zk-0, 0.692406
EXP-LOAD, 2023-07-19T09:43:37.267, ubuntu22-c, mtd-zk-0, 0.644117
EXP-LOAD, 2023-07-19T09:43:43.426, ubuntu22-c, mtd-zk-0, 0.644117
EXP-LOAD, 2023-07-19T09:43:51.542, ubuntu22-c, mtd-zk-0, 0.685607
EXP-LOAD, 2023-07-19T09:43:59.191, ubuntu22-c, mtd-zk-0, 0.685607
EXP-LOAD, 2023-07-19T09:44:08.353, ubuntu22-c, mtd-zk-0, 0.689402
EXP-LOAD, 2023-07-19T09:44:18.533, ubuntu22-c, mtd-zk-0, 0.689402
EXP-LOAD, 2023-07-19T09:44:26.691, ubuntu22-c, mtd-zk-0, 0.634455
EXP-LOAD, 2023-07-19T09:44:35.786, ubuntu22-c, mtd-zk-0, 0.660427
EXP-LOAD, 2023-07-19T09:44:47.911, ubuntu22-c, mtd-zk-0, 0.660427
EXP-LOAD, 2023-07-19T09:44:57.057, ubuntu22-c, mtd-zk-0, 0.692607
EXP-LOAD, 2023-07-19T09:45:06.286, ubuntu22-c, mtd-zk-0, 0.658314
EXP-LOAD, 2023-07-19T09:45:14.411, ubuntu22-c, mtd-zk-0, 0.658314
EXP-LOAD, 2023-07-19T09:45:23.596, ubuntu22-c, mtd-zk-0, 0.659246
EXP-LOAD, 2023-07-19T09:45:32.296, ubuntu22-c, mtd-zk-0, 0.659246
EXP-LOAD, 2023-07-19T09:45:39.522, ubuntu22-c, mtd-zk-0, 0.645038
EXP-LOAD, 2023-07-19T09:45:52.719, ubuntu22-c, mtd-zk-0, 0.717604
EXP-LOAD, 2023-07-19T09:45:59.816, ubuntu22-c, mtd-zk-0, 0.717604
EXP-LOAD, 2023-07-19T09:46:08.963, ubuntu22-c, mtd-zk-0, 0.590705
EXP-LOAD, 2023-07-19T09:46:18.069, ubuntu22-c, mtd-zk-0, 0.590705
EXP-LOAD, 2023-07-19T09:46:26.194, ubuntu22-c, mtd-zk-0, 0.626222
EXP-LOAD, 2023-07-19T09:46:34.325, ubuntu22-c, mtd-zk-0, 0.630901
EXP-LOAD, 2023-07-19T09:46:47.617, ubuntu22-c, mtd-zk-0, 0.630901
EXP-LOAD, 2023-07-19T09:46:55.565, ubuntu22-c, mtd-zk-0, 0.685640
EXP-LOAD, 2023-07-19T09:47:02.731, ubuntu22-c, mtd-zk-0, 0.685640
EXP-LOAD, 2023-07-19T09:47:12.229, ubuntu22-c, mtd-zk-0, 0.656407
EXP-LOAD, 2023-07-19T09:47:19.855, ubuntu22-c, mtd-zk-0, 0.628637
EXP-LOAD, 2023-07-19T09:47:30.050, ubuntu22-c, mtd-zk-0, 0.628637
EXP-LOAD, 2023-07-19T09:47:39.217, ubuntu22-c, mtd-zk-0, 0.648906
EXP-LOAD, 2023-07-19T09:47:51.302, ubuntu22-c, mtd-zk-0, 0.726614
EXP-LOAD, 2023-07-19T09:47:59.448, ubuntu22-c, mtd-zk-0, 0.726614
EXP-LOAD, 2023-07-19T09:48:06.711, ubuntu22-c, mtd-zk-0, 0.639115
EXP-LOAD, 2023-07-19T09:48:16.731, ubuntu22-c, mtd-zk-0, 0.639115
EXP-LOAD, 2023-07-19T09:48:25.395, ubuntu22-c, mtd-zk-0, 0.646403
EXP-LOAD, 2023-07-19T09:48:36.588, ubuntu22-c, mtd-zk-0, 0.601308
EXP-LOAD, 2023-07-19T09:48:45.741, ubuntu22-c, mtd-zk-0, 0.601308
EXP-LOAD, 2023-07-19T09:48:52.894, ubuntu22-c, mtd-zk-0, 0.676405
EXP-LOAD, 2023-07-19T09:49:04.976, ubuntu22-c, mtd-zk-0, 0.717206
EXP-LOAD, 2023-07-19T09:49:13.130, ubuntu22-c, mtd-zk-0, 0.717206
EXP-LOAD, 2023-07-19T09:49:24.291, ubuntu22-c, mtd-zk-0, 0.603531
EXP-LOAD, 2023-07-19T09:49:31.542, ubuntu22-c, mtd-zk-0, 0.603531
EXP-LOAD, 2023-07-19T09:49:39.588, ubuntu22-c, mtd-zk-0, 0.599015
EXP-LOAD, 2023-07-19T09:49:46.654, ubuntu22-c, mtd-zk-0, 0.599015
EXP-LOAD, 2023-07-19T09:49:59.840, ubuntu22-c, mtd-zk-0, 0.713439
EXP-LOAD, 2023-07-19T09:50:07.967, ubuntu22-c, mtd-zk-0, 0.656811
EXP-LOAD, 2023-07-19T09:50:20.127, ubuntu22-c, mtd-zk-0, 0.614539
EXP-LOAD, 2023-07-19T09:50:27.273, ubuntu22-c, mtd-zk-0, 0.614539
EXP-LOAD, 2023-07-19T09:50:36.928, ubuntu22-c, mtd-zk-0, 0.597804
EXP-LOAD, 2023-07-19T09:50:45.486, ubuntu22-c, mtd-zk-0, 0.597804
EXP-LOAD, 2023-07-19T09:50:56.770, ubuntu22-c, mtd-zk-0, 0.659416
EXP-LOAD, 2023-07-19T09:51:05.732, ubuntu22-c, mtd-zk-0, 0.646413
EXP-LOAD, 2023-07-19T09:51:17.953, ubuntu22-c, mtd-zk-0, 0.646413
EXP-LOAD, 2023-07-19T09:51:24.121, ubuntu22-c, mtd-zk-0, 0.654528
EXP-LOAD, 2023-07-19T09:51:35.294, ubuntu22-c, mtd-zk-0, 0.675643
EXP-LOAD, 2023-07-19T09:51:42.499, ubuntu22-c, mtd-zk-0, 0.675643
EXP-LOAD, 2023-07-19T09:51:53.694, ubuntu22-c, mtd-zk-0, 0.630919
EXP-LOAD, 2023-07-19T09:51:59.831, ubuntu22-c, mtd-zk-0, 0.630919
EXP-LOAD, 2023-07-19T09:52:11.452, ubuntu22-c, mtd-zk-0, 0.603612
EXP-LOAD, 2023-07-19T09:52:19.566, ubuntu22-c, mtd-zk-0, 0.598485
EXP-LOAD, 2023-07-19T09:52:29.703, ubuntu22-c, mtd-zk-0, 0.598485
EXP-LOAD, 2023-07-19T09:52:38.827, ubuntu22-c, mtd-zk-0, 0.613020
EXP-LOAD, 2023-07-19T09:52:43.945, ubuntu22-c, mtd-zk-0, 0.613020
EXP-LOAD, 2023-07-19T09:52:52.036, ubuntu22-c, mtd-zk-0, 0.690405
EXP-LOAD, 2023-07-19T09:53:00.599, ubuntu22-c, mtd-zk-0, 0.690405
EXP-LOAD, 2023-07-19T09:53:11.777, ubuntu22-c, mtd-zk-0, 0.690004
EXP-LOAD, 2023-07-19T09:53:18.865, ubuntu22-c, mtd-zk-0, 0.690004
EXP-LOAD, 2023-07-19T09:53:27.987, ubuntu22-c, mtd-zk-0, 0.647308
EXP-LOAD, 2023-07-19T09:53:35.212, ubuntu22-c, mtd-zk-0, 0.658803
EXP-LOAD, 2023-07-19T09:53:42.299, ubuntu22-c, mtd-zk-0, 0.658803
EXP-LOAD, 2023-07-19T09:53:49.911, ubuntu22-c, mtd-zk-0, 0.731514
EXP-LOAD, 2023-07-19T09:54:02.016, ubuntu22-c, mtd-zk-0, 0.731514
EXP-LOAD, 2023-07-19T09:54:08.175, ubuntu22-c, mtd-zk-0, 0.720803
EXP-LOAD, 2023-07-19T09:54:18.338, ubuntu22-c, mtd-zk-0, 0.720803
EXP-LOAD, 2023-07-19T09:54:27.407, ubuntu22-c, mtd-zk-0, 0.664509
EXP-LOAD, 2023-07-19T09:54:35.551, ubuntu22-c, mtd-zk-0, 0.646912
EXP-LOAD, 2023-07-19T09:54:44.709, ubuntu22-c, mtd-zk-0, 0.646912
EXP-LOAD, 2023-07-19T09:54:53.370, ubuntu22-c, mtd-zk-0, 0.627312
EXP-LOAD, 2023-07-19T09:55:05.491, ubuntu22-c, mtd-zk-0, 0.763402
EXP-LOAD, 2023-07-19T09:55:12.771, ubuntu22-c, mtd-zk-0, 0.763402
EXP-LOAD, 2023-07-19T09:55:25.497, ubuntu22-c, mtd-zk-0, 0.633231
EXP-LOAD, 2023-07-19T09:55:33.273, ubuntu22-c, mtd-zk-0, 0.633231
EXP-LOAD, 2023-07-19T09:55:41.835, ubuntu22-c, mtd-zk-0, 0.640027
EXP-LOAD, 2023-07-19T09:55:53.360, ubuntu22-c, mtd-zk-0, 0.668320
EXP-LOAD, 2023-07-19T09:56:01.182, ubuntu22-c, mtd-zk-0, 0.668320
EXP-LOAD, 2023-07-19T09:56:13.253, ubuntu22-c, mtd-zk-0, 0.704031
EXP-LOAD, 2023-07-19T09:56:22.354, ubuntu22-c, mtd-zk-0, 0.645138
EXP-LOAD, 2023-07-19T09:56:33.986, ubuntu22-c, mtd-zk-0, 0.645138
EXP-LOAD, 2023-07-19T09:56:40.112, ubuntu22-c, mtd-zk-0, 0.672213
EXP-LOAD, 2023-07-19T09:56:52.274, ubuntu22-c, mtd-zk-0, 0.652312
EXP-LOAD, 2023-07-19T09:57:00.428, ubuntu22-c, mtd-zk-0, 0.652312
EXP-LOAD, 2023-07-19T09:57:10.583, ubuntu22-c, mtd-zk-0, 0.618370
EXP-LOAD, 2023-07-19T09:57:18.741, ubuntu22-c, mtd-zk-0, 0.618370
EXP-LOAD, 2023-07-19T09:57:26.873, ubuntu22-c, mtd-zk-0, 0.664324
EXP-LOAD, 2023-07-19T09:57:37.548, ubuntu22-c, mtd-zk-0, 0.658233
EXP-LOAD, 2023-07-19T09:57:44.590, ubuntu22-c, mtd-zk-0, 0.658233
EXP-LOAD, 2023-07-19T09:57:52.356, ubuntu22-c, mtd-zk-0, 0.669309
EXP-LOAD, 2023-07-19T09:57:59.554, ubuntu22-c, mtd-zk-0, 0.669309
EXP-LOAD, 2023-07-19T09:58:06.630, ubuntu22-c, mtd-zk-0, 0.753034
EXP-LOAD, 2023-07-19T09:58:14.789, ubuntu22-c, mtd-zk-0, 0.753034
EXP-LOAD, 2023-07-19T09:58:22.241, ubuntu22-c, mtd-zk-0, 0.676405
EXP-LOAD, 2023-07-19T09:58:31.383, ubuntu22-c, mtd-zk-0, 0.676405
EXP-LOAD, 2023-07-19T09:58:41.553, ubuntu22-c, mtd-zk-0, 0.655021
EXP-LOAD, 2023-07-19T09:58:50.688, ubuntu22-c, mtd-zk-0, 0.616808
EXP-LOAD, 2023-07-19T09:58:58.843, ubuntu22-c, mtd-zk-0, 0.616808
EXP-LOAD, 2023-07-19T09:59:08.971, ubuntu22-c, mtd-zk-0, 0.755829
EXP-LOAD, 2023-07-19T09:59:18.084, ubuntu22-c, mtd-zk-0, 0.755829
EXP-LOAD, 2023-07-19T09:59:26.271, ubuntu22-c, mtd-zk-0, 0.619405
EXP-LOAD, 2023-07-19T09:59:38.369, ubuntu22-c, mtd-zk-0, 0.704013
EXP-LOAD, 2023-07-19T09:59:45.544, ubuntu22-c, mtd-zk-0, 0.704013
EXP-LOAD, 2023-07-19T09:59:53.149, ubuntu22-c, mtd-zk-0, 0.622306
EXP-LOAD, 2023-07-19T10:00:03.461, ubuntu22-c, mtd-zk-0, 0.622306
EXP-LOAD, 2023-07-19T10:00:11.222, ubuntu22-c, mtd-zk-0, 0.658732
EXP-LOAD, 2023-07-19T10:00:19.261, ubuntu22-c, mtd-zk-0, 0.685734
EXP-LOAD, 2023-07-19T10:00:31.358, ubuntu22-c, mtd-zk-0, 0.685734
EXP-LOAD, 2023-07-19T10:00:39.427, ubuntu22-c, mtd-zk-0, 0.657228
EXP-LOAD, 2023-07-19T10:00:47.560, ubuntu22-c, mtd-zk-0, 0.657228
EXP-LOAD, 2023-07-19T10:00:58.378, ubuntu22-c, mtd-zk-0, 0.683604
EXP-LOAD, 2023-07-19T10:01:05.530, ubuntu22-c, mtd-zk-0, 0.607615
EXP-LOAD, 2023-07-19T10:01:17.031, ubuntu22-c, mtd-zk-0, 0.607615
EXP-LOAD, 2023-07-19T10:01:25.188, ubuntu22-c, mtd-zk-0, 0.639612
EXP-LOAD, 2023-07-19T10:01:38.301, ubuntu22-c, mtd-zk-0, 0.640606
EXP-LOAD, 2023-07-19T10:01:45.420, ubuntu22-c, mtd-zk-0, 0.640606
EXP-LOAD, 2023-07-19T10:01:53.593, ubuntu22-c, mtd-zk-0, 0.589705
EXP-LOAD, 2023-07-19T10:02:04.659, ubuntu22-c, mtd-zk-0, 0.689240
EXP-LOAD, 2023-07-19T10:02:11.776, ubuntu22-c, mtd-zk-0, 0.689240
EXP-LOAD, 2023-07-19T10:02:19.384, ubuntu22-c, mtd-zk-0, 0.646838
EXP-LOAD, 2023-07-19T10:02:32.507, ubuntu22-c, mtd-zk-0, 0.646838
EXP-LOAD, 2023-07-19T10:02:39.606, ubuntu22-c, mtd-zk-0, 0.617803
EXP-LOAD, 2023-07-19T10:02:50.730, ubuntu22-c, mtd-zk-0, 0.664929
EXP-LOAD, 2023-07-19T10:02:57.863, ubuntu22-c, mtd-zk-0, 0.664929
EXP-LOAD, 2023-07-19T10:03:05.010, ubuntu22-c, mtd-zk-0, 0.645828
EXP-LOAD, 2023-07-19T10:03:17.124, ubuntu22-c, mtd-zk-0, 0.645828
EXP-LOAD, 2023-07-19T10:03:25.208, ubuntu22-c, mtd-zk-0, 0.756602
EXP-LOAD, 2023-07-19T10:03:33.319, ubuntu22-c, mtd-zk-0, 0.756602
EXP-LOAD, 2023-07-19T10:03:40.961, ubuntu22-c, mtd-zk-0, 0.650586
EXP-LOAD, 2023-07-19T10:03:48.104, ubuntu22-c, mtd-zk-0, 0.650586
EXP-LOAD, 2023-07-19T10:04:00.233, ubuntu22-c, mtd-zk-0, 0.708034
EXP-LOAD, 2023-07-19T10:04:06.356, ubuntu22-c, mtd-zk-0, 0.628628
EXP-LOAD, 2023-07-19T10:04:17.084, ubuntu22-c, mtd-zk-0, 0.628628
EXP-LOAD, 2023-07-19T10:04:25.212, ubuntu22-c, mtd-zk-0, 0.674606
EXP-LOAD, 2023-07-19T10:04:32.316, ubuntu22-c, mtd-zk-0, 0.674606
EXP-LOAD, 2023-07-19T10:04:38.440, ubuntu22-c, mtd-zk-0, 0.632105
EXP-LOAD, 2023-07-19T10:04:50.608, ubuntu22-c, mtd-zk-0, 0.738004
EXP-LOAD, 2023-07-19T10:04:56.728, ubuntu22-c, mtd-zk-0, 0.738004
EXP-LOAD, 2023-07-19T10:05:15.906, ubuntu22-c, mtd-zk-0, 0.671709
EXP-LOAD, 2023-07-19T10:05:27.048, ubuntu22-c, mtd-zk-0, 0.612404
EXP-LOAD, 2023-07-19T10:05:36.232, ubuntu22-c, mtd-zk-0, 0.574395
EXP-LOAD, 2023-07-19T10:05:49.348, ubuntu22-c, mtd-zk-0, 0.675634
EXP-LOAD, 2023-07-19T10:05:55.534, ubuntu22-c, mtd-zk-0, 0.675634
EXP-LOAD, 2023-07-19T10:06:02.022, ubuntu22-c, mtd-zk-0, 0.675634
EXP-LOAD, 2023-07-19T10:06:12.227, ubuntu22-c, mtd-zk-0, 0.660625
EXP-LOAD, 2023-07-19T10:06:21.068, ubuntu22-c, mtd-zk-0, 0.686205
EXP-LOAD, 2023-07-19T10:06:32.219, ubuntu22-c, mtd-zk-0, 0.686205
EXP-LOAD, 2023-07-19T10:06:39.331, ubuntu22-c, mtd-zk-0, 0.644219
EXP-LOAD, 2023-07-19T10:06:52.861, ubuntu22-c, mtd-zk-0, 0.621809
EXP-LOAD, 2023-07-19T10:06:58.989, ubuntu22-c, mtd-zk-0, 0.621809
EXP-LOAD, 2023-07-19T10:07:06.614, ubuntu22-c, mtd-zk-0, 0.596221
EXP-LOAD, 2023-07-19T10:07:18.728, ubuntu22-c, mtd-zk-0, 0.596221
EXP-LOAD, 2023-07-19T10:07:25.860, ubuntu22-c, mtd-zk-0, 0.722020
EXP-LOAD, 2023-07-19T10:07:34.019, ubuntu22-c, mtd-zk-0, 0.722020
EXP-LOAD, 2023-07-19T10:07:48.238, ubuntu22-c, mtd-zk-0, 0.644513
EXP-LOAD, 2023-07-19T10:07:56.371, ubuntu22-c, mtd-zk-0, 0.625406
EXP-LOAD, 2023-07-19T10:08:10.646, ubuntu22-c, mtd-zk-0, 0.583111
EXP-LOAD, 2023-07-19T10:08:18.769, ubuntu22-c, mtd-zk-0, 0.583111
EXP-LOAD, 2023-07-19T10:08:25.941, ubuntu22-c, mtd-zk-0, 0.630004
EXP-LOAD, 2023-07-19T10:08:37.022, ubuntu22-c, mtd-zk-0, 0.676014
EXP-LOAD, 2023-07-19T10:08:44.144, ubuntu22-c, mtd-zk-0, 0.676014
EXP-LOAD, 2023-07-19T10:08:55.293, ubuntu22-c, mtd-zk-0, 0.655218
EXP-LOAD, 2023-07-19T10:09:03.482, ubuntu22-c, mtd-zk-0, 0.655218
EXP-LOAD, 2023-07-19T10:09:15.622, ubuntu22-c, mtd-zk-0, 0.618199
EXP-LOAD, 2023-07-19T10:09:23.750, ubuntu22-c, mtd-zk-0, 0.612237
EXP-LOAD, 2023-07-19T10:09:30.863, ubuntu22-c, mtd-zk-0, 0.612237
EXP-LOAD, 2023-07-19T10:09:41.553, ubuntu22-c, mtd-zk-0, 0.649811
EXP-LOAD, 2023-07-19T10:09:49.192, ubuntu22-c, mtd-zk-0, 0.603016
EXP-LOAD, 2023-07-19T10:09:56.351, ubuntu22-c, mtd-zk-0, 0.603016
EXP-LOAD, 2023-07-19T10:10:07.256, ubuntu22-c, mtd-zk-0, 0.648312
EXP-LOAD, 2023-07-19T10:10:15.163, ubuntu22-c, mtd-zk-0, 0.648312
EXP-LOAD, 2023-07-19T10:10:24.309, ubuntu22-c, mtd-zk-0, 0.642417
EXP-LOAD, 2023-07-19T10:10:31.436, ubuntu22-c, mtd-zk-0, 0.642417
EXP-LOAD, 2023-07-19T10:10:41.587, ubuntu22-c, mtd-zk-0, 0.699214
EXP-LOAD, 2023-07-19T10:10:48.706, ubuntu22-c, mtd-zk-0, 0.699214
EXP-LOAD, 2023-07-19T10:10:59.857, ubuntu22-c, mtd-zk-0, 0.583628
EXP-LOAD, 2023-07-19T10:11:08.339, ubuntu22-c, mtd-zk-0, 0.609934
EXP-LOAD, 2023-07-19T10:11:14.512, ubuntu22-c, mtd-zk-0, 0.609934
EXP-LOAD, 2023-07-19T10:11:20.976, ubuntu22-c, mtd-zk-0, 0.656412
EXP-LOAD, 2023-07-19T10:11:29.561, ubuntu22-c, mtd-zk-0, 0.656412
EXP-LOAD, 2023-07-19T10:11:38.757, ubuntu22-c, mtd-zk-0, 0.690419
EXP-LOAD, 2023-07-19T10:11:48.894, ubuntu22-c, mtd-zk-0, 0.690419
EXP-LOAD, 2023-07-19T10:11:58.003, ubuntu22-c, mtd-zk-0, 0.667610
EXP-LOAD, 2023-07-19T10:12:06.253, ubuntu22-c, mtd-zk-0, 0.609433
EXP-LOAD, 2023-07-19T10:12:19.386, ubuntu22-c, mtd-zk-0, 0.663837
EXP-LOAD, 2023-07-19T10:12:26.537, ubuntu22-c, mtd-zk-0, 0.663837
EXP-LOAD, 2023-07-19T10:12:38.085, ubuntu22-c, mtd-zk-0, 0.641614
EXP-LOAD, 2023-07-19T10:12:46.241, ubuntu22-c, mtd-zk-0, 0.641614
EXP-LOAD, 2023-07-19T10:12:55.489, ubuntu22-c, mtd-zk-0, 0.649836
EXP-LOAD, 2023-07-19T10:13:03.566, ubuntu22-c, mtd-zk-0, 0.649836
EXP-LOAD, 2023-07-19T10:13:14.747, ubuntu22-c, mtd-zk-0, 0.655707
EXP-LOAD, 2023-07-19T10:13:21.942, ubuntu22-c, mtd-zk-0, 0.655827
EXP-LOAD, 2023-07-19T10:13:29.051, ubuntu22-c, mtd-zk-0, 0.655827
EXP-LOAD, 2023-07-19T10:13:42.202, ubuntu22-c, mtd-zk-0, 0.725815
EXP-LOAD, 2023-07-19T10:13:49.300, ubuntu22-c, mtd-zk-0, 0.586006
EXP-LOAD, 2023-07-19T10:13:58.430, ubuntu22-c, mtd-zk-0, 0.586006
EXP-LOAD, 2023-07-19T10:14:04.538, ubuntu22-c, mtd-zk-0, 0.693825
EXP-LOAD, 2023-07-19T10:14:12.196, ubuntu22-c, mtd-zk-0, 0.693825
EXP-LOAD, 2023-07-19T10:14:25.917, ubuntu22-c, mtd-zk-0, 0.656806
EXP-LOAD, 2023-07-19T10:14:33.040, ubuntu22-c, mtd-zk-0, 0.656806
EXP-LOAD, 2023-07-19T10:14:39.210, ubuntu22-c, mtd-zk-0, 0.617004
EXP-LOAD, 2023-07-19T10:14:49.465, ubuntu22-c, mtd-zk-0, 0.701409
EXP-LOAD, 2023-07-19T10:14:57.426, ubuntu22-c, mtd-zk-0, 0.701409
EXP-LOAD, 2023-07-19T10:15:04.051, ubuntu22-c, mtd-zk-0, 0.634766
EXP-LOAD, 2023-07-19T10:15:12.141, ubuntu22-c, mtd-zk-0, 0.634766
EXP-LOAD, 2023-07-19T10:15:21.290, ubuntu22-c, mtd-zk-0, 0.762445
EXP-LOAD, 2023-07-19T10:15:32.427, ubuntu22-c, mtd-zk-0, 0.762445
EXP-LOAD, 2023-07-19T10:15:40.543, ubuntu22-c, mtd-zk-0, 0.645906
EXP-LOAD, 2023-07-19T10:15:51.668, ubuntu22-c, mtd-zk-0, 0.647821
EXP-LOAD, 2023-07-19T10:15:58.791, ubuntu22-c, mtd-zk-0, 0.647821
EXP-LOAD, 2023-07-19T10:16:04.916, ubuntu22-c, mtd-zk-0, 0.638607
EXP-LOAD, 2023-07-19T10:16:17.032, ubuntu22-c, mtd-zk-0, 0.638607
EXP-LOAD, 2023-07-19T10:16:23.121, ubuntu22-c, mtd-zk-0, 0.648403
EXP-LOAD, 2023-07-19T10:16:35.248, ubuntu22-c, mtd-zk-0, 0.639905
EXP-LOAD, 2023-07-19T10:16:43.969, ubuntu22-c, mtd-zk-0, 0.639905
EXP-LOAD, 2023-07-19T10:16:54.088, ubuntu22-c, mtd-zk-0, 0.618610
EXP-LOAD, 2023-07-19T10:17:01.223, ubuntu22-c, mtd-zk-0, 0.618610
EXP-LOAD, 2023-07-19T10:17:08.811, ubuntu22-c, mtd-zk-0, 0.649918
EXP-LOAD, 2023-07-19T10:17:25.975, ubuntu22-c, mtd-zk-0, 0.682205
EXP-LOAD, 2023-07-19T10:17:33.075, ubuntu22-c, mtd-zk-0, 0.682205
EXP-LOAD, 2023-07-19T10:17:43.825, ubuntu22-c, mtd-zk-0, 0.569806
EXP-LOAD, 2023-07-19T10:17:49.954, ubuntu22-c, mtd-zk-0, 0.642135
EXP-LOAD, 2023-07-19T10:17:59.149, ubuntu22-c, mtd-zk-0, 0.642135
EXP-LOAD, 2023-07-19T10:18:06.268, ubuntu22-c, mtd-zk-0, 0.690038
EXP-LOAD, 2023-07-19T10:18:17.420, ubuntu22-c, mtd-zk-0, 0.690038
EXP-LOAD, 2023-07-19T10:18:24.107, ubuntu22-c, mtd-zk-0, 0.631316
EXP-LOAD, 2023-07-19T10:18:32.225, ubuntu22-c, mtd-zk-0, 0.631316
EXP-LOAD, 2023-07-19T10:18:38.870, ubuntu22-c, mtd-zk-0, 0.657004
EXP-LOAD, 2023-07-19T10:18:48.983, ubuntu22-c, mtd-zk-0, 0.657004
EXP-LOAD, 2023-07-19T10:18:56.107, ubuntu22-c, mtd-zk-0, 0.686006
EXP-LOAD, 2023-07-19T10:19:06.266, ubuntu22-c, mtd-zk-0, 0.663033
EXP-LOAD, 2023-07-19T10:19:13.377, ubuntu22-c, mtd-zk-0, 0.663033
EXP-LOAD, 2023-07-19T10:19:22.554, ubuntu22-c, mtd-zk-0, 0.667717
EXP-LOAD, 2023-07-19T10:19:36.915, ubuntu22-c, mtd-zk-0, 0.632053
EXP-LOAD, 2023-07-19T10:19:44.025, ubuntu22-c, mtd-zk-0, 0.632053
EXP-LOAD, 2023-07-19T10:19:54.192, ubuntu22-c, mtd-zk-0, 0.661315
EXP-LOAD, 2023-07-19T10:20:02.325, ubuntu22-c, mtd-zk-0, 0.661315
EXP-LOAD, 2023-07-19T10:20:13.436, ubuntu22-c, mtd-zk-0, 0.656611
EXP-LOAD, 2023-07-19T10:20:19.562, ubuntu22-c, mtd-zk-0, 0.675124
EXP-LOAD, 2023-07-19T10:20:30.237, ubuntu22-c, mtd-zk-0, 0.675124
EXP-LOAD, 2023-07-19T10:20:38.341, ubuntu22-c, mtd-zk-0, 0.632819
EXP-LOAD, 2023-07-19T10:20:46.494, ubuntu22-c, mtd-zk-0, 0.632819
EXP-LOAD, 2023-07-19T10:20:54.581, ubuntu22-c, mtd-zk-0, 0.613444
EXP-LOAD, 2023-07-19T10:21:00.702, ubuntu22-c, mtd-zk-0, 0.613444
EXP-LOAD, 2023-07-19T10:21:08.245, ubuntu22-c, mtd-zk-0, 0.696841
EXP-LOAD, 2023-07-19T10:21:18.700, ubuntu22-c, mtd-zk-0, 0.696841
EXP-LOAD, 2023-07-19T10:21:23.802, ubuntu22-c, mtd-zk-0, 0.650726
EXP-LOAD, 2023-07-19T10:21:31.410, ubuntu22-c, mtd-zk-0, 0.650726
EXP-LOAD, 2023-07-19T10:21:39.491, ubuntu22-c, mtd-zk-0, 0.623606
EXP-LOAD, 2023-07-19T10:21:47.706, ubuntu22-c, mtd-zk-0, 0.623606
EXP-LOAD, 2023-07-19T10:21:56.851, ubuntu22-c, mtd-zk-0, 0.733337
EXP-LOAD, 2023-07-19T10:22:04.988, ubuntu22-c, mtd-zk-0, 0.604821
EXP-LOAD, 2023-07-19T10:22:13.218, ubuntu22-c, mtd-zk-0, 0.604821
EXP-LOAD, 2023-07-19T10:22:24.305, ubuntu22-c, mtd-zk-0, 0.706009
EXP-LOAD, 2023-07-19T10:22:32.419, ubuntu22-c, mtd-zk-0, 0.706009
EXP-LOAD, 2023-07-19T10:22:42.574, ubuntu22-c, mtd-zk-0, 0.631206
EXP-LOAD, 2023-07-19T10:22:48.686, ubuntu22-c, mtd-zk-0, 0.631206
EXP-LOAD, 2023-07-19T10:22:55.363, ubuntu22-c, mtd-zk-0, 0.647427
EXP-LOAD, 2023-07-19T10:23:05.486, ubuntu22-c, mtd-zk-0, 0.701018
EXP-LOAD, 2023-07-19T10:23:13.619, ubuntu22-c, mtd-zk-0, 0.701018
EXP-LOAD, 2023-07-19T10:23:21.751, ubuntu22-c, mtd-zk-0, 0.630114
EXP-LOAD, 2023-07-19T10:23:34.816, ubuntu22-c, mtd-zk-0, 0.619640
EXP-LOAD, 2023-07-19T10:23:42.968, ubuntu22-c, mtd-zk-0, 0.619640
EXP-LOAD, 2023-07-19T10:23:52.118, ubuntu22-c, mtd-zk-0, 0.625110
EXP-LOAD, 2023-07-19T10:24:00.201, ubuntu22-c, mtd-zk-0, 0.625110
EXP-LOAD, 2023-07-19T10:24:09.289, ubuntu22-c, mtd-zk-0, 0.642832
EXP-LOAD, 2023-07-19T10:24:16.451, ubuntu22-c, mtd-zk-0, 0.642832
EXP-LOAD, 2023-07-19T10:24:25.549, ubuntu22-c, mtd-zk-0, 0.666620
EXP-LOAD, 2023-07-19T10:24:34.696, ubuntu22-c, mtd-zk-0, 0.698018
EXP-LOAD, 2023-07-19T10:24:47.855, ubuntu22-c, mtd-zk-0, 0.698018
EXP-LOAD, 2023-07-19T10:24:55.985, ubuntu22-c, mtd-zk-0, 0.645011
EXP-LOAD, 2023-07-19T10:25:06.172, ubuntu22-c, mtd-zk-0, 0.641008
EXP-LOAD, 2023-07-19T10:25:13.294, ubuntu22-c, mtd-zk-0, 0.641008
EXP-LOAD, 2023-07-19T10:25:21.489, ubuntu22-c, mtd-zk-0, 0.648210
EXP-LOAD, 2023-07-19T10:25:28.566, ubuntu22-c, mtd-zk-0, 0.648210
EXP-LOAD, 2023-07-19T10:25:39.687, ubuntu22-c, mtd-zk-0, 0.727612
EXP-LOAD, 2023-07-19T10:25:47.955, ubuntu22-c, mtd-zk-0, 0.727612
EXP-LOAD, 2023-07-19T10:25:57.109, ubuntu22-c, mtd-zk-0, 0.653511
EXP-LOAD, 2023-07-19T10:26:04.232, ubuntu22-c, mtd-zk-0, 0.599018
EXP-LOAD, 2023-07-19T10:26:12.330, ubuntu22-c, mtd-zk-0, 0.599018
EXP-LOAD, 2023-07-19T10:26:20.407, ubuntu22-c, mtd-zk-0, 0.669820
EXP-LOAD, 2023-07-19T10:26:28.521, ubuntu22-c, mtd-zk-0, 0.669820
EXP-LOAD, 2023-07-19T10:26:39.650, ubuntu22-c, mtd-zk-0, 0.724214
EXP-LOAD, 2023-07-19T10:26:48.162, ubuntu22-c, mtd-zk-0, 0.724214
EXP-LOAD, 2023-07-19T10:26:57.450, ubuntu22-c, mtd-zk-0, 0.624642
EXP-LOAD, 2023-07-19T10:27:04.882, ubuntu22-c, mtd-zk-0, 0.624642
EXP-LOAD, 2023-07-19T10:27:12.926, ubuntu22-c, mtd-zk-0, 0.598817
EXP-LOAD, 2023-07-19T10:27:24.029, ubuntu22-c, mtd-zk-0, 0.680613
EXP-LOAD, 2023-07-19T10:27:31.143, ubuntu22-c, mtd-zk-0, 0.680613
EXP-LOAD, 2023-07-19T10:27:42.283, ubuntu22-c, mtd-zk-0, 0.592805
EXP-LOAD, 2023-07-19T10:27:49.390, ubuntu22-c, mtd-zk-0, 0.635908
EXP-LOAD, 2023-07-19T10:27:59.543, ubuntu22-c, mtd-zk-0, 0.635908
EXP-LOAD, 2023-07-19T10:28:06.647, ubuntu22-c, mtd-zk-0, 0.582026
EXP-LOAD, 2023-07-19T10:28:13.803, ubuntu22-c, mtd-zk-0, 0.582026
EXP-LOAD, 2023-07-19T10:28:18.907, ubuntu22-c, mtd-zk-0, 0.582026
EXP-LOAD, 2023-07-19T10:28:27.047, ubuntu22-c, mtd-zk-0, -1.000000
