EXP-LOAD, 2023-07-20T10:37:32.584, ubuntu22-d, mtd-zk-2, 0.239721
EXP-LEAD, 2023-07-20T10:37:35.544, ubuntu22-d, mtd-zk-2, START
EXP-LEAD, 2023-07-20T10:37:42.343, ubuntu22-d, mtd-zk-2, END
EXP-LOAD, 2023-07-20T10:37:43.400, ubuntu22-d, mtd-zk-2, 0.070409
EXP-LEAD, 2023-07-20T10:37:44.891, ubuntu22-d, mtd-zk-2, START
EXP-LEAD, 2023-07-20T10:37:52.790, ubuntu22-d, mtd-zk-2, END
EXP-LOAD, 2023-07-20T10:37:53.887, ubuntu22-d, mtd-zk-2, 0.263512
EXP-LOAD, 2023-07-20T10:38:03.356, ubuntu22-d, mtd-zk-2, 0.263512
EXP-LOAD, 2023-07-20T10:38:15.496, ubuntu22-d, mtd-zk-2, 0.247611
EXP-LOAD, 2023-07-20T10:38:23.625, ubuntu22-d, mtd-zk-2, 0.138518
EXP-LEAD, 2023-07-20T10:38:24.783, ubuntu22-d, mtd-zk-2, START
EXP-LEAD, 2023-07-20T10:38:32.446, ubuntu22-d, mtd-zk-2, END
EXP-LOAD, 2023-07-20T10:38:33.542, ubuntu22-d, mtd-zk-2, 0.138518
EXP-LOAD, 2023-07-20T10:38:41.243, ubuntu22-d, mtd-zk-2, 0.140073
EXP-LEAD, 2023-07-20T10:38:43.285, ubuntu22-d, mtd-zk-2, START
EXP-LEAD, 2023-07-20T10:38:49.062, ubuntu22-d, mtd-zk-2, END
EXP-LOAD, 2023-07-20T10:38:50.139, ubuntu22-d, mtd-zk-2, 0.191142
EXP-LOAD, 2023-07-20T10:39:02.636, ubuntu22-d, mtd-zk-2, 0.191142
EXP-LOAD, 2023-07-20T10:39:10.712, ubuntu22-d, mtd-zk-2, 0.208232
EXP-LOAD, 2023-07-20T10:39:16.856, ubuntu22-d, mtd-zk-2, 0.208232
EXP-LOAD, 2023-07-20T10:39:27.109, ubuntu22-d, mtd-zk-2, 0.177650
EXP-LOAD, 2023-07-20T10:39:34.646, ubuntu22-d, mtd-zk-2, 0.091615
EXP-LEAD, 2023-07-20T10:39:35.689, ubuntu22-d, mtd-zk-2, START
EXP-LEAD, 2023-07-20T10:39:44.359, ubuntu22-d, mtd-zk-2, END
EXP-LOAD, 2023-07-20T10:39:45.426, ubuntu22-d, mtd-zk-2, 0.091615
EXP-LOAD, 2023-07-20T10:39:52.042, ubuntu22-d, mtd-zk-2, 0.158812
EXP-LOAD, 2023-07-20T10:39:59.974, ubuntu22-d, mtd-zk-2, 0.158812
EXP-LOAD, 2023-07-20T10:40:09.074, ubuntu22-d, mtd-zk-2, 0.358424
EXP-LEAD, 2023-07-20T10:40:11.128, ubuntu22-d, mtd-zk-2, START
EXP-LEAD, 2023-07-20T10:40:17.876, ubuntu22-d, mtd-zk-2, END
EXP-LOAD, 2023-07-20T10:40:18.947, ubuntu22-d, mtd-zk-2, 0.358424
EXP-LEAD, 2023-07-20T10:40:21.227, ubuntu22-d, mtd-zk-2, START
EXP-LEAD, 2023-07-20T10:40:25.774, ubuntu22-d, mtd-zk-2, END
EXP-LOAD, 2023-07-20T10:40:26.844, ubuntu22-d, mtd-zk-2, 0.185659
EXP-LOAD, 2023-07-20T10:40:35.507, ubuntu22-d, mtd-zk-2, 0.262213
EXP-LEAD, 2023-07-20T10:40:37.552, ubuntu22-d, mtd-zk-2, START
EXP-LEAD, 2023-07-20T10:40:42.049, ubuntu22-d, mtd-zk-2, END
EXP-LOAD, 2023-07-20T10:40:43.095, ubuntu22-d, mtd-zk-2, 0.262213
EXP-LEAD, 2023-07-20T10:40:45.692, ubuntu22-d, mtd-zk-2, START
EXP-LEAD, 2023-07-20T10:40:51.222, ubuntu22-d, mtd-zk-2, END
EXP-LOAD, 2023-07-20T10:40:52.266, ubuntu22-d, mtd-zk-2, 0.250361
EXP-LOAD, 2023-07-20T10:41:02.949, ubuntu22-d, mtd-zk-2, 0.250361
EXP-LOAD, 2023-07-20T10:41:11.652, ubuntu22-d, mtd-zk-2, 0.243214
EXP-LOAD, 2023-07-20T10:41:21.779, ubuntu22-d, mtd-zk-2, 0.104298
EXP-LOAD, 2023-07-20T10:41:29.890, ubuntu22-d, mtd-zk-2, 0.104298
EXP-LOAD, 2023-07-20T10:41:38.028, ubuntu22-d, mtd-zk-2, 0.096614
EXP-LOAD, 2023-07-20T10:41:50.215, ubuntu22-d, mtd-zk-2, 0.138851
EXP-LOAD, 2023-07-20T10:41:59.328, ubuntu22-d, mtd-zk-2, 0.138851
EXP-LEAD, 2023-07-20T10:42:00.383, ubuntu22-d, mtd-zk-2, START
EXP-LEAD, 2023-07-20T10:42:05.889, ubuntu22-d, mtd-zk-2, END
EXP-LOAD, 2023-07-20T10:42:06.958, ubuntu22-d, mtd-zk-2, 0.253628
EXP-LEAD, 2023-07-20T10:42:09.500, ubuntu22-d, mtd-zk-2, START
EXP-LEAD, 2023-07-20T10:42:17.056, ubuntu22-d, mtd-zk-2, END
EXP-LOAD, 2023-07-20T10:42:18.125, ubuntu22-d, mtd-zk-2, 0.253628
EXP-LOAD, 2023-07-20T10:42:25.761, ubuntu22-d, mtd-zk-2, 0.162720
EXP-LOAD, 2023-07-20T10:42:34.879, ubuntu22-d, mtd-zk-2, 0.122427
EXP-LOAD, 2023-07-20T10:42:42.013, ubuntu22-d, mtd-zk-2, 0.122427
EXP-LEAD, 2023-07-20T10:42:43.057, ubuntu22-d, mtd-zk-2, START
EXP-LEAD, 2023-07-20T10:42:47.525, ubuntu22-d, mtd-zk-2, END
EXP-LOAD, 2023-07-20T10:42:48.619, ubuntu22-d, mtd-zk-2, 0.122427
EXP-LEAD, 2023-07-20T10:42:50.146, ubuntu22-d, mtd-zk-2, START
EXP-LEAD, 2023-07-20T10:42:54.717, ubuntu22-d, mtd-zk-2, END
EXP-LOAD, 2023-07-20T10:42:55.762, ubuntu22-d, mtd-zk-2, 0.213745
EXP-LEAD, 2023-07-20T10:42:56.278, ubuntu22-d, mtd-zk-2, START
EXP-LEAD, 2023-07-20T10:43:05.165, ubuntu22-d, mtd-zk-2, END
EXP-LOAD, 2023-07-20T10:43:06.225, ubuntu22-d, mtd-zk-2, 0.294640
EXP-LOAD, 2023-07-20T10:43:13.443, ubuntu22-d, mtd-zk-2, 0.294640
EXP-LOAD, 2023-07-20T10:43:24.562, ubuntu22-d, mtd-zk-2, 0.157826
EXP-LOAD, 2023-07-20T10:43:32.662, ubuntu22-d, mtd-zk-2, 0.157826
EXP-LOAD, 2023-07-20T10:43:42.826, ubuntu22-d, mtd-zk-2, 0.101835
EXP-LEAD, 2023-07-20T10:43:43.866, ubuntu22-d, mtd-zk-2, START
EXP-LEAD, 2023-07-20T10:43:49.405, ubuntu22-d, mtd-zk-2, END
EXP-LOAD, 2023-07-20T10:43:50.454, ubuntu22-d, mtd-zk-2, 0.180551
EXP-LOAD, 2023-07-20T10:44:03.099, ubuntu22-d, mtd-zk-2, 0.180551
EXP-LOAD, 2023-07-20T10:44:11.214, ubuntu22-d, mtd-zk-2, 0.168237
EXP-LEAD, 2023-07-20T10:44:13.239, ubuntu22-d, mtd-zk-2, START
EXP-LEAD, 2023-07-20T10:44:19.899, ubuntu22-d, mtd-zk-2, END
EXP-LOAD, 2023-07-20T10:44:20.948, ubuntu22-d, mtd-zk-2, 0.106915
EXP-LEAD, 2023-07-20T10:44:22.357, ubuntu22-d, mtd-zk-2, START
EXP-LEAD, 2023-07-20T10:44:26.847, ubuntu22-d, mtd-zk-2, END
EXP-LOAD, 2023-07-20T10:44:27.906, ubuntu22-d, mtd-zk-2, 0.106915
EXP-LOAD, 2023-07-20T10:44:37.547, ubuntu22-d, mtd-zk-2, 0.207048
EXP-LOAD, 2023-07-20T10:44:45.636, ubuntu22-d, mtd-zk-2, 0.207048
EXP-LEAD, 2023-07-20T10:44:45.675, ubuntu22-d, mtd-zk-2, START
EXP-LEAD, 2023-07-20T10:44:54.283, ubuntu22-d, mtd-zk-2, END
EXP-LOAD, 2023-07-20T10:44:55.350, ubuntu22-d, mtd-zk-2, 0.180990
EXP-LOAD, 2023-07-20T10:45:03.925, ubuntu22-d, mtd-zk-2, 0.180990
EXP-LEAD, 2023-07-20T10:45:04.975, ubuntu22-d, mtd-zk-2, START
EXP-LEAD, 2023-07-20T10:45:10.620, ubuntu22-d, mtd-zk-2, END
EXP-LOAD, 2023-07-20T10:45:11.678, ubuntu22-d, mtd-zk-2, 0.221640
EXP-LOAD, 2023-07-20T10:45:19.785, ubuntu22-d, mtd-zk-2, 0.149028
EXP-LOAD, 2023-07-20T10:45:27.156, ubuntu22-d, mtd-zk-2, 0.149028
EXP-LOAD, 2023-07-20T10:45:35.121, ubuntu22-d, mtd-zk-2, 0.232452
EXP-LOAD, 2023-07-20T10:45:45.255, ubuntu22-d, mtd-zk-2, 0.232452
EXP-LEAD, 2023-07-20T10:45:46.330, ubuntu22-d, mtd-zk-2, START
EXP-LEAD, 2023-07-20T10:45:50.891, ubuntu22-d, mtd-zk-2, END
EXP-LOAD, 2023-07-20T10:45:51.953, ubuntu22-d, mtd-zk-2, 0.155422
EXP-LOAD, 2023-07-20T10:46:00.055, ubuntu22-d, mtd-zk-2, 0.155422
EXP-LEAD, 2023-07-20T10:46:01.085, ubuntu22-d, mtd-zk-2, START
EXP-LEAD, 2023-07-20T10:46:06.545, ubuntu22-d, mtd-zk-2, END
EXP-LOAD, 2023-07-20T10:46:07.591, ubuntu22-d, mtd-zk-2, 0.203416
EXP-LOAD, 2023-07-20T10:46:18.301, ubuntu22-d, mtd-zk-2, 0.203416
EXP-LOAD, 2023-07-20T10:46:26.413, ubuntu22-d, mtd-zk-2, 0.161314
EXP-LEAD, 2023-07-20T10:46:28.445, ubuntu22-d, mtd-zk-2, START
EXP-LEAD, 2023-07-20T10:46:36.390, ubuntu22-d, mtd-zk-2, END
EXP-LOAD, 2023-07-20T10:46:37.474, ubuntu22-d, mtd-zk-2, 0.232844
EXP-LEAD, 2023-07-20T10:46:39.568, ubuntu22-d, mtd-zk-2, START
EXP-LEAD, 2023-07-20T10:46:44.990, ubuntu22-d, mtd-zk-2, END
EXP-LOAD, 2023-07-20T10:46:46.048, ubuntu22-d, mtd-zk-2, 0.232844
EXP-LOAD, 2023-07-20T10:46:53.367, ubuntu22-d, mtd-zk-2, 0.144648
EXP-LOAD, 2023-07-20T10:47:02.575, ubuntu22-d, mtd-zk-2, 0.144648
EXP-LOAD, 2023-07-20T10:47:11.703, ubuntu22-d, mtd-zk-2, 0.223431
EXP-LOAD, 2023-07-20T10:47:19.859, ubuntu22-d, mtd-zk-2, 0.181453
EXP-LEAD, 2023-07-20T10:47:21.891, ubuntu22-d, mtd-zk-2, START
EXP-LEAD, 2023-07-20T10:47:27.352, ubuntu22-d, mtd-zk-2, END
EXP-LOAD, 2023-07-20T10:47:28.395, ubuntu22-d, mtd-zk-2, 0.181453
EXP-LOAD, 2023-07-20T10:47:39.081, ubuntu22-d, mtd-zk-2, 0.143649
EXP-LEAD, 2023-07-20T10:47:40.144, ubuntu22-d, mtd-zk-2, START
EXP-LEAD, 2023-07-20T10:47:44.734, ubuntu22-d, mtd-zk-2, END
EXP-LOAD, 2023-07-20T10:47:45.790, ubuntu22-d, mtd-zk-2, 0.143649
EXP-LOAD, 2023-07-20T10:47:57.365, ubuntu22-d, mtd-zk-2, 0.183633
EXP-LOAD, 2023-07-20T10:48:03.490, ubuntu22-d, mtd-zk-2, 0.183633
EXP-LOAD, 2023-07-20T10:48:15.619, ubuntu22-d, mtd-zk-2, 0.131658
EXP-LOAD, 2023-07-20T10:48:24.748, ubuntu22-d, mtd-zk-2, 0.146432
EXP-LEAD, 2023-07-20T10:48:25.788, ubuntu22-d, mtd-zk-2, START
EXP-LEAD, 2023-07-20T10:48:31.286, ubuntu22-d, mtd-zk-2, END
EXP-LOAD, 2023-07-20T10:48:32.355, ubuntu22-d, mtd-zk-2, 0.146432
EXP-LOAD, 2023-07-20T10:48:42.032, ubuntu22-d, mtd-zk-2, 0.168641
EXP-LOAD, 2023-07-20T10:48:50.151, ubuntu22-d, mtd-zk-2, 0.157664
EXP-LEAD, 2023-07-20T10:48:52.184, ubuntu22-d, mtd-zk-2, START
EXP-LEAD, 2023-07-20T10:48:57.639, ubuntu22-d, mtd-zk-2, END
EXP-LOAD, 2023-07-20T10:48:58.696, ubuntu22-d, mtd-zk-2, 0.157664
EXP-LOAD, 2023-07-20T10:49:10.836, ubuntu22-d, mtd-zk-2, 0.238835
EXP-LOAD, 2023-07-20T10:49:17.930, ubuntu22-d, mtd-zk-2, 0.238835
EXP-LOAD, 2023-07-20T10:49:25.053, ubuntu22-d, mtd-zk-2, 0.148821
EXP-LEAD, 2023-07-20T10:49:27.744, ubuntu22-d, mtd-zk-2, START
EXP-LEAD, 2023-07-20T10:49:36.338, ubuntu22-d, mtd-zk-2, END
EXP-LOAD, 2023-07-20T10:49:37.389, ubuntu22-d, mtd-zk-2, 0.286870
EXP-LEAD, 2023-07-20T10:49:38.872, ubuntu22-d, mtd-zk-2, START
EXP-LEAD, 2023-07-20T10:49:44.446, ubuntu22-d, mtd-zk-2, END
EXP-LOAD, 2023-07-20T10:49:45.507, ubuntu22-d, mtd-zk-2, 0.286870
EXP-LOAD, 2023-07-20T10:49:53.050, ubuntu22-d, mtd-zk-2, 0.198841
EXP-LOAD, 2023-07-20T10:49:59.179, ubuntu22-d, mtd-zk-2, 0.198841
EXP-LOAD, 2023-07-20T10:50:09.886, ubuntu22-d, mtd-zk-2, 0.234432
EXP-LOAD, 2023-07-20T10:50:19.031, ubuntu22-d, mtd-zk-2, 0.234432
EXP-LOAD, 2023-07-20T10:50:30.120, ubuntu22-d, mtd-zk-2, 0.166367
EXP-LOAD, 2023-07-20T10:50:37.213, ubuntu22-d, mtd-zk-2, 0.079430
EXP-LEAD, 2023-07-20T10:50:38.273, ubuntu22-d, mtd-zk-2, START
EXP-LEAD, 2023-07-20T10:50:43.948, ubuntu22-d, mtd-zk-2, END
EXP-LOAD, 2023-07-20T10:50:45.040, ubuntu22-d, mtd-zk-2, 0.079430
EXP-LEAD, 2023-07-20T10:50:46.482, ubuntu22-d, mtd-zk-2, START
EXP-LEAD, 2023-07-20T10:50:50.929, ubuntu22-d, mtd-zk-2, END
EXP-LOAD, 2023-07-20T10:50:51.985, ubuntu22-d, mtd-zk-2, 0.214278
EXP-LOAD, 2023-07-20T10:51:04.142, ubuntu22-d, mtd-zk-2, 0.099608
EXP-LEAD, 2023-07-20T10:51:05.192, ubuntu22-d, mtd-zk-2, START
EXP-LEAD, 2023-07-20T10:51:09.706, ubuntu22-d, mtd-zk-2, END
EXP-LOAD, 2023-07-20T10:51:10.766, ubuntu22-d, mtd-zk-2, 0.099608
EXP-LOAD, 2023-07-20T10:51:20.402, ubuntu22-d, mtd-zk-2, 0.198239
EXP-LEAD, 2023-07-20T10:51:21.181, ubuntu22-d, mtd-zk-2, START
EXP-LEAD, 2023-07-20T10:51:25.704, ubuntu22-d, mtd-zk-2, END
EXP-LOAD, 2023-07-20T10:51:26.754, ubuntu22-d, mtd-zk-2, 0.198239
EXP-LEAD, 2023-07-20T10:51:27.289, ubuntu22-d, mtd-zk-2, START
EXP-LEAD, 2023-07-20T10:51:35.839, ubuntu22-d, mtd-zk-2, END
EXP-LOAD, 2023-07-20T10:51:36.898, ubuntu22-d, mtd-zk-2, 0.296823
EXP-LEAD, 2023-07-20T10:51:36.986, ubuntu22-d, mtd-zk-2, START
EXP-LEAD, 2023-07-20T10:51:42.483, ubuntu22-d, mtd-zk-2, END
EXP-LOAD, 2023-07-20T10:51:43.529, ubuntu22-d, mtd-zk-2, 0.296823
EXP-LOAD, 2023-07-20T10:51:54.140, ubuntu22-d, mtd-zk-2, 0.200752
EXP-LEAD, 2023-07-20T10:51:55.203, ubuntu22-d, mtd-zk-2, START
EXP-LEAD, 2023-07-20T10:52:00.664, ubuntu22-d, mtd-zk-2, END
EXP-LOAD, 2023-07-20T10:52:01.706, ubuntu22-d, mtd-zk-2, 0.200752
EXP-LOAD, 2023-07-20T10:52:13.443, ubuntu22-d, mtd-zk-2, 0.205919
EXP-LOAD, 2023-07-20T10:52:22.563, ubuntu22-d, mtd-zk-2, 0.211026
EXP-LEAD, 2023-07-20T10:52:24.603, ubuntu22-d, mtd-zk-2, START
EXP-LEAD, 2023-07-20T10:52:29.282, ubuntu22-d, mtd-zk-2, END
EXP-LOAD, 2023-07-20T10:52:30.338, ubuntu22-d, mtd-zk-2, 0.211026
EXP-LEAD, 2023-07-20T10:52:31.739, ubuntu22-d, mtd-zk-2, START
EXP-LEAD, 2023-07-20T10:52:39.292, ubuntu22-d, mtd-zk-2, END
EXP-LOAD, 2023-07-20T10:52:40.362, ubuntu22-d, mtd-zk-2, 0.177232
EXP-LEAD, 2023-07-20T10:52:41.876, ubuntu22-d, mtd-zk-2, START
EXP-LEAD, 2023-07-20T10:52:46.353, ubuntu22-d, mtd-zk-2, END
EXP-LOAD, 2023-07-20T10:52:47.419, ubuntu22-d, mtd-zk-2, 0.177232
EXP-LEAD, 2023-07-20T10:52:48.458, ubuntu22-d, mtd-zk-2, START
EXP-LEAD, 2023-07-20T10:52:54.045, ubuntu22-d, mtd-zk-2, END
EXP-LOAD, 2023-07-20T10:52:55.102, ubuntu22-d, mtd-zk-2, 0.129826
EXP-LOAD, 2023-07-20T10:53:02.680, ubuntu22-d, mtd-zk-2, 0.129826
EXP-LOAD, 2023-07-20T10:53:13.816, ubuntu22-d, mtd-zk-2, 0.256563
EXP-LEAD, 2023-07-20T10:53:14.858, ubuntu22-d, mtd-zk-2, START
EXP-LEAD, 2023-07-20T10:53:20.333, ubuntu22-d, mtd-zk-2, END
EXP-LOAD, 2023-07-20T10:53:21.383, ubuntu22-d, mtd-zk-2, 0.161637
EXP-LOAD, 2023-07-20T10:53:32.040, ubuntu22-d, mtd-zk-2, 0.161637
EXP-LOAD, 2023-07-20T10:53:38.876, ubuntu22-d, mtd-zk-2, 0.138220
EXP-LOAD, 2023-07-20T10:53:47.983, ubuntu22-d, mtd-zk-2, 0.138220
EXP-LOAD, 2023-07-20T10:53:56.070, ubuntu22-d, mtd-zk-2, 0.220017
EXP-LOAD, 2023-07-20T10:54:04.211, ubuntu22-d, mtd-zk-2, 0.153331
EXP-LOAD, 2023-07-20T10:54:10.325, ubuntu22-d, mtd-zk-2, 0.153331
EXP-LEAD, 2023-07-20T10:54:13.353, ubuntu22-d, mtd-zk-2, START
EXP-LEAD, 2023-07-20T10:54:19.864, ubuntu22-d, mtd-zk-2, END
EXP-LOAD, 2023-07-20T10:54:20.929, ubuntu22-d, mtd-zk-2, 0.178648
EXP-LEAD, 2023-07-20T10:54:21.017, ubuntu22-d, mtd-zk-2, START
EXP-LEAD, 2023-07-20T10:54:28.526, ubuntu22-d, mtd-zk-2, END
EXP-LOAD, 2023-07-20T10:54:29.574, ubuntu22-d, mtd-zk-2, 0.178648
EXP-LOAD, 2023-07-20T10:54:37.250, ubuntu22-d, mtd-zk-2, 0.216316
EXP-LEAD, 2023-07-20T10:54:39.829, ubuntu22-d, mtd-zk-2, START
EXP-LEAD, 2023-07-20T10:54:47.332, ubuntu22-d, mtd-zk-2, END
EXP-LOAD, 2023-07-20T10:54:48.366, ubuntu22-d, mtd-zk-2, 0.216316
EXP-LOAD, 2023-07-20T10:54:57.053, ubuntu22-d, mtd-zk-2, 0.211830
EXP-LOAD, 2023-07-20T10:55:05.196, ubuntu22-d, mtd-zk-2, 0.121452
EXP-LOAD, 2023-07-20T10:55:14.040, ubuntu22-d, mtd-zk-2, 0.121452
EXP-LOAD, 2023-07-20T10:55:22.140, ubuntu22-d, mtd-zk-2, 0.208845
EXP-LOAD, 2023-07-20T10:55:29.246, ubuntu22-d, mtd-zk-2, 0.208845
EXP-LOAD, 2023-07-20T10:55:42.271, ubuntu22-d, mtd-zk-2, 0.184222
EXP-LOAD, 2023-07-20T10:55:50.383, ubuntu22-d, mtd-zk-2, 0.084234
EXP-LEAD, 2023-07-20T10:55:51.436, ubuntu22-d, mtd-zk-2, START
EXP-LEAD, 2023-07-20T10:55:56.885, ubuntu22-d, mtd-zk-2, END
EXP-LOAD, 2023-07-20T10:55:57.953, ubuntu22-d, mtd-zk-2, 0.084234
EXP-LOAD, 2023-07-20T10:56:04.615, ubuntu22-d, mtd-zk-2, 0.194934
EXP-LOAD, 2023-07-20T10:56:11.179, ubuntu22-d, mtd-zk-2, 0.194934
EXP-LOAD, 2023-07-20T10:56:20.276, ubuntu22-d, mtd-zk-2, 0.240269
EXP-LEAD, 2023-07-20T10:56:22.305, ubuntu22-d, mtd-zk-2, START
EXP-LEAD, 2023-07-20T10:56:26.774, ubuntu22-d, mtd-zk-2, END
EXP-LOAD, 2023-07-20T10:56:27.847, ubuntu22-d, mtd-zk-2, 0.240269
EXP-LEAD, 2023-07-20T10:56:28.416, ubuntu22-d, mtd-zk-2, START
EXP-LEAD, 2023-07-20T10:56:38.018, ubuntu22-d, mtd-zk-2, END
EXP-LOAD, 2023-07-20T10:56:39.079, ubuntu22-d, mtd-zk-2, 0.237539
EXP-LEAD, 2023-07-20T10:56:40.537, ubuntu22-d, mtd-zk-2, START
EXP-LEAD, 2023-07-20T10:56:46.074, ubuntu22-d, mtd-zk-2, END
EXP-LOAD, 2023-07-20T10:56:47.277, ubuntu22-d, mtd-zk-2, 0.237539
EXP-LOAD, 2023-07-20T10:56:55.697, ubuntu22-d, mtd-zk-2, 0.124817
EXP-LEAD, 2023-07-20T10:56:56.775, ubuntu22-d, mtd-zk-2, START
EXP-LEAD, 2023-07-20T10:57:06.440, ubuntu22-d, mtd-zk-2, END
EXP-LOAD, 2023-07-20T10:57:07.483, ubuntu22-d, mtd-zk-2, 0.161232
EXP-LOAD, 2023-07-20T10:57:13.910, ubuntu22-d, mtd-zk-2, 0.161232
EXP-LOAD, 2023-07-20T10:57:23.018, ubuntu22-d, mtd-zk-2, 0.202690
EXP-LOAD, 2023-07-20T10:57:33.121, ubuntu22-d, mtd-zk-2, 0.202690
EXP-LEAD, 2023-07-20T10:57:34.156, ubuntu22-d, mtd-zk-2, START
EXP-LEAD, 2023-07-20T10:57:38.722, ubuntu22-d, mtd-zk-2, END
EXP-LOAD, 2023-07-20T10:57:39.768, ubuntu22-d, mtd-zk-2, 0.198846
EXP-LEAD, 2023-07-20T10:57:42.278, ubuntu22-d, mtd-zk-2, START
EXP-LEAD, 2023-07-20T10:57:49.814, ubuntu22-d, mtd-zk-2, END
EXP-LOAD, 2023-07-20T10:57:50.864, ubuntu22-d, mtd-zk-2, 0.234646
EXP-LEAD, 2023-07-20T10:57:53.409, ubuntu22-d, mtd-zk-2, START
EXP-LEAD, 2023-07-20T10:57:58.872, ubuntu22-d, mtd-zk-2, END
EXP-LOAD, 2023-07-20T10:57:59.911, ubuntu22-d, mtd-zk-2, 0.234646
EXP-LOAD, 2023-07-20T10:58:09.585, ubuntu22-d, mtd-zk-2, 0.158628
EXP-LEAD, 2023-07-20T10:58:12.468, ubuntu22-d, mtd-zk-2, START
EXP-LEAD, 2023-07-20T10:58:17.939, ubuntu22-d, mtd-zk-2, END
EXP-LOAD, 2023-07-20T10:58:18.975, ubuntu22-d, mtd-zk-2, 0.158628
EXP-LEAD, 2023-07-20T10:58:20.598, ubuntu22-d, mtd-zk-2, START
EXP-LEAD, 2023-07-20T10:58:26.097, ubuntu22-d, mtd-zk-2, END
EXP-LOAD, 2023-07-20T10:58:27.168, ubuntu22-d, mtd-zk-2, 0.126809
EXP-LEAD, 2023-07-20T10:58:29.729, ubuntu22-d, mtd-zk-2, START
EXP-LEAD, 2023-07-20T10:58:38.269, ubuntu22-d, mtd-zk-2, END
EXP-LOAD, 2023-07-20T10:58:39.336, ubuntu22-d, mtd-zk-2, 0.199952
EXP-LOAD, 2023-07-20T10:58:46.950, ubuntu22-d, mtd-zk-2, 0.199952
EXP-LOAD, 2023-07-20T10:58:55.088, ubuntu22-d, mtd-zk-2, 0.173034
EXP-LEAD, 2023-07-20T10:58:56.790, ubuntu22-d, mtd-zk-2, START
EXP-LEAD, 2023-07-20T10:59:05.484, ubuntu22-d, mtd-zk-2, END
EXP-LOAD, 2023-07-20T10:59:06.558, ubuntu22-d, mtd-zk-2, 0.173529
EXP-LEAD, 2023-07-20T10:59:06.894, ubuntu22-d, mtd-zk-2, START
EXP-LEAD, 2023-07-20T10:59:13.626, ubuntu22-d, mtd-zk-2, END
EXP-LOAD, 2023-07-20T10:59:14.668, ubuntu22-d, mtd-zk-2, 0.173529
EXP-LOAD, 2023-07-20T10:59:26.047, ubuntu22-d, mtd-zk-2, 0.180662
EXP-LEAD, 2023-07-20T10:59:27.080, ubuntu22-d, mtd-zk-2, START
EXP-LEAD, 2023-07-20T10:59:32.581, ubuntu22-d, mtd-zk-2, END
EXP-LOAD, 2023-07-20T10:59:33.648, ubuntu22-d, mtd-zk-2, 0.180662
EXP-LOAD, 2023-07-20T10:59:42.271, ubuntu22-d, mtd-zk-2, 0.114920
EXP-LEAD, 2023-07-20T10:59:44.311, ubuntu22-d, mtd-zk-2, START
EXP-LEAD, 2023-07-20T10:59:52.989, ubuntu22-d, mtd-zk-2, END
EXP-LOAD, 2023-07-20T10:59:54.042, ubuntu22-d, mtd-zk-2, 0.206038
EXP-LEAD, 2023-07-20T10:59:55.439, ubuntu22-d, mtd-zk-2, START
EXP-LEAD, 2023-07-20T10:59:59.943, ubuntu22-d, mtd-zk-2, END
EXP-LOAD, 2023-07-20T11:00:00.981, ubuntu22-d, mtd-zk-2, 0.206038
EXP-LOAD, 2023-07-20T11:00:10.658, ubuntu22-d, mtd-zk-2, 0.196337
EXP-LOAD, 2023-07-20T11:00:19.775, ubuntu22-d, mtd-zk-2, 0.185239
EXP-LEAD, 2023-07-20T11:00:21.807, ubuntu22-d, mtd-zk-2, START
EXP-LEAD, 2023-07-20T11:00:26.223, ubuntu22-d, mtd-zk-2, END
EXP-LOAD, 2023-07-20T11:00:27.292, ubuntu22-d, mtd-zk-2, 0.185239
EXP-LOAD, 2023-07-20T11:00:38.066, ubuntu22-d, mtd-zk-2, 0.193544
EXP-LOAD, 2023-07-20T11:00:46.146, ubuntu22-d, mtd-zk-2, 0.193544
EXP-LOAD, 2023-07-20T11:00:56.301, ubuntu22-d, mtd-zk-2, 0.227824
EXP-LEAD, 2023-07-20T11:00:57.333, ubuntu22-d, mtd-zk-2, START
EXP-LEAD, 2023-07-20T11:01:02.851, ubuntu22-d, mtd-zk-2, END
EXP-LOAD, 2023-07-20T11:01:03.909, ubuntu22-d, mtd-zk-2, 0.227824
EXP-LEAD, 2023-07-20T11:01:05.471, ubuntu22-d, mtd-zk-2, START
EXP-LEAD, 2023-07-20T11:01:11.102, ubuntu22-d, mtd-zk-2, END
EXP-LOAD, 2023-07-20T11:01:12.149, ubuntu22-d, mtd-zk-2, 0.171944
EXP-LOAD, 2023-07-20T11:01:21.680, ubuntu22-d, mtd-zk-2, 0.207431
EXP-LOAD, 2023-07-20T11:01:32.797, ubuntu22-d, mtd-zk-2, 0.207431
EXP-LEAD, 2023-07-20T11:01:33.819, ubuntu22-d, mtd-zk-2, START
EXP-LEAD, 2023-07-20T11:01:39.308, ubuntu22-d, mtd-zk-2, END
EXP-LOAD, 2023-07-20T11:01:40.378, ubuntu22-d, mtd-zk-2, 0.149321
EXP-LOAD, 2023-07-20T11:01:45.498, ubuntu22-d, mtd-zk-2, 0.149321
EXP-LEAD, 2023-07-20T11:01:46.028, ubuntu22-d, mtd-zk-2, START
EXP-LEAD, 2023-07-20T11:01:52.598, ubuntu22-d, mtd-zk-2, END
EXP-LOAD, 2023-07-20T11:01:53.642, ubuntu22-d, mtd-zk-2, 0.154207
EXP-LEAD, 2023-07-20T11:01:54.114, ubuntu22-d, mtd-zk-2, START
EXP-LEAD, 2023-07-20T11:02:03.659, ubuntu22-d, mtd-zk-2, END
EXP-LOAD, 2023-07-20T11:02:04.702, ubuntu22-d, mtd-zk-2, 0.177456
EXP-LOAD, 2023-07-20T11:02:12.261, ubuntu22-d, mtd-zk-2, 0.177456
EXP-LOAD, 2023-07-20T11:02:21.368, ubuntu22-d, mtd-zk-2, 0.186035
EXP-LEAD, 2023-07-20T11:02:23.401, ubuntu22-d, mtd-zk-2, START
EXP-LEAD, 2023-07-20T11:02:28.821, ubuntu22-d, mtd-zk-2, END
EXP-LOAD, 2023-07-20T11:02:29.857, ubuntu22-d, mtd-zk-2, 0.186035
EXP-LOAD, 2023-07-20T11:02:40.559, ubuntu22-d, mtd-zk-2, 0.190636
EXP-LOAD, 2023-07-20T11:02:47.665, ubuntu22-d, mtd-zk-2, 0.190636
EXP-LEAD, 2023-07-20T11:02:47.703, ubuntu22-d, mtd-zk-2, START
EXP-LEAD, 2023-07-20T11:02:56.396, ubuntu22-d, mtd-zk-2, END
EXP-LOAD, 2023-07-20T11:02:57.451, ubuntu22-d, mtd-zk-2, 0.088619
EXP-LEAD, 2023-07-20T11:02:58.865, ubuntu22-d, mtd-zk-2, START
EXP-LEAD, 2023-07-20T11:03:04.330, ubuntu22-d, mtd-zk-2, END
EXP-LOAD, 2023-07-20T11:03:05.403, ubuntu22-d, mtd-zk-2, 0.217729
EXP-LOAD, 2023-07-20T11:03:15.109, ubuntu22-d, mtd-zk-2, 0.217729
EXP-LOAD, 2023-07-20T11:03:23.241, ubuntu22-d, mtd-zk-2, 0.136021
EXP-LOAD, 2023-07-20T11:03:32.385, ubuntu22-d, mtd-zk-2, 0.136021
EXP-LEAD, 2023-07-20T11:03:34.375, ubuntu22-d, mtd-zk-2, START
EXP-LEAD, 2023-07-20T11:03:39.852, ubuntu22-d, mtd-zk-2, END
EXP-LOAD, 2023-07-20T11:03:40.893, ubuntu22-d, mtd-zk-2, 0.217374
EXP-LOAD, 2023-07-20T11:03:49.003, ubuntu22-d, mtd-zk-2, 0.217374
EXP-LEAD, 2023-07-20T11:03:49.032, ubuntu22-d, mtd-zk-2, START
EXP-LEAD, 2023-07-20T11:03:57.634, ubuntu22-d, mtd-zk-2, END
EXP-LOAD, 2023-07-20T11:03:58.688, ubuntu22-d, mtd-zk-2, 0.206253
EXP-LOAD, 2023-07-20T11:04:07.317, ubuntu22-d, mtd-zk-2, 0.193878
EXP-LOAD, 2023-07-20T11:04:15.400, ubuntu22-d, mtd-zk-2, 0.193878
EXP-LOAD, 2023-07-20T11:04:23.483, ubuntu22-d, mtd-zk-2, 0.127013
EXP-LOAD, 2023-07-20T11:04:32.585, ubuntu22-d, mtd-zk-2, 0.127013
EXP-LEAD, 2023-07-20T11:04:33.614, ubuntu22-d, mtd-zk-2, START
EXP-LEAD, 2023-07-20T11:04:38.174, ubuntu22-d, mtd-zk-2, END
EXP-LOAD, 2023-07-20T11:04:39.233, ubuntu22-d, mtd-zk-2, 0.235023
EXP-LOAD, 2023-07-20T11:04:46.344, ubuntu22-d, mtd-zk-2, 0.235023
EXP-LOAD, 2023-07-20T11:04:56.504, ubuntu22-d, mtd-zk-2, 0.206668
EXP-LOAD, 2023-07-20T11:05:04.502, ubuntu22-d, mtd-zk-2, 0.170897
EXP-LOAD, 2023-07-20T11:05:13.609, ubuntu22-d, mtd-zk-2, 0.170897
EXP-LEAD, 2023-07-20T11:05:14.654, ubuntu22-d, mtd-zk-2, START
EXP-LEAD, 2023-07-20T11:05:22.212, ubuntu22-d, mtd-zk-2, END
EXP-LOAD, 2023-07-20T11:05:23.262, ubuntu22-d, mtd-zk-2, 0.194229
EXP-LEAD, 2023-07-20T11:05:24.746, ubuntu22-d, mtd-zk-2, START
EXP-LEAD, 2023-07-20T11:05:30.208, ubuntu22-d, mtd-zk-2, END
EXP-LOAD, 2023-07-20T11:05:31.259, ubuntu22-d, mtd-zk-2, 0.194229
EXP-LEAD, 2023-07-20T11:05:32.850, ubuntu22-d, mtd-zk-2, START
EXP-LEAD, 2023-07-20T11:05:40.373, ubuntu22-d, mtd-zk-2, END
EXP-LOAD, 2023-07-20T11:05:41.452, ubuntu22-d, mtd-zk-2, 0.213748
EXP-LEAD, 2023-07-20T11:05:42.979, ubuntu22-d, mtd-zk-2, START
EXP-LEAD, 2023-07-20T11:05:48.393, ubuntu22-d, mtd-zk-2, END
EXP-LOAD, 2023-07-20T11:05:49.435, ubuntu22-d, mtd-zk-2, 0.209254
EXP-LEAD, 2023-07-20T11:05:51.085, ubuntu22-d, mtd-zk-2, START
EXP-LEAD, 2023-07-20T11:05:56.688, ubuntu22-d, mtd-zk-2, END
EXP-LOAD, 2023-07-20T11:05:57.737, ubuntu22-d, mtd-zk-2, 0.209254
EXP-LOAD, 2023-07-20T11:06:09.276, ubuntu22-d, mtd-zk-2, 0.177845
EXP-LOAD, 2023-07-20T11:06:16.391, ubuntu22-d, mtd-zk-2, 0.177845
EXP-LEAD, 2023-07-20T11:06:18.433, ubuntu22-d, mtd-zk-2, START
EXP-LEAD, 2023-07-20T11:06:26.025, ubuntu22-d, mtd-zk-2, END
EXP-LOAD, 2023-07-20T11:06:27.112, ubuntu22-d, mtd-zk-2, 0.149012
EXP-LOAD, 2023-07-20T11:06:34.680, ubuntu22-d, mtd-zk-2, 0.198749
EXP-LOAD, 2023-07-20T11:06:47.789, ubuntu22-d, mtd-zk-2, 0.198749
EXP-LOAD, 2023-07-20T11:06:53.895, ubuntu22-d, mtd-zk-2, 0.136419
EXP-LOAD, 2023-07-20T11:07:05.718, ubuntu22-d, mtd-zk-2, 0.112322
EXP-LOAD, 2023-07-20T11:07:12.820, ubuntu22-d, mtd-zk-2, 0.112322
EXP-LEAD, 2023-07-20T11:07:15.866, ubuntu22-d, mtd-zk-2, START
EXP-LEAD, 2023-07-20T11:07:21.353, ubuntu22-d, mtd-zk-2, END
EXP-LOAD, 2023-07-20T11:07:22.409, ubuntu22-d, mtd-zk-2, 0.221523
EXP-LOAD, 2023-07-20T11:07:32.097, ubuntu22-d, mtd-zk-2, 0.221523
EXP-LOAD, 2023-07-20T11:07:41.015, ubuntu22-d, mtd-zk-2, 0.174950
EXP-LEAD, 2023-07-20T11:07:42.045, ubuntu22-d, mtd-zk-2, START
EXP-LEAD, 2023-07-20T11:07:47.545, ubuntu22-d, mtd-zk-2, END
EXP-LOAD, 2023-07-20T11:07:48.581, ubuntu22-d, mtd-zk-2, 0.174950
EXP-LEAD, 2023-07-20T11:07:48.611, ubuntu22-d, mtd-zk-2, START
EXP-LEAD, 2023-07-20T11:07:56.223, ubuntu22-d, mtd-zk-2, END
EXP-LOAD, 2023-07-20T11:07:57.318, ubuntu22-d, mtd-zk-2, 0.207042
EXP-LOAD, 2023-07-20T11:08:06.766, ubuntu22-d, mtd-zk-2, 0.123420
EXP-LEAD, 2023-07-20T11:08:07.813, ubuntu22-d, mtd-zk-2, START
EXP-LEAD, 2023-07-20T11:08:13.278, ubuntu22-d, mtd-zk-2, END
EXP-LOAD, 2023-07-20T11:08:14.353, ubuntu22-d, mtd-zk-2, 0.123420
EXP-LEAD, 2023-07-20T11:08:15.913, ubuntu22-d, mtd-zk-2, START
EXP-LEAD, 2023-07-20T11:08:21.375, ubuntu22-d, mtd-zk-2, END
EXP-LOAD, 2023-07-20T11:08:22.414, ubuntu22-d, mtd-zk-2, 0.183035
EXP-LOAD, 2023-07-20T11:08:32.093, ubuntu22-d, mtd-zk-2, 0.183035
EXP-LEAD, 2023-07-20T11:08:34.829, ubuntu22-d, mtd-zk-2, START
EXP-LEAD, 2023-07-20T11:08:40.550, ubuntu22-d, mtd-zk-2, END
EXP-LOAD, 2023-07-20T11:08:41.585, ubuntu22-d, mtd-zk-2, 0.204752
EXP-LOAD, 2023-07-20T11:08:49.094, ubuntu22-d, mtd-zk-2, 0.159215
EXP-LOAD, 2023-07-20T11:08:59.199, ubuntu22-d, mtd-zk-2, 0.159215
EXP-LOAD, 2023-07-20T11:09:06.288, ubuntu22-d, mtd-zk-2, 0.158221
EXP-LOAD, 2023-07-20T11:09:20.553, ubuntu22-d, mtd-zk-2, 0.111716
EXP-LOAD, 2023-07-20T11:09:27.701, ubuntu22-d, mtd-zk-2, 0.111716
EXP-LEAD, 2023-07-20T11:09:28.758, ubuntu22-d, mtd-zk-2, START
EXP-LEAD, 2023-07-20T11:09:36.346, ubuntu22-d, mtd-zk-2, END
EXP-LOAD, 2023-07-20T11:09:37.392, ubuntu22-d, mtd-zk-2, 0.173515
EXP-LOAD, 2023-07-20T11:09:44.945, ubuntu22-d, mtd-zk-2, 0.173515
EXP-LEAD, 2023-07-20T11:09:46.997, ubuntu22-d, mtd-zk-2, START
EXP-LEAD, 2023-07-20T11:09:52.508, ubuntu22-d, mtd-zk-2, END
EXP-LOAD, 2023-07-20T11:09:53.570, ubuntu22-d, mtd-zk-2, 0.187341
EXP-LOAD, 2023-07-20T11:10:01.667, ubuntu22-d, mtd-zk-2, 0.187341
EXP-LOAD, 2023-07-20T11:10:13.796, ubuntu22-d, mtd-zk-2, 0.213247
EXP-LOAD, 2023-07-20T11:10:20.920, ubuntu22-d, mtd-zk-2, 0.162526
EXP-LOAD, 2023-07-20T11:10:35.041, ubuntu22-d, mtd-zk-2, 0.237449
EXP-LEAD, 2023-07-20T11:10:37.093, ubuntu22-d, mtd-zk-2, START
EXP-LEAD, 2023-07-20T11:10:42.682, ubuntu22-d, mtd-zk-2, END
EXP-LOAD, 2023-07-20T11:10:43.730, ubuntu22-d, mtd-zk-2, 0.237449
EXP-LOAD, 2023-07-20T11:10:52.298, ubuntu22-d, mtd-zk-2, 0.193344
EXP-LEAD, 2023-07-20T11:10:53.811, ubuntu22-d, mtd-zk-2, START
EXP-LEAD, 2023-07-20T11:11:00.362, ubuntu22-d, mtd-zk-2, END
EXP-LOAD, 2023-07-20T11:11:01.405, ubuntu22-d, mtd-zk-2, 0.193344
EXP-LOAD, 2023-07-20T11:11:08.973, ubuntu22-d, mtd-zk-2, 0.185020
EXP-LOAD, 2023-07-20T11:11:18.056, ubuntu22-d, mtd-zk-2, 0.185020
EXP-LOAD, 2023-07-20T11:11:24.842, ubuntu22-d, mtd-zk-2, 0.209279
EXP-LEAD, 2023-07-20T11:11:26.880, ubuntu22-d, mtd-zk-2, START
EXP-LEAD, 2023-07-20T11:11:35.447, ubuntu22-d, mtd-zk-2, END
EXP-LOAD, 2023-07-20T11:11:36.611, ubuntu22-d, mtd-zk-2, 0.212432
EXP-LOAD, 2023-07-20T11:11:43.080, ubuntu22-d, mtd-zk-2, 0.212432
EXP-LOAD, 2023-07-20T11:11:53.221, ubuntu22-d, mtd-zk-2, 0.219098
EXP-LOAD, 2023-07-20T11:12:03.335, ubuntu22-d, mtd-zk-2, 0.219098
EXP-LOAD, 2023-07-20T11:12:10.415, ubuntu22-d, mtd-zk-2, 0.147256
EXP-LEAD, 2023-07-20T11:12:11.994, ubuntu22-d, mtd-zk-2, START
EXP-LEAD, 2023-07-20T11:12:17.658, ubuntu22-d, mtd-zk-2, END
EXP-LOAD, 2023-07-20T11:12:18.740, ubuntu22-d, mtd-zk-2, 0.147256
EXP-LOAD, 2023-07-20T11:12:31.177, ubuntu22-d, mtd-zk-2, 0.145832
EXP-LOAD, 2023-07-20T11:12:37.301, ubuntu22-d, mtd-zk-2, 0.167081
EXP-LEAD, 2023-07-20T11:12:40.326, ubuntu22-d, mtd-zk-2, START
EXP-LEAD, 2023-07-20T11:12:45.855, ubuntu22-d, mtd-zk-2, END
EXP-LOAD, 2023-07-20T11:12:46.906, ubuntu22-d, mtd-zk-2, 0.167081
EXP-LEAD, 2023-07-20T11:12:48.443, ubuntu22-d, mtd-zk-2, START
EXP-LEAD, 2023-07-20T11:12:57.025, ubuntu22-d, mtd-zk-2, END
EXP-LOAD, 2023-07-20T11:12:58.078, ubuntu22-d, mtd-zk-2, 0.186220
EXP-LOAD, 2023-07-20T11:13:04.205, ubuntu22-d, mtd-zk-2, 0.171211
EXP-LOAD, 2023-07-20T11:13:12.336, ubuntu22-d, mtd-zk-2, 0.171211
EXP-LOAD, 2023-07-20T11:13:20.456, ubuntu22-d, mtd-zk-2, 0.142124
EXP-LOAD, 2023-07-20T11:13:30.648, ubuntu22-d, mtd-zk-2, 0.142124
EXP-LEAD, 2023-07-20T11:13:31.679, ubuntu22-d, mtd-zk-2, START
EXP-LEAD, 2023-07-20T11:13:37.262, ubuntu22-d, mtd-zk-2, END
EXP-LOAD, 2023-07-20T11:13:38.324, ubuntu22-d, mtd-zk-2, 0.148811
EXP-LEAD, 2023-07-20T11:13:40.796, ubuntu22-d, mtd-zk-2, START
EXP-LEAD, 2023-07-20T11:13:48.286, ubuntu22-d, mtd-zk-2, END
EXP-LOAD, 2023-07-20T11:13:49.345, ubuntu22-d, mtd-zk-2, 0.173947
EXP-LOAD, 2023-07-20T11:13:55.989, ubuntu22-d, mtd-zk-2, 0.173947
EXP-LOAD, 2023-07-20T11:14:04.706, ubuntu22-d, mtd-zk-2, 0.241719
EXP-LOAD, 2023-07-20T11:14:11.817, ubuntu22-d, mtd-zk-2, 0.241719
EXP-LEAD, 2023-07-20T11:14:13.865, ubuntu22-d, mtd-zk-2, START
EXP-LEAD, 2023-07-20T11:14:19.330, ubuntu22-d, mtd-zk-2, END
EXP-LOAD, 2023-07-20T11:14:20.372, ubuntu22-d, mtd-zk-2, 0.206530
EXP-LOAD, 2023-07-20T11:14:29.058, ubuntu22-d, mtd-zk-2, 0.206530
EXP-LEAD, 2023-07-20T11:14:31.105, ubuntu22-d, mtd-zk-2, START
EXP-LEAD, 2023-07-20T11:14:39.671, ubuntu22-d, mtd-zk-2, END
EXP-LOAD, 2023-07-20T11:14:40.720, ubuntu22-d, mtd-zk-2, 0.250214
EXP-LOAD, 2023-07-20T11:14:49.317, ubuntu22-d, mtd-zk-2, 0.166221
EXP-LOAD, 2023-07-20T11:14:58.416, ubuntu22-d, mtd-zk-2, 0.166221
EXP-LEAD, 2023-07-20T11:14:59.446, ubuntu22-d, mtd-zk-2, START
EXP-LEAD, 2023-07-20T11:15:04.971, ubuntu22-d, mtd-zk-2, END
EXP-LOAD, 2023-07-20T11:15:06.041, ubuntu22-d, mtd-zk-2, 0.093301
EXP-LOAD, 2023-07-20T11:15:15.648, ubuntu22-d, mtd-zk-2, 0.093301
EXP-LOAD, 2023-07-20T11:15:28.805, ubuntu22-d, mtd-zk-2, 0.183470
EXP-LOAD, 2023-07-20T11:15:35.911, ubuntu22-d, mtd-zk-2, 0.095628
EXP-LOAD, 2023-07-20T11:15:47.070, ubuntu22-d, mtd-zk-2, 0.095628
EXP-LOAD, 2023-07-20T11:15:54.657, ubuntu22-d, mtd-zk-2, 0.163749
EXP-LEAD, 2023-07-20T11:15:56.697, ubuntu22-d, mtd-zk-2, START
EXP-LEAD, 2023-07-20T11:16:05.290, ubuntu22-d, mtd-zk-2, END
EXP-LOAD, 2023-07-20T11:16:06.376, ubuntu22-d, mtd-zk-2, 0.309028
EXP-LOAD, 2023-07-20T11:16:14.896, ubuntu22-d, mtd-zk-2, 0.309028
EXP-LEAD, 2023-07-20T11:16:16.928, ubuntu22-d, mtd-zk-2, START
EXP-LEAD, 2023-07-20T11:16:21.374, ubuntu22-d, mtd-zk-2, END
EXP-LOAD, 2023-07-20T11:16:22.426, ubuntu22-d, mtd-zk-2, 0.140649
EXP-LOAD, 2023-07-20T11:16:31.076, ubuntu22-d, mtd-zk-2, 0.140649
EXP-LOAD, 2023-07-20T11:16:42.208, ubuntu22-d, mtd-zk-2, 0.234290
EXP-LOAD, 2023-07-20T11:16:48.300, ubuntu22-d, mtd-zk-2, 0.234290
EXP-LEAD, 2023-07-20T11:16:49.838, ubuntu22-d, mtd-zk-2, START
EXP-LEAD, 2023-07-20T11:16:55.290, ubuntu22-d, mtd-zk-2, END
EXP-LOAD, 2023-07-20T11:16:56.329, ubuntu22-d, mtd-zk-2, 0.211523
EXP-LEAD, 2023-07-20T11:16:57.930, ubuntu22-d, mtd-zk-2, START
EXP-LEAD, 2023-07-20T11:17:03.375, ubuntu22-d, mtd-zk-2, END
EXP-LOAD, 2023-07-20T11:17:04.435, ubuntu22-d, mtd-zk-2, 0.206032
EXP-LOAD, 2023-07-20T11:17:11.092, ubuntu22-d, mtd-zk-2, 0.206032
EXP-LOAD, 2023-07-20T11:17:18.172, ubuntu22-d, mtd-zk-2, 0.206032
EXP-LOAD, 2023-07-20T11:17:27.296, ubuntu22-d, mtd-zk-2, 0.245443
EXP-LEAD, 2023-07-20T11:17:28.327, ubuntu22-d, mtd-zk-2, START
EXP-LEAD, 2023-07-20T11:17:37.926, ubuntu22-d, mtd-zk-2, END
EXP-LOAD, 2023-07-20T11:17:38.973, ubuntu22-d, mtd-zk-2, 0.191433
EXP-LEAD, 2023-07-20T11:17:40.455, ubuntu22-d, mtd-zk-2, START
EXP-LEAD, 2023-07-20T11:17:44.883, ubuntu22-d, mtd-zk-2, END
EXP-LOAD, 2023-07-20T11:17:45.963, ubuntu22-d, mtd-zk-2, 0.191433
EXP-LOAD, 2023-07-20T11:17:55.645, ubuntu22-d, mtd-zk-2, 0.195638
EXP-LEAD, 2023-07-20T11:17:57.464, ubuntu22-d, mtd-zk-2, START
EXP-LEAD, 2023-07-20T11:18:01.942, ubuntu22-d, mtd-zk-2, END
EXP-LOAD, 2023-07-20T11:18:02.991, ubuntu22-d, mtd-zk-2, 0.195638
EXP-LOAD, 2023-07-20T11:18:11.677, ubuntu22-d, mtd-zk-2, 0.173668
EXP-LEAD, 2023-07-20T11:18:11.730, ubuntu22-d, mtd-zk-2, START
EXP-LEAD, 2023-07-20T11:18:17.386, ubuntu22-d, mtd-zk-2, END
EXP-LOAD, 2023-07-20T11:18:18.421, ubuntu22-d, mtd-zk-2, 0.173668
EXP-LEAD, 2023-07-20T11:18:19.485, ubuntu22-d, mtd-zk-2, START
EXP-LEAD, 2023-07-20T11:18:25.036, ubuntu22-d, mtd-zk-2, END
EXP-LOAD, 2023-07-20T11:18:26.088, ubuntu22-d, mtd-zk-2, 0.226561
EXP-LOAD, 2023-07-20T11:18:32.676, ubuntu22-d, mtd-zk-2, 0.226561
EXP-LOAD, 2023-07-20T11:18:41.768, ubuntu22-d, mtd-zk-2, 0.187652
EXP-LEAD, 2023-07-20T11:18:42.810, ubuntu22-d, mtd-zk-2, START
EXP-LEAD, 2023-07-20T11:18:47.254, ubuntu22-d, mtd-zk-2, END
EXP-LOAD, 2023-07-20T11:18:48.313, ubuntu22-d, mtd-zk-2, 0.187652
EXP-LOAD, 2023-07-20T11:18:56.966, ubuntu22-d, mtd-zk-2, 0.261059
EXP-LOAD, 2023-07-20T11:19:04.093, ubuntu22-d, mtd-zk-2, 0.160822
EXP-LEAD, 2023-07-20T11:19:05.930, ubuntu22-d, mtd-zk-2, START
EXP-LEAD, 2023-07-20T11:19:11.445, ubuntu22-d, mtd-zk-2, END
EXP-LOAD, 2023-07-20T11:19:12.488, ubuntu22-d, mtd-zk-2, 0.160822
EXP-LEAD, 2023-07-20T11:19:13.015, ubuntu22-d, mtd-zk-2, START
EXP-LEAD, 2023-07-20T11:19:17.631, ubuntu22-d, mtd-zk-2, END
EXP-LOAD, 2023-07-20T11:19:18.704, ubuntu22-d, mtd-zk-2, 0.160822
EXP-LEAD, 2023-07-20T11:19:20.153, ubuntu22-d, mtd-zk-2, START
EXP-LEAD, 2023-07-20T11:19:25.725, ubuntu22-d, mtd-zk-2, END
EXP-LOAD, 2023-07-20T11:19:26.820, ubuntu22-d, mtd-zk-2, 0.259248
EXP-LOAD, 2023-07-20T11:19:36.340, ubuntu22-d, mtd-zk-2, 0.265655
EXP-LOAD, 2023-07-20T11:19:44.048, ubuntu22-d, mtd-zk-2, 0.265655
EXP-LEAD, 2023-07-20T11:19:45.035, ubuntu22-d, mtd-zk-2, START
EXP-LEAD, 2023-07-20T11:19:49.533, ubuntu22-d, mtd-zk-2, END
EXP-LOAD, 2023-07-20T11:19:50.586, ubuntu22-d, mtd-zk-2, 0.212324
EXP-LEAD, 2023-07-20T11:19:51.237, ubuntu22-d, mtd-zk-2, START
EXP-LEAD, 2023-07-20T11:19:59.846, ubuntu22-d, mtd-zk-2, END
EXP-LOAD, 2023-07-20T11:20:00.909, ubuntu22-d, mtd-zk-2, 0.212324
EXP-LOAD, 2023-07-20T11:20:08.402, ubuntu22-d, mtd-zk-2, 0.137421
EXP-LOAD, 2023-07-20T11:20:19.533, ubuntu22-d, mtd-zk-2, 0.161739
EXP-LEAD, 2023-07-20T11:20:21.272, ubuntu22-d, mtd-zk-2, START
EXP-LEAD, 2023-07-20T11:20:26.892, ubuntu22-d, mtd-zk-2, END
EXP-LOAD, 2023-07-20T11:20:27.972, ubuntu22-d, mtd-zk-2, 0.161739
EXP-LOAD, 2023-07-20T11:20:33.523, ubuntu22-d, mtd-zk-2, 0.161739
EXP-LOAD, 2023-07-20T11:20:47.128, ubuntu22-d, mtd-zk-2, 0.197042
EXP-LOAD, 2023-07-20T11:20:55.239, ubuntu22-d, mtd-zk-2, 0.195254
EXP-LOAD, 2023-07-20T11:21:02.417, ubuntu22-d, mtd-zk-2, 0.195254
EXP-LOAD, 2023-07-20T11:21:10.855, ubuntu22-d, mtd-zk-2, 0.150371
EXP-LEAD, 2023-07-20T11:21:13.890, ubuntu22-d, mtd-zk-2, START
EXP-LEAD, 2023-07-20T11:21:20.356, ubuntu22-d, mtd-zk-2, END
EXP-LOAD, 2023-07-20T11:21:21.410, ubuntu22-d, mtd-zk-2, 0.150255
EXP-LOAD, 2023-07-20T11:21:29.036, ubuntu22-d, mtd-zk-2, 0.150255
EXP-LEAD, 2023-07-20T11:21:29.084, ubuntu22-d, mtd-zk-2, START
EXP-LEAD, 2023-07-20T11:21:34.529, ubuntu22-d, mtd-zk-2, END
EXP-LOAD, 2023-07-20T11:21:35.588, ubuntu22-d, mtd-zk-2, 0.224025
EXP-LOAD, 2023-07-20T11:21:44.297, ubuntu22-d, mtd-zk-2, 0.224025
EXP-LOAD, 2023-07-20T11:21:53.375, ubuntu22-d, mtd-zk-2, 0.200256
EXP-LEAD, 2023-07-20T11:21:54.943, ubuntu22-d, mtd-zk-2, START
EXP-LEAD, 2023-07-20T11:22:05.499, ubuntu22-d, mtd-zk-2, END
EXP-LOAD, 2023-07-20T11:22:06.606, ubuntu22-d, mtd-zk-2, 0.187868
EXP-LEAD, 2023-07-20T11:22:08.138, ubuntu22-d, mtd-zk-2, START
EXP-LEAD, 2023-07-20T11:22:13.579, ubuntu22-d, mtd-zk-2, END
EXP-LOAD, 2023-07-20T11:22:14.617, ubuntu22-d, mtd-zk-2, 0.187868
EXP-LOAD, 2023-07-20T11:22:24.307, ubuntu22-d, mtd-zk-2, 0.158426
EXP-LEAD, 2023-07-20T11:22:26.347, ubuntu22-d, mtd-zk-2, START
EXP-LEAD, 2023-07-20T11:22:31.784, ubuntu22-d, mtd-zk-2, END
EXP-LOAD, 2023-07-20T11:22:32.829, ubuntu22-d, mtd-zk-2, 0.158426
EXP-LEAD, 2023-07-20T11:22:35.472, ubuntu22-d, mtd-zk-2, START
EXP-LEAD, 2023-07-20T11:22:45.220, ubuntu22-d, mtd-zk-2, END
EXP-LOAD, 2023-07-20T11:22:46.264, ubuntu22-d, mtd-zk-2, 0.142021
EXP-LOAD, 2023-07-20T11:22:55.618, ubuntu22-d, mtd-zk-2, 0.127837
EXP-LOAD, 2023-07-20T11:23:03.724, ubuntu22-d, mtd-zk-2, 0.127837
EXP-LOAD, 2023-07-20T11:23:13.848, ubuntu22-d, mtd-zk-2, 0.160025
EXP-LEAD, 2023-07-20T11:23:14.891, ubuntu22-d, mtd-zk-2, START
EXP-LEAD, 2023-07-20T11:23:19.466, ubuntu22-d, mtd-zk-2, END
EXP-LOAD, 2023-07-20T11:23:20.498, ubuntu22-d, mtd-zk-2, 0.169027
EXP-LOAD, 2023-07-20T11:23:30.074, ubuntu22-d, mtd-zk-2, 0.169027
EXP-LOAD, 2023-07-20T11:23:36.149, ubuntu22-d, mtd-zk-2, 0.125433
EXP-LOAD, 2023-07-20T11:23:45.863, ubuntu22-d, mtd-zk-2, 0.125433
EXP-LOAD, 2023-07-20T11:23:52.950, ubuntu22-d, mtd-zk-2, 0.201328
EXP-LOAD, 2023-07-20T11:24:00.053, ubuntu22-d, mtd-zk-2, 0.201328
EXP-LEAD, 2023-07-20T11:24:01.087, ubuntu22-d, mtd-zk-2, START
EXP-LEAD, 2023-07-20T11:24:10.679, ubuntu22-d, mtd-zk-2, END
EXP-LOAD, 2023-07-20T11:24:11.725, ubuntu22-d, mtd-zk-2, 0.266676
EXP-LOAD, 2023-07-20T11:24:20.274, ubuntu22-d, mtd-zk-2, 0.152644
EXP-LOAD, 2023-07-20T11:24:26.391, ubuntu22-d, mtd-zk-2, 0.152644
EXP-LOAD, 2023-07-20T11:24:37.529, ubuntu22-d, mtd-zk-2, 0.163299
EXP-LOAD, 2023-07-20T11:24:45.642, ubuntu22-d, mtd-zk-2, 0.163299
EXP-LEAD, 2023-07-20T11:24:46.663, ubuntu22-d, mtd-zk-2, START
EXP-LEAD, 2023-07-20T11:24:52.204, ubuntu22-d, mtd-zk-2, END
EXP-LOAD, 2023-07-20T11:24:53.269, ubuntu22-d, mtd-zk-2, 0.153852
EXP-LOAD, 2023-07-20T11:25:04.397, ubuntu22-d, mtd-zk-2, 0.202473
EXP-LOAD, 2023-07-20T11:25:11.241, ubuntu22-d, mtd-zk-2, 0.202473
EXP-LEAD, 2023-07-20T11:25:12.926, ubuntu22-d, mtd-zk-2, START
EXP-LEAD, 2023-07-20T11:25:18.466, ubuntu22-d, mtd-zk-2, END
EXP-LOAD, 2023-07-20T11:25:19.513, ubuntu22-d, mtd-zk-2, 0.191917
EXP-LOAD, 2023-07-20T11:25:28.138, ubuntu22-d, mtd-zk-2, 0.191917
EXP-LOAD, 2023-07-20T11:25:37.236, ubuntu22-d, mtd-zk-2, 0.201356
EXP-LEAD, 2023-07-20T11:25:39.297, ubuntu22-d, mtd-zk-2, START
EXP-LEAD, 2023-07-20T11:25:44.766, ubuntu22-d, mtd-zk-2, END
EXP-LOAD, 2023-07-20T11:25:45.805, ubuntu22-d, mtd-zk-2, 0.201356
EXP-LOAD, 2023-07-20T11:25:53.662, ubuntu22-d, mtd-zk-2, 0.176276
EXP-LOAD, 2023-07-20T11:26:00.760, ubuntu22-d, mtd-zk-2, 0.176276
EXP-LOAD, 2023-07-20T11:26:10.846, ubuntu22-d, mtd-zk-2, 0.176431
EXP-LEAD, 2023-07-20T11:26:12.534, ubuntu22-d, mtd-zk-2, START
EXP-LEAD, 2023-07-20T11:26:18.064, ubuntu22-d, mtd-zk-2, END
EXP-LOAD, 2023-07-20T11:26:19.118, ubuntu22-d, mtd-zk-2, 0.191056
EXP-LOAD, 2023-07-20T11:26:28.684, ubuntu22-d, mtd-zk-2, 0.191056
EXP-LOAD, 2023-07-20T11:26:36.848, ubuntu22-d, mtd-zk-2, 0.125157
EXP-LEAD, 2023-07-20T11:26:38.001, ubuntu22-d, mtd-zk-2, START
EXP-LEAD, 2023-07-20T11:26:44.477, ubuntu22-d, mtd-zk-2, END
EXP-LOAD, 2023-07-20T11:26:45.544, ubuntu22-d, mtd-zk-2, 0.125157
EXP-LEAD, 2023-07-20T11:26:46.579, ubuntu22-d, mtd-zk-2, START
EXP-LEAD, 2023-07-20T11:26:54.418, ubuntu22-d, mtd-zk-2, END
EXP-LOAD, 2023-07-20T11:26:55.462, ubuntu22-d, mtd-zk-2, 0.114233
EXP-LEAD, 2023-07-20T11:26:56.702, ubuntu22-d, mtd-zk-2, START
EXP-LEAD, 2023-07-20T11:27:02.234, ubuntu22-d, mtd-zk-2, END
EXP-LOAD, 2023-07-20T11:27:03.337, ubuntu22-d, mtd-zk-2, 0.114233
EXP-LEAD, 2023-07-20T11:27:04.821, ubuntu22-d, mtd-zk-2, START
EXP-LEAD, 2023-07-20T11:27:13.445, ubuntu22-d, mtd-zk-2, END
EXP-LOAD, 2023-07-20T11:27:14.535, ubuntu22-d, mtd-zk-2, 0.194145
EXP-LEAD, 2023-07-20T11:27:15.931, ubuntu22-d, mtd-zk-2, START
EXP-LEAD, 2023-07-20T11:27:20.479, ubuntu22-d, mtd-zk-2, END
EXP-LOAD, 2023-07-20T11:27:21.546, ubuntu22-d, mtd-zk-2, 0.131849
EXP-LOAD, 2023-07-20T11:27:32.077, ubuntu22-d, mtd-zk-2, 0.131849
EXP-LEAD, 2023-07-20T11:27:33.687, ubuntu22-d, mtd-zk-2, START
EXP-LEAD, 2023-07-20T11:27:39.186, ubuntu22-d, mtd-zk-2, END
EXP-LOAD, 2023-07-20T11:27:40.235, ubuntu22-d, mtd-zk-2, 0.160132
EXP-LEAD, 2023-07-20T11:27:42.839, ubuntu22-d, mtd-zk-2, START
EXP-LEAD, 2023-07-20T11:27:50.374, ubuntu22-d, mtd-zk-2, END
EXP-LOAD, 2023-07-20T11:27:51.436, ubuntu22-d, mtd-zk-2, 0.173656
EXP-LEAD, 2023-07-20T11:27:51.477, ubuntu22-d, mtd-zk-2, START
EXP-LEAD, 2023-07-20T11:27:57.142, ubuntu22-d, mtd-zk-2, END
EXP-LOAD, 2023-07-20T11:27:58.182, ubuntu22-d, mtd-zk-2, 0.173656
EXP-LEAD, 2023-07-20T11:27:59.585, ubuntu22-d, mtd-zk-2, START
EXP-LEAD, 2023-07-20T11:28:14.246, ubuntu22-d, mtd-zk-2, END
EXP-LOAD, 2023-07-20T11:28:15.328, ubuntu22-d, mtd-zk-2, 0.174524
EXP-LOAD, 2023-07-20T11:28:23.808, ubuntu22-d, mtd-zk-2, 0.072040
EXP-LEAD, 2023-07-20T11:28:23.863, ubuntu22-d, mtd-zk-2, START
EXP-LEAD, 2023-07-20T11:28:33.810, ubuntu22-d, mtd-zk-2, END
EXP-LOAD, 2023-07-20T11:28:34.877, ubuntu22-d, mtd-zk-2, 0.145524
EXP-LOAD, 2023-07-20T11:28:42.079, ubuntu22-d, mtd-zk-2, 0.145524
EXP-LOAD, 2023-07-20T11:28:50.338, ubuntu22-d, mtd-zk-2, 0.101020
EXP-LOAD, 2023-07-20T11:29:01.971, ubuntu22-d, mtd-zk-2, 0.101020
EXP-LOAD, 2023-07-20T11:29:09.051, ubuntu22-d, mtd-zk-2, 0.153529
EXP-LOAD, 2023-07-20T11:29:18.196, ubuntu22-d, mtd-zk-2, 0.153529
EXP-LOAD, 2023-07-20T11:29:29.310, ubuntu22-d, mtd-zk-2, 0.150220
EXP-LOAD, 2023-07-20T11:29:36.424, ubuntu22-d, mtd-zk-2, 0.162546
EXP-LOAD, 2023-07-20T11:29:48.553, ubuntu22-d, mtd-zk-2, 0.162546
EXP-LEAD, 2023-07-20T11:29:49.578, ubuntu22-d, mtd-zk-2, START
EXP-LEAD, 2023-07-20T11:29:54.177, ubuntu22-d, mtd-zk-2, END
EXP-LOAD, 2023-07-20T11:29:55.232, ubuntu22-d, mtd-zk-2, 0.176247
EXP-LEAD, 2023-07-20T11:29:56.293, ubuntu22-d, mtd-zk-2, START
EXP-LEAD, 2023-07-20T11:30:02.162, ubuntu22-d, mtd-zk-2, END
EXP-LOAD, 2023-07-20T11:30:03.226, ubuntu22-d, mtd-zk-2, 0.176247
EXP-LOAD, 2023-07-20T11:30:11.537, ubuntu22-d, mtd-zk-2, 0.221638
EXP-LOAD, 2023-07-20T11:30:25.648, ubuntu22-d, mtd-zk-2, 0.223654
EXP-LOAD, 2023-07-20T11:30:33.763, ubuntu22-d, mtd-zk-2, 0.223654
EXP-LEAD, 2023-07-20T11:30:34.795, ubuntu22-d, mtd-zk-2, START
EXP-LEAD, 2023-07-20T11:30:40.253, ubuntu22-d, mtd-zk-2, END
EXP-LOAD, 2023-07-20T11:30:41.315, ubuntu22-d, mtd-zk-2, 0.120831
EXP-LOAD, 2023-07-20T11:30:50.953, ubuntu22-d, mtd-zk-2, 0.198032
EXP-LOAD, 2023-07-20T11:30:59.039, ubuntu22-d, mtd-zk-2, 0.198032
EXP-LOAD, 2023-07-20T11:31:08.147, ubuntu22-d, mtd-zk-2, 0.173738
EXP-LOAD, 2023-07-20T11:31:15.267, ubuntu22-d, mtd-zk-2, 0.173738
EXP-LOAD, 2023-07-20T11:31:22.367, ubuntu22-d, mtd-zk-2, 0.095843
EXP-LOAD, 2023-07-20T11:31:30.479, ubuntu22-d, mtd-zk-2, 0.095843
EXP-LOAD, 2023-07-20T11:31:39.575, ubuntu22-d, mtd-zk-2, 0.211873
EXP-LOAD, 2023-07-20T11:31:48.678, ubuntu22-d, mtd-zk-2, 0.211873
EXP-LOAD, 2023-07-20T11:32:00.801, ubuntu22-d, mtd-zk-2, 0.157025
EXP-LOAD, 2023-07-20T11:32:09.894, ubuntu22-d, mtd-zk-2, 0.191551
EXP-LOAD, 2023-07-20T11:32:21.112, ubuntu22-d, mtd-zk-2, 0.089262
EXP-LEAD, 2023-07-20T11:32:22.141, ubuntu22-d, mtd-zk-2, START
EXP-LEAD, 2023-07-20T11:32:27.625, ubuntu22-d, mtd-zk-2, END
EXP-LOAD, 2023-07-20T11:32:28.677, ubuntu22-d, mtd-zk-2, 0.089262
EXP-LOAD, 2023-07-20T11:32:36.395, ubuntu22-d, mtd-zk-2, 0.129625
EXP-LEAD, 2023-07-20T11:32:36.435, ubuntu22-d, mtd-zk-2, START
EXP-LEAD, 2023-07-20T11:32:45.153, ubuntu22-d, mtd-zk-2, END
EXP-LOAD, 2023-07-20T11:32:46.201, ubuntu22-d, mtd-zk-2, 0.129625
EXP-LOAD, 2023-07-20T11:32:53.638, ubuntu22-d, mtd-zk-2, 0.175052
EXP-LOAD, 2023-07-20T11:33:01.731, ubuntu22-d, mtd-zk-2, 0.175052
EXP-LOAD, 2023-07-20T11:33:11.858, ubuntu22-d, mtd-zk-2, 0.215741
EXP-LEAD, 2023-07-20T11:33:13.491, ubuntu22-d, mtd-zk-2, START
EXP-LEAD, 2023-07-20T11:33:18.889, ubuntu22-d, mtd-zk-2, END
EXP-LOAD, 2023-07-20T11:33:19.922, ubuntu22-d, mtd-zk-2, 0.095020
EXP-LEAD, 2023-07-20T11:33:21.587, ubuntu22-d, mtd-zk-2, START
EXP-LEAD, 2023-07-20T11:33:29.188, ubuntu22-d, mtd-zk-2, END
EXP-LOAD, 2023-07-20T11:33:30.239, ubuntu22-d, mtd-zk-2, 0.095020
EXP-LOAD, 2023-07-20T11:33:37.739, ubuntu22-d, mtd-zk-2, 0.162124
EXP-LOAD, 2023-07-20T11:33:45.877, ubuntu22-d, mtd-zk-2, 0.162124
EXP-LEAD, 2023-07-20T11:33:46.925, ubuntu22-d, mtd-zk-2, START
EXP-LEAD, 2023-07-20T11:33:54.473, ubuntu22-d, mtd-zk-2, END
EXP-LOAD, 2023-07-20T11:33:55.525, ubuntu22-d, mtd-zk-2, 0.180642
EXP-LOAD, 2023-07-20T11:34:02.113, ubuntu22-d, mtd-zk-2, 0.180642
EXP-LOAD, 2023-07-20T11:34:08.895, ubuntu22-d, mtd-zk-2, 0.152624
EXP-LEAD, 2023-07-20T11:34:10.594, ubuntu22-d, mtd-zk-2, START
EXP-LEAD, 2023-07-20T11:34:19.111, ubuntu22-d, mtd-zk-2, END
EXP-LOAD, 2023-07-20T11:34:20.186, ubuntu22-d, mtd-zk-2, 0.255235
EXP-LOAD, 2023-07-20T11:34:27.758, ubuntu22-d, mtd-zk-2, 0.255235
EXP-LOAD, 2023-07-20T11:34:37.846, ubuntu22-d, mtd-zk-2, 0.128268
EXP-LEAD, 2023-07-20T11:34:39.875, ubuntu22-d, mtd-zk-2, START
EXP-LEAD, 2023-07-20T11:34:46.403, ubuntu22-d, mtd-zk-2, END
EXP-LOAD, 2023-07-20T11:34:47.441, ubuntu22-d, mtd-zk-2, 0.128268
EXP-LOAD, 2023-07-20T11:34:54.055, ubuntu22-d, mtd-zk-2, 0.094208
EXP-LOAD, 2023-07-20T11:35:01.177, ubuntu22-d, mtd-zk-2, 0.094208
EXP-LEAD, 2023-07-20T11:35:03.180, ubuntu22-d, mtd-zk-2, START
EXP-LEAD, 2023-07-20T11:35:12.094, ubuntu22-d, mtd-zk-2, END
EXP-LOAD, 2023-07-20T11:35:13.147, ubuntu22-d, mtd-zk-2, 0.203250
EXP-LEAD, 2023-07-20T11:35:14.288, ubuntu22-d, mtd-zk-2, START
EXP-LEAD, 2023-07-20T11:35:22.127, ubuntu22-d, mtd-zk-2, END
EXP-LOAD, 2023-07-20T11:35:23.173, ubuntu22-d, mtd-zk-2, 0.122625
EXP-LOAD, 2023-07-20T11:35:33.455, ubuntu22-d, mtd-zk-2, 0.122625
EXP-LOAD, 2023-07-20T11:35:41.127, ubuntu22-d, mtd-zk-2, 0.148131
EXP-LEAD, 2023-07-20T11:35:42.145, ubuntu22-d, mtd-zk-2, START
EXP-LEAD, 2023-07-20T11:35:51.680, ubuntu22-d, mtd-zk-2, END
EXP-LOAD, 2023-07-20T11:35:52.735, ubuntu22-d, mtd-zk-2, 0.252028
EXP-LOAD, 2023-07-20T11:36:01.374, ubuntu22-d, mtd-zk-2, 0.252028
EXP-LEAD, 2023-07-20T11:36:01.405, ubuntu22-d, mtd-zk-2, START
EXP-LEAD, 2023-07-20T11:36:05.865, ubuntu22-d, mtd-zk-2, END
EXP-LOAD, 2023-07-20T11:36:06.963, ubuntu22-d, mtd-zk-2, 0.167022
EXP-LEAD, 2023-07-20T11:36:08.529, ubuntu22-d, mtd-zk-2, START
EXP-LEAD, 2023-07-20T11:36:17.026, ubuntu22-d, mtd-zk-2, END
EXP-LOAD, 2023-07-20T11:36:18.096, ubuntu22-d, mtd-zk-2, 0.167022
EXP-LOAD, 2023-07-20T11:36:23.180, ubuntu22-d, mtd-zk-2, 0.187627
EXP-LOAD, 2023-07-20T11:36:35.265, ubuntu22-d, mtd-zk-2, 0.189028
EXP-LEAD, 2023-07-20T11:36:36.303, ubuntu22-d, mtd-zk-2, START
EXP-LEAD, 2023-07-20T11:36:41.729, ubuntu22-d, mtd-zk-2, END
EXP-LOAD, 2023-07-20T11:36:42.774, ubuntu22-d, mtd-zk-2, 0.189028
EXP-LOAD, 2023-07-20T11:36:49.881, ubuntu22-d, mtd-zk-2, 0.160616
EXP-LOAD, 2023-07-20T11:36:58.986, ubuntu22-d, mtd-zk-2, 0.160616
EXP-LOAD, 2023-07-20T11:37:09.106, ubuntu22-d, mtd-zk-2, 0.208674
EXP-LOAD, 2023-07-20T11:37:17.166, ubuntu22-d, mtd-zk-2, 0.208674
EXP-LOAD, 2023-07-20T11:37:27.300, ubuntu22-d, mtd-zk-2, 0.173221
EXP-LOAD, 2023-07-20T11:37:35.426, ubuntu22-d, mtd-zk-2, 0.223741
EXP-LEAD, 2023-07-20T11:37:37.011, ubuntu22-d, mtd-zk-2, START
