EXP-LOAD, 2023-07-21T22:06:13.315, ubuntu22-c, mtd-zk-1, 0.674214
EXP-LEAD, 2023-07-21T22:06:14.566, ubuntu22-c, mtd-zk-1, START
EXP-LEAD, 2023-07-21T22:06:21.724, ubuntu22-c, mtd-zk-1, END
EXP-LOAD, 2023-07-21T22:06:22.868, ubuntu22-c, mtd-zk-1, 0.646498
EXP-LOAD, 2023-07-21T22:06:32.013, ubuntu22-c, mtd-zk-1, 0.646498
EXP-LOAD, 2023-07-21T22:06:40.713, ubuntu22-c, mtd-zk-1, 0.770003
EXP-LOAD, 2023-07-21T22:06:49.250, ubuntu22-c, mtd-zk-1, 0.636908
EXP-LEAD, 2023-07-21T22:06:50.440, ubuntu22-c, mtd-zk-1, START
EXP-LEAD, 2023-07-21T22:06:58.915, ubuntu22-c, mtd-zk-1, END
EXP-LOAD, 2023-07-21T22:07:00.080, ubuntu22-c, mtd-zk-1, 0.636908
EXP-LOAD, 2023-07-21T22:07:08.950, ubuntu22-c, mtd-zk-1, 0.668802
EXP-LOAD, 2023-07-21T22:07:19.251, ubuntu22-c, mtd-zk-1, 0.674918
EXP-LOAD, 2023-07-21T22:07:27.408, ubuntu22-c, mtd-zk-1, 0.674918
EXP-LEAD, 2023-07-21T22:07:29.269, ubuntu22-c, mtd-zk-1, START
EXP-LEAD, 2023-07-21T22:07:35.134, ubuntu22-c, mtd-zk-1, END
EXP-LOAD, 2023-07-21T22:07:36.231, ubuntu22-c, mtd-zk-1, 0.727029
EXP-LOAD, 2023-07-21T22:07:47.613, ubuntu22-c, mtd-zk-1, 0.727029
EXP-LOAD, 2023-07-21T22:07:56.700, ubuntu22-c, mtd-zk-1, 0.666423
EXP-LOAD, 2023-07-21T22:08:04.956, ubuntu22-c, mtd-zk-1, 0.625025
EXP-LOAD, 2023-07-21T22:08:17.134, ubuntu22-c, mtd-zk-1, 0.625025
EXP-LOAD, 2023-07-21T22:08:26.236, ubuntu22-c, mtd-zk-1, 0.696117
EXP-LOAD, 2023-07-21T22:08:37.462, ubuntu22-c, mtd-zk-1, 0.653809
EXP-LEAD, 2023-07-21T22:08:38.517, ubuntu22-c, mtd-zk-1, START
EXP-LEAD, 2023-07-21T22:08:44.449, ubuntu22-c, mtd-zk-1, END
EXP-LOAD, 2023-07-21T22:08:45.513, ubuntu22-c, mtd-zk-1, 0.653809
EXP-LOAD, 2023-07-21T22:08:53.312, ubuntu22-c, mtd-zk-1, 0.685249
EXP-LEAD, 2023-07-21T22:08:55.305, ubuntu22-c, mtd-zk-1, START
EXP-LEAD, 2023-07-21T22:09:01.238, ubuntu22-c, mtd-zk-1, END
EXP-LOAD, 2023-07-21T22:09:02.317, ubuntu22-c, mtd-zk-1, 0.685249
EXP-LEAD, 2023-07-21T22:09:03.636, ubuntu22-c, mtd-zk-1, START
EXP-LEAD, 2023-07-21T22:09:09.611, ubuntu22-c, mtd-zk-1, END
EXP-LOAD, 2023-07-21T22:09:10.931, ubuntu22-c, mtd-zk-1, 0.688404
EXP-LOAD, 2023-07-21T22:09:23.810, ubuntu22-c, mtd-zk-1, 0.671253
EXP-LEAD, 2023-07-21T22:09:24.985, ubuntu22-c, mtd-zk-1, START
EXP-LEAD, 2023-07-21T22:09:30.735, ubuntu22-c, mtd-zk-1, END
EXP-LOAD, 2023-07-21T22:09:31.817, ubuntu22-c, mtd-zk-1, 0.671253
EXP-LOAD, 2023-07-21T22:09:40.131, ubuntu22-c, mtd-zk-1, 0.606405
EXP-LOAD, 2023-07-21T22:09:50.333, ubuntu22-c, mtd-zk-1, 0.630214
EXP-LOAD, 2023-07-21T22:09:57.412, ubuntu22-c, mtd-zk-1, 0.630214
EXP-LOAD, 2023-07-21T22:10:05.589, ubuntu22-c, mtd-zk-1, 0.652813
EXP-LOAD, 2023-07-21T22:10:14.740, ubuntu22-c, mtd-zk-1, 0.652813
EXP-LOAD, 2023-07-21T22:10:21.920, ubuntu22-c, mtd-zk-1, 0.727616
EXP-LOAD, 2023-07-21T22:10:32.067, ubuntu22-c, mtd-zk-1, 0.727616
EXP-LOAD, 2023-07-21T22:10:40.189, ubuntu22-c, mtd-zk-1, 0.700826
EXP-LEAD, 2023-07-21T22:10:41.222, ubuntu22-c, mtd-zk-1, START
EXP-LEAD, 2023-07-21T22:10:45.953, ubuntu22-c, mtd-zk-1, END
EXP-LOAD, 2023-07-21T22:10:47.069, ubuntu22-c, mtd-zk-1, 0.700826
EXP-LOAD, 2023-07-21T22:10:53.445, ubuntu22-c, mtd-zk-1, 0.728512
EXP-LOAD, 2023-07-21T22:11:04.589, ubuntu22-c, mtd-zk-1, 0.710614
EXP-LOAD, 2023-07-21T22:11:12.700, ubuntu22-c, mtd-zk-1, 0.710614
EXP-LOAD, 2023-07-21T22:11:23.828, ubuntu22-c, mtd-zk-1, 0.699721
EXP-LOAD, 2023-07-21T22:11:29.956, ubuntu22-c, mtd-zk-1, 0.699721
EXP-LOAD, 2023-07-21T22:11:39.119, ubuntu22-c, mtd-zk-1, 0.687831
EXP-LEAD, 2023-07-21T22:11:41.160, ubuntu22-c, mtd-zk-1, START
EXP-LEAD, 2023-07-21T22:11:48.922, ubuntu22-c, mtd-zk-1, END
EXP-LOAD, 2023-07-21T22:11:50.046, ubuntu22-c, mtd-zk-1, 0.655208
EXP-LOAD, 2023-07-21T22:11:57.396, ubuntu22-c, mtd-zk-1, 0.655208
EXP-LEAD, 2023-07-21T22:11:58.403, ubuntu22-c, mtd-zk-1, START
EXP-LEAD, 2023-07-21T22:12:07.236, ubuntu22-c, mtd-zk-1, END
EXP-LOAD, 2023-07-21T22:12:08.330, ubuntu22-c, mtd-zk-1, 0.691405
EXP-LEAD, 2023-07-21T22:12:09.379, ubuntu22-c, mtd-zk-1, START
EXP-LEAD, 2023-07-21T22:12:15.096, ubuntu22-c, mtd-zk-1, END
EXP-LOAD, 2023-07-21T22:12:16.257, ubuntu22-c, mtd-zk-1, 0.691405
EXP-LOAD, 2023-07-21T22:12:25.448, ubuntu22-c, mtd-zk-1, 0.677061
EXP-LOAD, 2023-07-21T22:12:33.204, ubuntu22-c, mtd-zk-1, 0.677061
EXP-LEAD, 2023-07-21T22:12:35.338, ubuntu22-c, mtd-zk-1, START
EXP-LEAD, 2023-07-21T22:12:44.103, ubuntu22-c, mtd-zk-1, END
EXP-LOAD, 2023-07-21T22:12:45.229, ubuntu22-c, mtd-zk-1, 0.661616
EXP-LEAD, 2023-07-21T22:12:46.384, ubuntu22-c, mtd-zk-1, START
EXP-LEAD, 2023-07-21T22:12:52.052, ubuntu22-c, mtd-zk-1, END
EXP-LOAD, 2023-07-21T22:12:53.131, ubuntu22-c, mtd-zk-1, 0.720814
EXP-LOAD, 2023-07-21T22:13:00.282, ubuntu22-c, mtd-zk-1, 0.720814
EXP-LOAD, 2023-07-21T22:13:12.422, ubuntu22-c, mtd-zk-1, 0.669807
EXP-LEAD, 2023-07-21T22:13:13.461, ubuntu22-c, mtd-zk-1, START
EXP-LEAD, 2023-07-21T22:13:19.183, ubuntu22-c, mtd-zk-1, END
EXP-LOAD, 2023-07-21T22:13:20.329, ubuntu22-c, mtd-zk-1, 0.701408
EXP-LEAD, 2023-07-21T22:13:21.615, ubuntu22-c, mtd-zk-1, START
EXP-LEAD, 2023-07-21T22:13:27.250, ubuntu22-c, mtd-zk-1, END
EXP-LOAD, 2023-07-21T22:13:28.316, ubuntu22-c, mtd-zk-1, 0.701408
EXP-LOAD, 2023-07-21T22:13:34.794, ubuntu22-c, mtd-zk-1, 0.723425
EXP-LOAD, 2023-07-21T22:13:42.939, ubuntu22-c, mtd-zk-1, 0.723425
EXP-LOAD, 2023-07-21T22:13:49.767, ubuntu22-c, mtd-zk-1, 0.705902
EXP-LEAD, 2023-07-21T22:13:50.454, ubuntu22-c, mtd-zk-1, START
EXP-LEAD, 2023-07-21T22:13:56.273, ubuntu22-c, mtd-zk-1, END
EXP-LOAD, 2023-07-21T22:13:57.385, ubuntu22-c, mtd-zk-1, 0.705902
EXP-LOAD, 2023-07-21T22:14:06.673, ubuntu22-c, mtd-zk-1, 0.716007
EXP-LOAD, 2023-07-21T22:14:13.785, ubuntu22-c, mtd-zk-1, 0.716007
EXP-LEAD, 2023-07-21T22:14:15.840, ubuntu22-c, mtd-zk-1, START
EXP-LEAD, 2023-07-21T22:14:24.871, ubuntu22-c, mtd-zk-1, END
EXP-LOAD, 2023-07-21T22:14:26.087, ubuntu22-c, mtd-zk-1, 0.688515
EXP-LOAD, 2023-07-21T22:14:34.074, ubuntu22-c, mtd-zk-1, 0.726207
EXP-LOAD, 2023-07-21T22:14:46.238, ubuntu22-c, mtd-zk-1, 0.726207
EXP-LOAD, 2023-07-21T22:14:54.370, ubuntu22-c, mtd-zk-1, 0.612910
EXP-LEAD, 2023-07-21T22:14:55.416, ubuntu22-c, mtd-zk-1, START
EXP-LEAD, 2023-07-21T22:15:01.430, ubuntu22-c, mtd-zk-1, END
EXP-LOAD, 2023-07-21T22:15:02.498, ubuntu22-c, mtd-zk-1, 0.612910
EXP-LOAD, 2023-07-21T22:15:13.699, ubuntu22-c, mtd-zk-1, 0.670607
EXP-LEAD, 2023-07-21T22:15:13.837, ubuntu22-c, mtd-zk-1, START
EXP-LEAD, 2023-07-21T22:15:19.517, ubuntu22-c, mtd-zk-1, END
EXP-LOAD, 2023-07-21T22:15:20.623, ubuntu22-c, mtd-zk-1, 0.554929
EXP-LOAD, 2023-07-21T22:15:27.958, ubuntu22-c, mtd-zk-1, 0.554929
EXP-LOAD, 2023-07-21T22:15:37.037, ubuntu22-c, mtd-zk-1, 0.712910
EXP-LOAD, 2023-07-21T22:15:47.210, ubuntu22-c, mtd-zk-1, 0.712910
EXP-LEAD, 2023-07-21T22:15:48.267, ubuntu22-c, mtd-zk-1, START
EXP-LEAD, 2023-07-21T22:15:53.788, ubuntu22-c, mtd-zk-1, END
EXP-LOAD, 2023-07-21T22:15:54.899, ubuntu22-c, mtd-zk-1, 0.644413
EXP-LOAD, 2023-07-21T22:16:03.507, ubuntu22-c, mtd-zk-1, 0.644413
EXP-LEAD, 2023-07-21T22:16:03.618, ubuntu22-c, mtd-zk-1, START
EXP-LEAD, 2023-07-21T22:16:12.355, ubuntu22-c, mtd-zk-1, END
EXP-LOAD, 2023-07-21T22:16:13.432, ubuntu22-c, mtd-zk-1, 0.634050
EXP-LOAD, 2023-07-21T22:16:20.850, ubuntu22-c, mtd-zk-1, 0.654834
EXP-LEAD, 2023-07-21T22:16:22.932, ubuntu22-c, mtd-zk-1, START
EXP-LEAD, 2023-07-21T22:16:27.604, ubuntu22-c, mtd-zk-1, END
EXP-LOAD, 2023-07-21T22:16:28.681, ubuntu22-c, mtd-zk-1, 0.654834
EXP-LOAD, 2023-07-21T22:16:36.340, ubuntu22-c, mtd-zk-1, 0.750919
EXP-LOAD, 2023-07-21T22:16:47.313, ubuntu22-c, mtd-zk-1, 0.750919
EXP-LEAD, 2023-07-21T22:16:49.364, ubuntu22-c, mtd-zk-1, START
EXP-LEAD, 2023-07-21T22:16:54.910, ubuntu22-c, mtd-zk-1, END
EXP-LOAD, 2023-07-21T22:16:56.013, ubuntu22-c, mtd-zk-1, 0.706803
EXP-LEAD, 2023-07-21T22:16:57.523, ubuntu22-c, mtd-zk-1, START
EXP-LEAD, 2023-07-21T22:17:03.203, ubuntu22-c, mtd-zk-1, END
EXP-LOAD, 2023-07-21T22:17:04.278, ubuntu22-c, mtd-zk-1, 0.661505
EXP-LOAD, 2023-07-21T22:17:12.759, ubuntu22-c, mtd-zk-1, 0.661505
EXP-LOAD, 2023-07-21T22:17:23.929, ubuntu22-c, mtd-zk-1, 0.662807
EXP-LEAD, 2023-07-21T22:17:24.988, ubuntu22-c, mtd-zk-1, START
EXP-LEAD, 2023-07-21T22:17:32.841, ubuntu22-c, mtd-zk-1, END
EXP-LOAD, 2023-07-21T22:17:33.956, ubuntu22-c, mtd-zk-1, 0.662807
EXP-LOAD, 2023-07-21T22:17:44.726, ubuntu22-c, mtd-zk-1, 0.620405
EXP-LOAD, 2023-07-21T22:17:53.395, ubuntu22-c, mtd-zk-1, 0.597820
EXP-LEAD, 2023-07-21T22:17:54.447, ubuntu22-c, mtd-zk-1, START
EXP-LEAD, 2023-07-21T22:18:02.055, ubuntu22-c, mtd-zk-1, END
EXP-LOAD, 2023-07-21T22:18:03.107, ubuntu22-c, mtd-zk-1, 0.597820
EXP-LOAD, 2023-07-21T22:18:09.621, ubuntu22-c, mtd-zk-1, 0.645826
EXP-LOAD, 2023-07-21T22:18:17.755, ubuntu22-c, mtd-zk-1, 0.645826
EXP-LOAD, 2023-07-21T22:18:27.869, ubuntu22-c, mtd-zk-1, 0.734822
EXP-LOAD, 2023-07-21T22:18:35.056, ubuntu22-c, mtd-zk-1, 0.685308
EXP-LOAD, 2023-07-21T22:18:47.147, ubuntu22-c, mtd-zk-1, 0.685308
EXP-LEAD, 2023-07-21T22:18:50.230, ubuntu22-c, mtd-zk-1, START
EXP-LEAD, 2023-07-21T22:18:55.812, ubuntu22-c, mtd-zk-1, END
EXP-LOAD, 2023-07-21T22:18:56.897, ubuntu22-c, mtd-zk-1, 0.656611
EXP-LEAD, 2023-07-21T22:18:58.405, ubuntu22-c, mtd-zk-1, START
EXP-LEAD, 2023-07-21T22:19:06.134, ubuntu22-c, mtd-zk-1, END
EXP-LOAD, 2023-07-21T22:19:07.200, ubuntu22-c, mtd-zk-1, 0.642703
EXP-LEAD, 2023-07-21T22:19:08.534, ubuntu22-c, mtd-zk-1, START
EXP-LEAD, 2023-07-21T22:19:13.130, ubuntu22-c, mtd-zk-1, END
EXP-LOAD, 2023-07-21T22:19:14.203, ubuntu22-c, mtd-zk-1, 0.642703
EXP-LOAD, 2023-07-21T22:19:25.739, ubuntu22-c, mtd-zk-1, 0.662011
EXP-LOAD, 2023-07-21T22:19:32.879, ubuntu22-c, mtd-zk-1, 0.662011
EXP-LOAD, 2023-07-21T22:19:41.060, ubuntu22-c, mtd-zk-1, 0.680616
EXP-LOAD, 2023-07-21T22:19:49.116, ubuntu22-c, mtd-zk-1, 0.652007
EXP-LEAD, 2023-07-21T22:19:51.154, ubuntu22-c, mtd-zk-1, START
EXP-LEAD, 2023-07-21T22:19:56.813, ubuntu22-c, mtd-zk-1, END
EXP-LOAD, 2023-07-21T22:19:57.871, ubuntu22-c, mtd-zk-1, 0.652007
EXP-LOAD, 2023-07-21T22:20:08.349, ubuntu22-c, mtd-zk-1, 0.677624
EXP-LEAD, 2023-07-21T22:20:10.468, ubuntu22-c, mtd-zk-1, START
EXP-LEAD, 2023-07-21T22:20:17.216, ubuntu22-c, mtd-zk-1, END
EXP-LOAD, 2023-07-21T22:20:18.276, ubuntu22-c, mtd-zk-1, 0.677624
EXP-LOAD, 2023-07-21T22:20:25.642, ubuntu22-c, mtd-zk-1, 0.641804
EXP-LOAD, 2023-07-21T22:20:38.832, ubuntu22-c, mtd-zk-1, 0.691211
EXP-LEAD, 2023-07-21T22:20:39.944, ubuntu22-c, mtd-zk-1, START
EXP-LEAD, 2023-07-21T22:20:46.546, ubuntu22-c, mtd-zk-1, END
EXP-LOAD, 2023-07-21T22:20:47.631, ubuntu22-c, mtd-zk-1, 0.691211
EXP-LOAD, 2023-07-21T22:20:59.113, ubuntu22-c, mtd-zk-1, 0.604831
EXP-LOAD, 2023-07-21T22:21:08.239, ubuntu22-c, mtd-zk-1, 0.620522
EXP-LOAD, 2023-07-21T22:21:17.363, ubuntu22-c, mtd-zk-1, 0.620522
EXP-LOAD, 2023-07-21T22:21:29.469, ubuntu22-c, mtd-zk-1, 0.619409
EXP-LOAD, 2023-07-21T22:21:36.582, ubuntu22-c, mtd-zk-1, 0.692516
EXP-LEAD, 2023-07-21T22:21:38.624, ubuntu22-c, mtd-zk-1, START
EXP-LEAD, 2023-07-21T22:21:46.411, ubuntu22-c, mtd-zk-1, END
EXP-LOAD, 2023-07-21T22:21:47.526, ubuntu22-c, mtd-zk-1, 0.692516
EXP-LOAD, 2023-07-21T22:21:54.676, ubuntu22-c, mtd-zk-1, 0.716027
EXP-LEAD, 2023-07-21T22:21:56.742, ubuntu22-c, mtd-zk-1, START
EXP-LEAD, 2023-07-21T22:22:04.505, ubuntu22-c, mtd-zk-1, END
EXP-LOAD, 2023-07-21T22:22:05.597, ubuntu22-c, mtd-zk-1, 0.651165
EXP-LOAD, 2023-07-21T22:22:11.910, ubuntu22-c, mtd-zk-1, 0.651165
EXP-LEAD, 2023-07-21T22:22:14.058, ubuntu22-c, mtd-zk-1, START
EXP-LEAD, 2023-07-21T22:22:19.599, ubuntu22-c, mtd-zk-1, END
EXP-LOAD, 2023-07-21T22:22:20.684, ubuntu22-c, mtd-zk-1, 0.675207
EXP-LOAD, 2023-07-21T22:22:29.255, ubuntu22-c, mtd-zk-1, 0.675207
EXP-LOAD, 2023-07-21T22:22:36.371, ubuntu22-c, mtd-zk-1, 0.651836
EXP-LEAD, 2023-07-21T22:22:38.451, ubuntu22-c, mtd-zk-1, START
EXP-LEAD, 2023-07-21T22:22:44.076, ubuntu22-c, mtd-zk-1, END
EXP-LOAD, 2023-07-21T22:22:45.141, ubuntu22-c, mtd-zk-1, 0.651836
EXP-LEAD, 2023-07-21T22:22:46.563, ubuntu22-c, mtd-zk-1, START
EXP-LEAD, 2023-07-21T22:22:56.325, ubuntu22-c, mtd-zk-1, END
EXP-LOAD, 2023-07-21T22:22:57.427, ubuntu22-c, mtd-zk-1, 0.768205
EXP-LOAD, 2023-07-21T22:23:05.792, ubuntu22-c, mtd-zk-1, 0.662117
EXP-LOAD, 2023-07-21T22:23:15.994, ubuntu22-c, mtd-zk-1, 0.662117
EXP-LOAD, 2023-07-21T22:23:24.099, ubuntu22-c, mtd-zk-1, 0.595013
EXP-LOAD, 2023-07-21T22:23:32.247, ubuntu22-c, mtd-zk-1, 0.595013
EXP-LOAD, 2023-07-21T22:23:41.369, ubuntu22-c, mtd-zk-1, 0.699405
EXP-LOAD, 2023-07-21T22:23:49.549, ubuntu22-c, mtd-zk-1, 0.754005
EXP-LEAD, 2023-07-21T22:23:49.583, ubuntu22-c, mtd-zk-1, START
EXP-LEAD, 2023-07-21T22:23:59.374, ubuntu22-c, mtd-zk-1, END
EXP-LOAD, 2023-07-21T22:24:00.446, ubuntu22-c, mtd-zk-1, 0.754005
EXP-LOAD, 2023-07-21T22:24:07.871, ubuntu22-c, mtd-zk-1, 0.631412
EXP-LEAD, 2023-07-21T22:24:09.672, ubuntu22-c, mtd-zk-1, START
EXP-LEAD, 2023-07-21T22:24:15.243, ubuntu22-c, mtd-zk-1, END
EXP-LOAD, 2023-07-21T22:24:16.313, ubuntu22-c, mtd-zk-1, 0.631412
EXP-LOAD, 2023-07-21T22:24:25.023, ubuntu22-c, mtd-zk-1, 0.679406
EXP-LOAD, 2023-07-21T22:24:32.205, ubuntu22-c, mtd-zk-1, 0.679406
EXP-LEAD, 2023-07-21T22:24:33.230, ubuntu22-c, mtd-zk-1, START
EXP-LEAD, 2023-07-21T22:24:38.821, ubuntu22-c, mtd-zk-1, END
EXP-LOAD, 2023-07-21T22:24:39.873, ubuntu22-c, mtd-zk-1, 0.654200
EXP-LOAD, 2023-07-21T22:24:48.495, ubuntu22-c, mtd-zk-1, 0.654200
EXP-LEAD, 2023-07-21T22:24:49.568, ubuntu22-c, mtd-zk-1, START
EXP-LEAD, 2023-07-21T22:24:55.177, ubuntu22-c, mtd-zk-1, END
EXP-LOAD, 2023-07-21T22:24:56.285, ubuntu22-c, mtd-zk-1, 0.766413
EXP-LEAD, 2023-07-21T22:24:56.696, ubuntu22-c, mtd-zk-1, START
EXP-LEAD, 2023-07-21T22:25:02.445, ubuntu22-c, mtd-zk-1, END
EXP-LOAD, 2023-07-21T22:25:03.524, ubuntu22-c, mtd-zk-1, 0.766413
EXP-LOAD, 2023-07-21T22:25:10.938, ubuntu22-c, mtd-zk-1, 0.687812
EXP-LOAD, 2023-07-21T22:25:20.066, ubuntu22-c, mtd-zk-1, 0.696613
EXP-LEAD, 2023-07-21T22:25:21.124, ubuntu22-c, mtd-zk-1, START
EXP-LEAD, 2023-07-21T22:25:26.656, ubuntu22-c, mtd-zk-1, END
EXP-LOAD, 2023-07-21T22:25:27.712, ubuntu22-c, mtd-zk-1, 0.696613
EXP-LOAD, 2023-07-21T22:25:38.350, ubuntu22-c, mtd-zk-1, 0.662633
EXP-LOAD, 2023-07-21T22:25:45.471, ubuntu22-c, mtd-zk-1, 0.662633
EXP-LEAD, 2023-07-21T22:25:48.470, ubuntu22-c, mtd-zk-1, START
EXP-LEAD, 2023-07-21T22:25:58.263, ubuntu22-c, mtd-zk-1, END
EXP-LOAD, 2023-07-21T22:25:59.372, ubuntu22-c, mtd-zk-1, 0.730407
EXP-LOAD, 2023-07-21T22:26:06.671, ubuntu22-c, mtd-zk-1, 0.646414
EXP-LOAD, 2023-07-21T22:26:17.329, ubuntu22-c, mtd-zk-1, 0.646414
EXP-LOAD, 2023-07-21T22:26:25.471, ubuntu22-c, mtd-zk-1, 0.623809
EXP-LOAD, 2023-07-21T22:26:33.597, ubuntu22-c, mtd-zk-1, 0.623809
EXP-LOAD, 2023-07-21T22:26:42.788, ubuntu22-c, mtd-zk-1, 0.639110
EXP-LEAD, 2023-07-21T22:26:45.793, ubuntu22-c, mtd-zk-1, START
EXP-LEAD, 2023-07-21T22:26:51.367, ubuntu22-c, mtd-zk-1, END
EXP-LOAD, 2023-07-21T22:26:52.445, ubuntu22-c, mtd-zk-1, 0.718005
EXP-LOAD, 2023-07-21T22:27:00.993, ubuntu22-c, mtd-zk-1, 0.718005
EXP-LOAD, 2023-07-21T22:27:10.094, ubuntu22-c, mtd-zk-1, 0.693844
EXP-LEAD, 2023-07-21T22:27:11.133, ubuntu22-c, mtd-zk-1, START
EXP-LEAD, 2023-07-21T22:27:18.781, ubuntu22-c, mtd-zk-1, END
EXP-LOAD, 2023-07-21T22:27:19.853, ubuntu22-c, mtd-zk-1, 0.619339
EXP-LOAD, 2023-07-21T22:27:28.360, ubuntu22-c, mtd-zk-1, 0.619339
EXP-LEAD, 2023-07-21T22:27:29.408, ubuntu22-c, mtd-zk-1, START
EXP-LEAD, 2023-07-21T22:27:36.988, ubuntu22-c, mtd-zk-1, END
EXP-LOAD, 2023-07-21T22:27:38.045, ubuntu22-c, mtd-zk-1, 0.653405
EXP-LOAD, 2023-07-21T22:27:46.646, ubuntu22-c, mtd-zk-1, 0.653405
EXP-LEAD, 2023-07-21T22:27:48.693, ubuntu22-c, mtd-zk-1, START
EXP-LEAD, 2023-07-21T22:27:57.380, ubuntu22-c, mtd-zk-1, END
EXP-LOAD, 2023-07-21T22:27:58.492, ubuntu22-c, mtd-zk-1, 0.638914
EXP-LEAD, 2023-07-21T22:28:00.853, ubuntu22-c, mtd-zk-1, START
EXP-LEAD, 2023-07-21T22:28:05.369, ubuntu22-c, mtd-zk-1, END
EXP-LOAD, 2023-07-21T22:28:06.418, ubuntu22-c, mtd-zk-1, 0.621231
EXP-LOAD, 2023-07-21T22:28:15.125, ubuntu22-c, mtd-zk-1, 0.621231
EXP-LEAD, 2023-07-21T22:28:17.211, ubuntu22-c, mtd-zk-1, START
EXP-LEAD, 2023-07-21T22:28:22.848, ubuntu22-c, mtd-zk-1, END
EXP-LOAD, 2023-07-21T22:28:23.923, ubuntu22-c, mtd-zk-1, 0.653528
EXP-LOAD, 2023-07-21T22:28:33.109, ubuntu22-c, mtd-zk-1, 0.653528
EXP-LOAD, 2023-07-21T22:28:42.014, ubuntu22-c, mtd-zk-1, 0.721611
EXP-LEAD, 2023-07-21T22:28:44.371, ubuntu22-c, mtd-zk-1, START
EXP-LEAD, 2023-07-21T22:28:52.033, ubuntu22-c, mtd-zk-1, END
EXP-LOAD, 2023-07-21T22:28:53.094, ubuntu22-c, mtd-zk-1, 0.657208
EXP-LOAD, 2023-07-21T22:29:02.564, ubuntu22-c, mtd-zk-1, 0.657208
EXP-LEAD, 2023-07-21T22:29:04.615, ubuntu22-c, mtd-zk-1, START
EXP-LEAD, 2023-07-21T22:29:11.280, ubuntu22-c, mtd-zk-1, END
EXP-LOAD, 2023-07-21T22:29:12.390, ubuntu22-c, mtd-zk-1, 0.615409
EXP-LEAD, 2023-07-21T22:29:13.768, ubuntu22-c, mtd-zk-1, START
EXP-LEAD, 2023-07-21T22:29:19.317, ubuntu22-c, mtd-zk-1, END
EXP-LOAD, 2023-07-21T22:29:20.367, ubuntu22-c, mtd-zk-1, 0.686309
EXP-LOAD, 2023-07-21T22:29:30.001, ubuntu22-c, mtd-zk-1, 0.686309
EXP-LOAD, 2023-07-21T22:29:40.075, ubuntu22-c, mtd-zk-1, 0.658429
EXP-LOAD, 2023-07-21T22:29:49.178, ubuntu22-c, mtd-zk-1, 0.688012
EXP-LOAD, 2023-07-21T22:29:56.326, ubuntu22-c, mtd-zk-1, 0.688012
EXP-LOAD, 2023-07-21T22:30:08.481, ubuntu22-c, mtd-zk-1, 0.704218
EXP-LOAD, 2023-07-21T22:30:16.691, ubuntu22-c, mtd-zk-1, 0.704218
EXP-LOAD, 2023-07-21T22:30:25.828, ubuntu22-c, mtd-zk-1, 0.649062
EXP-LEAD, 2023-07-21T22:30:27.826, ubuntu22-c, mtd-zk-1, START
EXP-LEAD, 2023-07-21T22:30:35.411, ubuntu22-c, mtd-zk-1, END
EXP-LOAD, 2023-07-21T22:30:36.478, ubuntu22-c, mtd-zk-1, 0.655804
EXP-LOAD, 2023-07-21T22:30:44.076, ubuntu22-c, mtd-zk-1, 0.655804
EXP-LOAD, 2023-07-21T22:30:53.202, ubuntu22-c, mtd-zk-1, 0.684416
EXP-LOAD, 2023-07-21T22:31:01.306, ubuntu22-c, mtd-zk-1, 0.684416
EXP-LOAD, 2023-07-21T22:31:13.960, ubuntu22-c, mtd-zk-1, 0.710222
EXP-LOAD, 2023-07-21T22:31:22.078, ubuntu22-c, mtd-zk-1, 0.670117
EXP-LOAD, 2023-07-21T22:31:29.268, ubuntu22-c, mtd-zk-1, 0.670117
EXP-LOAD, 2023-07-21T22:31:40.398, ubuntu22-c, mtd-zk-1, 0.663627
EXP-LEAD, 2023-07-21T22:31:41.460, ubuntu22-c, mtd-zk-1, START
EXP-LEAD, 2023-07-21T22:31:46.045, ubuntu22-c, mtd-zk-1, END
EXP-LOAD, 2023-07-21T22:31:47.101, ubuntu22-c, mtd-zk-1, 0.663627
EXP-LOAD, 2023-07-21T22:31:54.651, ubuntu22-c, mtd-zk-1, 0.657314
EXP-LOAD, 2023-07-21T22:32:06.757, ubuntu22-c, mtd-zk-1, 0.723806
EXP-LOAD, 2023-07-21T22:32:14.859, ubuntu22-c, mtd-zk-1, 0.723806
EXP-LOAD, 2023-07-21T22:32:21.962, ubuntu22-c, mtd-zk-1, 0.627712
EXP-LOAD, 2023-07-21T22:32:32.647, ubuntu22-c, mtd-zk-1, 0.627712
EXP-LOAD, 2023-07-21T22:32:40.798, ubuntu22-c, mtd-zk-1, 0.587462
EXP-LOAD, 2023-07-21T22:32:51.050, ubuntu22-c, mtd-zk-1, 0.615606
EXP-LOAD, 2023-07-21T22:32:59.295, ubuntu22-c, mtd-zk-1, 0.615606
EXP-LOAD, 2023-07-21T22:33:10.284, ubuntu22-c, mtd-zk-1, 0.723840
EXP-LOAD, 2023-07-21T22:33:19.560, ubuntu22-c, mtd-zk-1, 0.674813
EXP-LOAD, 2023-07-21T22:33:30.528, ubuntu22-c, mtd-zk-1, 0.674813
EXP-LOAD, 2023-07-21T22:33:38.674, ubuntu22-c, mtd-zk-1, 0.657014
EXP-LEAD, 2023-07-21T22:33:38.749, ubuntu22-c, mtd-zk-1, START
EXP-LEAD, 2023-07-21T22:33:46.421, ubuntu22-c, mtd-zk-1, END
EXP-LOAD, 2023-07-21T22:33:47.524, ubuntu22-c, mtd-zk-1, 0.657014
EXP-LOAD, 2023-07-21T22:33:54.637, ubuntu22-c, mtd-zk-1, 0.662614
EXP-LOAD, 2023-07-21T22:34:05.813, ubuntu22-c, mtd-zk-1, 0.799638
EXP-LOAD, 2023-07-21T22:34:14.921, ubuntu22-c, mtd-zk-1, 0.799638
EXP-LEAD, 2023-07-21T22:34:15.963, ubuntu22-c, mtd-zk-1, START
EXP-LEAD, 2023-07-21T22:34:23.696, ubuntu22-c, mtd-zk-1, END
EXP-LOAD, 2023-07-21T22:34:24.769, ubuntu22-c, mtd-zk-1, 0.676337
EXP-LOAD, 2023-07-21T22:34:32.176, ubuntu22-c, mtd-zk-1, 0.676337
EXP-LEAD, 2023-07-21T22:34:34.201, ubuntu22-c, mtd-zk-1, START
EXP-LEAD, 2023-07-21T22:34:43.757, ubuntu22-c, mtd-zk-1, END
EXP-LOAD, 2023-07-21T22:34:44.846, ubuntu22-c, mtd-zk-1, 0.589481
EXP-LOAD, 2023-07-21T22:34:51.970, ubuntu22-c, mtd-zk-1, 0.680657
EXP-LOAD, 2023-07-21T22:35:00.960, ubuntu22-c, mtd-zk-1, 0.680657
EXP-LOAD, 2023-07-21T22:35:09.027, ubuntu22-c, mtd-zk-1, 0.738216
EXP-LOAD, 2023-07-21T22:35:21.145, ubuntu22-c, mtd-zk-1, 0.646827
EXP-LOAD, 2023-07-21T22:35:27.976, ubuntu22-c, mtd-zk-1, 0.646827
EXP-LEAD, 2023-07-21T22:35:29.566, ubuntu22-c, mtd-zk-1, START
EXP-LEAD, 2023-07-21T22:35:37.229, ubuntu22-c, mtd-zk-1, END
EXP-LOAD, 2023-07-21T22:35:38.308, ubuntu22-c, mtd-zk-1, 0.691057
EXP-LOAD, 2023-07-21T22:35:46.775, ubuntu22-c, mtd-zk-1, 0.691057
EXP-LEAD, 2023-07-21T22:35:47.855, ubuntu22-c, mtd-zk-1, START
EXP-LEAD, 2023-07-21T22:35:55.430, ubuntu22-c, mtd-zk-1, END
EXP-LOAD, 2023-07-21T22:35:56.511, ubuntu22-c, mtd-zk-1, 0.648859
EXP-LOAD, 2023-07-21T22:36:04.075, ubuntu22-c, mtd-zk-1, 0.648859
EXP-LOAD, 2023-07-21T22:36:11.190, ubuntu22-c, mtd-zk-1, 0.689008
EXP-LEAD, 2023-07-21T22:36:13.207, ubuntu22-c, mtd-zk-1, START
EXP-LEAD, 2023-07-21T22:36:18.917, ubuntu22-c, mtd-zk-1, END
EXP-LOAD, 2023-07-21T22:36:19.966, ubuntu22-c, mtd-zk-1, 0.700814
EXP-LEAD, 2023-07-21T22:36:20.418, ubuntu22-c, mtd-zk-1, START
EXP-LEAD, 2023-07-21T22:36:28.162, ubuntu22-c, mtd-zk-1, END
EXP-LOAD, 2023-07-21T22:36:29.255, ubuntu22-c, mtd-zk-1, 0.700814
EXP-LOAD, 2023-07-21T22:36:35.661, ubuntu22-c, mtd-zk-1, 0.627036
EXP-LEAD, 2023-07-21T22:36:37.668, ubuntu22-c, mtd-zk-1, START
EXP-LEAD, 2023-07-21T22:36:43.081, ubuntu22-c, mtd-zk-1, END
EXP-LOAD, 2023-07-21T22:36:44.153, ubuntu22-c, mtd-zk-1, 0.627036
EXP-LOAD, 2023-07-21T22:36:53.946, ubuntu22-c, mtd-zk-1, 0.706929
EXP-LEAD, 2023-07-21T22:36:57.019, ubuntu22-c, mtd-zk-1, START
EXP-LEAD, 2023-07-21T22:37:02.646, ubuntu22-c, mtd-zk-1, END
EXP-LOAD, 2023-07-21T22:37:03.729, ubuntu22-c, mtd-zk-1, 0.706929
EXP-LOAD, 2023-07-21T22:37:10.219, ubuntu22-c, mtd-zk-1, 0.692609
EXP-LOAD, 2023-07-21T22:37:18.289, ubuntu22-c, mtd-zk-1, 0.692609
EXP-LOAD, 2023-07-21T22:37:28.408, ubuntu22-c, mtd-zk-1, 0.665922
EXP-LOAD, 2023-07-21T22:37:35.629, ubuntu22-c, mtd-zk-1, 0.626814
EXP-LEAD, 2023-07-21T22:37:37.693, ubuntu22-c, mtd-zk-1, START
EXP-LEAD, 2023-07-21T22:37:45.360, ubuntu22-c, mtd-zk-1, END
EXP-LOAD, 2023-07-21T22:37:46.443, ubuntu22-c, mtd-zk-1, 0.626814
EXP-LOAD, 2023-07-21T22:37:55.963, ubuntu22-c, mtd-zk-1, 0.682946
EXP-LOAD, 2023-07-21T22:38:06.329, ubuntu22-c, mtd-zk-1, 0.612810
EXP-LOAD, 2023-07-21T22:38:14.267, ubuntu22-c, mtd-zk-1, 0.612810
EXP-LOAD, 2023-07-21T22:38:28.036, ubuntu22-c, mtd-zk-1, 0.642803
EXP-LEAD, 2023-07-21T22:38:30.091, ubuntu22-c, mtd-zk-1, START
EXP-LEAD, 2023-07-21T22:38:34.694, ubuntu22-c, mtd-zk-1, END
EXP-LOAD, 2023-07-21T22:38:35.760, ubuntu22-c, mtd-zk-1, 0.585016
EXP-LOAD, 2023-07-21T22:38:54.340, ubuntu22-c, mtd-zk-1, 0.619509
EXP-LOAD, 2023-07-21T22:39:04.526, ubuntu22-c, mtd-zk-1, 0.638424
EXP-LOAD, 2023-07-21T22:39:15.659, ubuntu22-c, mtd-zk-1, 0.638424
EXP-LOAD, 2023-07-21T22:39:23.776, ubuntu22-c, mtd-zk-1, 0.641861
EXP-LOAD, 2023-07-21T22:39:31.897, ubuntu22-c, mtd-zk-1, 0.641861
EXP-LOAD, 2023-07-21T22:39:47.003, ubuntu22-c, mtd-zk-1, 0.568916
EXP-LEAD, 2023-07-21T22:39:48.044, ubuntu22-c, mtd-zk-1, START
EXP-LEAD, 2023-07-21T22:39:53.591, ubuntu22-c, mtd-zk-1, END
EXP-LOAD, 2023-07-21T22:39:54.650, ubuntu22-c, mtd-zk-1, 0.660453
EXP-LOAD, 2023-07-21T22:40:09.374, ubuntu22-c, mtd-zk-1, 0.642761
EXP-LEAD, 2023-07-21T22:40:09.613, ubuntu22-c, mtd-zk-1, START
EXP-LEAD, 2023-07-21T22:40:15.256, ubuntu22-c, mtd-zk-1, END
EXP-LOAD, 2023-07-21T22:40:16.323, ubuntu22-c, mtd-zk-1, 0.642761
EXP-LOAD, 2023-07-21T22:40:24.806, ubuntu22-c, mtd-zk-1, 0.644868
EXP-LOAD, 2023-07-21T22:40:35.911, ubuntu22-c, mtd-zk-1, 0.641452
EXP-LEAD, 2023-07-21T22:40:39.119, ubuntu22-c, mtd-zk-1, START
EXP-LEAD, 2023-07-21T22:40:44.697, ubuntu22-c, mtd-zk-1, END
EXP-LOAD, 2023-07-21T22:40:45.749, ubuntu22-c, mtd-zk-1, 0.641452
EXP-LOAD, 2023-07-21T22:40:54.432, ubuntu22-c, mtd-zk-1, 0.571045
EXP-LOAD, 2023-07-21T22:41:01.549, ubuntu22-c, mtd-zk-1, 0.571045
EXP-LOAD, 2023-07-21T22:41:10.189, ubuntu22-c, mtd-zk-1, 0.693726
EXP-LEAD, 2023-07-21T22:41:11.239, ubuntu22-c, mtd-zk-1, START
EXP-LEAD, 2023-07-21T22:41:17.898, ubuntu22-c, mtd-zk-1, END
EXP-LOAD, 2023-07-21T22:41:18.963, ubuntu22-c, mtd-zk-1, 0.693726
EXP-LOAD, 2023-07-21T22:41:26.401, ubuntu22-c, mtd-zk-1, 0.677202
EXP-LEAD, 2023-07-21T22:41:27.482, ubuntu22-c, mtd-zk-1, START
EXP-LEAD, 2023-07-21T22:41:32.981, ubuntu22-c, mtd-zk-1, END
EXP-LOAD, 2023-07-21T22:41:34.052, ubuntu22-c, mtd-zk-1, 0.677202
EXP-LOAD, 2023-07-21T22:41:41.657, ubuntu22-c, mtd-zk-1, 0.664812
EXP-LOAD, 2023-07-21T22:41:52.752, ubuntu22-c, mtd-zk-1, 0.704018
EXP-LEAD, 2023-07-21T22:41:53.799, ubuntu22-c, mtd-zk-1, START
EXP-LEAD, 2023-07-21T22:41:58.357, ubuntu22-c, mtd-zk-1, END
EXP-LOAD, 2023-07-21T22:41:59.414, ubuntu22-c, mtd-zk-1, 0.704018
EXP-LEAD, 2023-07-21T22:42:00.890, ubuntu22-c, mtd-zk-1, START
EXP-LEAD, 2023-07-21T22:42:07.443, ubuntu22-c, mtd-zk-1, END
EXP-LOAD, 2023-07-21T22:42:08.517, ubuntu22-c, mtd-zk-1, 0.619250
EXP-LOAD, 2023-07-21T22:42:20.109, ubuntu22-c, mtd-zk-1, 0.758442
EXP-LEAD, 2023-07-21T22:42:20.145, ubuntu22-c, mtd-zk-1, START
EXP-LEAD, 2023-07-21T22:42:25.672, ubuntu22-c, mtd-zk-1, END
EXP-LOAD, 2023-07-21T22:42:26.727, ubuntu22-c, mtd-zk-1, 0.758442
EXP-LOAD, 2023-07-21T22:42:35.399, ubuntu22-c, mtd-zk-1, 0.658734
EXP-LEAD, 2023-07-21T22:42:36.242, ubuntu22-c, mtd-zk-1, START
EXP-LEAD, 2023-07-21T22:42:41.861, ubuntu22-c, mtd-zk-1, END
EXP-LOAD, 2023-07-21T22:42:42.937, ubuntu22-c, mtd-zk-1, 0.658734
EXP-LOAD, 2023-07-21T22:42:51.046, ubuntu22-c, mtd-zk-1, 0.743808
EXP-LOAD, 2023-07-21T22:42:59.171, ubuntu22-c, mtd-zk-1, 0.743808
EXP-LOAD, 2023-07-21T22:43:10.298, ubuntu22-c, mtd-zk-1, 0.688324
EXP-LEAD, 2023-07-21T22:43:12.332, ubuntu22-c, mtd-zk-1, START
EXP-LEAD, 2023-07-21T22:43:17.898, ubuntu22-c, mtd-zk-1, END
EXP-LOAD, 2023-07-21T22:43:18.962, ubuntu22-c, mtd-zk-1, 0.688324
EXP-LOAD, 2023-07-21T22:43:33.631, ubuntu22-c, mtd-zk-1, 0.681222
EXP-LEAD, 2023-07-21T22:43:34.667, ubuntu22-c, mtd-zk-1, START
EXP-LEAD, 2023-07-21T22:43:40.272, ubuntu22-c, mtd-zk-1, END
EXP-LOAD, 2023-07-21T22:43:41.328, ubuntu22-c, mtd-zk-1, 0.624389
EXP-LOAD, 2023-07-21T22:43:50.916, ubuntu22-c, mtd-zk-1, 0.708008
EXP-LOAD, 2023-07-21T22:44:00.017, ubuntu22-c, mtd-zk-1, 0.708008
EXP-LOAD, 2023-07-21T22:44:09.146, ubuntu22-c, mtd-zk-1, 0.645807
EXP-LEAD, 2023-07-21T22:44:11.187, ubuntu22-c, mtd-zk-1, START
EXP-LEAD, 2023-07-21T22:44:16.788, ubuntu22-c, mtd-zk-1, END
EXP-LOAD, 2023-07-21T22:44:17.852, ubuntu22-c, mtd-zk-1, 0.645807
EXP-LOAD, 2023-07-21T22:44:28.357, ubuntu22-c, mtd-zk-1, 0.692605
EXP-LEAD, 2023-07-21T22:44:30.387, ubuntu22-c, mtd-zk-1, START
EXP-LEAD, 2023-07-21T22:44:35.944, ubuntu22-c, mtd-zk-1, END
EXP-LOAD, 2023-07-21T22:44:37.013, ubuntu22-c, mtd-zk-1, 0.678525
EXP-LEAD, 2023-07-21T22:44:38.530, ubuntu22-c, mtd-zk-1, START
EXP-LEAD, 2023-07-21T22:44:48.264, ubuntu22-c, mtd-zk-1, END
EXP-LOAD, 2023-07-21T22:44:49.382, ubuntu22-c, mtd-zk-1, 0.687063
EXP-LOAD, 2023-07-21T22:44:55.743, ubuntu22-c, mtd-zk-1, 0.687063
EXP-LOAD, 2023-07-21T22:45:05.867, ubuntu22-c, mtd-zk-1, 0.652324
EXP-LEAD, 2023-07-21T22:45:06.926, ubuntu22-c, mtd-zk-1, START
EXP-LEAD, 2023-07-21T22:45:12.718, ubuntu22-c, mtd-zk-1, END
EXP-LOAD, 2023-07-21T22:45:13.828, ubuntu22-c, mtd-zk-1, 0.652324
EXP-LOAD, 2023-07-21T22:45:21.107, ubuntu22-c, mtd-zk-1, 0.710007
EXP-LOAD, 2023-07-21T22:45:28.220, ubuntu22-c, mtd-zk-1, 0.710007
EXP-LOAD, 2023-07-21T22:45:39.331, ubuntu22-c, mtd-zk-1, 0.652975
EXP-LEAD, 2023-07-21T22:45:41.389, ubuntu22-c, mtd-zk-1, START
EXP-LEAD, 2023-07-21T22:45:46.862, ubuntu22-c, mtd-zk-1, END
EXP-LOAD, 2023-07-21T22:45:47.906, ubuntu22-c, mtd-zk-1, 0.652975
EXP-LOAD, 2023-07-21T22:45:56.627, ubuntu22-c, mtd-zk-1, 0.656806
EXP-LOAD, 2023-07-21T22:46:04.738, ubuntu22-c, mtd-zk-1, 0.649311
EXP-LEAD, 2023-07-21T22:46:05.768, ubuntu22-c, mtd-zk-1, START
EXP-LEAD, 2023-07-21T22:46:13.283, ubuntu22-c, mtd-zk-1, END
EXP-LOAD, 2023-07-21T22:46:14.347, ubuntu22-c, mtd-zk-1, 0.649311
EXP-LOAD, 2023-07-21T22:46:23.962, ubuntu22-c, mtd-zk-1, 0.673008
EXP-LOAD, 2023-07-21T22:46:40.709, ubuntu22-c, mtd-zk-1, 0.607719
EXP-LOAD, 2023-07-21T22:46:48.401, ubuntu22-c, mtd-zk-1, 0.607719
EXP-LEAD, 2023-07-21T22:46:48.947, ubuntu22-c, mtd-zk-1, START
EXP-LEAD, 2023-07-21T22:46:55.626, ubuntu22-c, mtd-zk-1, END
EXP-LOAD, 2023-07-21T22:46:56.705, ubuntu22-c, mtd-zk-1, 0.608605
EXP-LOAD, 2023-07-21T22:47:03.134, ubuntu22-c, mtd-zk-1, 0.608605
EXP-LEAD, 2023-07-21T22:47:05.226, ubuntu22-c, mtd-zk-1, START
EXP-LEAD, 2023-07-21T22:47:10.788, ubuntu22-c, mtd-zk-1, END
EXP-LOAD, 2023-07-21T22:47:11.949, ubuntu22-c, mtd-zk-1, 0.689107
EXP-LOAD, 2023-07-21T22:47:22.403, ubuntu22-c, mtd-zk-1, 0.679370
EXP-LEAD, 2023-07-21T22:47:24.451, ubuntu22-c, mtd-zk-1, START
EXP-LEAD, 2023-07-21T22:47:30.039, ubuntu22-c, mtd-zk-1, END
EXP-LOAD, 2023-07-21T22:47:31.097, ubuntu22-c, mtd-zk-1, 0.679370
EXP-LEAD, 2023-07-21T22:47:32.133, ubuntu22-c, mtd-zk-1, START
EXP-LEAD, 2023-07-21T22:47:39.712, ubuntu22-c, mtd-zk-1, END
EXP-LOAD, 2023-07-21T22:47:40.775, ubuntu22-c, mtd-zk-1, 0.641608
EXP-LOAD, 2023-07-21T22:47:49.304, ubuntu22-c, mtd-zk-1, 0.608209
EXP-LEAD, 2023-07-21T22:47:50.343, ubuntu22-c, mtd-zk-1, START
EXP-LEAD, 2023-07-21T22:47:56.573, ubuntu22-c, mtd-zk-1, END
EXP-LOAD, 2023-07-21T22:47:57.645, ubuntu22-c, mtd-zk-1, 0.608209
EXP-LOAD, 2023-07-21T22:48:08.576, ubuntu22-c, mtd-zk-1, 0.668235
EXP-LEAD, 2023-07-21T22:48:08.631, ubuntu22-c, mtd-zk-1, START
EXP-LEAD, 2023-07-21T22:48:14.417, ubuntu22-c, mtd-zk-1, END
EXP-LOAD, 2023-07-21T22:48:15.477, ubuntu22-c, mtd-zk-1, 0.668235
EXP-LOAD, 2023-07-21T22:48:23.603, ubuntu22-c, mtd-zk-1, 0.679107
EXP-LOAD, 2023-07-21T22:48:31.756, ubuntu22-c, mtd-zk-1, 0.679107
EXP-LEAD, 2023-07-21T22:48:32.800, ubuntu22-c, mtd-zk-1, START
EXP-LEAD, 2023-07-21T22:48:42.480, ubuntu22-c, mtd-zk-1, END
EXP-LOAD, 2023-07-21T22:48:43.594, ubuntu22-c, mtd-zk-1, 0.662409
EXP-LOAD, 2023-07-21T22:48:51.990, ubuntu22-c, mtd-zk-1, 0.652623
EXP-LOAD, 2023-07-21T22:48:59.123, ubuntu22-c, mtd-zk-1, 0.652623
EXP-LEAD, 2023-07-21T22:49:01.130, ubuntu22-c, mtd-zk-1, START
EXP-LEAD, 2023-07-21T22:49:08.713, ubuntu22-c, mtd-zk-1, END
EXP-LOAD, 2023-07-21T22:49:09.828, ubuntu22-c, mtd-zk-1, 0.613202
EXP-LOAD, 2023-07-21T22:49:18.329, ubuntu22-c, mtd-zk-1, 0.613202
EXP-LOAD, 2023-07-21T22:49:24.615, ubuntu22-c, mtd-zk-1, 0.676923
EXP-LOAD, 2023-07-21T22:49:32.422, ubuntu22-c, mtd-zk-1, 0.676923
EXP-LOAD, 2023-07-21T22:49:39.645, ubuntu22-c, mtd-zk-1, 0.741224
EXP-LOAD, 2023-07-21T22:49:46.619, ubuntu22-c, mtd-zk-1, 0.741224
EXP-LOAD, 2023-07-21T22:49:56.182, ubuntu22-c, mtd-zk-1, 0.673672
EXP-LOAD, 2023-07-21T22:50:06.333, ubuntu22-c, mtd-zk-1, 0.625818
EXP-LOAD, 2023-07-21T22:50:12.450, ubuntu22-c, mtd-zk-1, 0.625818
EXP-LOAD, 2023-07-21T22:50:23.587, ubuntu22-c, mtd-zk-1, 0.677309
EXP-LEAD, 2023-07-21T22:50:25.636, ubuntu22-c, mtd-zk-1, START
EXP-LEAD, 2023-07-21T22:50:31.226, ubuntu22-c, mtd-zk-1, END
EXP-LOAD, 2023-07-21T22:50:32.275, ubuntu22-c, mtd-zk-1, 0.677309
EXP-LOAD, 2023-07-21T22:50:47.832, ubuntu22-c, mtd-zk-1, 0.700021
EXP-LOAD, 2023-07-21T22:50:54.948, ubuntu22-c, mtd-zk-1, 0.632509
EXP-LOAD, 2023-07-21T22:51:03.747, ubuntu22-c, mtd-zk-1, 0.632509
EXP-LOAD, 2023-07-21T22:51:14.946, ubuntu22-c, mtd-zk-1, 0.709812
EXP-LEAD, 2023-07-21T22:51:16.965, ubuntu22-c, mtd-zk-1, START
EXP-LEAD, 2023-07-21T22:51:22.533, ubuntu22-c, mtd-zk-1, END
EXP-LOAD, 2023-07-21T22:51:23.574, ubuntu22-c, mtd-zk-1, 0.611405
EXP-LOAD, 2023-07-21T22:51:33.031, ubuntu22-c, mtd-zk-1, 0.611405
EXP-LOAD, 2023-07-21T22:51:40.152, ubuntu22-c, mtd-zk-1, 0.730202
EXP-LOAD, 2023-07-21T22:51:51.250, ubuntu22-c, mtd-zk-1, 0.666411
EXP-LEAD, 2023-07-21T22:51:53.309, ubuntu22-c, mtd-zk-1, START
EXP-LEAD, 2023-07-21T22:51:58.872, ubuntu22-c, mtd-zk-1, END
EXP-LOAD, 2023-07-21T22:51:59.961, ubuntu22-c, mtd-zk-1, 0.666411
EXP-LOAD, 2023-07-21T22:52:07.515, ubuntu22-c, mtd-zk-1, 0.715059
EXP-LEAD, 2023-07-21T22:52:09.525, ubuntu22-c, mtd-zk-1, START
EXP-LEAD, 2023-07-21T22:52:15.000, ubuntu22-c, mtd-zk-1, END
EXP-LOAD, 2023-07-21T22:52:16.039, ubuntu22-c, mtd-zk-1, 0.715059
EXP-LOAD, 2023-07-21T22:52:24.753, ubuntu22-c, mtd-zk-1, 0.648104
EXP-LOAD, 2023-07-21T22:52:33.903, ubuntu22-c, mtd-zk-1, 0.648104
EXP-LOAD, 2023-07-21T22:52:42.018, ubuntu22-c, mtd-zk-1, 0.727616
EXP-LOAD, 2023-07-21T22:52:51.152, ubuntu22-c, mtd-zk-1, 0.665809
EXP-LOAD, 2023-07-21T22:53:01.270, ubuntu22-c, mtd-zk-1, 0.665809
EXP-LOAD, 2023-07-21T22:53:09.351, ubuntu22-c, mtd-zk-1, 0.656602
EXP-LOAD, 2023-07-21T22:53:17.025, ubuntu22-c, mtd-zk-1, 0.656602
EXP-LOAD, 2023-07-21T22:53:25.284, ubuntu22-c, mtd-zk-1, 0.668313
EXP-LOAD, 2023-07-21T22:53:35.346, ubuntu22-c, mtd-zk-1, 0.746204
EXP-LEAD, 2023-07-21T22:53:37.387, ubuntu22-c, mtd-zk-1, START
EXP-LEAD, 2023-07-21T22:53:46.017, ubuntu22-c, mtd-zk-1, END
EXP-LOAD, 2023-07-21T22:53:47.074, ubuntu22-c, mtd-zk-1, 0.746204
EXP-LEAD, 2023-07-21T22:53:48.503, ubuntu22-c, mtd-zk-1, START
EXP-LEAD, 2023-07-21T22:53:54.099, ubuntu22-c, mtd-zk-1, END
EXP-LOAD, 2023-07-21T22:53:55.147, ubuntu22-c, mtd-zk-1, 0.643615
EXP-LOAD, 2023-07-21T22:54:05.674, ubuntu22-c, mtd-zk-1, 0.715831
EXP-LOAD, 2023-07-21T22:54:13.398, ubuntu22-c, mtd-zk-1, 0.715831
EXP-LOAD, 2023-07-21T22:54:24.551, ubuntu22-c, mtd-zk-1, 0.677405
EXP-LOAD, 2023-07-21T22:54:33.702, ubuntu22-c, mtd-zk-1, 0.677405
EXP-LOAD, 2023-07-21T22:54:43.814, ubuntu22-c, mtd-zk-1, 0.670022
EXP-LOAD, 2023-07-21T22:54:51.911, ubuntu22-c, mtd-zk-1, 0.681009
EXP-LEAD, 2023-07-21T22:54:52.930, ubuntu22-c, mtd-zk-1, START
EXP-LEAD, 2023-07-21T22:55:00.619, ubuntu22-c, mtd-zk-1, END
EXP-LOAD, 2023-07-21T22:55:01.716, ubuntu22-c, mtd-zk-1, 0.681009
EXP-LEAD, 2023-07-21T22:55:04.033, ubuntu22-c, mtd-zk-1, START
EXP-LEAD, 2023-07-21T22:55:09.697, ubuntu22-c, mtd-zk-1, END
EXP-LOAD, 2023-07-21T22:55:10.747, ubuntu22-c, mtd-zk-1, 0.696231
EXP-LOAD, 2023-07-21T22:55:17.853, ubuntu22-c, mtd-zk-1, 0.696231
EXP-LEAD, 2023-07-21T22:55:19.890, ubuntu22-c, mtd-zk-1, START
EXP-LEAD, 2023-07-21T22:55:27.537, ubuntu22-c, mtd-zk-1, END
EXP-LOAD, 2023-07-21T22:55:28.609, ubuntu22-c, mtd-zk-1, 0.626409
EXP-LEAD, 2023-07-21T22:55:30.022, ubuntu22-c, mtd-zk-1, START
EXP-LEAD, 2023-07-21T22:55:35.567, ubuntu22-c, mtd-zk-1, END
EXP-LOAD, 2023-07-21T22:55:36.609, ubuntu22-c, mtd-zk-1, 0.659407
EXP-LOAD, 2023-07-21T22:55:47.231, ubuntu22-c, mtd-zk-1, 0.659407
EXP-LOAD, 2023-07-21T22:55:56.406, ubuntu22-c, mtd-zk-1, 0.647021
EXP-LOAD, 2023-07-21T22:56:05.496, ubuntu22-c, mtd-zk-1, 0.677814
EXP-LEAD, 2023-07-21T22:56:06.976, ubuntu22-c, mtd-zk-1, START
EXP-LEAD, 2023-07-21T22:56:14.550, ubuntu22-c, mtd-zk-1, END
EXP-LOAD, 2023-07-21T22:56:15.643, ubuntu22-c, mtd-zk-1, 0.677814
EXP-LEAD, 2023-07-21T22:56:18.085, ubuntu22-c, mtd-zk-1, START
EXP-LEAD, 2023-07-21T22:56:23.550, ubuntu22-c, mtd-zk-1, END
EXP-LOAD, 2023-07-21T22:56:24.637, ubuntu22-c, mtd-zk-1, 0.660312
EXP-LOAD, 2023-07-21T22:56:32.318, ubuntu22-c, mtd-zk-1, 0.660312
EXP-LOAD, 2023-07-21T22:56:41.404, ubuntu22-c, mtd-zk-1, 0.622417
EXP-LOAD, 2023-07-21T22:56:52.539, ubuntu22-c, mtd-zk-1, 0.684417
EXP-LEAD, 2023-07-21T22:56:54.583, ubuntu22-c, mtd-zk-1, START
EXP-LEAD, 2023-07-21T22:57:00.073, ubuntu22-c, mtd-zk-1, END
EXP-LOAD, 2023-07-21T22:57:01.116, ubuntu22-c, mtd-zk-1, 0.684417
EXP-LOAD, 2023-07-21T22:57:08.832, ubuntu22-c, mtd-zk-1, 0.608606
EXP-LEAD, 2023-07-21T22:57:09.848, ubuntu22-c, mtd-zk-1, START
EXP-LEAD, 2023-07-21T22:57:15.384, ubuntu22-c, mtd-zk-1, END
EXP-LOAD, 2023-07-21T22:57:16.435, ubuntu22-c, mtd-zk-1, 0.608606
EXP-LOAD, 2023-07-21T22:57:24.009, ubuntu22-c, mtd-zk-1, 0.697009
EXP-LEAD, 2023-07-21T22:57:26.034, ubuntu22-c, mtd-zk-1, START
EXP-LEAD, 2023-07-21T22:57:30.503, ubuntu22-c, mtd-zk-1, END
EXP-LOAD, 2023-07-21T22:57:31.555, ubuntu22-c, mtd-zk-1, 0.697009
EXP-LOAD, 2023-07-21T22:57:38.307, ubuntu22-c, mtd-zk-1, 0.704003
EXP-LEAD, 2023-07-21T22:57:40.295, ubuntu22-c, mtd-zk-1, START
EXP-LEAD, 2023-07-21T22:57:45.821, ubuntu22-c, mtd-zk-1, END
EXP-LOAD, 2023-07-21T22:57:46.862, ubuntu22-c, mtd-zk-1, 0.704003
EXP-LEAD, 2023-07-21T22:57:48.425, ubuntu22-c, mtd-zk-1, START
EXP-LEAD, 2023-07-21T22:57:56.977, ubuntu22-c, mtd-zk-1, END
EXP-LOAD, 2023-07-21T22:57:58.044, ubuntu22-c, mtd-zk-1, 0.743815
EXP-LEAD, 2023-07-21T22:57:59.593, ubuntu22-c, mtd-zk-1, START
EXP-LEAD, 2023-07-21T22:58:05.150, ubuntu22-c, mtd-zk-1, END
EXP-LOAD, 2023-07-21T22:58:06.263, ubuntu22-c, mtd-zk-1, 0.594241
EXP-LOAD, 2023-07-21T22:58:14.788, ubuntu22-c, mtd-zk-1, 0.594241
EXP-LOAD, 2023-07-21T22:58:25.886, ubuntu22-c, mtd-zk-1, 0.650112
EXP-LOAD, 2023-07-21T22:58:32.979, ubuntu22-c, mtd-zk-1, 0.650112
EXP-LEAD, 2023-07-21T22:58:35.517, ubuntu22-c, mtd-zk-1, START
EXP-LEAD, 2023-07-21T22:58:43.254, ubuntu22-c, mtd-zk-1, END
EXP-LOAD, 2023-07-21T22:58:44.325, ubuntu22-c, mtd-zk-1, 0.588444
EXP-LOAD, 2023-07-21T22:58:52.453, ubuntu22-c, mtd-zk-1, 0.636806
EXP-LEAD, 2023-07-21T22:58:53.539, ubuntu22-c, mtd-zk-1, START
EXP-LEAD, 2023-07-21T22:59:02.138, ubuntu22-c, mtd-zk-1, END
EXP-LOAD, 2023-07-21T22:59:03.190, ubuntu22-c, mtd-zk-1, 0.636806
EXP-LOAD, 2023-07-21T22:59:10.690, ubuntu22-c, mtd-zk-1, 0.602634
EXP-LOAD, 2023-07-21T22:59:17.806, ubuntu22-c, mtd-zk-1, 0.602634
EXP-LOAD, 2023-07-21T22:59:26.923, ubuntu22-c, mtd-zk-1, 0.639605
EXP-LOAD, 2023-07-21T22:59:35.878, ubuntu22-c, mtd-zk-1, 0.649417
EXP-LOAD, 2023-07-21T22:59:44.962, ubuntu22-c, mtd-zk-1, 0.649417
EXP-LOAD, 2023-07-21T22:59:53.072, ubuntu22-c, mtd-zk-1, 0.629409
EXP-LOAD, 2023-07-21T23:00:03.255, ubuntu22-c, mtd-zk-1, 0.629409
EXP-LOAD, 2023-07-21T23:00:12.319, ubuntu22-c, mtd-zk-1, 0.646610
EXP-LOAD, 2023-07-21T23:00:20.399, ubuntu22-c, mtd-zk-1, 0.669534
EXP-LOAD, 2023-07-21T23:00:31.471, ubuntu22-c, mtd-zk-1, 0.669534
EXP-LOAD, 2023-07-21T23:00:38.548, ubuntu22-c, mtd-zk-1, 0.639403
EXP-LOAD, 2023-07-21T23:00:46.740, ubuntu22-c, mtd-zk-1, 0.639403
EXP-LOAD, 2023-07-21T23:00:55.816, ubuntu22-c, mtd-zk-1, 0.706920
EXP-LEAD, 2023-07-21T23:00:57.819, ubuntu22-c, mtd-zk-1, START
EXP-LEAD, 2023-07-21T23:01:03.256, ubuntu22-c, mtd-zk-1, END
EXP-LOAD, 2023-07-21T23:01:04.301, ubuntu22-c, mtd-zk-1, 0.650016
EXP-LEAD, 2023-07-21T23:01:05.894, ubuntu22-c, mtd-zk-1, START
EXP-LEAD, 2023-07-21T23:01:11.508, ubuntu22-c, mtd-zk-1, END
EXP-LOAD, 2023-07-21T23:01:12.555, ubuntu22-c, mtd-zk-1, 0.650016
EXP-LOAD, 2023-07-21T23:01:23.087, ubuntu22-c, mtd-zk-1, 0.616728
EXP-LOAD, 2023-07-21T23:01:33.255, ubuntu22-c, mtd-zk-1, 0.616728
EXP-LOAD, 2023-07-21T23:01:43.360, ubuntu22-c, mtd-zk-1, 0.641638
EXP-LOAD, 2023-07-21T23:01:49.552, ubuntu22-c, mtd-zk-1, 0.633613
EXP-LOAD, 2023-07-21T23:01:59.153, ubuntu22-c, mtd-zk-1, 0.633613
EXP-LOAD, 2023-07-21T23:02:06.936, ubuntu22-c, mtd-zk-1, 0.661607
EXP-LOAD, 2023-07-21T23:02:16.043, ubuntu22-c, mtd-zk-1, 0.661607
EXP-LOAD, 2023-07-21T23:02:26.157, ubuntu22-c, mtd-zk-1, 0.743212
EXP-LEAD, 2023-07-21T23:02:28.173, ubuntu22-c, mtd-zk-1, START
EXP-LEAD, 2023-07-21T23:02:33.693, ubuntu22-c, mtd-zk-1, END
EXP-LOAD, 2023-07-21T23:02:34.778, ubuntu22-c, mtd-zk-1, 0.683454
EXP-LEAD, 2023-07-21T23:02:34.802, ubuntu22-c, mtd-zk-1, START
EXP-LEAD, 2023-07-21T23:02:39.380, ubuntu22-c, mtd-zk-1, END
EXP-LOAD, 2023-07-21T23:02:40.443, ubuntu22-c, mtd-zk-1, 0.683454
EXP-LEAD, 2023-07-21T23:02:41.958, ubuntu22-c, mtd-zk-1, START
EXP-LEAD, 2023-07-21T23:02:50.618, ubuntu22-c, mtd-zk-1, END
EXP-LOAD, 2023-07-21T23:02:51.703, ubuntu22-c, mtd-zk-1, 0.741427
EXP-LEAD, 2023-07-21T23:02:53.045, ubuntu22-c, mtd-zk-1, START
EXP-LEAD, 2023-07-21T23:02:58.573, ubuntu22-c, mtd-zk-1, END
EXP-LOAD, 2023-07-21T23:02:59.630, ubuntu22-c, mtd-zk-1, 0.741427
EXP-LEAD, 2023-07-21T23:03:01.160, ubuntu22-c, mtd-zk-1, START
EXP-LEAD, 2023-07-21T23:03:08.682, ubuntu22-c, mtd-zk-1, END
EXP-LOAD, 2023-07-21T23:03:09.758, ubuntu22-c, mtd-zk-1, 0.681707
EXP-LOAD, 2023-07-21T23:03:18.356, ubuntu22-c, mtd-zk-1, 0.681707
EXP-LEAD, 2023-07-21T23:03:19.418, ubuntu22-c, mtd-zk-1, START
EXP-LEAD, 2023-07-21T23:03:27.999, ubuntu22-c, mtd-zk-1, END
EXP-LOAD, 2023-07-21T23:03:29.067, ubuntu22-c, mtd-zk-1, 0.641805
EXP-LOAD, 2023-07-21T23:03:38.628, ubuntu22-c, mtd-zk-1, 0.653337
EXP-LOAD, 2023-07-21T23:03:48.774, ubuntu22-c, mtd-zk-1, 0.653337
EXP-LOAD, 2023-07-21T23:03:58.418, ubuntu22-c, mtd-zk-1, 0.531640
EXP-LOAD, 2023-07-21T23:04:07.569, ubuntu22-c, mtd-zk-1, 0.662012
EXP-LOAD, 2023-07-21T23:04:15.722, ubuntu22-c, mtd-zk-1, 0.662012
EXP-LEAD, 2023-07-21T23:04:18.732, ubuntu22-c, mtd-zk-1, START
EXP-LEAD, 2023-07-21T23:04:24.318, ubuntu22-c, mtd-zk-1, END
EXP-LOAD, 2023-07-21T23:04:25.399, ubuntu22-c, mtd-zk-1, 0.661404
EXP-LOAD, 2023-07-21T23:04:35.947, ubuntu22-c, mtd-zk-1, 0.668716
EXP-LOAD, 2023-07-21T23:04:44.064, ubuntu22-c, mtd-zk-1, 0.668716
EXP-LOAD, 2023-07-21T23:04:55.233, ubuntu22-c, mtd-zk-1, 0.585813
EXP-LEAD, 2023-07-21T23:04:56.271, ubuntu22-c, mtd-zk-1, START
EXP-LEAD, 2023-07-21T23:05:01.809, ubuntu22-c, mtd-zk-1, END
EXP-LOAD, 2023-07-21T23:05:02.853, ubuntu22-c, mtd-zk-1, 0.585813
EXP-LEAD, 2023-07-21T23:05:04.364, ubuntu22-c, mtd-zk-1, START
EXP-LEAD, 2023-07-21T23:05:12.924, ubuntu22-c, mtd-zk-1, END
EXP-LOAD, 2023-07-21T23:05:13.990, ubuntu22-c, mtd-zk-1, 0.703015
EXP-LOAD, 2023-07-21T23:05:22.543, ubuntu22-c, mtd-zk-1, 0.622274
EXP-LOAD, 2023-07-21T23:05:30.704, ubuntu22-c, mtd-zk-1, 0.622274
EXP-LOAD, 2023-07-21T23:05:40.832, ubuntu22-c, mtd-zk-1, 0.651519
EXP-LOAD, 2023-07-21T23:05:49.367, ubuntu22-c, mtd-zk-1, 0.603029
EXP-LEAD, 2023-07-21T23:05:51.473, ubuntu22-c, mtd-zk-1, START
EXP-LEAD, 2023-07-21T23:05:57.014, ubuntu22-c, mtd-zk-1, END
EXP-LOAD, 2023-07-21T23:05:58.070, ubuntu22-c, mtd-zk-1, 0.603029
EXP-LOAD, 2023-07-21T23:06:07.760, ubuntu22-c, mtd-zk-1, 0.719607
EXP-LOAD, 2023-07-21T23:06:16.534, ubuntu22-c, mtd-zk-1, 0.719607
