EXP-LOAD, 2023-07-20T11:40:18.230, ubuntu22-b, mtd-zk-0, 0.571006
EXP-LOAD, 2023-07-20T11:40:27.871, ubuntu22-b, mtd-zk-0, 0.586713
EXP-LEAD, 2023-07-20T11:40:29.861, ubuntu22-b, mtd-zk-0, START
EXP-LEAD, 2023-07-20T11:40:38.702, ubuntu22-b, mtd-zk-0, END
EXP-LOAD, 2023-07-20T11:40:39.804, ubuntu22-b, mtd-zk-0, 0.718427
EXP-LEAD, 2023-07-20T11:40:41.084, ubuntu22-b, mtd-zk-0, START
EXP-LEAD, 2023-07-20T11:40:46.143, ubuntu22-b, mtd-zk-0, END
EXP-LOAD, 2023-07-20T11:40:47.218, ubuntu22-b, mtd-zk-0, 0.718427
EXP-LOAD, 2023-07-20T11:40:55.654, ubuntu22-b, mtd-zk-0, 0.749706
EXP-LEAD, 2023-07-20T11:40:57.859, ubuntu22-b, mtd-zk-0, START
EXP-LEAD, 2023-07-20T11:41:05.917, ubuntu22-b, mtd-zk-0, END
EXP-LOAD, 2023-07-20T11:41:07.044, ubuntu22-b, mtd-zk-0, 0.680805
EXP-LOAD, 2023-07-20T11:41:14.986, ubuntu22-b, mtd-zk-0, 0.680805
EXP-LEAD, 2023-07-20T11:41:17.040, ubuntu22-b, mtd-zk-0, START
EXP-LEAD, 2023-07-20T11:41:23.018, ubuntu22-b, mtd-zk-0, END
EXP-LOAD, 2023-07-20T11:41:23.169, ubuntu22-b, mtd-zk-0, 0.706328
EXP-LEAD, 2023-07-20T11:41:25.258, ubuntu22-b, mtd-zk-0, START
EXP-LEAD, 2023-07-20T11:41:33.038, ubuntu22-b, mtd-zk-0, END
EXP-LOAD, 2023-07-20T11:41:34.090, ubuntu22-b, mtd-zk-0, 0.775217
EXP-LEAD, 2023-07-20T11:41:35.515, ubuntu22-b, mtd-zk-0, START
EXP-LEAD, 2023-07-20T11:41:40.189, ubuntu22-b, mtd-zk-0, END
EXP-LOAD, 2023-07-20T11:41:41.267, ubuntu22-b, mtd-zk-0, 0.775217
EXP-LOAD, 2023-07-20T11:41:53.787, ubuntu22-b, mtd-zk-0, 0.686807
EXP-LEAD, 2023-07-20T11:41:55.811, ubuntu22-b, mtd-zk-0, START
EXP-LEAD, 2023-07-20T11:42:01.620, ubuntu22-b, mtd-zk-0, END
EXP-LOAD, 2023-07-20T11:42:02.718, ubuntu22-b, mtd-zk-0, 0.686807
EXP-LEAD, 2023-07-20T11:42:04.041, ubuntu22-b, mtd-zk-0, START
EXP-LEAD, 2023-07-20T11:42:09.694, ubuntu22-b, mtd-zk-0, END
EXP-LOAD, 2023-07-20T11:42:10.756, ubuntu22-b, mtd-zk-0, 0.625278
EXP-LOAD, 2023-07-20T11:42:20.263, ubuntu22-b, mtd-zk-0, 0.682312
EXP-LOAD, 2023-07-20T11:42:27.522, ubuntu22-b, mtd-zk-0, 0.682312
EXP-LOAD, 2023-07-20T11:42:35.629, ubuntu22-b, mtd-zk-0, 0.781604
EXP-LEAD, 2023-07-20T11:42:37.699, ubuntu22-b, mtd-zk-0, START
EXP-LEAD, 2023-07-20T11:42:42.394, ubuntu22-b, mtd-zk-0, END
EXP-LOAD, 2023-07-20T11:42:43.479, ubuntu22-b, mtd-zk-0, 0.781604
EXP-LOAD, 2023-07-20T11:42:53.934, ubuntu22-b, mtd-zk-0, 0.703111
EXP-LOAD, 2023-07-20T11:43:02.123, ubuntu22-b, mtd-zk-0, 0.703111
EXP-LEAD, 2023-07-20T11:43:03.271, ubuntu22-b, mtd-zk-0, START
EXP-LEAD, 2023-07-20T11:43:07.945, ubuntu22-b, mtd-zk-0, END
EXP-LOAD, 2023-07-20T11:43:09.023, ubuntu22-b, mtd-zk-0, 0.637240
EXP-LEAD, 2023-07-20T11:43:11.411, ubuntu22-b, mtd-zk-0, START
EXP-LEAD, 2023-07-20T11:43:19.311, ubuntu22-b, mtd-zk-0, END
EXP-LOAD, 2023-07-20T11:43:20.366, ubuntu22-b, mtd-zk-0, 0.705018
EXP-LEAD, 2023-07-20T11:43:22.557, ubuntu22-b, mtd-zk-0, START
EXP-LEAD, 2023-07-20T11:43:28.220, ubuntu22-b, mtd-zk-0, END
EXP-LOAD, 2023-07-20T11:43:29.281, ubuntu22-b, mtd-zk-0, 0.705018
EXP-LOAD, 2023-07-20T11:43:37.832, ubuntu22-b, mtd-zk-0, 0.662046
EXP-LEAD, 2023-07-20T11:43:38.873, ubuntu22-b, mtd-zk-0, START
EXP-LEAD, 2023-07-20T11:43:46.700, ubuntu22-b, mtd-zk-0, END
EXP-LOAD, 2023-07-20T11:43:47.754, ubuntu22-b, mtd-zk-0, 0.662046
EXP-LOAD, 2023-07-20T11:43:55.091, ubuntu22-b, mtd-zk-0, 0.678817
EXP-LOAD, 2023-07-20T11:44:06.244, ubuntu22-b, mtd-zk-0, 0.596402
EXP-LOAD, 2023-07-20T11:44:12.419, ubuntu22-b, mtd-zk-0, 0.596402
EXP-LOAD, 2023-07-20T11:44:24.669, ubuntu22-b, mtd-zk-0, 0.713011
EXP-LOAD, 2023-07-20T11:44:33.772, ubuntu22-b, mtd-zk-0, 0.713011
EXP-LOAD, 2023-07-20T11:44:43.885, ubuntu22-b, mtd-zk-0, 0.708021
EXP-LOAD, 2023-07-20T11:44:51.725, ubuntu22-b, mtd-zk-0, 0.656391
EXP-LOAD, 2023-07-20T11:45:01.867, ubuntu22-b, mtd-zk-0, 0.656391
EXP-LOAD, 2023-07-20T11:45:10.056, ubuntu22-b, mtd-zk-0, 0.690221
EXP-LOAD, 2023-07-20T11:45:23.315, ubuntu22-b, mtd-zk-0, 0.687035
EXP-LOAD, 2023-07-20T11:45:32.452, ubuntu22-b, mtd-zk-0, 0.687035
EXP-LOAD, 2023-07-20T11:45:39.623, ubuntu22-b, mtd-zk-0, 0.657620
EXP-LOAD, 2023-07-20T11:45:52.681, ubuntu22-b, mtd-zk-0, 0.661308
EXP-LOAD, 2023-07-20T11:45:58.825, ubuntu22-b, mtd-zk-0, 0.661308
EXP-LOAD, 2023-07-20T11:46:11.124, ubuntu22-b, mtd-zk-0, 0.617417
EXP-LOAD, 2023-07-20T11:46:18.059, ubuntu22-b, mtd-zk-0, 0.617417
EXP-LOAD, 2023-07-20T11:46:26.214, ubuntu22-b, mtd-zk-0, 0.736206
EXP-LOAD, 2023-07-20T11:46:32.261, ubuntu22-b, mtd-zk-0, 0.736206
EXP-LOAD, 2023-07-20T11:46:42.409, ubuntu22-b, mtd-zk-0, 0.704824
EXP-LOAD, 2023-07-20T11:46:51.611, ubuntu22-b, mtd-zk-0, 0.701809
EXP-LEAD, 2023-07-20T11:46:53.088, ubuntu22-b, mtd-zk-0, START
EXP-LEAD, 2023-07-20T11:47:00.892, ubuntu22-b, mtd-zk-0, END
EXP-LOAD, 2023-07-20T11:47:01.944, ubuntu22-b, mtd-zk-0, 0.701809
EXP-LOAD, 2023-07-20T11:47:09.308, ubuntu22-b, mtd-zk-0, 0.665935
EXP-LOAD, 2023-07-20T11:47:18.455, ubuntu22-b, mtd-zk-0, 0.665935
EXP-LEAD, 2023-07-20T11:47:20.380, ubuntu22-b, mtd-zk-0, START
EXP-LEAD, 2023-07-20T11:47:24.912, ubuntu22-b, mtd-zk-0, END
EXP-LOAD, 2023-07-20T11:47:25.999, ubuntu22-b, mtd-zk-0, 0.658805
EXP-LEAD, 2023-07-20T11:47:27.518, ubuntu22-b, mtd-zk-0, START
EXP-LEAD, 2023-07-20T11:47:36.306, ubuntu22-b, mtd-zk-0, END
EXP-LOAD, 2023-07-20T11:47:37.397, ubuntu22-b, mtd-zk-0, 0.748830
EXP-LOAD, 2023-07-20T11:47:45.522, ubuntu22-b, mtd-zk-0, 0.748830
EXP-LOAD, 2023-07-20T11:47:54.709, ubuntu22-b, mtd-zk-0, 0.670415
EXP-LOAD, 2023-07-20T11:48:02.763, ubuntu22-b, mtd-zk-0, 0.670415
EXP-LOAD, 2023-07-20T11:48:12.901, ubuntu22-b, mtd-zk-0, 0.676911
EXP-LEAD, 2023-07-20T11:48:13.932, ubuntu22-b, mtd-zk-0, START
EXP-LEAD, 2023-07-20T11:48:19.698, ubuntu22-b, mtd-zk-0, END
EXP-LOAD, 2023-07-20T11:48:20.771, ubuntu22-b, mtd-zk-0, 0.701611
EXP-LEAD, 2023-07-20T11:48:22.052, ubuntu22-b, mtd-zk-0, START
EXP-LEAD, 2023-07-20T11:48:31.786, ubuntu22-b, mtd-zk-0, END
EXP-LOAD, 2023-07-20T11:48:32.890, ubuntu22-b, mtd-zk-0, 0.701611
EXP-LOAD, 2023-07-20T11:48:41.230, ubuntu22-b, mtd-zk-0, 0.732210
EXP-LOAD, 2023-07-20T11:48:48.365, ubuntu22-b, mtd-zk-0, 0.732210
EXP-LOAD, 2023-07-20T11:48:55.995, ubuntu22-b, mtd-zk-0, 0.634007
EXP-LOAD, 2023-07-20T11:49:07.133, ubuntu22-b, mtd-zk-0, 0.656595
EXP-LOAD, 2023-07-20T11:49:14.253, ubuntu22-b, mtd-zk-0, 0.656595
EXP-LOAD, 2023-07-20T11:49:26.415, ubuntu22-b, mtd-zk-0, 0.642809
EXP-LOAD, 2023-07-20T11:49:35.184, ubuntu22-b, mtd-zk-0, 0.704414
EXP-LOAD, 2023-07-20T11:49:46.350, ubuntu22-b, mtd-zk-0, 0.704414
EXP-LOAD, 2023-07-20T11:49:53.457, ubuntu22-b, mtd-zk-0, 0.678404
EXP-LOAD, 2023-07-20T11:50:02.285, ubuntu22-b, mtd-zk-0, 0.678404
EXP-LOAD, 2023-07-20T11:50:13.518, ubuntu22-b, mtd-zk-0, 0.642338
EXP-LOAD, 2023-07-20T11:50:21.576, ubuntu22-b, mtd-zk-0, 0.710811
EXP-LOAD, 2023-07-20T11:50:29.262, ubuntu22-b, mtd-zk-0, 0.710811
EXP-LOAD, 2023-07-20T11:50:36.428, ubuntu22-b, mtd-zk-0, 0.682404
EXP-LOAD, 2023-07-20T11:50:47.526, ubuntu22-b, mtd-zk-0, 0.682404
EXP-LOAD, 2023-07-20T11:50:55.442, ubuntu22-b, mtd-zk-0, 0.689213
EXP-LEAD, 2023-07-20T11:50:56.970, ubuntu22-b, mtd-zk-0, START
EXP-LEAD, 2023-07-20T11:51:02.615, ubuntu22-b, mtd-zk-0, END
EXP-LOAD, 2023-07-20T11:51:03.681, ubuntu22-b, mtd-zk-0, 0.689213
EXP-LEAD, 2023-07-20T11:51:04.056, ubuntu22-b, mtd-zk-0, START
EXP-LEAD, 2023-07-20T11:51:08.622, ubuntu22-b, mtd-zk-0, END
EXP-LOAD, 2023-07-20T11:51:09.662, ubuntu22-b, mtd-zk-0, 0.662012
EXP-LEAD, 2023-07-20T11:51:12.176, ubuntu22-b, mtd-zk-0, START
EXP-LEAD, 2023-07-20T11:51:20.896, ubuntu22-b, mtd-zk-0, END
EXP-LOAD, 2023-07-20T11:51:21.950, ubuntu22-b, mtd-zk-0, 0.654406
EXP-LEAD, 2023-07-20T11:51:22.315, ubuntu22-b, mtd-zk-0, START
EXP-LEAD, 2023-07-20T11:51:27.068, ubuntu22-b, mtd-zk-0, END
EXP-LOAD, 2023-07-20T11:51:28.113, ubuntu22-b, mtd-zk-0, 0.654406
EXP-LEAD, 2023-07-20T11:51:28.148, ubuntu22-b, mtd-zk-0, START
EXP-LEAD, 2023-07-20T11:51:33.670, ubuntu22-b, mtd-zk-0, END
EXP-LOAD, 2023-07-20T11:51:34.721, ubuntu22-b, mtd-zk-0, 0.718817
EXP-LEAD, 2023-07-20T11:51:36.290, ubuntu22-b, mtd-zk-0, START
EXP-LEAD, 2023-07-20T11:51:45.020, ubuntu22-b, mtd-zk-0, END
EXP-LOAD, 2023-07-20T11:51:46.076, ubuntu22-b, mtd-zk-0, 0.718817
EXP-LOAD, 2023-07-20T11:51:53.435, ubuntu22-b, mtd-zk-0, 0.698411
EXP-LOAD, 2023-07-20T11:52:00.604, ubuntu22-b, mtd-zk-0, 0.698411
EXP-LOAD, 2023-07-20T11:52:08.717, ubuntu22-b, mtd-zk-0, 0.672907
EXP-LOAD, 2023-07-20T11:52:17.798, ubuntu22-b, mtd-zk-0, 0.672907
EXP-LEAD, 2023-07-20T11:52:18.834, ubuntu22-b, mtd-zk-0, START
EXP-LEAD, 2023-07-20T11:52:23.304, ubuntu22-b, mtd-zk-0, END
EXP-LOAD, 2023-07-20T11:52:24.364, ubuntu22-b, mtd-zk-0, 0.655836
EXP-LOAD, 2023-07-20T11:52:34.072, ubuntu22-b, mtd-zk-0, 0.666621
EXP-LEAD, 2023-07-20T11:52:36.140, ubuntu22-b, mtd-zk-0, START
EXP-LEAD, 2023-07-20T11:52:40.664, ubuntu22-b, mtd-zk-0, END
EXP-LOAD, 2023-07-20T11:52:41.749, ubuntu22-b, mtd-zk-0, 0.666621
EXP-LEAD, 2023-07-20T11:52:43.231, ubuntu22-b, mtd-zk-0, START
EXP-LEAD, 2023-07-20T11:52:51.001, ubuntu22-b, mtd-zk-0, END
EXP-LOAD, 2023-07-20T11:52:52.077, ubuntu22-b, mtd-zk-0, 0.686003
EXP-LEAD, 2023-07-20T11:52:52.330, ubuntu22-b, mtd-zk-0, START
EXP-LEAD, 2023-07-20T11:52:56.896, ubuntu22-b, mtd-zk-0, END
EXP-LOAD, 2023-07-20T11:52:57.950, ubuntu22-b, mtd-zk-0, 0.686003
EXP-LEAD, 2023-07-20T11:52:58.479, ubuntu22-b, mtd-zk-0, START
EXP-LEAD, 2023-07-20T11:53:07.204, ubuntu22-b, mtd-zk-0, END
EXP-LOAD, 2023-07-20T11:53:08.252, ubuntu22-b, mtd-zk-0, 0.698210
EXP-LOAD, 2023-07-20T11:53:16.661, ubuntu22-b, mtd-zk-0, 0.698210
EXP-LOAD, 2023-07-20T11:53:22.791, ubuntu22-b, mtd-zk-0, 0.638006
EXP-LOAD, 2023-07-20T11:53:34.929, ubuntu22-b, mtd-zk-0, 0.705825
EXP-LOAD, 2023-07-20T11:53:43.036, ubuntu22-b, mtd-zk-0, 0.705825
EXP-LOAD, 2023-07-20T11:53:54.143, ubuntu22-b, mtd-zk-0, 0.647605
EXP-LOAD, 2023-07-20T11:54:02.332, ubuntu22-b, mtd-zk-0, 0.647605
EXP-LEAD, 2023-07-20T11:54:03.392, ubuntu22-b, mtd-zk-0, START
EXP-LEAD, 2023-07-20T11:54:09.087, ubuntu22-b, mtd-zk-0, END
EXP-LOAD, 2023-07-20T11:54:10.225, ubuntu22-b, mtd-zk-0, 0.701715
EXP-LOAD, 2023-07-20T11:54:20.595, ubuntu22-b, mtd-zk-0, 0.685639
EXP-LOAD, 2023-07-20T11:54:28.753, ubuntu22-b, mtd-zk-0, 0.685639
EXP-LOAD, 2023-07-20T11:54:36.905, ubuntu22-b, mtd-zk-0, 0.701728
EXP-LOAD, 2023-07-20T11:54:45.027, ubuntu22-b, mtd-zk-0, 0.701728
EXP-LOAD, 2023-07-20T11:54:56.114, ubuntu22-b, mtd-zk-0, 0.699011
EXP-LEAD, 2023-07-20T11:54:57.161, ubuntu22-b, mtd-zk-0, START
EXP-LEAD, 2023-07-20T11:55:01.791, ubuntu22-b, mtd-zk-0, END
EXP-LOAD, 2023-07-20T11:55:02.882, ubuntu22-b, mtd-zk-0, 0.699011
EXP-LOAD, 2023-07-20T11:55:15.111, ubuntu22-b, mtd-zk-0, 0.672810
EXP-LOAD, 2023-07-20T11:55:24.085, ubuntu22-b, mtd-zk-0, 0.626010
EXP-LOAD, 2023-07-20T11:55:31.223, ubuntu22-b, mtd-zk-0, 0.626010
EXP-LOAD, 2023-07-20T11:55:43.317, ubuntu22-b, mtd-zk-0, 0.695213
EXP-LEAD, 2023-07-20T11:55:44.380, ubuntu22-b, mtd-zk-0, START
EXP-LEAD, 2023-07-20T11:55:48.887, ubuntu22-b, mtd-zk-0, END
EXP-LOAD, 2023-07-20T11:55:49.943, ubuntu22-b, mtd-zk-0, 0.704040
EXP-LOAD, 2023-07-20T11:56:00.515, ubuntu22-b, mtd-zk-0, 0.704040
EXP-LOAD, 2023-07-20T11:56:06.619, ubuntu22-b, mtd-zk-0, 0.672916
EXP-LEAD, 2023-07-20T11:56:09.636, ubuntu22-b, mtd-zk-0, START
EXP-LEAD, 2023-07-20T11:56:16.178, ubuntu22-b, mtd-zk-0, END
EXP-LOAD, 2023-07-20T11:56:17.247, ubuntu22-b, mtd-zk-0, 0.672916
EXP-LOAD, 2023-07-20T11:56:23.825, ubuntu22-b, mtd-zk-0, 0.691620
EXP-LEAD, 2023-07-20T11:56:24.901, ubuntu22-b, mtd-zk-0, START
EXP-LEAD, 2023-07-20T11:56:30.525, ubuntu22-b, mtd-zk-0, END
EXP-LOAD, 2023-07-20T11:56:31.584, ubuntu22-b, mtd-zk-0, 0.691620
EXP-LEAD, 2023-07-20T11:56:33.066, ubuntu22-b, mtd-zk-0, START
EXP-LEAD, 2023-07-20T11:56:41.704, ubuntu22-b, mtd-zk-0, END
EXP-LOAD, 2023-07-20T11:56:42.764, ubuntu22-b, mtd-zk-0, 0.675108
EXP-LOAD, 2023-07-20T11:56:50.258, ubuntu22-b, mtd-zk-0, 0.739006
EXP-LEAD, 2023-07-20T11:56:52.302, ubuntu22-b, mtd-zk-0, START
EXP-LEAD, 2023-07-20T11:57:01.043, ubuntu22-b, mtd-zk-0, END
EXP-LOAD, 2023-07-20T11:57:02.132, ubuntu22-b, mtd-zk-0, 0.739006
EXP-LOAD, 2023-07-20T11:57:08.516, ubuntu22-b, mtd-zk-0, 0.693433
EXP-LOAD, 2023-07-20T11:57:18.656, ubuntu22-b, mtd-zk-0, 0.693433
EXP-LOAD, 2023-07-20T11:57:26.743, ubuntu22-b, mtd-zk-0, 0.735425
EXP-LOAD, 2023-07-20T11:57:34.948, ubuntu22-b, mtd-zk-0, 0.618960
EXP-LEAD, 2023-07-20T11:57:37.947, ubuntu22-b, mtd-zk-0, START
EXP-LEAD, 2023-07-20T11:57:45.585, ubuntu22-b, mtd-zk-0, END
EXP-LOAD, 2023-07-20T11:57:46.645, ubuntu22-b, mtd-zk-0, 0.618960
EXP-LOAD, 2023-07-20T11:57:54.808, ubuntu22-b, mtd-zk-0, 0.719809
EXP-LEAD, 2023-07-20T11:57:54.874, ubuntu22-b, mtd-zk-0, START
EXP-LEAD, 2023-07-20T11:57:59.431, ubuntu22-b, mtd-zk-0, END
EXP-LOAD, 2023-07-20T11:58:00.473, ubuntu22-b, mtd-zk-0, 0.719809
EXP-LEAD, 2023-07-20T11:58:00.979, ubuntu22-b, mtd-zk-0, START
EXP-LEAD, 2023-07-20T11:58:09.951, ubuntu22-b, mtd-zk-0, END
EXP-LOAD, 2023-07-20T11:58:11.022, ubuntu22-b, mtd-zk-0, 0.642611
EXP-LEAD, 2023-07-20T11:58:12.079, ubuntu22-b, mtd-zk-0, START
EXP-LEAD, 2023-07-20T11:58:17.599, ubuntu22-b, mtd-zk-0, END
EXP-LOAD, 2023-07-20T11:58:18.651, ubuntu22-b, mtd-zk-0, 0.642611
EXP-LOAD, 2023-07-20T11:58:27.302, ubuntu22-b, mtd-zk-0, 0.681204
EXP-LEAD, 2023-07-20T11:58:29.332, ubuntu22-b, mtd-zk-0, START
EXP-LEAD, 2023-07-20T11:58:37.023, ubuntu22-b, mtd-zk-0, END
EXP-LOAD, 2023-07-20T11:58:38.101, ubuntu22-b, mtd-zk-0, 0.658217
EXP-LEAD, 2023-07-20T11:58:39.422, ubuntu22-b, mtd-zk-0, START
EXP-LEAD, 2023-07-20T11:58:44.918, ubuntu22-b, mtd-zk-0, END
EXP-LOAD, 2023-07-20T11:58:45.952, ubuntu22-b, mtd-zk-0, 0.658217
EXP-LEAD, 2023-07-20T11:58:46.539, ubuntu22-b, mtd-zk-0, START
EXP-LEAD, 2023-07-20T11:58:53.330, ubuntu22-b, mtd-zk-0, END
EXP-LOAD, 2023-07-20T11:58:54.383, ubuntu22-b, mtd-zk-0, 0.653525
EXP-LEAD, 2023-07-20T11:58:56.677, ubuntu22-b, mtd-zk-0, START
EXP-LEAD, 2023-07-20T11:59:05.365, ubuntu22-b, mtd-zk-0, END
EXP-LOAD, 2023-07-20T11:59:06.429, ubuntu22-b, mtd-zk-0, 0.715808
EXP-LEAD, 2023-07-20T11:59:06.777, ubuntu22-b, mtd-zk-0, START
EXP-LEAD, 2023-07-20T11:59:12.754, ubuntu22-b, mtd-zk-0, END
EXP-LOAD, 2023-07-20T11:59:13.830, ubuntu22-b, mtd-zk-0, 0.715808
EXP-LOAD, 2023-07-20T11:59:21.032, ubuntu22-b, mtd-zk-0, 0.658005
EXP-LOAD, 2023-07-20T11:59:32.098, ubuntu22-b, mtd-zk-0, 0.658005
EXP-LOAD, 2023-07-20T11:59:39.194, ubuntu22-b, mtd-zk-0, 0.698209
EXP-LEAD, 2023-07-20T11:59:42.268, ubuntu22-b, mtd-zk-0, START
EXP-LEAD, 2023-07-20T11:59:49.916, ubuntu22-b, mtd-zk-0, END
EXP-LOAD, 2023-07-20T11:59:50.963, ubuntu22-b, mtd-zk-0, 0.705907
EXP-LOAD, 2023-07-20T11:59:57.454, ubuntu22-b, mtd-zk-0, 0.705907
EXP-LOAD, 2023-07-20T12:00:06.536, ubuntu22-b, mtd-zk-0, 0.672386
EXP-LOAD, 2023-07-20T12:00:12.671, ubuntu22-b, mtd-zk-0, 0.672386
EXP-LOAD, 2023-07-20T12:00:24.828, ubuntu22-b, mtd-zk-0, 0.743614
EXP-LOAD, 2023-07-20T12:00:32.925, ubuntu22-b, mtd-zk-0, 0.743614
EXP-LOAD, 2023-07-20T12:00:39.627, ubuntu22-b, mtd-zk-0, 0.702023
EXP-LEAD, 2023-07-20T12:00:41.662, ubuntu22-b, mtd-zk-0, START
EXP-LEAD, 2023-07-20T12:00:50.153, ubuntu22-b, mtd-zk-0, END
EXP-LOAD, 2023-07-20T12:00:51.199, ubuntu22-b, mtd-zk-0, 0.676836
EXP-LOAD, 2023-07-20T12:00:57.838, ubuntu22-b, mtd-zk-0, 0.676836
EXP-LOAD, 2023-07-20T12:01:08.951, ubuntu22-b, mtd-zk-0, 0.702005
EXP-LEAD, 2023-07-20T12:01:11.011, ubuntu22-b, mtd-zk-0, START
EXP-LEAD, 2023-07-20T12:01:15.470, ubuntu22-b, mtd-zk-0, END
EXP-LOAD, 2023-07-20T12:01:16.545, ubuntu22-b, mtd-zk-0, 0.702005
EXP-LOAD, 2023-07-20T12:01:25.274, ubuntu22-b, mtd-zk-0, 0.689108
EXP-LOAD, 2023-07-20T12:01:36.918, ubuntu22-b, mtd-zk-0, 0.679625
EXP-LOAD, 2023-07-20T12:01:43.954, ubuntu22-b, mtd-zk-0, 0.679625
EXP-LEAD, 2023-07-20T12:01:45.993, ubuntu22-b, mtd-zk-0, START
EXP-LEAD, 2023-07-20T12:01:53.567, ubuntu22-b, mtd-zk-0, END
EXP-LOAD, 2023-07-20T12:01:54.632, ubuntu22-b, mtd-zk-0, 0.696915
EXP-LEAD, 2023-07-20T12:01:56.077, ubuntu22-b, mtd-zk-0, START
EXP-LEAD, 2023-07-20T12:02:02.701, ubuntu22-b, mtd-zk-0, END
EXP-LOAD, 2023-07-20T12:02:03.764, ubuntu22-b, mtd-zk-0, 0.696915
EXP-LEAD, 2023-07-20T12:02:04.185, ubuntu22-b, mtd-zk-0, START
EXP-LEAD, 2023-07-20T12:02:12.916, ubuntu22-b, mtd-zk-0, END
EXP-LOAD, 2023-07-20T12:02:13.956, ubuntu22-b, mtd-zk-0, 0.681475
EXP-LEAD, 2023-07-20T12:02:14.314, ubuntu22-b, mtd-zk-0, START
EXP-LEAD, 2023-07-20T12:02:18.940, ubuntu22-b, mtd-zk-0, END
EXP-LOAD, 2023-07-20T12:02:20.022, ubuntu22-b, mtd-zk-0, 0.715314
EXP-LOAD, 2023-07-20T12:02:28.466, ubuntu22-b, mtd-zk-0, 0.715314
EXP-LEAD, 2023-07-20T12:02:30.515, ubuntu22-b, mtd-zk-0, START
EXP-LEAD, 2023-07-20T12:02:39.119, ubuntu22-b, mtd-zk-0, END
EXP-LOAD, 2023-07-20T12:02:40.166, ubuntu22-b, mtd-zk-0, 0.655607
EXP-LOAD, 2023-07-20T12:02:48.233, ubuntu22-b, mtd-zk-0, 0.655607
EXP-LOAD, 2023-07-20T12:02:56.365, ubuntu22-b, mtd-zk-0, 0.663420
EXP-LEAD, 2023-07-20T12:02:57.931, ubuntu22-b, mtd-zk-0, START
EXP-LEAD, 2023-07-20T12:03:03.521, ubuntu22-b, mtd-zk-0, END
EXP-LOAD, 2023-07-20T12:03:04.564, ubuntu22-b, mtd-zk-0, 0.712607
EXP-LOAD, 2023-07-20T12:03:12.143, ubuntu22-b, mtd-zk-0, 0.712607
EXP-LEAD, 2023-07-20T12:03:13.206, ubuntu22-b, mtd-zk-0, START
EXP-LEAD, 2023-07-20T12:03:21.865, ubuntu22-b, mtd-zk-0, END
EXP-LOAD, 2023-07-20T12:03:22.909, ubuntu22-b, mtd-zk-0, 0.712515
EXP-LEAD, 2023-07-20T12:03:24.332, ubuntu22-b, mtd-zk-0, START
EXP-LEAD, 2023-07-20T12:03:28.863, ubuntu22-b, mtd-zk-0, END
EXP-LOAD, 2023-07-20T12:03:29.908, ubuntu22-b, mtd-zk-0, 0.712515
EXP-LOAD, 2023-07-20T12:03:39.457, ubuntu22-b, mtd-zk-0, 0.654605
EXP-LEAD, 2023-07-20T12:03:40.508, ubuntu22-b, mtd-zk-0, START
EXP-LEAD, 2023-07-20T12:03:45.059, ubuntu22-b, mtd-zk-0, END
EXP-LOAD, 2023-07-20T12:03:46.228, ubuntu22-b, mtd-zk-0, 0.654605
EXP-LOAD, 2023-07-20T12:03:56.793, ubuntu22-b, mtd-zk-0, 0.640111
EXP-LEAD, 2023-07-20T12:03:58.753, ubuntu22-b, mtd-zk-0, START
EXP-LEAD, 2023-07-20T12:04:03.272, ubuntu22-b, mtd-zk-0, END
EXP-LOAD, 2023-07-20T12:04:04.329, ubuntu22-b, mtd-zk-0, 0.661403
EXP-LOAD, 2023-07-20T12:04:14.920, ubuntu22-b, mtd-zk-0, 0.661403
EXP-LOAD, 2023-07-20T12:04:23.027, ubuntu22-b, mtd-zk-0, 0.699823
EXP-LOAD, 2023-07-20T12:04:31.126, ubuntu22-b, mtd-zk-0, 0.699823
EXP-LOAD, 2023-07-20T12:04:39.275, ubuntu22-b, mtd-zk-0, 0.641605
EXP-LEAD, 2023-07-20T12:04:41.819, ubuntu22-b, mtd-zk-0, START
EXP-LEAD, 2023-07-20T12:04:47.322, ubuntu22-b, mtd-zk-0, END
EXP-LOAD, 2023-07-20T12:04:48.411, ubuntu22-b, mtd-zk-0, 0.641605
EXP-LOAD, 2023-07-20T12:04:56.040, ubuntu22-b, mtd-zk-0, 0.634017
EXP-LOAD, 2023-07-20T12:05:06.191, ubuntu22-b, mtd-zk-0, 0.640225
EXP-LOAD, 2023-07-20T12:05:14.280, ubuntu22-b, mtd-zk-0, 0.640225
EXP-LOAD, 2023-07-20T12:05:22.410, ubuntu22-b, mtd-zk-0, 0.678443
EXP-LOAD, 2023-07-20T12:05:33.525, ubuntu22-b, mtd-zk-0, 0.678443
EXP-LOAD, 2023-07-20T12:05:40.623, ubuntu22-b, mtd-zk-0, 0.673416
EXP-LOAD, 2023-07-20T12:05:49.123, ubuntu22-b, mtd-zk-0, 0.673743
EXP-LOAD, 2023-07-20T12:05:56.839, ubuntu22-b, mtd-zk-0, 0.673743
EXP-LOAD, 2023-07-20T12:06:07.905, ubuntu22-b, mtd-zk-0, 0.683410
EXP-LOAD, 2023-07-20T12:06:15.058, ubuntu22-b, mtd-zk-0, 0.683410
EXP-LOAD, 2023-07-20T12:06:24.129, ubuntu22-b, mtd-zk-0, 0.713435
EXP-LOAD, 2023-07-20T12:06:31.228, ubuntu22-b, mtd-zk-0, 0.713435
EXP-LOAD, 2023-07-20T12:06:43.360, ubuntu22-b, mtd-zk-0, 0.604608
EXP-LOAD, 2023-07-20T12:06:51.458, ubuntu22-b, mtd-zk-0, 0.684210
EXP-LEAD, 2023-07-20T12:06:52.491, ubuntu22-b, mtd-zk-0, START
EXP-LEAD, 2023-07-20T12:06:58.061, ubuntu22-b, mtd-zk-0, END
EXP-LOAD, 2023-07-20T12:06:59.118, ubuntu22-b, mtd-zk-0, 0.684210
EXP-LOAD, 2023-07-20T12:07:07.688, ubuntu22-b, mtd-zk-0, 0.648203
EXP-LOAD, 2023-07-20T12:07:15.788, ubuntu22-b, mtd-zk-0, 0.648203
EXP-LOAD, 2023-07-20T12:07:24.357, ubuntu22-b, mtd-zk-0, 0.680427
EXP-LOAD, 2023-07-20T12:07:32.622, ubuntu22-b, mtd-zk-0, 0.680427
EXP-LEAD, 2023-07-20T12:07:33.656, ubuntu22-b, mtd-zk-0, START
EXP-LEAD, 2023-07-20T12:07:38.312, ubuntu22-b, mtd-zk-0, END
EXP-LOAD, 2023-07-20T12:07:39.367, ubuntu22-b, mtd-zk-0, 0.696205
EXP-LOAD, 2023-07-20T12:07:49.874, ubuntu22-b, mtd-zk-0, 0.672913
EXP-LOAD, 2023-07-20T12:07:59.010, ubuntu22-b, mtd-zk-0, 0.672913
EXP-LOAD, 2023-07-20T12:08:10.179, ubuntu22-b, mtd-zk-0, 0.644203
EXP-LEAD, 2023-07-20T12:08:11.225, ubuntu22-b, mtd-zk-0, START
EXP-LEAD, 2023-07-20T12:08:16.778, ubuntu22-b, mtd-zk-0, END
EXP-LOAD, 2023-07-20T12:08:17.829, ubuntu22-b, mtd-zk-0, 0.644203
EXP-LOAD, 2023-07-20T12:08:26.373, ubuntu22-b, mtd-zk-0, 0.702023
EXP-LEAD, 2023-07-20T12:08:28.419, ubuntu22-b, mtd-zk-0, START
EXP-LEAD, 2023-07-20T12:08:33.932, ubuntu22-b, mtd-zk-0, END
EXP-LOAD, 2023-07-20T12:08:34.993, ubuntu22-b, mtd-zk-0, 0.680502
EXP-LOAD, 2023-07-20T12:08:43.736, ubuntu22-b, mtd-zk-0, 0.680502
EXP-LEAD, 2023-07-20T12:08:44.747, ubuntu22-b, mtd-zk-0, START
EXP-LEAD, 2023-07-20T12:08:49.274, ubuntu22-b, mtd-zk-0, END
EXP-LOAD, 2023-07-20T12:08:50.345, ubuntu22-b, mtd-zk-0, 0.720206
EXP-LOAD, 2023-07-20T12:08:57.893, ubuntu22-b, mtd-zk-0, 0.720206
EXP-LOAD, 2023-07-20T12:09:05.006, ubuntu22-b, mtd-zk-0, 0.694809
EXP-LEAD, 2023-07-20T12:09:06.040, ubuntu22-b, mtd-zk-0, START
EXP-LEAD, 2023-07-20T12:09:14.680, ubuntu22-b, mtd-zk-0, END
EXP-LOAD, 2023-07-20T12:09:15.747, ubuntu22-b, mtd-zk-0, 0.694809
EXP-LOAD, 2023-07-20T12:09:23.370, ubuntu22-b, mtd-zk-0, 0.644827
EXP-LOAD, 2023-07-20T12:09:32.517, ubuntu22-b, mtd-zk-0, 0.644827
EXP-LOAD, 2023-07-20T12:09:40.574, ubuntu22-b, mtd-zk-0, 0.746811
EXP-LEAD, 2023-07-20T12:09:42.638, ubuntu22-b, mtd-zk-0, START
EXP-LEAD, 2023-07-20T12:09:48.223, ubuntu22-b, mtd-zk-0, END
EXP-LOAD, 2023-07-20T12:09:49.276, ubuntu22-b, mtd-zk-0, 0.669631
EXP-LOAD, 2023-07-20T12:09:57.818, ubuntu22-b, mtd-zk-0, 0.669631
EXP-LOAD, 2023-07-20T12:10:07.528, ubuntu22-b, mtd-zk-0, 0.673211
EXP-LOAD, 2023-07-20T12:10:16.665, ubuntu22-b, mtd-zk-0, 0.673211
EXP-LOAD, 2023-07-20T12:10:23.993, ubuntu22-b, mtd-zk-0, 0.701622
EXP-LOAD, 2023-07-20T12:10:37.164, ubuntu22-b, mtd-zk-0, 0.705013
EXP-LEAD, 2023-07-20T12:10:38.029, ubuntu22-b, mtd-zk-0, START
EXP-LEAD, 2023-07-20T12:10:43.601, ubuntu22-b, mtd-zk-0, END
EXP-LOAD, 2023-07-20T12:10:44.641, ubuntu22-b, mtd-zk-0, 0.705013
EXP-LOAD, 2023-07-20T12:10:52.202, ubuntu22-b, mtd-zk-0, 0.679821
EXP-LEAD, 2023-07-20T12:10:55.245, ubuntu22-b, mtd-zk-0, START
EXP-LEAD, 2023-07-20T12:11:00.818, ubuntu22-b, mtd-zk-0, END
EXP-LOAD, 2023-07-20T12:11:01.875, ubuntu22-b, mtd-zk-0, 0.679821
EXP-LOAD, 2023-07-20T12:11:08.368, ubuntu22-b, mtd-zk-0, 0.663242
EXP-LEAD, 2023-07-20T12:11:09.405, ubuntu22-b, mtd-zk-0, START
EXP-LEAD, 2023-07-20T12:11:17.999, ubuntu22-b, mtd-zk-0, END
EXP-LOAD, 2023-07-20T12:11:19.049, ubuntu22-b, mtd-zk-0, 0.643214
EXP-LOAD, 2023-07-20T12:11:24.576, ubuntu22-b, mtd-zk-0, 0.643214
EXP-LOAD, 2023-07-20T12:11:42.456, ubuntu22-b, mtd-zk-0, 0.739110
EXP-LEAD, 2023-07-20T12:11:44.277, ubuntu22-b, mtd-zk-0, START
EXP-LEAD, 2023-07-20T12:11:49.811, ubuntu22-b, mtd-zk-0, END
EXP-LOAD, 2023-07-20T12:11:50.863, ubuntu22-b, mtd-zk-0, 0.820623
EXP-LOAD, 2023-07-20T12:11:57.974, ubuntu22-b, mtd-zk-0, 0.820623
EXP-LOAD, 2023-07-20T12:12:09.097, ubuntu22-b, mtd-zk-0, 0.656530
EXP-LEAD, 2023-07-20T12:12:10.136, ubuntu22-b, mtd-zk-0, START
EXP-LEAD, 2023-07-20T12:12:15.687, ubuntu22-b, mtd-zk-0, END
EXP-LOAD, 2023-07-20T12:12:16.749, ubuntu22-b, mtd-zk-0, 0.656530
EXP-LOAD, 2023-07-20T12:12:26.313, ubuntu22-b, mtd-zk-0, 0.621266
EXP-LEAD, 2023-07-20T12:12:28.340, ubuntu22-b, mtd-zk-0, START
EXP-LEAD, 2023-07-20T12:12:33.920, ubuntu22-b, mtd-zk-0, END
EXP-LOAD, 2023-07-20T12:12:34.963, ubuntu22-b, mtd-zk-0, 0.722411
EXP-LEAD, 2023-07-20T12:12:36.475, ubuntu22-b, mtd-zk-0, START
EXP-LEAD, 2023-07-20T12:12:46.188, ubuntu22-b, mtd-zk-0, END
EXP-LOAD, 2023-07-20T12:12:47.242, ubuntu22-b, mtd-zk-0, 0.722411
EXP-LEAD, 2023-07-20T12:12:48.566, ubuntu22-b, mtd-zk-0, START
EXP-LEAD, 2023-07-20T12:12:54.031, ubuntu22-b, mtd-zk-0, END
EXP-LOAD, 2023-07-20T12:12:55.071, ubuntu22-b, mtd-zk-0, 0.680396
EXP-LOAD, 2023-07-20T12:13:04.715, ubuntu22-b, mtd-zk-0, 0.621410
EXP-LEAD, 2023-07-20T12:13:04.764, ubuntu22-b, mtd-zk-0, START
EXP-LEAD, 2023-07-20T12:13:13.390, ubuntu22-b, mtd-zk-0, END
EXP-LOAD, 2023-07-20T12:13:14.434, ubuntu22-b, mtd-zk-0, 0.621410
EXP-LOAD, 2023-07-20T12:13:24.973, ubuntu22-b, mtd-zk-0, 0.672509
EXP-LEAD, 2023-07-20T12:13:26.544, ubuntu22-b, mtd-zk-0, START
EXP-LEAD, 2023-07-20T12:13:32.357, ubuntu22-b, mtd-zk-0, END
EXP-LOAD, 2023-07-20T12:13:33.399, ubuntu22-b, mtd-zk-0, 0.672509
EXP-LEAD, 2023-07-20T12:13:34.595, ubuntu22-b, mtd-zk-0, START
EXP-LEAD, 2023-07-20T12:13:43.362, ubuntu22-b, mtd-zk-0, END
EXP-LOAD, 2023-07-20T12:13:44.405, ubuntu22-b, mtd-zk-0, 0.788029
EXP-LEAD, 2023-07-20T12:13:45.719, ubuntu22-b, mtd-zk-0, START
EXP-LEAD, 2023-07-20T12:13:51.306, ubuntu22-b, mtd-zk-0, END
EXP-LOAD, 2023-07-20T12:13:55.370, ubuntu22-b, mtd-zk-0, 0.764432
EXP-LOAD, 2023-07-20T12:14:02.505, ubuntu22-b, mtd-zk-0, 0.764432
EXP-LOAD, 2023-07-20T12:14:12.665, ubuntu22-b, mtd-zk-0, 0.738006
EXP-LEAD, 2023-07-20T12:14:14.751, ubuntu22-b, mtd-zk-0, START
EXP-LEAD, 2023-07-20T12:14:20.304, ubuntu22-b, mtd-zk-0, END
EXP-LOAD, 2023-07-20T12:14:21.354, ubuntu22-b, mtd-zk-0, 0.706122
EXP-LOAD, 2023-07-20T12:14:28.915, ubuntu22-b, mtd-zk-0, 0.706122
EXP-LOAD, 2023-07-20T12:14:39.120, ubuntu22-b, mtd-zk-0, 0.604554
EXP-LOAD, 2023-07-20T12:14:48.205, ubuntu22-b, mtd-zk-0, 0.604554
EXP-LOAD, 2023-07-20T12:14:56.321, ubuntu22-b, mtd-zk-0, 0.699919
EXP-LOAD, 2023-07-20T12:15:05.439, ubuntu22-b, mtd-zk-0, 0.643815
EXP-LOAD, 2023-07-20T12:15:12.627, ubuntu22-b, mtd-zk-0, 0.643815
EXP-LEAD, 2023-07-20T12:15:14.725, ubuntu22-b, mtd-zk-0, START
EXP-LEAD, 2023-07-20T12:15:20.565, ubuntu22-b, mtd-zk-0, END
EXP-LOAD, 2023-07-20T12:15:21.618, ubuntu22-b, mtd-zk-0, 0.703318
EXP-LOAD, 2023-07-20T12:15:32.921, ubuntu22-b, mtd-zk-0, 0.703318
EXP-LOAD, 2023-07-20T12:15:41.004, ubuntu22-b, mtd-zk-0, 0.648842
EXP-LEAD, 2023-07-20T12:15:41.973, ubuntu22-b, mtd-zk-0, START
EXP-LEAD, 2023-07-20T12:15:58.407, ubuntu22-b, mtd-zk-0, END
EXP-LOAD, 2023-07-20T12:15:59.445, ubuntu22-b, mtd-zk-0, 0.678112
EXP-LOAD, 2023-07-20T12:16:07.176, ubuntu22-b, mtd-zk-0, 0.890364
EXP-LEAD, 2023-07-20T12:16:08.225, ubuntu22-b, mtd-zk-0, START
EXP-LEAD, 2023-07-20T12:16:16.854, ubuntu22-b, mtd-zk-0, END
EXP-LOAD, 2023-07-20T12:16:17.913, ubuntu22-b, mtd-zk-0, 0.890364
EXP-LOAD, 2023-07-20T12:16:24.036, ubuntu22-b, mtd-zk-0, 0.691909
EXP-LOAD, 2023-07-20T12:16:33.157, ubuntu22-b, mtd-zk-0, 0.691909
EXP-LOAD, 2023-07-20T12:16:43.292, ubuntu22-b, mtd-zk-0, 0.669628
EXP-LOAD, 2023-07-20T12:16:50.377, ubuntu22-b, mtd-zk-0, 0.660032
EXP-LOAD, 2023-07-20T12:17:01.164, ubuntu22-b, mtd-zk-0, 0.660032
EXP-LEAD, 2023-07-20T12:17:03.216, ubuntu22-b, mtd-zk-0, START
EXP-LEAD, 2023-07-20T12:17:08.805, ubuntu22-b, mtd-zk-0, END
EXP-LOAD, 2023-07-20T12:17:09.906, ubuntu22-b, mtd-zk-0, 0.725024
EXP-LOAD, 2023-07-20T12:17:17.364, ubuntu22-b, mtd-zk-0, 0.725024
EXP-LEAD, 2023-07-20T12:17:20.426, ubuntu22-b, mtd-zk-0, START
EXP-LEAD, 2023-07-20T12:17:27.982, ubuntu22-b, mtd-zk-0, END
EXP-LOAD, 2023-07-20T12:17:29.018, ubuntu22-b, mtd-zk-0, 0.698219
EXP-LOAD, 2023-07-20T12:17:38.668, ubuntu22-b, mtd-zk-0, 0.702208
EXP-LOAD, 2023-07-20T12:17:47.845, ubuntu22-b, mtd-zk-0, 0.702208
EXP-LOAD, 2023-07-20T12:17:55.906, ubuntu22-b, mtd-zk-0, 0.665620
EXP-LOAD, 2023-07-20T12:18:08.013, ubuntu22-b, mtd-zk-0, 0.696220
EXP-LOAD, 2023-07-20T12:18:16.122, ubuntu22-b, mtd-zk-0, 0.696220
EXP-LOAD, 2023-07-20T12:18:24.249, ubuntu22-b, mtd-zk-0, 0.681830
EXP-LEAD, 2023-07-20T12:18:26.302, ubuntu22-b, mtd-zk-0, START
EXP-LEAD, 2023-07-20T12:18:33.881, ubuntu22-b, mtd-zk-0, END
EXP-LOAD, 2023-07-20T12:18:34.957, ubuntu22-b, mtd-zk-0, 0.696005
EXP-LOAD, 2023-07-20T12:18:43.442, ubuntu22-b, mtd-zk-0, 0.696005
EXP-LOAD, 2023-07-20T12:18:49.570, ubuntu22-b, mtd-zk-0, 0.659106
EXP-LOAD, 2023-07-20T12:18:57.716, ubuntu22-b, mtd-zk-0, 0.659106
EXP-LOAD, 2023-07-20T12:19:06.382, ubuntu22-b, mtd-zk-0, 0.646606
EXP-LEAD, 2023-07-20T12:19:07.425, ubuntu22-b, mtd-zk-0, START
EXP-LEAD, 2023-07-20T12:19:12.998, ubuntu22-b, mtd-zk-0, END
EXP-LOAD, 2023-07-20T12:19:14.057, ubuntu22-b, mtd-zk-0, 0.646606
EXP-LOAD, 2023-07-20T12:19:25.628, ubuntu22-b, mtd-zk-0, 0.651520
EXP-LOAD, 2023-07-20T12:19:33.736, ubuntu22-b, mtd-zk-0, 0.651520
EXP-LOAD, 2023-07-20T12:19:39.854, ubuntu22-b, mtd-zk-0, 0.659019
EXP-LOAD, 2023-07-20T12:19:46.411, ubuntu22-b, mtd-zk-0, 0.659019
EXP-LEAD, 2023-07-20T12:19:48.304, ubuntu22-b, mtd-zk-0, START
EXP-LEAD, 2023-07-20T12:19:53.796, ubuntu22-b, mtd-zk-0, END
EXP-LOAD, 2023-07-20T12:19:54.853, ubuntu22-b, mtd-zk-0, 0.647608
EXP-LOAD, 2023-07-20T12:20:03.492, ubuntu22-b, mtd-zk-0, 0.647608
EXP-LOAD, 2023-07-20T12:20:15.635, ubuntu22-b, mtd-zk-0, 0.632404
EXP-LOAD, 2023-07-20T12:20:23.766, ubuntu22-b, mtd-zk-0, 0.662123
EXP-LOAD, 2023-07-20T12:20:33.881, ubuntu22-b, mtd-zk-0, 0.662123
EXP-LEAD, 2023-07-20T12:20:35.898, ubuntu22-b, mtd-zk-0, START
EXP-LEAD, 2023-07-20T12:20:40.441, ubuntu22-b, mtd-zk-0, END
EXP-LOAD, 2023-07-20T12:20:41.510, ubuntu22-b, mtd-zk-0, 0.642809
EXP-LOAD, 2023-07-20T12:20:50.302, ubuntu22-b, mtd-zk-0, 0.693013
EXP-LEAD, 2023-07-20T12:20:51.338, ubuntu22-b, mtd-zk-0, START
EXP-LEAD, 2023-07-20T12:20:57.159, ubuntu22-b, mtd-zk-0, END
EXP-LOAD, 2023-07-20T12:20:58.207, ubuntu22-b, mtd-zk-0, 0.693013
EXP-LOAD, 2023-07-20T12:21:11.704, ubuntu22-b, mtd-zk-0, 0.612407
EXP-LEAD, 2023-07-20T12:21:14.536, ubuntu22-b, mtd-zk-0, START
EXP-LEAD, 2023-07-20T12:21:19.974, ubuntu22-b, mtd-zk-0, END
EXP-LOAD, 2023-07-20T12:21:21.022, ubuntu22-b, mtd-zk-0, 0.747013
EXP-LOAD, 2023-07-20T12:21:28.144, ubuntu22-b, mtd-zk-0, 0.747013
EXP-LOAD, 2023-07-20T12:21:38.265, ubuntu22-b, mtd-zk-0, 0.664006
EXP-LOAD, 2023-07-20T12:21:45.346, ubuntu22-b, mtd-zk-0, 0.664006
EXP-LOAD, 2023-07-20T12:21:53.446, ubuntu22-b, mtd-zk-0, 0.685809
EXP-LOAD, 2023-07-20T12:21:59.576, ubuntu22-b, mtd-zk-0, 0.685809
EXP-LEAD, 2023-07-20T12:22:01.618, ubuntu22-b, mtd-zk-0, START
EXP-LEAD, 2023-07-20T12:22:10.230, ubuntu22-b, mtd-zk-0, END
EXP-LOAD, 2023-07-20T12:22:11.271, ubuntu22-b, mtd-zk-0, 0.608606
EXP-LEAD, 2023-07-20T12:22:12.756, ubuntu22-b, mtd-zk-0, START
EXP-LEAD, 2023-07-20T12:22:17.193, ubuntu22-b, mtd-zk-0, END
EXP-LOAD, 2023-07-20T12:22:18.229, ubuntu22-b, mtd-zk-0, 0.608606
EXP-LOAD, 2023-07-20T12:22:30.940, ubuntu22-b, mtd-zk-0, 0.662920
EXP-LOAD, 2023-07-20T12:22:38.040, ubuntu22-b, mtd-zk-0, 0.694223
EXP-LEAD, 2023-07-20T12:22:39.521, ubuntu22-b, mtd-zk-0, START
EXP-LEAD, 2023-07-20T12:22:46.245, ubuntu22-b, mtd-zk-0, END
EXP-LOAD, 2023-07-20T12:22:47.300, ubuntu22-b, mtd-zk-0, 0.694223
EXP-LOAD, 2023-07-20T12:22:55.695, ubuntu22-b, mtd-zk-0, 0.639215
EXP-LOAD, 2023-07-20T12:23:02.814, ubuntu22-b, mtd-zk-0, 0.639215
EXP-LOAD, 2023-07-20T12:23:10.918, ubuntu22-b, mtd-zk-0, 0.624720
EXP-LEAD, 2023-07-20T12:23:12.979, ubuntu22-b, mtd-zk-0, START
EXP-LEAD, 2023-07-20T12:23:17.507, ubuntu22-b, mtd-zk-0, END
EXP-LOAD, 2023-07-20T12:23:18.565, ubuntu22-b, mtd-zk-0, 0.624720
EXP-LEAD, 2023-07-20T12:23:19.628, ubuntu22-b, mtd-zk-0, START
EXP-LEAD, 2023-07-20T12:23:24.217, ubuntu22-b, mtd-zk-0, END
EXP-LOAD, 2023-07-20T12:23:25.274, ubuntu22-b, mtd-zk-0, 0.648231
EXP-LOAD, 2023-07-20T12:23:34.849, ubuntu22-b, mtd-zk-0, 0.693126
EXP-LOAD, 2023-07-20T12:23:42.997, ubuntu22-b, mtd-zk-0, 0.693126
EXP-LEAD, 2023-07-20T12:23:45.024, ubuntu22-b, mtd-zk-0, START
EXP-LEAD, 2023-07-20T12:23:53.695, ubuntu22-b, mtd-zk-0, END
EXP-LOAD, 2023-07-20T12:23:54.752, ubuntu22-b, mtd-zk-0, 0.622208
EXP-LOAD, 2023-07-20T12:24:01.199, ubuntu22-b, mtd-zk-0, 0.622208
EXP-LEAD, 2023-07-20T12:24:03.786, ubuntu22-b, mtd-zk-0, START
EXP-LEAD, 2023-07-20T12:24:11.884, ubuntu22-b, mtd-zk-0, END
EXP-LOAD, 2023-07-20T12:24:12.930, ubuntu22-b, mtd-zk-0, 0.689623
EXP-LEAD, 2023-07-20T12:24:13.880, ubuntu22-b, mtd-zk-0, START
EXP-LEAD, 2023-07-20T12:24:19.396, ubuntu22-b, mtd-zk-0, END
EXP-LOAD, 2023-07-20T12:24:20.445, ubuntu22-b, mtd-zk-0, 0.726206
EXP-LOAD, 2023-07-20T12:24:33.052, ubuntu22-b, mtd-zk-0, 0.726206
EXP-LEAD, 2023-07-20T12:24:34.092, ubuntu22-b, mtd-zk-0, START
EXP-LEAD, 2023-07-20T12:24:38.567, ubuntu22-b, mtd-zk-0, END
EXP-LOAD, 2023-07-20T12:24:39.612, ubuntu22-b, mtd-zk-0, 0.706319
EXP-LOAD, 2023-07-20T12:24:49.368, ubuntu22-b, mtd-zk-0, 0.640407
EXP-LOAD, 2023-07-20T12:24:58.461, ubuntu22-b, mtd-zk-0, 0.640407
EXP-LOAD, 2023-07-20T12:25:07.610, ubuntu22-b, mtd-zk-0, 0.665639
EXP-LEAD, 2023-07-20T12:25:09.662, ubuntu22-b, mtd-zk-0, START
EXP-LEAD, 2023-07-20T12:25:15.288, ubuntu22-b, mtd-zk-0, END
EXP-LOAD, 2023-07-20T12:25:16.350, ubuntu22-b, mtd-zk-0, 0.665639
EXP-LEAD, 2023-07-20T12:25:17.799, ubuntu22-b, mtd-zk-0, START
EXP-LEAD, 2023-07-20T12:25:29.497, ubuntu22-b, mtd-zk-0, END
EXP-LOAD, 2023-07-20T12:25:30.554, ubuntu22-b, mtd-zk-0, 0.715817
EXP-LOAD, 2023-07-20T12:25:38.141, ubuntu22-b, mtd-zk-0, 0.710822
EXP-LOAD, 2023-07-20T12:25:48.257, ubuntu22-b, mtd-zk-0, 0.710822
EXP-LOAD, 2023-07-20T12:25:55.330, ubuntu22-b, mtd-zk-0, 0.664018
EXP-LEAD, 2023-07-20T12:25:58.360, ubuntu22-b, mtd-zk-0, START
EXP-LEAD, 2023-07-20T12:26:07.200, ubuntu22-b, mtd-zk-0, END
EXP-LOAD, 2023-07-20T12:26:08.259, ubuntu22-b, mtd-zk-0, 0.694530
EXP-LOAD, 2023-07-20T12:26:14.553, ubuntu22-b, mtd-zk-0, 0.694530
EXP-LOAD, 2023-07-20T12:26:22.667, ubuntu22-b, mtd-zk-0, 0.677613
EXP-LEAD, 2023-07-20T12:26:24.659, ubuntu22-b, mtd-zk-0, START
EXP-LEAD, 2023-07-20T12:26:34.279, ubuntu22-b, mtd-zk-0, END
EXP-LOAD, 2023-07-20T12:26:35.342, ubuntu22-b, mtd-zk-0, 0.711617
EXP-LEAD, 2023-07-20T12:26:35.771, ubuntu22-b, mtd-zk-0, START
EXP-LEAD, 2023-07-20T12:26:41.247, ubuntu22-b, mtd-zk-0, END
EXP-LOAD, 2023-07-20T12:26:42.293, ubuntu22-b, mtd-zk-0, 0.711617
EXP-LOAD, 2023-07-20T12:26:50.016, ubuntu22-b, mtd-zk-0, 0.609641
EXP-LEAD, 2023-07-20T12:26:51.657, ubuntu22-b, mtd-zk-0, START
EXP-LEAD, 2023-07-20T12:27:01.470, ubuntu22-b, mtd-zk-0, END
EXP-LOAD, 2023-07-20T12:27:02.536, ubuntu22-b, mtd-zk-0, 0.609641
EXP-LOAD, 2023-07-20T12:27:08.630, ubuntu22-b, mtd-zk-0, 0.686328
EXP-LOAD, 2023-07-20T12:27:16.724, ubuntu22-b, mtd-zk-0, 0.686328
EXP-LOAD, 2023-07-20T12:27:26.836, ubuntu22-b, mtd-zk-0, 0.680857
EXP-LOAD, 2023-07-20T12:27:34.013, ubuntu22-b, mtd-zk-0, 0.680857
EXP-LOAD, 2023-07-20T12:27:43.131, ubuntu22-b, mtd-zk-0, 0.669642
EXP-LEAD, 2023-07-20T12:27:44.160, ubuntu22-b, mtd-zk-0, START
EXP-LEAD, 2023-07-20T12:27:52.784, ubuntu22-b, mtd-zk-0, END
EXP-LOAD, 2023-07-20T12:27:53.835, ubuntu22-b, mtd-zk-0, 0.716004
EXP-LEAD, 2023-07-20T12:27:55.285, ubuntu22-b, mtd-zk-0, START
EXP-LEAD, 2023-07-20T12:28:00.788, ubuntu22-b, mtd-zk-0, END
EXP-LOAD, 2023-07-20T12:28:01.838, ubuntu22-b, mtd-zk-0, 0.716004
EXP-LEAD, 2023-07-20T12:28:03.379, ubuntu22-b, mtd-zk-0, START
EXP-LEAD, 2023-07-20T12:28:11.937, ubuntu22-b, mtd-zk-0, END
EXP-LOAD, 2023-07-20T12:28:12.975, ubuntu22-b, mtd-zk-0, 0.648108
EXP-LOAD, 2023-07-20T12:28:20.573, ubuntu22-b, mtd-zk-0, 0.717408
EXP-LOAD, 2023-07-20T12:28:30.670, ubuntu22-b, mtd-zk-0, 0.717408
EXP-LEAD, 2023-07-20T12:28:32.714, ubuntu22-b, mtd-zk-0, START
EXP-LEAD, 2023-07-20T12:28:38.193, ubuntu22-b, mtd-zk-0, END
EXP-LOAD, 2023-07-20T12:28:39.238, ubuntu22-b, mtd-zk-0, 0.703915
EXP-LOAD, 2023-07-20T12:28:47.842, ubuntu22-b, mtd-zk-0, 0.703915
EXP-LEAD, 2023-07-20T12:28:48.874, ubuntu22-b, mtd-zk-0, START
EXP-LEAD, 2023-07-20T12:28:56.500, ubuntu22-b, mtd-zk-0, END
EXP-LOAD, 2023-07-20T12:28:57.577, ubuntu22-b, mtd-zk-0, 0.723015
EXP-LOAD, 2023-07-20T12:29:04.739, ubuntu22-b, mtd-zk-0, 0.655315
EXP-LOAD, 2023-07-20T12:29:15.799, ubuntu22-b, mtd-zk-0, 0.655315
EXP-LEAD, 2023-07-20T12:29:17.837, ubuntu22-b, mtd-zk-0, START
EXP-LEAD, 2023-07-20T12:29:23.407, ubuntu22-b, mtd-zk-0, END
EXP-LOAD, 2023-07-20T12:29:24.465, ubuntu22-b, mtd-zk-0, 0.653096
EXP-LOAD, 2023-07-20T12:29:36.204, ubuntu22-b, mtd-zk-0, 0.690421
EXP-LEAD, 2023-07-20T12:29:37.245, ubuntu22-b, mtd-zk-0, START
EXP-LEAD, 2023-07-20T12:29:41.775, ubuntu22-b, mtd-zk-0, END
EXP-LOAD, 2023-07-20T12:29:42.814, ubuntu22-b, mtd-zk-0, 0.690421
EXP-LOAD, 2023-07-20T12:29:53.976, ubuntu22-b, mtd-zk-0, 0.655017
EXP-LOAD, 2023-07-20T12:30:02.033, ubuntu22-b, mtd-zk-0, 0.655017
EXP-LOAD, 2023-07-20T12:30:11.187, ubuntu22-b, mtd-zk-0, 0.717129
EXP-LOAD, 2023-07-20T12:30:18.273, ubuntu22-b, mtd-zk-0, 0.717129
EXP-LOAD, 2023-07-20T12:30:24.398, ubuntu22-b, mtd-zk-0, 0.658211
EXP-LOAD, 2023-07-20T12:30:31.500, ubuntu22-b, mtd-zk-0, 0.658211
EXP-LOAD, 2023-07-20T12:30:38.582, ubuntu22-b, mtd-zk-0, 0.633922
EXP-LOAD, 2023-07-20T12:30:50.660, ubuntu22-b, mtd-zk-0, 0.656008
EXP-LEAD, 2023-07-20T12:30:52.777, ubuntu22-b, mtd-zk-0, START
EXP-LEAD, 2023-07-20T12:30:57.247, ubuntu22-b, mtd-zk-0, END
EXP-LOAD, 2023-07-20T12:30:58.289, ubuntu22-b, mtd-zk-0, 0.656008
EXP-LOAD, 2023-07-20T12:31:09.019, ubuntu22-b, mtd-zk-0, 0.725620
EXP-LEAD, 2023-07-20T12:31:10.834, ubuntu22-b, mtd-zk-0, START
EXP-LEAD, 2023-07-20T12:31:15.325, ubuntu22-b, mtd-zk-0, END
EXP-LOAD, 2023-07-20T12:31:16.366, ubuntu22-b, mtd-zk-0, 0.725620
EXP-LEAD, 2023-07-20T12:31:17.451, ubuntu22-b, mtd-zk-0, START
EXP-LEAD, 2023-07-20T12:31:27.174, ubuntu22-b, mtd-zk-0, END
EXP-LOAD, 2023-07-20T12:31:28.237, ubuntu22-b, mtd-zk-0, 0.651214
EXP-LOAD, 2023-07-20T12:31:35.628, ubuntu22-b, mtd-zk-0, 0.677026
EXP-LOAD, 2023-07-20T12:31:43.726, ubuntu22-b, mtd-zk-0, 0.677026
EXP-LOAD, 2023-07-20T12:31:53.858, ubuntu22-b, mtd-zk-0, 0.715625
EXP-LOAD, 2023-07-20T12:32:01.928, ubuntu22-b, mtd-zk-0, 0.715625
EXP-LEAD, 2023-07-20T12:32:02.506, ubuntu22-b, mtd-zk-0, START
EXP-LEAD, 2023-07-20T12:32:06.963, ubuntu22-b, mtd-zk-0, END
EXP-LOAD, 2023-07-20T12:32:08.026, ubuntu22-b, mtd-zk-0, 0.725707
EXP-LEAD, 2023-07-20T12:32:08.604, ubuntu22-b, mtd-zk-0, START
EXP-LEAD, 2023-07-20T12:32:18.367, ubuntu22-b, mtd-zk-0, END
EXP-LOAD, 2023-07-20T12:32:19.435, ubuntu22-b, mtd-zk-0, 0.705006
EXP-LOAD, 2023-07-20T12:32:26.597, ubuntu22-b, mtd-zk-0, 0.705006
EXP-LOAD, 2023-07-20T12:32:34.735, ubuntu22-b, mtd-zk-0, 0.639507
EXP-LOAD, 2023-07-20T12:32:43.854, ubuntu22-b, mtd-zk-0, 0.639507
EXP-LEAD, 2023-07-20T12:32:45.911, ubuntu22-b, mtd-zk-0, START
EXP-LEAD, 2023-07-20T12:32:51.488, ubuntu22-b, mtd-zk-0, END
EXP-LOAD, 2023-07-20T12:32:52.541, ubuntu22-b, mtd-zk-0, 0.665208
EXP-LEAD, 2023-07-20T12:32:53.601, ubuntu22-b, mtd-zk-0, START
EXP-LEAD, 2023-07-20T12:33:03.809, ubuntu22-b, mtd-zk-0, END
EXP-LOAD, 2023-07-20T12:33:04.865, ubuntu22-b, mtd-zk-0, 0.615835
EXP-LOAD, 2023-07-20T12:33:13.785, ubuntu22-b, mtd-zk-0, 0.615835
EXP-LOAD, 2023-07-20T12:33:24.875, ubuntu22-b, mtd-zk-0, 0.761905
EXP-LOAD, 2023-07-20T12:33:33.993, ubuntu22-b, mtd-zk-0, 0.761905
EXP-LOAD, 2023-07-20T12:33:45.122, ubuntu22-b, mtd-zk-0, 0.730826
EXP-LOAD, 2023-07-20T12:33:55.235, ubuntu22-b, mtd-zk-0, 0.680527
EXP-LOAD, 2023-07-20T12:34:03.328, ubuntu22-b, mtd-zk-0, 0.680527
EXP-LOAD, 2023-07-20T12:34:10.428, ubuntu22-b, mtd-zk-0, 0.613605
EXP-LOAD, 2023-07-20T12:34:21.574, ubuntu22-b, mtd-zk-0, 0.668415
EXP-LOAD, 2023-07-20T12:34:30.601, ubuntu22-b, mtd-zk-0, 0.668415
EXP-LEAD, 2023-07-20T12:34:31.740, ubuntu22-b, mtd-zk-0, START
EXP-LEAD, 2023-07-20T12:34:40.473, ubuntu22-b, mtd-zk-0, END
EXP-LOAD, 2023-07-20T12:34:41.547, ubuntu22-b, mtd-zk-0, 0.683817
EXP-LOAD, 2023-07-20T12:34:47.930, ubuntu22-b, mtd-zk-0, 0.683817
EXP-LOAD, 2023-07-20T12:34:56.064, ubuntu22-b, mtd-zk-0, 0.668044
EXP-LEAD, 2023-07-20T12:34:57.646, ubuntu22-b, mtd-zk-0, START
EXP-LEAD, 2023-07-20T12:35:03.181, ubuntu22-b, mtd-zk-0, END
EXP-LOAD, 2023-07-20T12:35:04.227, ubuntu22-b, mtd-zk-0, 0.690003
EXP-LOAD, 2023-07-20T12:35:10.718, ubuntu22-b, mtd-zk-0, 0.690003
EXP-LOAD, 2023-07-20T12:35:25.873, ubuntu22-b, mtd-zk-0, 0.675218
EXP-LOAD, 2023-07-20T12:35:33.024, ubuntu22-b, mtd-zk-0, 0.675218
EXP-LOAD, 2023-07-20T12:35:44.081, ubuntu22-b, mtd-zk-0, 0.592391
EXP-LOAD, 2023-07-20T12:35:52.185, ubuntu22-b, mtd-zk-0, 0.717222
EXP-LOAD, 2023-07-20T12:36:02.323, ubuntu22-b, mtd-zk-0, 0.717222
EXP-LOAD, 2023-07-20T12:36:09.404, ubuntu22-b, mtd-zk-0, 0.679414
EXP-LEAD, 2023-07-20T12:36:11.425, ubuntu22-b, mtd-zk-0, START
EXP-LEAD, 2023-07-20T12:36:15.953, ubuntu22-b, mtd-zk-0, END
EXP-LOAD, 2023-07-20T12:36:17.012, ubuntu22-b, mtd-zk-0, 0.679414
EXP-LEAD, 2023-07-20T12:36:17.546, ubuntu22-b, mtd-zk-0, START
EXP-LEAD, 2023-07-20T12:36:27.086, ubuntu22-b, mtd-zk-0, END
EXP-LOAD, 2023-07-20T12:36:28.137, ubuntu22-b, mtd-zk-0, 0.718516
EXP-LEAD, 2023-07-20T12:36:30.175, ubuntu22-b, mtd-zk-0, START
EXP-LEAD, 2023-07-20T12:36:35.665, ubuntu22-b, mtd-zk-0, END
EXP-LOAD, 2023-07-20T12:36:36.714, ubuntu22-b, mtd-zk-0, 0.684212
EXP-LOAD, 2023-07-20T12:36:44.865, ubuntu22-b, mtd-zk-0, 0.684212
EXP-LOAD, 2023-07-20T12:36:56.996, ubuntu22-b, mtd-zk-0, 0.640923
EXP-LOAD, 2023-07-20T12:37:05.113, ubuntu22-b, mtd-zk-0, 0.669449
EXP-LOAD, 2023-07-20T12:37:12.196, ubuntu22-b, mtd-zk-0, 0.669449
EXP-LOAD, 2023-07-20T12:37:20.990, ubuntu22-b, mtd-zk-0, 0.679613
EXP-LEAD, 2023-07-20T12:37:21.053, ubuntu22-b, mtd-zk-0, START
EXP-LEAD, 2023-07-20T12:37:26.525, ubuntu22-b, mtd-zk-0, END
EXP-LOAD, 2023-07-20T12:37:27.593, ubuntu22-b, mtd-zk-0, 0.679613
EXP-LOAD, 2023-07-20T12:37:37.278, ubuntu22-b, mtd-zk-0, 0.608409
EXP-LOAD, 2023-07-20T12:37:47.455, ubuntu22-b, mtd-zk-0, 0.608409
EXP-LOAD, 2023-07-20T12:37:54.565, ubuntu22-b, mtd-zk-0, 0.645512
EXP-LOAD, 2023-07-20T12:38:01.690, ubuntu22-b, mtd-zk-0, 0.645512
EXP-LEAD, 2023-07-20T12:38:03.708, ubuntu22-b, mtd-zk-0, START
EXP-LEAD, 2023-07-20T12:38:12.365, ubuntu22-b, mtd-zk-0, END
EXP-LOAD, 2023-07-20T12:38:13.409, ubuntu22-b, mtd-zk-0, 0.611117
EXP-LOAD, 2023-07-20T12:38:20.573, ubuntu22-b, mtd-zk-0, 0.685812
EXP-LEAD, 2023-07-20T12:38:23.594, ubuntu22-b, mtd-zk-0, START
EXP-LEAD, 2023-07-20T12:38:28.105, ubuntu22-b, mtd-zk-0, END
EXP-LOAD, 2023-07-20T12:38:29.157, ubuntu22-b, mtd-zk-0, 0.685812
EXP-LOAD, 2023-07-20T12:38:36.760, ubuntu22-b, mtd-zk-0, 0.820408
EXP-LEAD, 2023-07-20T12:38:38.800, ubuntu22-b, mtd-zk-0, START
EXP-LEAD, 2023-07-20T12:38:50.589, ubuntu22-b, mtd-zk-0, END
EXP-LOAD, 2023-07-20T12:38:51.642, ubuntu22-b, mtd-zk-0, 0.707209
EXP-LOAD, 2023-07-20T12:38:58.965, ubuntu22-b, mtd-zk-0, 0.707209
EXP-LOAD, 2023-07-20T12:39:09.068, ubuntu22-b, mtd-zk-0, 0.640409
EXP-LOAD, 2023-07-20T12:39:17.185, ubuntu22-b, mtd-zk-0, 0.640409
EXP-LEAD, 2023-07-20T12:39:18.811, ubuntu22-b, mtd-zk-0, START
EXP-LEAD, 2023-07-20T12:39:27.579, ubuntu22-b, mtd-zk-0, END
EXP-LOAD, 2023-07-20T12:39:28.618, ubuntu22-b, mtd-zk-0, 0.670116
EXP-LEAD, 2023-07-20T12:39:29.967, ubuntu22-b, mtd-zk-0, START
EXP-LEAD, 2023-07-20T12:39:35.828, ubuntu22-b, mtd-zk-0, END
EXP-LOAD, 2023-07-20T12:39:36.874, ubuntu22-b, mtd-zk-0, 0.733234
EXP-LOAD, 2023-07-20T12:39:44.223, ubuntu22-b, mtd-zk-0, 0.733234
EXP-LOAD, 2023-07-20T12:39:54.371, ubuntu22-b, mtd-zk-0, 0.667530
EXP-LEAD, 2023-07-20T12:39:56.449, ubuntu22-b, mtd-zk-0, START
EXP-LEAD, 2023-07-20T12:40:02.060, ubuntu22-b, mtd-zk-0, END
EXP-LOAD, 2023-07-20T12:40:03.118, ubuntu22-b, mtd-zk-0, 0.667530
EXP-LOAD, 2023-07-20T12:40:16.607, ubuntu22-b, mtd-zk-0, 0.712013
EXP-LEAD, 2023-07-20T12:40:17.680, ubuntu22-b, mtd-zk-0, START
EXP-LEAD, 2023-07-20T12:40:23.214, ubuntu22-b, mtd-zk-0, END
EXP-LOAD, 2023-07-20T12:40:24.312, ubuntu22-b, mtd-zk-0, 0.626199
